source,destination,transmitter_type,modulation,channel_pattern,launch_power_dbm,scenario_id,iteration,status,channels,distance_km,slot_width_ghz,gsnr_signal_bw_db,osnr_signal_bw_db
bristol,bradley stoke,voyager,16QAM,00000000,-6.5,iter-2-scenario-580,2,no_signal,0,23.6,50.0,,
bristol,bradley stoke,voyager,16QAM,00000000,-6.0,iter-2-scenario-581,2,no_signal,0,23.6,50.0,,
bristol,bradley stoke,voyager,16QAM,00000000,-5.5,iter-2-scenario-582,2,no_signal,0,23.6,50.0,,
bristol,bradley stoke,voyager,16QAM,00000001,-6.5,iter-2-scenario-1756,2,ok,1,23.6,50.0,27.4,30.98
bristol,bradley stoke,voyager,16QAM,00000001,-6.0,iter-2-scenario-1757,2,ok,1,23.6,50.0,26.91,31.23
bristol,bradley stoke,voyager,16QAM,00000001,-5.5,iter-2-scenario-1758,2,ok,1,23.6,50.0,26.33,31.47
bristol,bradley stoke,voyager,16QAM,00000010,-6.5,iter-2-scenario-1843,2,ok,1,23.6,50.0,27.41,30.98
bristol,bradley stoke,voyager,16QAM,00000010,-6.0,iter-2-scenario-1844,2,ok,1,23.6,50.0,26.91,31.23
bristol,bradley stoke,voyager,16QAM,00000010,-5.5,iter-2-scenario-1845,2,ok,1,23.6,50.0,26.33,31.47
bristol,bradley stoke,voyager,16QAM,00000011,-6.5,iter-2-scenario-973,2,ok,2,23.6,50.0,26.45,30.98
bristol,bradley stoke,voyager,16QAM,00000011,-6.0,iter-2-scenario-974,2,ok,2,23.6,50.0,25.85,31.23
bristol,bradley stoke,voyager,16QAM,00000011,-5.5,iter-2-scenario-975,2,ok,2,23.6,50.0,25.175,31.47
bristol,bradley stoke,voyager,16QAM,00000100,-6.5,iter-2-scenario-2347,2,ok,1,23.6,50.0,27.41,30.98
bristol,bradley stoke,voyager,16QAM,00000100,-6.0,iter-2-scenario-2348,2,ok,1,23.6,50.0,26.92,31.23
bristol,bradley stoke,voyager,16QAM,00000100,-5.5,iter-2-scenario-2349,2,ok,1,23.6,50.0,26.33,31.47
bristol,bradley stoke,voyager,16QAM,00000101,-6.5,iter-2-scenario-5203,2,ok,2,23.6,50.0,26.915,30.98
bristol,bradley stoke,voyager,16QAM,00000101,-6.0,iter-2-scenario-5204,2,ok,2,23.6,50.0,26.36,31.23
bristol,bradley stoke,voyager,16QAM,00000101,-5.5,iter-2-scenario-5205,2,ok,2,23.6,50.0,25.725,31.47
bristol,bradley stoke,voyager,16QAM,00000110,-6.5,iter-2-scenario-427,2,ok,2,23.6,50.0,26.455,30.98
bristol,bradley stoke,voyager,16QAM,00000110,-6.0,iter-2-scenario-428,2,ok,2,23.6,50.0,25.855,31.23
bristol,bradley stoke,voyager,16QAM,00000110,-5.5,iter-2-scenario-429,2,ok,2,23.6,50.0,25.18,31.47
bristol,bradley stoke,voyager,16QAM,00000111,-6.5,iter-2-scenario-1354,2,ok,3,23.6,50.0,25.927,30.98
bristol,bradley stoke,voyager,16QAM,00000111,-6.0,iter-2-scenario-1355,2,ok,3,23.6,50.0,25.277,31.23
bristol,bradley stoke,voyager,16QAM,00000111,-5.5,iter-2-scenario-1356,2,ok,3,23.6,50.0,24.56,31.47
bristol,bradley stoke,voyager,16QAM,00001000,-6.5,iter-2-scenario-1519,2,ok,1,23.6,50.0,27.41,30.98
bristol,bradley stoke,voyager,16QAM,00001000,-6.0,iter-2-scenario-1520,2,ok,1,23.6,50.0,26.92,31.23
bristol,bradley stoke,voyager,16QAM,00001000,-5.5,iter-2-scenario-1521,2,ok,1,23.6,50.0,26.34,31.47
bristol,bradley stoke,voyager,16QAM,00001001,-6.5,iter-2-scenario-2638,2,ok,2,23.6,50.0,27.075,30.98
bristol,bradley stoke,voyager,16QAM,00001001,-6.0,iter-2-scenario-2639,2,ok,2,23.6,50.0,26.54,31.23
bristol,bradley stoke,voyager,16QAM,00001001,-5.5,iter-2-scenario-2640,2,ok,2,23.6,50.0,25.92,31.47
bristol,bradley stoke,voyager,16QAM,00001010,-6.5,iter-2-scenario-385,2,ok,2,23.6,50.0,26.915,30.98
bristol,bradley stoke,voyager,16QAM,00001010,-6.0,iter-2-scenario-386,2,ok,2,23.6,50.0,26.365,31.23
bristol,bradley stoke,voyager,16QAM,00001010,-5.5,iter-2-scenario-387,2,ok,2,23.6,50.0,25.725,31.47
bristol,bradley stoke,voyager,16QAM,00001011,-6.5,iter-2-scenario-4000,2,ok,3,23.6,50.0,26.283,30.98
bristol,bradley stoke,voyager,16QAM,00001011,-6.0,iter-2-scenario-4001,2,ok,3,23.6,50.0,25.67,31.23
bristol,bradley stoke,voyager,16QAM,00001011,-5.5,iter-2-scenario-4002,2,ok,3,23.6,50.0,24.977,31.47
bristol,bradley stoke,voyager,16QAM,00001100,-6.5,iter-2-scenario-1315,2,ok,2,23.6,50.0,26.46,30.98
bristol,bradley stoke,voyager,16QAM,00001100,-6.0,iter-2-scenario-1316,2,ok,2,23.6,50.0,25.86,31.23
bristol,bradley stoke,voyager,16QAM,00001100,-5.5,iter-2-scenario-1317,2,ok,2,23.6,50.0,25.185,31.47
bristol,bradley stoke,voyager,16QAM,00001101,-6.5,iter-2-scenario-3880,2,ok,3,23.6,50.0,26.287,30.98
bristol,bradley stoke,voyager,16QAM,00001101,-6.0,iter-2-scenario-3881,2,ok,3,23.6,50.0,25.67,31.23
bristol,bradley stoke,voyager,16QAM,00001101,-5.5,iter-2-scenario-3882,2,ok,3,23.6,50.0,24.98,31.47
bristol,bradley stoke,voyager,16QAM,00001110,-6.5,iter-2-scenario-4972,2,ok,3,23.6,50.0,25.93,30.98
bristol,bradley stoke,voyager,16QAM,00001110,-6.0,iter-2-scenario-4973,2,ok,3,23.6,50.0,25.283,31.23
bristol,bradley stoke,voyager,16QAM,00001110,-5.5,iter-2-scenario-4974,2,ok,3,23.6,50.0,24.563,31.47
bristol,bradley stoke,voyager,16QAM,00001111,-6.5,iter-2-scenario-2932,2,ok,4,23.6,50.0,25.57,30.98
bristol,bradley stoke,voyager,16QAM,00001111,-6.0,iter-2-scenario-2933,2,ok,4,23.6,50.0,24.892,31.23
bristol,bradley stoke,voyager,16QAM,00001111,-5.5,iter-2-scenario-2934,2,ok,4,23.6,50.0,24.15,31.47
bristol,bradley stoke,voyager,16QAM,00010000,-6.5,iter-2-scenario-937,2,ok,1,23.6,50.0,27.42,30.98
bristol,bradley stoke,voyager,16QAM,00010000,-6.0,iter-2-scenario-938,2,ok,1,23.6,50.0,26.92,31.23
bristol,bradley stoke,voyager,16QAM,00010000,-5.5,iter-2-scenario-939,2,ok,1,23.6,50.0,26.34,31.47
bristol,bradley stoke,voyager,16QAM,00010001,-6.5,iter-2-scenario-5989,2,ok,2,23.6,50.0,27.155,30.98
bristol,bradley stoke,voyager,16QAM,00010001,-6.0,iter-2-scenario-5990,2,ok,2,23.6,50.0,26.63,31.23
bristol,bradley stoke,voyager,16QAM,00010001,-5.5,iter-2-scenario-5991,2,ok,2,23.6,50.0,26.02,31.47
bristol,bradley stoke,voyager,16QAM,00010010,-6.5,iter-2-scenario-3499,2,ok,2,23.6,50.0,27.075,30.98
bristol,bradley stoke,voyager,16QAM,00010010,-6.0,iter-2-scenario-3500,2,ok,2,23.6,50.0,26.545,31.23
bristol,bradley stoke,voyager,16QAM,00010010,-5.5,iter-2-scenario-3501,2,ok,2,23.6,50.0,25.925,31.47
bristol,bradley stoke,voyager,16QAM,00010011,-6.5,iter-2-scenario-4942,2,ok,3,23.6,50.0,26.423,30.98
bristol,bradley stoke,voyager,16QAM,00010011,-6.0,iter-2-scenario-4943,2,ok,3,23.6,50.0,25.827,31.23
bristol,bradley stoke,voyager,16QAM,00010011,-5.5,iter-2-scenario-4944,2,ok,3,23.6,50.0,25.147,31.47
bristol,bradley stoke,voyager,16QAM,00010100,-6.5,iter-2-scenario-4948,2,ok,2,23.6,50.0,26.92,30.98
bristol,bradley stoke,voyager,16QAM,00010100,-6.0,iter-2-scenario-4949,2,ok,2,23.6,50.0,26.365,31.23
bristol,bradley stoke,voyager,16QAM,00010100,-5.5,iter-2-scenario-4950,2,ok,2,23.6,50.0,25.735,31.47
bristol,bradley stoke,voyager,16QAM,00010101,-6.5,iter-2-scenario-5728,2,ok,3,23.6,50.0,26.617,30.98
bristol,bradley stoke,voyager,16QAM,00010101,-6.0,iter-2-scenario-5729,2,ok,3,23.6,50.0,26.033,31.23
bristol,bradley stoke,voyager,16QAM,00010101,-5.5,iter-2-scenario-5730,2,ok,3,23.6,50.0,25.373,31.47
bristol,bradley stoke,voyager,16QAM,00010110,-6.5,iter-2-scenario-247,2,ok,3,23.6,50.0,26.287,30.98
bristol,bradley stoke,voyager,16QAM,00010110,-6.0,iter-2-scenario-248,2,ok,3,23.6,50.0,25.673,31.23
bristol,bradley stoke,voyager,16QAM,00010110,-5.5,iter-2-scenario-249,2,ok,3,23.6,50.0,24.983,31.47
bristol,bradley stoke,voyager,16QAM,00010111,-6.5,iter-2-scenario-4303,2,ok,4,23.6,50.0,25.85,30.98
bristol,bradley stoke,voyager,16QAM,00010111,-6.0,iter-2-scenario-4304,2,ok,4,23.6,50.0,25.2,31.23
bristol,bradley stoke,voyager,16QAM,00010111,-5.5,iter-2-scenario-4305,2,ok,4,23.6,50.0,24.475,31.47
bristol,bradley stoke,voyager,16QAM,00011000,-6.5,iter-2-scenario-2734,2,ok,2,23.6,50.0,26.465,30.98
bristol,bradley stoke,voyager,16QAM,00011000,-6.0,iter-2-scenario-2735,2,ok,2,23.6,50.0,25.865,31.23
bristol,bradley stoke,voyager,16QAM,00011000,-5.5,iter-2-scenario-2736,2,ok,2,23.6,50.0,25.19,31.47
bristol,bradley stoke,voyager,16QAM,00011001,-6.5,iter-2-scenario-2032,2,ok,3,23.6,50.0,26.427,30.98
bristol,bradley stoke,voyager,16QAM,00011001,-6.0,iter-2-scenario-2033,2,ok,3,23.6,50.0,25.827,31.23
bristol,bradley stoke,voyager,16QAM,00011001,-5.5,iter-2-scenario-2034,2,ok,3,23.6,50.0,25.15,31.47
bristol,bradley stoke,voyager,16QAM,00011010,-6.5,iter-2-scenario-667,2,ok,3,23.6,50.0,26.287,30.98
bristol,bradley stoke,voyager,16QAM,00011010,-6.0,iter-2-scenario-668,2,ok,3,23.6,50.0,25.673,31.23
bristol,bradley stoke,voyager,16QAM,00011010,-5.5,iter-2-scenario-669,2,ok,3,23.6,50.0,24.983,31.47
bristol,bradley stoke,voyager,16QAM,00011011,-6.5,iter-2-scenario-4408,2,ok,4,23.6,50.0,25.9,30.98
bristol,bradley stoke,voyager,16QAM,00011011,-6.0,iter-2-scenario-4409,2,ok,4,23.6,50.0,25.25,31.23
bristol,bradley stoke,voyager,16QAM,00011011,-5.5,iter-2-scenario-4410,2,ok,4,23.6,50.0,24.532,31.47
bristol,bradley stoke,voyager,16QAM,00011100,-6.5,iter-2-scenario-4837,2,ok,3,23.6,50.0,25.933,30.98
bristol,bradley stoke,voyager,16QAM,00011100,-6.0,iter-2-scenario-4838,2,ok,3,23.6,50.0,25.287,31.23
bristol,bradley stoke,voyager,16QAM,00011100,-5.5,iter-2-scenario-4839,2,ok,3,23.6,50.0,24.57,31.47
bristol,bradley stoke,voyager,16QAM,00011101,-6.5,iter-2-scenario-208,2,ok,4,23.6,50.0,25.855,30.98
bristol,bradley stoke,voyager,16QAM,00011101,-6.0,iter-2-scenario-209,2,ok,4,23.6,50.0,25.203,31.23
bristol,bradley stoke,voyager,16QAM,00011101,-5.5,iter-2-scenario-210,2,ok,4,23.6,50.0,24.475,31.47
bristol,bradley stoke,voyager,16QAM,00011110,-6.5,iter-2-scenario-541,2,ok,4,23.6,50.0,25.575,30.98
bristol,bradley stoke,voyager,16QAM,00011110,-6.0,iter-2-scenario-542,2,ok,4,23.6,50.0,24.9,31.23
bristol,bradley stoke,voyager,16QAM,00011110,-5.5,iter-2-scenario-543,2,ok,4,23.6,50.0,24.155,31.47
bristol,bradley stoke,voyager,16QAM,00011111,-6.5,iter-2-scenario-2890,2,ok,5,23.6,50.0,25.306,30.98
bristol,bradley stoke,voyager,16QAM,00011111,-6.0,iter-2-scenario-2891,2,ok,5,23.6,50.0,24.612,31.23
bristol,bradley stoke,voyager,16QAM,00011111,-5.5,iter-2-scenario-2892,2,ok,5,23.6,50.0,23.852,31.47
bristol,bradley stoke,voyager,16QAM,00100000,-6.5,iter-2-scenario-3226,2,ok,1,23.6,50.0,27.42,30.98
bristol,bradley stoke,voyager,16QAM,00100000,-6.0,iter-2-scenario-3227,2,ok,1,23.6,50.0,26.93,31.23
bristol,bradley stoke,voyager,16QAM,00100000,-5.5,iter-2-scenario-3228,2,ok,1,23.6,50.0,26.35,31.47
bristol,bradley stoke,voyager,16QAM,00100001,-6.5,iter-2-scenario-3397,2,ok,2,23.6,50.0,27.21,30.98
bristol,bradley stoke,voyager,16QAM,00100001,-6.0,iter-2-scenario-3398,2,ok,2,23.6,50.0,26.69,31.23
bristol,bradley stoke,voyager,16QAM,00100001,-5.5,iter-2-scenario-3399,2,ok,2,23.6,50.0,26.085,31.47
bristol,bradley stoke,voyager,16QAM,00100010,-6.5,iter-2-scenario-2104,2,ok,2,23.6,50.0,27.16,30.98
bristol,bradley stoke,voyager,16QAM,00100010,-6.0,iter-2-scenario-2105,2,ok,2,23.6,50.0,26.635,31.23
bristol,bradley stoke,voyager,16QAM,00100010,-5.5,iter-2-scenario-2106,2,ok,2,23.6,50.0,26.025,31.47
bristol,bradley stoke,voyager,16QAM,00100011,-6.5,iter-2-scenario-4195,2,ok,3,23.6,50.0,26.507,30.98
bristol,bradley stoke,voyager,16QAM,00100011,-6.0,iter-2-scenario-4196,2,ok,3,23.6,50.0,25.91,31.23
bristol,bradley stoke,voyager,16QAM,00100011,-5.5,iter-2-scenario-4197,2,ok,3,23.6,50.0,25.24,31.47
bristol,bradley stoke,voyager,16QAM,00100100,-6.5,iter-2-scenario-2551,2,ok,2,23.6,50.0,27.085,30.98
bristol,bradley stoke,voyager,16QAM,00100100,-6.0,iter-2-scenario-2552,2,ok,2,23.6,50.0,26.545,31.23
bristol,bradley stoke,voyager,16QAM,00100100,-5.5,iter-2-scenario-2553,2,ok,2,23.6,50.0,25.93,31.47
bristol,bradley stoke,voyager,16QAM,00100101,-6.5,iter-2-scenario-322,2,ok,3,23.6,50.0,26.75,30.98
bristol,bradley stoke,voyager,16QAM,00100101,-6.0,iter-2-scenario-323,2,ok,3,23.6,50.0,26.173,31.23
bristol,bradley stoke,voyager,16QAM,00100101,-5.5,iter-2-scenario-324,2,ok,3,23.6,50.0,25.527,31.47
bristol,bradley stoke,voyager,16QAM,00100110,-6.5,iter-2-scenario-2140,2,ok,3,23.6,50.0,26.43,30.98
bristol,bradley stoke,voyager,16QAM,00100110,-6.0,iter-2-scenario-2141,2,ok,3,23.6,50.0,25.827,31.23
bristol,bradley stoke,voyager,16QAM,00100110,-5.5,iter-2-scenario-2142,2,ok,3,23.6,50.0,25.15,31.47
bristol,bradley stoke,voyager,16QAM,00100111,-6.5,iter-2-scenario-2242,2,ok,4,23.6,50.0,25.97,30.98
bristol,bradley stoke,voyager,16QAM,00100111,-6.0,iter-2-scenario-2243,2,ok,4,23.6,50.0,25.328,31.23
bristol,bradley stoke,voyager,16QAM,00100111,-5.5,iter-2-scenario-2244,2,ok,4,23.6,50.0,24.615,31.47
bristol,bradley stoke,voyager,16QAM,00101000,-6.5,iter-2-scenario-4759,2,ok,2,23.6,50.0,26.925,30.98
bristol,bradley stoke,voyager,16QAM,00101000,-6.0,iter-2-scenario-4760,2,ok,2,23.6,50.0,26.375,31.23
bristol,bradley stoke,voyager,16QAM,00101000,-5.5,iter-2-scenario-4761,2,ok,2,23.6,50.0,25.735,31.47
bristol,bradley stoke,voyager,16QAM,00101001,-6.5,iter-2-scenario-217,2,ok,3,23.6,50.0,26.747,30.98
bristol,bradley stoke,voyager,16QAM,00101001,-6.0,iter-2-scenario-218,2,ok,3,23.6,50.0,26.177,31.23
bristol,bradley stoke,voyager,16QAM,00101001,-5.5,iter-2-scenario-219,2,ok,3,23.6,50.0,25.527,31.47
bristol,bradley stoke,voyager,16QAM,00101010,-6.5,iter-2-scenario-3613,2,ok,3,23.6,50.0,26.623,30.98
bristol,bradley stoke,voyager,16QAM,00101010,-6.0,iter-2-scenario-3614,2,ok,3,23.6,50.0,26.04,31.23
bristol,bradley stoke,voyager,16QAM,00101010,-5.5,iter-2-scenario-3615,2,ok,3,23.6,50.0,25.373,31.47
bristol,bradley stoke,voyager,16QAM,00101011,-6.5,iter-2-scenario-3100,2,ok,4,23.6,50.0,26.152,30.98
bristol,bradley stoke,voyager,16QAM,00101011,-6.0,iter-2-scenario-3101,2,ok,4,23.6,50.0,25.525,31.23
bristol,bradley stoke,voyager,16QAM,00101011,-5.5,iter-2-scenario-3102,2,ok,4,23.6,50.0,24.825,31.47
bristol,bradley stoke,voyager,16QAM,00101100,-6.5,iter-2-scenario-3013,2,ok,3,23.6,50.0,26.293,30.98
bristol,bradley stoke,voyager,16QAM,00101100,-6.0,iter-2-scenario-3014,2,ok,3,23.6,50.0,25.673,31.23
bristol,bradley stoke,voyager,16QAM,00101100,-5.5,iter-2-scenario-3015,2,ok,3,23.6,50.0,24.983,31.47
bristol,bradley stoke,voyager,16QAM,00101101,-6.5,iter-2-scenario-2125,2,ok,4,23.6,50.0,26.13,30.98
bristol,bradley stoke,voyager,16QAM,00101101,-6.0,iter-2-scenario-2126,2,ok,4,23.6,50.0,25.5,31.23
bristol,bradley stoke,voyager,16QAM,00101101,-5.5,iter-2-scenario-2127,2,ok,4,23.6,50.0,24.797,31.47
bristol,bradley stoke,voyager,16QAM,00101110,-6.5,iter-2-scenario-4090,2,ok,4,23.6,50.0,25.855,30.98
bristol,bradley stoke,voyager,16QAM,00101110,-6.0,iter-2-scenario-4091,2,ok,4,23.6,50.0,25.203,31.23
bristol,bradley stoke,voyager,16QAM,00101110,-5.5,iter-2-scenario-4092,2,ok,4,23.6,50.0,24.48,31.47
bristol,bradley stoke,voyager,16QAM,00101111,-6.5,iter-2-scenario-1423,2,ok,5,23.6,50.0,25.534,30.98
bristol,bradley stoke,voyager,16QAM,00101111,-6.0,iter-2-scenario-1424,2,ok,5,23.6,50.0,24.858,31.23
bristol,bradley stoke,voyager,16QAM,00101111,-5.5,iter-2-scenario-1425,2,ok,5,23.6,50.0,24.114,31.47
bristol,bradley stoke,voyager,16QAM,00110000,-6.5,iter-2-scenario-1261,2,ok,2,23.6,50.0,26.47,30.98
bristol,bradley stoke,voyager,16QAM,00110000,-6.0,iter-2-scenario-1262,2,ok,2,23.6,50.0,25.87,31.23
bristol,bradley stoke,voyager,16QAM,00110000,-5.5,iter-2-scenario-1263,2,ok,2,23.6,50.0,25.19,31.47
bristol,bradley stoke,voyager,16QAM,00110001,-6.5,iter-2-scenario-5629,2,ok,3,23.6,50.0,26.507,30.98
bristol,bradley stoke,voyager,16QAM,00110001,-6.0,iter-2-scenario-5630,2,ok,3,23.6,50.0,25.913,31.23
bristol,bradley stoke,voyager,16QAM,00110001,-5.5,iter-2-scenario-5631,2,ok,3,23.6,50.0,25.243,31.47
bristol,bradley stoke,voyager,16QAM,00110010,-6.5,iter-2-scenario-838,2,ok,3,23.6,50.0,26.43,30.98
bristol,bradley stoke,voyager,16QAM,00110010,-6.0,iter-2-scenario-839,2,ok,3,23.6,50.0,25.833,31.23
bristol,bradley stoke,voyager,16QAM,00110010,-5.5,iter-2-scenario-840,2,ok,3,23.6,50.0,25.15,31.47
bristol,bradley stoke,voyager,16QAM,00110011,-6.5,iter-2-scenario-5557,2,ok,4,23.6,50.0,26.047,30.98
bristol,bradley stoke,voyager,16QAM,00110011,-6.0,iter-2-scenario-5558,2,ok,4,23.6,50.0,25.41,31.23
bristol,bradley stoke,voyager,16QAM,00110011,-5.5,iter-2-scenario-5559,2,ok,4,23.6,50.0,24.7,31.47
bristol,bradley stoke,voyager,16QAM,00110100,-6.5,iter-2-scenario-5038,2,ok,3,23.6,50.0,26.293,30.98
bristol,bradley stoke,voyager,16QAM,00110100,-6.0,iter-2-scenario-5039,2,ok,3,23.6,50.0,25.677,31.23
bristol,bradley stoke,voyager,16QAM,00110100,-5.5,iter-2-scenario-5040,2,ok,3,23.6,50.0,24.99,31.47
bristol,bradley stoke,voyager,16QAM,00110101,-6.5,iter-2-scenario-5065,2,ok,4,23.6,50.0,26.157,30.98
bristol,bradley stoke,voyager,16QAM,00110101,-6.0,iter-2-scenario-5066,2,ok,4,23.6,50.0,25.532,31.23
bristol,bradley stoke,voyager,16QAM,00110101,-5.5,iter-2-scenario-5067,2,ok,4,23.6,50.0,24.83,31.47
bristol,bradley stoke,voyager,16QAM,00110110,-6.5,iter-2-scenario-1813,2,ok,4,23.6,50.0,25.907,30.98
bristol,bradley stoke,voyager,16QAM,00110110,-6.0,iter-2-scenario-1814,2,ok,4,23.6,50.0,25.258,31.23
bristol,bradley stoke,voyager,16QAM,00110110,-5.5,iter-2-scenario-1815,2,ok,4,23.6,50.0,24.532,31.47
bristol,bradley stoke,voyager,16QAM,00110111,-6.5,iter-2-scenario-3541,2,ok,5,23.6,50.0,25.592,30.98
bristol,bradley stoke,voyager,16QAM,00110111,-6.0,iter-2-scenario-3542,2,ok,5,23.6,50.0,24.914,31.23
bristol,bradley stoke,voyager,16QAM,00110111,-5.5,iter-2-scenario-3543,2,ok,5,23.6,50.0,24.174,31.47
bristol,bradley stoke,voyager,16QAM,00111000,-6.5,iter-2-scenario-2275,2,ok,3,23.6,50.0,25.937,30.98
bristol,bradley stoke,voyager,16QAM,00111000,-6.0,iter-2-scenario-2276,2,ok,3,23.6,50.0,25.29,31.23
bristol,bradley stoke,voyager,16QAM,00111000,-5.5,iter-2-scenario-2277,2,ok,3,23.6,50.0,24.57,31.47
bristol,bradley stoke,voyager,16QAM,00111001,-6.5,iter-2-scenario-3460,2,ok,4,23.6,50.0,25.973,30.98
bristol,bradley stoke,voyager,16QAM,00111001,-6.0,iter-2-scenario-3461,2,ok,4,23.6,50.0,25.33,31.23
bristol,bradley stoke,voyager,16QAM,00111001,-5.5,iter-2-scenario-3462,2,ok,4,23.6,50.0,24.62,31.47
bristol,bradley stoke,voyager,16QAM,00111010,-6.5,iter-2-scenario-2926,2,ok,4,23.6,50.0,25.858,30.98
bristol,bradley stoke,voyager,16QAM,00111010,-6.0,iter-2-scenario-2927,2,ok,4,23.6,50.0,25.207,31.23
bristol,bradley stoke,voyager,16QAM,00111010,-5.5,iter-2-scenario-2928,2,ok,4,23.6,50.0,24.483,31.47
bristol,bradley stoke,voyager,16QAM,00111011,-6.5,iter-2-scenario-3817,2,ok,5,23.6,50.0,25.592,30.98
bristol,bradley stoke,voyager,16QAM,00111011,-6.0,iter-2-scenario-3818,2,ok,5,23.6,50.0,24.916,31.23
bristol,bradley stoke,voyager,16QAM,00111011,-5.5,iter-2-scenario-3819,2,ok,5,23.6,50.0,24.174,31.47
bristol,bradley stoke,voyager,16QAM,00111100,-6.5,iter-2-scenario-4726,2,ok,4,23.6,50.0,25.58,30.98
bristol,bradley stoke,voyager,16QAM,00111100,-6.0,iter-2-scenario-4727,2,ok,4,23.6,50.0,24.902,31.23
bristol,bradley stoke,voyager,16QAM,00111100,-5.5,iter-2-scenario-4728,2,ok,4,23.6,50.0,24.16,31.47
bristol,bradley stoke,voyager,16QAM,00111101,-6.5,iter-2-scenario-436,2,ok,5,23.6,50.0,25.538,30.98
bristol,bradley stoke,voyager,16QAM,00111101,-6.0,iter-2-scenario-437,2,ok,5,23.6,50.0,24.858,31.23
bristol,bradley stoke,voyager,16QAM,00111101,-5.5,iter-2-scenario-438,2,ok,5,23.6,50.0,24.114,31.47
bristol,bradley stoke,voyager,16QAM,00111110,-6.5,iter-2-scenario-4279,2,ok,5,23.6,50.0,25.314,30.98
bristol,bradley stoke,voyager,16QAM,00111110,-6.0,iter-2-scenario-4280,2,ok,5,23.6,50.0,24.616,31.23
bristol,bradley stoke,voyager,16QAM,00111110,-5.5,iter-2-scenario-4281,2,ok,5,23.6,50.0,23.854,31.47
bristol,bradley stoke,voyager,16QAM,00111111,-6.5,iter-2-scenario-2317,2,ok,6,23.6,50.0,25.102,30.98
bristol,bradley stoke,voyager,16QAM,00111111,-6.0,iter-2-scenario-2318,2,ok,6,23.6,50.0,24.39,31.23
bristol,bradley stoke,voyager,16QAM,00111111,-5.5,iter-2-scenario-2319,2,ok,6,23.6,50.0,23.617,31.47
bristol,bradley stoke,voyager,16QAM,01000000,-6.5,iter-2-scenario-5413,2,ok,1,23.6,50.0,27.42,30.98
bristol,bradley stoke,voyager,16QAM,01000000,-6.0,iter-2-scenario-5414,2,ok,1,23.6,50.0,26.93,31.24
bristol,bradley stoke,voyager,16QAM,01000000,-5.5,iter-2-scenario-5415,2,ok,1,23.6,50.0,26.35,31.47
bristol,bradley stoke,voyager,16QAM,01000001,-6.5,iter-2-scenario-2965,2,ok,2,23.6,50.0,27.24,30.98
bristol,bradley stoke,voyager,16QAM,01000001,-6.0,iter-2-scenario-2966,2,ok,2,23.6,50.0,26.73,31.235
bristol,bradley stoke,voyager,16QAM,01000001,-5.5,iter-2-scenario-2967,2,ok,2,23.6,50.0,26.13,31.47
bristol,bradley stoke,voyager,16QAM,01000010,-6.5,iter-2-scenario-88,2,ok,2,23.6,50.0,27.21,30.98
bristol,bradley stoke,voyager,16QAM,01000010,-6.0,iter-2-scenario-89,2,ok,2,23.6,50.0,26.69,31.235
bristol,bradley stoke,voyager,16QAM,01000010,-5.5,iter-2-scenario-90,2,ok,2,23.6,50.0,26.09,31.47
bristol,bradley stoke,voyager,16QAM,01000011,-6.5,iter-2-scenario-382,2,ok,3,23.6,50.0,26.553,30.98
bristol,bradley stoke,voyager,16QAM,01000011,-6.0,iter-2-scenario-383,2,ok,3,23.6,50.0,25.963,31.233
bristol,bradley stoke,voyager,16QAM,01000011,-5.5,iter-2-scenario-384,2,ok,3,23.6,50.0,25.297,31.47
bristol,bradley stoke,voyager,16QAM,01000100,-6.5,iter-2-scenario-1678,2,ok,2,23.6,50.0,27.165,30.98
bristol,bradley stoke,voyager,16QAM,01000100,-6.0,iter-2-scenario-1679,2,ok,2,23.6,50.0,26.64,31.235
bristol,bradley stoke,voyager,16QAM,01000100,-5.5,iter-2-scenario-1680,2,ok,2,23.6,50.0,26.03,31.47
bristol,bradley stoke,voyager,16QAM,01000101,-6.5,iter-2-scenario-511,2,ok,3,23.6,50.0,26.82,30.98
bristol,bradley stoke,voyager,16QAM,01000101,-6.0,iter-2-scenario-512,2,ok,3,23.6,50.0,26.257,31.233
bristol,bradley stoke,voyager,16QAM,01000101,-5.5,iter-2-scenario-513,2,ok,3,23.6,50.0,25.613,31.47
bristol,bradley stoke,voyager,16QAM,01000110,-6.5,iter-2-scenario-709,2,ok,3,23.6,50.0,26.507,30.98
bristol,bradley stoke,voyager,16QAM,01000110,-6.0,iter-2-scenario-710,2,ok,3,23.6,50.0,25.91,31.233
bristol,bradley stoke,voyager,16QAM,01000110,-5.5,iter-2-scenario-711,2,ok,3,23.6,50.0,25.243,31.47
bristol,bradley stoke,voyager,16QAM,01000111,-6.5,iter-2-scenario-1075,2,ok,4,23.6,50.0,26.038,30.98
bristol,bradley stoke,voyager,16QAM,01000111,-6.0,iter-2-scenario-1076,2,ok,4,23.6,50.0,25.4,31.233
bristol,bradley stoke,voyager,16QAM,01000111,-5.5,iter-2-scenario-1077,2,ok,4,23.6,50.0,24.695,31.47
bristol,bradley stoke,voyager,16QAM,01001000,-6.5,iter-2-scenario-5881,2,ok,2,23.6,50.0,27.085,30.98
bristol,bradley stoke,voyager,16QAM,01001000,-6.0,iter-2-scenario-5882,2,ok,2,23.6,50.0,26.555,31.235
bristol,bradley stoke,voyager,16QAM,01001000,-5.5,iter-2-scenario-5883,2,ok,2,23.6,50.0,25.935,31.47
bristol,bradley stoke,voyager,16QAM,01001001,-6.5,iter-2-scenario-2056,2,ok,3,23.6,50.0,26.87,30.98
bristol,bradley stoke,voyager,16QAM,01001001,-6.0,iter-2-scenario-2057,2,ok,3,23.6,50.0,26.313,31.233
bristol,bradley stoke,voyager,16QAM,01001001,-5.5,iter-2-scenario-2058,2,ok,3,23.6,50.0,25.673,31.47
bristol,bradley stoke,voyager,16QAM,01001010,-6.5,iter-2-scenario-5845,2,ok,3,23.6,50.0,26.75,30.98
bristol,bradley stoke,voyager,16QAM,01001010,-6.0,iter-2-scenario-5846,2,ok,3,23.6,50.0,26.183,31.233
bristol,bradley stoke,voyager,16QAM,01001010,-5.5,iter-2-scenario-5847,2,ok,3,23.6,50.0,25.53,31.47
bristol,bradley stoke,voyager,16QAM,01001011,-6.5,iter-2-scenario-673,2,ok,4,23.6,50.0,26.26,30.98
bristol,bradley stoke,voyager,16QAM,01001011,-6.0,iter-2-scenario-674,2,ok,4,23.6,50.0,25.642,31.233
bristol,bradley stoke,voyager,16QAM,01001011,-5.5,iter-2-scenario-675,2,ok,4,23.6,50.0,24.95,31.47
bristol,bradley stoke,voyager,16QAM,01001100,-6.5,iter-2-scenario-4114,2,ok,3,23.6,50.0,26.43,30.98
bristol,bradley stoke,voyager,16QAM,01001100,-6.0,iter-2-scenario-4115,2,ok,3,23.6,50.0,25.833,31.233
bristol,bradley stoke,voyager,16QAM,01001100,-5.5,iter-2-scenario-4116,2,ok,3,23.6,50.0,25.157,31.47
bristol,bradley stoke,voyager,16QAM,01001101,-6.5,iter-2-scenario-4879,2,ok,4,23.6,50.0,26.248,30.98
bristol,bradley stoke,voyager,16QAM,01001101,-6.0,iter-2-scenario-4880,2,ok,4,23.6,50.0,25.627,31.233
bristol,bradley stoke,voyager,16QAM,01001101,-5.5,iter-2-scenario-4881,2,ok,4,23.6,50.0,24.933,31.47
bristol,bradley stoke,voyager,16QAM,01001110,-6.5,iter-2-scenario-4549,2,ok,4,23.6,50.0,25.973,30.98
bristol,bradley stoke,voyager,16QAM,01001110,-6.0,iter-2-scenario-4550,2,ok,4,23.6,50.0,25.33,31.233
bristol,bradley stoke,voyager,16QAM,01001110,-5.5,iter-2-scenario-4551,2,ok,4,23.6,50.0,24.617,31.47
bristol,bradley stoke,voyager,16QAM,01001111,-6.5,iter-2-scenario-2854,2,ok,5,23.6,50.0,25.636,30.98
bristol,bradley stoke,voyager,16QAM,01001111,-6.0,iter-2-scenario-2855,2,ok,5,23.6,50.0,24.964,31.232
bristol,bradley stoke,voyager,16QAM,01001111,-5.5,iter-2-scenario-2856,2,ok,5,23.6,50.0,24.228,31.47
bristol,bradley stoke,voyager,16QAM,01010000,-6.5,iter-2-scenario-2185,2,ok,2,23.6,50.0,26.925,30.98
bristol,bradley stoke,voyager,16QAM,01010000,-6.0,iter-2-scenario-2186,2,ok,2,23.6,50.0,26.375,31.235
bristol,bradley stoke,voyager,16QAM,01010000,-5.5,iter-2-scenario-2187,2,ok,2,23.6,50.0,25.745,31.47
bristol,bradley stoke,voyager,16QAM,01010001,-6.5,iter-2-scenario-2080,2,ok,3,23.6,50.0,26.823,30.98
bristol,bradley stoke,voyager,16QAM,01010001,-6.0,iter-2-scenario-2081,2,ok,3,23.6,50.0,26.26,31.233
bristol,bradley stoke,voyager,16QAM,01010001,-5.5,iter-2-scenario-2082,2,ok,3,23.6,50.0,25.617,31.47
bristol,bradley stoke,voyager,16QAM,01010010,-6.5,iter-2-scenario-2593,2,ok,3,23.6,50.0,26.75,30.98
bristol,bradley stoke,voyager,16QAM,01010010,-6.0,iter-2-scenario-2594,2,ok,3,23.6,50.0,26.183,31.233
bristol,bradley stoke,voyager,16QAM,01010010,-5.5,iter-2-scenario-2595,2,ok,3,23.6,50.0,25.533,31.47
bristol,bradley stoke,voyager,16QAM,01010011,-6.5,iter-2-scenario-2404,2,ok,4,23.6,50.0,26.288,30.98
bristol,bradley stoke,voyager,16QAM,01010011,-6.0,iter-2-scenario-2405,2,ok,4,23.6,50.0,25.675,31.233
bristol,bradley stoke,voyager,16QAM,01010011,-5.5,iter-2-scenario-2406,2,ok,4,23.6,50.0,24.985,31.47
bristol,bradley stoke,voyager,16QAM,01010100,-6.5,iter-2-scenario-5434,2,ok,3,23.6,50.0,26.623,30.98
bristol,bradley stoke,voyager,16QAM,01010100,-6.0,iter-2-scenario-5435,2,ok,3,23.6,50.0,26.04,31.233
bristol,bradley stoke,voyager,16QAM,01010100,-5.5,iter-2-scenario-5436,2,ok,3,23.6,50.0,25.38,31.47
bristol,bradley stoke,voyager,16QAM,01010101,-6.5,iter-2-scenario-1852,2,ok,4,23.6,50.0,26.41,30.98
bristol,bradley stoke,voyager,16QAM,01010101,-6.0,iter-2-scenario-1853,2,ok,4,23.6,50.0,25.807,31.233
bristol,bradley stoke,voyager,16QAM,01010101,-5.5,iter-2-scenario-1854,2,ok,4,23.6,50.0,25.128,31.47
bristol,bradley stoke,voyager,16QAM,01010110,-6.5,iter-2-scenario-3091,2,ok,4,23.6,50.0,26.16,30.98
bristol,bradley stoke,voyager,16QAM,01010110,-6.0,iter-2-scenario-3092,2,ok,4,23.6,50.0,25.532,31.233
bristol,bradley stoke,voyager,16QAM,01010110,-5.5,iter-2-scenario-3093,2,ok,4,23.6,50.0,24.832,31.47
bristol,bradley stoke,voyager,16QAM,01010111,-6.5,iter-2-scenario-3751,2,ok,5,23.6,50.0,25.794,30.98
bristol,bradley stoke,voyager,16QAM,01010111,-6.0,iter-2-scenario-3752,2,ok,5,23.6,50.0,25.138,31.232
bristol,bradley stoke,voyager,16QAM,01010111,-5.5,iter-2-scenario-3753,2,ok,5,23.6,50.0,24.412,31.47
bristol,bradley stoke,voyager,16QAM,01011000,-6.5,iter-2-scenario-622,2,ok,3,23.6,50.0,26.293,30.98
bristol,bradley stoke,voyager,16QAM,01011000,-6.0,iter-2-scenario-623,2,ok,3,23.6,50.0,25.683,31.233
bristol,bradley stoke,voyager,16QAM,01011000,-5.5,iter-2-scenario-624,2,ok,3,23.6,50.0,24.993,31.47
bristol,bradley stoke,voyager,16QAM,01011001,-6.5,iter-2-scenario-2431,2,ok,4,23.6,50.0,26.247,30.98
bristol,bradley stoke,voyager,16QAM,01011001,-6.0,iter-2-scenario-2432,2,ok,4,23.6,50.0,25.63,31.233
bristol,bradley stoke,voyager,16QAM,01011001,-5.5,iter-2-scenario-2433,2,ok,4,23.6,50.0,24.935,31.47
bristol,bradley stoke,voyager,16QAM,01011010,-6.5,iter-2-scenario-1546,2,ok,4,23.6,50.0,26.133,30.98
bristol,bradley stoke,voyager,16QAM,01011010,-6.0,iter-2-scenario-1547,2,ok,4,23.6,50.0,25.502,31.233
bristol,bradley stoke,voyager,16QAM,01011010,-5.5,iter-2-scenario-1548,2,ok,4,23.6,50.0,24.8,31.47
bristol,bradley stoke,voyager,16QAM,01011011,-6.5,iter-2-scenario-1609,2,ok,5,23.6,50.0,25.812,30.98
bristol,bradley stoke,voyager,16QAM,01011011,-6.0,iter-2-scenario-1610,2,ok,5,23.6,50.0,25.156,31.232
bristol,bradley stoke,voyager,16QAM,01011011,-5.5,iter-2-scenario-1611,2,ok,5,23.6,50.0,24.43,31.47
bristol,bradley stoke,voyager,16QAM,01011100,-6.5,iter-2-scenario-1933,2,ok,4,23.6,50.0,25.86,30.98
bristol,bradley stoke,voyager,16QAM,01011100,-6.0,iter-2-scenario-1934,2,ok,4,23.6,50.0,25.21,31.233
bristol,bradley stoke,voyager,16QAM,01011100,-5.5,iter-2-scenario-1935,2,ok,4,23.6,50.0,24.483,31.47
bristol,bradley stoke,voyager,16QAM,01011101,-6.5,iter-2-scenario-2461,2,ok,5,23.6,50.0,25.764,30.98
bristol,bradley stoke,voyager,16QAM,01011101,-6.0,iter-2-scenario-2462,2,ok,5,23.6,50.0,25.102,31.232
bristol,bradley stoke,voyager,16QAM,01011101,-5.5,iter-2-scenario-2463,2,ok,5,23.6,50.0,24.378,31.47
bristol,bradley stoke,voyager,16QAM,01011110,-6.5,iter-2-scenario-6112,2,ok,5,23.6,50.0,25.54,30.98
bristol,bradley stoke,voyager,16QAM,01011110,-6.0,iter-2-scenario-6113,2,ok,5,23.6,50.0,24.86,31.232
bristol,bradley stoke,voyager,16QAM,01011110,-5.5,iter-2-scenario-6114,2,ok,5,23.6,50.0,24.114,31.47
bristol,bradley stoke,voyager,16QAM,01011111,-6.5,iter-2-scenario-4741,2,ok,6,23.6,50.0,25.292,30.98
bristol,bradley stoke,voyager,16QAM,01011111,-6.0,iter-2-scenario-4742,2,ok,6,23.6,50.0,24.597,31.232
bristol,bradley stoke,voyager,16QAM,01011111,-5.5,iter-2-scenario-4743,2,ok,6,23.6,50.0,23.833,31.47
bristol,bradley stoke,voyager,16QAM,01100000,-6.5,iter-2-scenario-2221,2,ok,2,23.6,50.0,26.47,30.98
bristol,bradley stoke,voyager,16QAM,01100000,-6.0,iter-2-scenario-2222,2,ok,2,23.6,50.0,25.875,31.235
bristol,bradley stoke,voyager,16QAM,01100000,-5.5,iter-2-scenario-2223,2,ok,2,23.6,50.0,25.195,31.47
bristol,bradley stoke,voyager,16QAM,01100001,-6.5,iter-2-scenario-49,2,ok,3,23.6,50.0,26.56,30.98
bristol,bradley stoke,voyager,16QAM,01100001,-6.0,iter-2-scenario-50,2,ok,3,23.6,50.0,25.97,31.233
bristol,bradley stoke,voyager,16QAM,01100001,-5.5,iter-2-scenario-51,2,ok,3,23.6,50.0,25.307,31.47
bristol,bradley stoke,voyager,16QAM,01100010,-6.5,iter-2-scenario-1879,2,ok,3,23.6,50.0,26.51,30.98
bristol,bradley stoke,voyager,16QAM,01100010,-6.0,iter-2-scenario-1880,2,ok,3,23.6,50.0,25.92,31.233
bristol,bradley stoke,voyager,16QAM,01100010,-5.5,iter-2-scenario-1881,2,ok,3,23.6,50.0,25.247,31.47
bristol,bradley stoke,voyager,16QAM,01100011,-6.5,iter-2-scenario-4513,2,ok,4,23.6,50.0,26.133,30.98
bristol,bradley stoke,voyager,16QAM,01100011,-6.0,iter-2-scenario-4514,2,ok,4,23.6,50.0,25.505,31.233
bristol,bradley stoke,voyager,16QAM,01100011,-5.5,iter-2-scenario-4515,2,ok,4,23.6,50.0,24.797,31.47
bristol,bradley stoke,voyager,16QAM,01100100,-6.5,iter-2-scenario-3121,2,ok,3,23.6,50.0,26.437,30.98
bristol,bradley stoke,voyager,16QAM,01100100,-6.0,iter-2-scenario-3122,2,ok,3,23.6,50.0,25.833,31.233
bristol,bradley stoke,voyager,16QAM,01100100,-5.5,iter-2-scenario-3123,2,ok,3,23.6,50.0,25.16,31.47
bristol,bradley stoke,voyager,16QAM,01100101,-6.5,iter-2-scenario-910,2,ok,4,23.6,50.0,26.29,30.98
bristol,bradley stoke,voyager,16QAM,01100101,-6.0,iter-2-scenario-911,2,ok,4,23.6,50.0,25.678,31.233
bristol,bradley stoke,voyager,16QAM,01100101,-5.5,iter-2-scenario-912,2,ok,4,23.6,50.0,24.988,31.47
bristol,bradley stoke,voyager,16QAM,01100110,-6.5,iter-2-scenario-6007,2,ok,4,23.6,50.0,26.05,30.98
bristol,bradley stoke,voyager,16QAM,01100110,-6.0,iter-2-scenario-6008,2,ok,4,23.6,50.0,25.415,31.233
bristol,bradley stoke,voyager,16QAM,01100110,-5.5,iter-2-scenario-6009,2,ok,4,23.6,50.0,24.703,31.47
bristol,bradley stoke,voyager,16QAM,01100111,-6.5,iter-2-scenario-2653,2,ok,5,23.6,50.0,25.726,30.98
bristol,bradley stoke,voyager,16QAM,01100111,-6.0,iter-2-scenario-2654,2,ok,5,23.6,50.0,25.06,31.232
bristol,bradley stoke,voyager,16QAM,01100111,-5.5,iter-2-scenario-2655,2,ok,5,23.6,50.0,24.328,31.47
bristol,bradley stoke,voyager,16QAM,01101000,-6.5,iter-2-scenario-4453,2,ok,3,23.6,50.0,26.297,30.98
bristol,bradley stoke,voyager,16QAM,01101000,-6.0,iter-2-scenario-4454,2,ok,3,23.6,50.0,25.683,31.233
bristol,bradley stoke,voyager,16QAM,01101000,-5.5,iter-2-scenario-4455,2,ok,3,23.6,50.0,24.99,31.47
bristol,bradley stoke,voyager,16QAM,01101001,-6.5,iter-2-scenario-4501,2,ok,4,23.6,50.0,26.265,30.98
bristol,bradley stoke,voyager,16QAM,01101001,-6.0,iter-2-scenario-4502,2,ok,4,23.6,50.0,25.65,31.233
bristol,bradley stoke,voyager,16QAM,01101001,-5.5,iter-2-scenario-4503,2,ok,4,23.6,50.0,24.955,31.47
bristol,bradley stoke,voyager,16QAM,01101010,-6.5,iter-2-scenario-136,2,ok,4,23.6,50.0,26.16,30.98
bristol,bradley stoke,voyager,16QAM,01101010,-6.0,iter-2-scenario-137,2,ok,4,23.6,50.0,25.535,31.233
bristol,bradley stoke,voyager,16QAM,01101010,-5.5,iter-2-scenario-138,2,ok,4,23.6,50.0,24.835,31.47
bristol,bradley stoke,voyager,16QAM,01101011,-6.5,iter-2-scenario-1153,2,ok,5,23.6,50.0,25.846,30.98
bristol,bradley stoke,voyager,16QAM,01101011,-6.0,iter-2-scenario-1154,2,ok,5,23.6,50.0,25.192,31.232
bristol,bradley stoke,voyager,16QAM,01101011,-5.5,iter-2-scenario-1155,2,ok,5,23.6,50.0,24.466,31.47
bristol,bradley stoke,voyager,16QAM,01101100,-6.5,iter-2-scenario-2797,2,ok,4,23.6,50.0,25.907,30.98
bristol,bradley stoke,voyager,16QAM,01101100,-6.0,iter-2-scenario-2798,2,ok,4,23.6,50.0,25.258,31.233
bristol,bradley stoke,voyager,16QAM,01101100,-5.5,iter-2-scenario-2799,2,ok,4,23.6,50.0,24.543,31.47
bristol,bradley stoke,voyager,16QAM,01101101,-6.5,iter-2-scenario-2485,2,ok,5,23.6,50.0,25.816,30.98
bristol,bradley stoke,voyager,16QAM,01101101,-6.0,iter-2-scenario-2486,2,ok,5,23.6,50.0,25.16,31.232
bristol,bradley stoke,voyager,16QAM,01101101,-5.5,iter-2-scenario-2487,2,ok,5,23.6,50.0,24.432,31.47
bristol,bradley stoke,voyager,16QAM,01101110,-6.5,iter-2-scenario-3793,2,ok,5,23.6,50.0,25.594,30.98
bristol,bradley stoke,voyager,16QAM,01101110,-6.0,iter-2-scenario-3794,2,ok,5,23.6,50.0,24.922,31.232
bristol,bradley stoke,voyager,16QAM,01101110,-5.5,iter-2-scenario-3795,2,ok,5,23.6,50.0,24.176,31.47
bristol,bradley stoke,voyager,16QAM,01101111,-6.5,iter-2-scenario-1747,2,ok,6,23.6,50.0,25.343,30.98
bristol,bradley stoke,voyager,16QAM,01101111,-6.0,iter-2-scenario-1748,2,ok,6,23.6,50.0,24.652,31.232
bristol,bradley stoke,voyager,16QAM,01101111,-5.5,iter-2-scenario-1749,2,ok,6,23.6,50.0,23.893,31.47
bristol,bradley stoke,voyager,16QAM,01110000,-6.5,iter-2-scenario-4327,2,ok,3,23.6,50.0,25.94,30.98
bristol,bradley stoke,voyager,16QAM,01110000,-6.0,iter-2-scenario-4328,2,ok,3,23.6,50.0,25.297,31.233
bristol,bradley stoke,voyager,16QAM,01110000,-5.5,iter-2-scenario-4329,2,ok,3,23.6,50.0,24.577,31.47
bristol,bradley stoke,voyager,16QAM,01110001,-6.5,iter-2-scenario-100,2,ok,4,23.6,50.0,26.045,30.98
bristol,bradley stoke,voyager,16QAM,01110001,-6.0,iter-2-scenario-101,2,ok,4,23.6,50.0,25.41,31.233
bristol,bradley stoke,voyager,16QAM,01110001,-5.5,iter-2-scenario-102,2,ok,4,23.6,50.0,24.7,31.47
bristol,bradley stoke,voyager,16QAM,01110010,-6.5,iter-2-scenario-5863,2,ok,4,23.6,50.0,25.98,30.98
bristol,bradley stoke,voyager,16QAM,01110010,-6.0,iter-2-scenario-5864,2,ok,4,23.6,50.0,25.337,31.233
bristol,bradley stoke,voyager,16QAM,01110010,-5.5,iter-2-scenario-5865,2,ok,4,23.6,50.0,24.623,31.47
bristol,bradley stoke,voyager,16QAM,01110011,-6.5,iter-2-scenario-3322,2,ok,5,23.6,50.0,25.724,30.98
bristol,bradley stoke,voyager,16QAM,01110011,-6.0,iter-2-scenario-3323,2,ok,5,23.6,50.0,25.062,31.232
bristol,bradley stoke,voyager,16QAM,01110011,-5.5,iter-2-scenario-3324,2,ok,5,23.6,50.0,24.328,31.47
bristol,bradley stoke,voyager,16QAM,01110100,-6.5,iter-2-scenario-721,2,ok,4,23.6,50.0,25.86,30.98
bristol,bradley stoke,voyager,16QAM,01110100,-6.0,iter-2-scenario-722,2,ok,4,23.6,50.0,25.21,31.233
bristol,bradley stoke,voyager,16QAM,01110100,-5.5,iter-2-scenario-723,2,ok,4,23.6,50.0,24.485,31.47
bristol,bradley stoke,voyager,16QAM,01110101,-6.5,iter-2-scenario-2530,2,ok,5,23.6,50.0,25.798,30.98
bristol,bradley stoke,voyager,16QAM,01110101,-6.0,iter-2-scenario-2531,2,ok,5,23.6,50.0,25.142,31.232
bristol,bradley stoke,voyager,16QAM,01110101,-5.5,iter-2-scenario-2532,2,ok,5,23.6,50.0,24.416,31.47
bristol,bradley stoke,voyager,16QAM,01110110,-6.5,iter-2-scenario-5332,2,ok,5,23.6,50.0,25.596,30.98
bristol,bradley stoke,voyager,16QAM,01110110,-6.0,iter-2-scenario-5333,2,ok,5,23.6,50.0,24.922,31.232
bristol,bradley stoke,voyager,16QAM,01110110,-5.5,iter-2-scenario-5334,2,ok,5,23.6,50.0,24.18,31.47
bristol,bradley stoke,voyager,16QAM,01110111,-6.5,iter-2-scenario-5602,2,ok,6,23.6,50.0,25.357,30.98
bristol,bradley stoke,voyager,16QAM,01110111,-6.0,iter-2-scenario-5603,2,ok,6,23.6,50.0,24.668,31.232
bristol,bradley stoke,voyager,16QAM,01110111,-5.5,iter-2-scenario-5604,2,ok,6,23.6,50.0,23.91,31.47
bristol,bradley stoke,voyager,16QAM,01111000,-6.5,iter-2-scenario-3058,2,ok,4,23.6,50.0,25.582,30.98
bristol,bradley stoke,voyager,16QAM,01111000,-6.0,iter-2-scenario-3059,2,ok,4,23.6,50.0,24.907,31.233
bristol,bradley stoke,voyager,16QAM,01111000,-5.5,iter-2-scenario-3060,2,ok,4,23.6,50.0,24.165,31.47
bristol,bradley stoke,voyager,16QAM,01111001,-6.5,iter-2-scenario-5701,2,ok,5,23.6,50.0,25.642,30.98
bristol,bradley stoke,voyager,16QAM,01111001,-6.0,iter-2-scenario-5702,2,ok,5,23.6,50.0,24.972,31.232
bristol,bradley stoke,voyager,16QAM,01111001,-5.5,iter-2-scenario-5703,2,ok,5,23.6,50.0,24.232,31.47
bristol,bradley stoke,voyager,16QAM,01111010,-6.5,iter-2-scenario-4435,2,ok,5,23.6,50.0,25.542,30.98
bristol,bradley stoke,voyager,16QAM,01111010,-6.0,iter-2-scenario-4436,2,ok,5,23.6,50.0,24.866,31.232
bristol,bradley stoke,voyager,16QAM,01111010,-5.5,iter-2-scenario-4437,2,ok,5,23.6,50.0,24.12,31.47
bristol,bradley stoke,voyager,16QAM,01111011,-6.5,iter-2-scenario-343,2,ok,6,23.6,50.0,25.347,30.98
bristol,bradley stoke,voyager,16QAM,01111011,-6.0,iter-2-scenario-344,2,ok,6,23.6,50.0,24.652,31.232
bristol,bradley stoke,voyager,16QAM,01111011,-5.5,iter-2-scenario-345,2,ok,6,23.6,50.0,23.895,31.47
bristol,bradley stoke,voyager,16QAM,01111100,-6.5,iter-2-scenario-3214,2,ok,5,23.6,50.0,25.316,30.98
bristol,bradley stoke,voyager,16QAM,01111100,-6.0,iter-2-scenario-3215,2,ok,5,23.6,50.0,24.622,31.232
bristol,bradley stoke,voyager,16QAM,01111100,-5.5,iter-2-scenario-3216,2,ok,5,23.6,50.0,23.862,31.47
bristol,bradley stoke,voyager,16QAM,01111101,-6.5,iter-2-scenario-1291,2,ok,6,23.6,50.0,25.293,30.98
bristol,bradley stoke,voyager,16QAM,01111101,-6.0,iter-2-scenario-1292,2,ok,6,23.6,50.0,24.598,31.232
bristol,bradley stoke,voyager,16QAM,01111101,-5.5,iter-2-scenario-1293,2,ok,6,23.6,50.0,23.837,31.47
bristol,bradley stoke,voyager,16QAM,01111110,-6.5,iter-2-scenario-5239,2,ok,6,23.6,50.0,25.105,30.98
bristol,bradley stoke,voyager,16QAM,01111110,-6.0,iter-2-scenario-5240,2,ok,6,23.6,50.0,24.395,31.232
bristol,bradley stoke,voyager,16QAM,01111110,-5.5,iter-2-scenario-5241,2,ok,6,23.6,50.0,23.622,31.47
bristol,bradley stoke,voyager,16QAM,01111111,-6.5,iter-2-scenario-6079,2,ok,7,23.6,50.0,24.93,30.98
bristol,bradley stoke,voyager,16QAM,01111111,-6.0,iter-2-scenario-6080,2,ok,7,23.6,50.0,24.209,31.231
bristol,bradley stoke,voyager,16QAM,01111111,-5.5,iter-2-scenario-6081,2,ok,7,23.6,50.0,23.429,31.47
bristol,bradley stoke,voyager,16QAM,10000000,-6.5,iter-2-scenario-3562,2,ok,1,23.6,50.0,27.43,30.98
bristol,bradley stoke,voyager,16QAM,10000000,-6.0,iter-2-scenario-3563,2,ok,1,23.6,50.0,26.93,31.24
bristol,bradley stoke,voyager,16QAM,10000000,-5.5,iter-2-scenario-3564,2,ok,1,23.6,50.0,26.35,31.47
bristol,bradley stoke,voyager,16QAM,10000001,-6.5,iter-2-scenario-3379,2,ok,2,23.6,50.0,27.27,30.98
bristol,bradley stoke,voyager,16QAM,10000001,-6.0,iter-2-scenario-3380,2,ok,2,23.6,50.0,26.755,31.235
bristol,bradley stoke,voyager,16QAM,10000001,-5.5,iter-2-scenario-3381,2,ok,2,23.6,50.0,26.155,31.47
bristol,bradley stoke,voyager,16QAM,10000010,-6.5,iter-2-scenario-3433,2,ok,2,23.6,50.0,27.25,30.98
bristol,bradley stoke,voyager,16QAM,10000010,-6.0,iter-2-scenario-3434,2,ok,2,23.6,50.0,26.73,31.235
bristol,bradley stoke,voyager,16QAM,10000010,-5.5,iter-2-scenario-3435,2,ok,2,23.6,50.0,26.13,31.47
bristol,bradley stoke,voyager,16QAM,10000011,-6.5,iter-2-scenario-1717,2,ok,3,23.6,50.0,26.59,30.98
bristol,bradley stoke,voyager,16QAM,10000011,-6.0,iter-2-scenario-1718,2,ok,3,23.6,50.0,26.003,31.233
bristol,bradley stoke,voyager,16QAM,10000011,-5.5,iter-2-scenario-1719,2,ok,3,23.6,50.0,25.34,31.47
bristol,bradley stoke,voyager,16QAM,10000100,-6.5,iter-2-scenario-6121,2,ok,2,23.6,50.0,27.215,30.98
bristol,bradley stoke,voyager,16QAM,10000100,-6.0,iter-2-scenario-6122,2,ok,2,23.6,50.0,26.7,31.235
bristol,bradley stoke,voyager,16QAM,10000100,-5.5,iter-2-scenario-6123,2,ok,2,23.6,50.0,26.09,31.47
bristol,bradley stoke,voyager,16QAM,10000101,-6.5,iter-2-scenario-4219,2,ok,3,23.6,50.0,26.863,30.98
bristol,bradley stoke,voyager,16QAM,10000101,-6.0,iter-2-scenario-4220,2,ok,3,23.6,50.0,26.307,31.233
bristol,bradley stoke,voyager,16QAM,10000101,-5.5,iter-2-scenario-4221,2,ok,3,23.6,50.0,25.667,31.47
bristol,bradley stoke,voyager,16QAM,10000110,-6.5,iter-2-scenario-766,2,ok,3,23.6,50.0,26.557,30.98
bristol,bradley stoke,voyager,16QAM,10000110,-6.0,iter-2-scenario-767,2,ok,3,23.6,50.0,25.97,31.233
bristol,bradley stoke,voyager,16QAM,10000110,-5.5,iter-2-scenario-768,2,ok,3,23.6,50.0,25.307,31.47
bristol,bradley stoke,voyager,16QAM,10000111,-6.5,iter-2-scenario-1690,2,ok,4,23.6,50.0,26.085,30.98
bristol,bradley stoke,voyager,16QAM,10000111,-6.0,iter-2-scenario-1691,2,ok,4,23.6,50.0,25.453,31.233
bristol,bradley stoke,voyager,16QAM,10000111,-5.5,iter-2-scenario-1692,2,ok,4,23.6,50.0,24.747,31.47
bristol,bradley stoke,voyager,16QAM,10001000,-6.5,iter-2-scenario-4849,2,ok,2,23.6,50.0,27.165,30.98
bristol,bradley stoke,voyager,16QAM,10001000,-6.0,iter-2-scenario-4850,2,ok,2,23.6,50.0,26.645,31.235
bristol,bradley stoke,voyager,16QAM,10001000,-5.5,iter-2-scenario-4851,2,ok,2,23.6,50.0,26.035,31.47
bristol,bradley stoke,voyager,16QAM,10001001,-6.5,iter-2-scenario-5161,2,ok,3,23.6,50.0,26.937,30.98
bristol,bradley stoke,voyager,16QAM,10001001,-6.0,iter-2-scenario-5162,2,ok,3,23.6,50.0,26.387,31.233
bristol,bradley stoke,voyager,16QAM,10001001,-5.5,iter-2-scenario-5163,2,ok,3,23.6,50.0,25.753,31.47
bristol,bradley stoke,voyager,16QAM,10001010,-6.5,iter-2-scenario-4561,2,ok,3,23.6,50.0,26.82,30.98
bristol,bradley stoke,voyager,16QAM,10001010,-6.0,iter-2-scenario-4562,2,ok,3,23.6,50.0,26.26,31.233
bristol,bradley stoke,voyager,16QAM,10001010,-5.5,iter-2-scenario-4563,2,ok,3,23.6,50.0,25.617,31.47
bristol,bradley stoke,voyager,16QAM,10001011,-6.5,iter-2-scenario-2569,2,ok,4,23.6,50.0,26.322,30.98
bristol,bradley stoke,voyager,16QAM,10001011,-6.0,iter-2-scenario-2570,2,ok,4,23.6,50.0,25.71,31.233
bristol,bradley stoke,voyager,16QAM,10001011,-5.5,iter-2-scenario-2571,2,ok,4,23.6,50.0,25.023,31.47
bristol,bradley stoke,voyager,16QAM,10001100,-6.5,iter-2-scenario-4231,2,ok,3,23.6,50.0,26.51,30.98
bristol,bradley stoke,voyager,16QAM,10001100,-6.0,iter-2-scenario-4232,2,ok,3,23.6,50.0,25.92,31.233
bristol,bradley stoke,voyager,16QAM,10001100,-5.5,iter-2-scenario-4233,2,ok,3,23.6,50.0,25.247,31.47
bristol,bradley stoke,voyager,16QAM,10001101,-6.5,iter-2-scenario-1213,2,ok,4,23.6,50.0,26.312,30.98
bristol,bradley stoke,voyager,16QAM,10001101,-6.0,iter-2-scenario-1214,2,ok,4,23.6,50.0,25.7,31.233
bristol,bradley stoke,voyager,16QAM,10001101,-5.5,iter-2-scenario-1215,2,ok,4,23.6,50.0,25.012,31.47
bristol,bradley stoke,voyager,16QAM,10001110,-6.5,iter-2-scenario-5737,2,ok,4,23.6,50.0,26.043,30.98
bristol,bradley stoke,voyager,16QAM,10001110,-6.0,iter-2-scenario-5738,2,ok,4,23.6,50.0,25.407,31.233
bristol,bradley stoke,voyager,16QAM,10001110,-5.5,iter-2-scenario-5739,2,ok,4,23.6,50.0,24.697,31.47
bristol,bradley stoke,voyager,16QAM,10001111,-6.5,iter-2-scenario-5263,2,ok,5,23.6,50.0,25.696,30.98
bristol,bradley stoke,voyager,16QAM,10001111,-6.0,iter-2-scenario-5264,2,ok,5,23.6,50.0,25.03,31.232
bristol,bradley stoke,voyager,16QAM,10001111,-5.5,iter-2-scenario-5265,2,ok,5,23.6,50.0,24.298,31.47
bristol,bradley stoke,voyager,16QAM,10010000,-6.5,iter-2-scenario-5128,2,ok,2,23.6,50.0,27.085,30.98
bristol,bradley stoke,voyager,16QAM,10010000,-6.0,iter-2-scenario-5129,2,ok,2,23.6,50.0,26.555,31.235
bristol,bradley stoke,voyager,16QAM,10010000,-5.5,iter-2-scenario-5130,2,ok,2,23.6,50.0,25.935,31.47
bristol,bradley stoke,voyager,16QAM,10010001,-6.5,iter-2-scenario-5002,2,ok,3,23.6,50.0,26.94,30.98
bristol,bradley stoke,voyager,16QAM,10010001,-6.0,iter-2-scenario-5003,2,ok,3,23.6,50.0,26.39,31.233
bristol,bradley stoke,voyager,16QAM,10010001,-5.5,iter-2-scenario-5004,2,ok,3,23.6,50.0,25.76,31.47
bristol,bradley stoke,voyager,16QAM,10010010,-6.5,iter-2-scenario-3259,2,ok,3,23.6,50.0,26.873,30.98
bristol,bradley stoke,voyager,16QAM,10010010,-6.0,iter-2-scenario-3260,2,ok,3,23.6,50.0,26.317,31.233
bristol,bradley stoke,voyager,16QAM,10010010,-5.5,iter-2-scenario-3261,2,ok,3,23.6,50.0,25.68,31.47
bristol,bradley stoke,voyager,16QAM,10010011,-6.5,iter-2-scenario-4015,2,ok,4,23.6,50.0,26.383,30.98
bristol,bradley stoke,voyager,16QAM,10010011,-6.0,iter-2-scenario-4016,2,ok,4,23.6,50.0,25.78,31.233
bristol,bradley stoke,voyager,16QAM,10010011,-5.5,iter-2-scenario-4017,2,ok,4,23.6,50.0,25.1,31.47
bristol,bradley stoke,voyager,16QAM,10010100,-6.5,iter-2-scenario-5470,2,ok,3,23.6,50.0,26.75,30.98
bristol,bradley stoke,voyager,16QAM,10010100,-6.0,iter-2-scenario-5471,2,ok,3,23.6,50.0,26.183,31.233
bristol,bradley stoke,voyager,16QAM,10010100,-5.5,iter-2-scenario-5472,2,ok,3,23.6,50.0,25.537,31.47
bristol,bradley stoke,voyager,16QAM,10010101,-6.5,iter-2-scenario-46,2,ok,4,23.6,50.0,26.512,30.98
bristol,bradley stoke,voyager,16QAM,10010101,-6.0,iter-2-scenario-47,2,ok,4,23.6,50.0,25.92,31.233
bristol,bradley stoke,voyager,16QAM,10010101,-5.5,iter-2-scenario-48,2,ok,4,23.6,50.0,25.247,31.47
bristol,bradley stoke,voyager,16QAM,10010110,-6.5,iter-2-scenario-3712,2,ok,4,23.6,50.0,26.262,30.98
bristol,bradley stoke,voyager,16QAM,10010110,-6.0,iter-2-scenario-3713,2,ok,4,23.6,50.0,25.648,31.233
bristol,bradley stoke,voyager,16QAM,10010110,-5.5,iter-2-scenario-3714,2,ok,4,23.6,50.0,24.957,31.47
bristol,bradley stoke,voyager,16QAM,10010111,-6.5,iter-2-scenario-5053,2,ok,5,23.6,50.0,25.882,30.98
bristol,bradley stoke,voyager,16QAM,10010111,-6.0,iter-2-scenario-5054,2,ok,5,23.6,50.0,25.236,31.232
bristol,bradley stoke,voyager,16QAM,10010111,-5.5,iter-2-scenario-5055,2,ok,5,23.6,50.0,24.512,31.47
bristol,bradley stoke,voyager,16QAM,10011000,-6.5,iter-2-scenario-1459,2,ok,3,23.6,50.0,26.437,30.98
bristol,bradley stoke,voyager,16QAM,10011000,-6.0,iter-2-scenario-1460,2,ok,3,23.6,50.0,25.837,31.233
bristol,bradley stoke,voyager,16QAM,10011000,-5.5,iter-2-scenario-1461,2,ok,3,23.6,50.0,25.157,31.47
bristol,bradley stoke,voyager,16QAM,10011001,-6.5,iter-2-scenario-1474,2,ok,4,23.6,50.0,26.358,30.98
bristol,bradley stoke,voyager,16QAM,10011001,-6.0,iter-2-scenario-1475,2,ok,4,23.6,50.0,25.752,31.233
bristol,bradley stoke,voyager,16QAM,10011001,-5.5,iter-2-scenario-1476,2,ok,4,23.6,50.0,25.07,31.47
bristol,bradley stoke,voyager,16QAM,10011010,-6.5,iter-2-scenario-3778,2,ok,4,23.6,50.0,26.248,30.98
bristol,bradley stoke,voyager,16QAM,10011010,-6.0,iter-2-scenario-3779,2,ok,4,23.6,50.0,25.63,31.233
bristol,bradley stoke,voyager,16QAM,10011010,-5.5,iter-2-scenario-3780,2,ok,4,23.6,50.0,24.938,31.47
bristol,bradley stoke,voyager,16QAM,10011011,-6.5,iter-2-scenario-3844,2,ok,5,23.6,50.0,25.912,30.98
bristol,bradley stoke,voyager,16QAM,10011011,-6.0,iter-2-scenario-3845,2,ok,5,23.6,50.0,25.262,31.232
bristol,bradley stoke,voyager,16QAM,10011011,-5.5,iter-2-scenario-3846,2,ok,5,23.6,50.0,24.54,31.47
bristol,bradley stoke,voyager,16QAM,10011100,-6.5,iter-2-scenario-1792,2,ok,4,23.6,50.0,25.98,30.98
bristol,bradley stoke,voyager,16QAM,10011100,-6.0,iter-2-scenario-1793,2,ok,4,23.6,50.0,25.337,31.233
bristol,bradley stoke,voyager,16QAM,10011100,-5.5,iter-2-scenario-1794,2,ok,4,23.6,50.0,24.625,31.47
bristol,bradley stoke,voyager,16QAM,10011101,-6.5,iter-2-scenario-3274,2,ok,5,23.6,50.0,25.864,30.98
bristol,bradley stoke,voyager,16QAM,10011101,-6.0,iter-2-scenario-3275,2,ok,5,23.6,50.0,25.212,31.232
bristol,bradley stoke,voyager,16QAM,10011101,-5.5,iter-2-scenario-3276,2,ok,5,23.6,50.0,24.492,31.47
bristol,bradley stoke,voyager,16QAM,10011110,-6.5,iter-2-scenario-2011,2,ok,5,23.6,50.0,25.64,30.98
bristol,bradley stoke,voyager,16QAM,10011110,-6.0,iter-2-scenario-2012,2,ok,5,23.6,50.0,24.972,31.232
bristol,bradley stoke,voyager,16QAM,10011110,-5.5,iter-2-scenario-2013,2,ok,5,23.6,50.0,24.232,31.47
bristol,bradley stoke,voyager,16QAM,10011111,-6.5,iter-2-scenario-5686,2,ok,6,23.6,50.0,25.375,30.98
bristol,bradley stoke,voyager,16QAM,10011111,-6.0,iter-2-scenario-5687,2,ok,6,23.6,50.0,24.687,31.232
bristol,bradley stoke,voyager,16QAM,10011111,-5.5,iter-2-scenario-5688,2,ok,6,23.6,50.0,23.935,31.47
bristol,bradley stoke,voyager,16QAM,10100000,-6.5,iter-2-scenario-1093,2,ok,2,23.6,50.0,26.93,30.98
bristol,bradley stoke,voyager,16QAM,10100000,-6.0,iter-2-scenario-1094,2,ok,2,23.6,50.0,26.38,31.235
bristol,bradley stoke,voyager,16QAM,10100000,-5.5,iter-2-scenario-1095,2,ok,2,23.6,50.0,25.745,31.47
bristol,bradley stoke,voyager,16QAM,10100001,-6.5,iter-2-scenario-5515,2,ok,3,23.6,50.0,26.867,30.98
bristol,bradley stoke,voyager,16QAM,10100001,-6.0,iter-2-scenario-5516,2,ok,3,23.6,50.0,26.31,31.233
bristol,bradley stoke,voyager,16QAM,10100001,-5.5,iter-2-scenario-5517,2,ok,3,23.6,50.0,25.67,31.47
bristol,bradley stoke,voyager,16QAM,10100010,-6.5,iter-2-scenario-1945,2,ok,3,23.6,50.0,26.823,30.98
bristol,bradley stoke,voyager,16QAM,10100010,-6.0,iter-2-scenario-1946,2,ok,3,23.6,50.0,26.267,31.233
bristol,bradley stoke,voyager,16QAM,10100010,-5.5,iter-2-scenario-1947,2,ok,3,23.6,50.0,25.62,31.47
bristol,bradley stoke,voyager,16QAM,10100011,-6.5,iter-2-scenario-1045,2,ok,4,23.6,50.0,26.37,30.98
bristol,bradley stoke,voyager,16QAM,10100011,-6.0,iter-2-scenario-1046,2,ok,4,23.6,50.0,25.762,31.233
bristol,bradley stoke,voyager,16QAM,10100011,-5.5,iter-2-scenario-1047,2,ok,4,23.6,50.0,25.078,31.47
bristol,bradley stoke,voyager,16QAM,10100100,-6.5,iter-2-scenario-3031,2,ok,3,23.6,50.0,26.757,30.98
bristol,bradley stoke,voyager,16QAM,10100100,-6.0,iter-2-scenario-3032,2,ok,3,23.6,50.0,26.183,31.233
bristol,bradley stoke,voyager,16QAM,10100100,-5.5,iter-2-scenario-3033,2,ok,3,23.6,50.0,25.533,31.47
bristol,bradley stoke,voyager,16QAM,10100101,-6.5,iter-2-scenario-1501,2,ok,4,23.6,50.0,26.535,30.98
bristol,bradley stoke,voyager,16QAM,10100101,-6.0,iter-2-scenario-1502,2,ok,4,23.6,50.0,25.942,31.233
bristol,bradley stoke,voyager,16QAM,10100101,-5.5,iter-2-scenario-1503,2,ok,4,23.6,50.0,25.27,31.47
bristol,bradley stoke,voyager,16QAM,10100110,-6.5,iter-2-scenario-4156,2,ok,4,23.6,50.0,26.295,30.98
bristol,bradley stoke,voyager,16QAM,10100110,-6.0,iter-2-scenario-4157,2,ok,4,23.6,50.0,25.677,31.233
bristol,bradley stoke,voyager,16QAM,10100110,-5.5,iter-2-scenario-4158,2,ok,4,23.6,50.0,24.988,31.47
bristol,bradley stoke,voyager,16QAM,10100111,-6.5,iter-2-scenario-2389,2,ok,5,23.6,50.0,25.916,30.98
bristol,bradley stoke,voyager,16QAM,10100111,-6.0,iter-2-scenario-2390,2,ok,5,23.6,50.0,25.27,31.232
bristol,bradley stoke,voyager,16QAM,10100111,-5.5,iter-2-scenario-2391,2,ok,5,23.6,50.0,24.552,31.47
bristol,bradley stoke,voyager,16QAM,10101000,-6.5,iter-2-scenario-637,2,ok,3,23.6,50.0,26.627,30.98
bristol,bradley stoke,voyager,16QAM,10101000,-6.0,iter-2-scenario-638,2,ok,3,23.6,50.0,26.047,31.233
bristol,bradley stoke,voyager,16QAM,10101000,-5.5,iter-2-scenario-639,2,ok,3,23.6,50.0,25.383,31.47
bristol,bradley stoke,voyager,16QAM,10101001,-6.5,iter-2-scenario-3961,2,ok,4,23.6,50.0,26.515,30.98
bristol,bradley stoke,voyager,16QAM,10101001,-6.0,iter-2-scenario-3962,2,ok,4,23.6,50.0,25.922,31.233
bristol,bradley stoke,voyager,16QAM,10101001,-5.5,iter-2-scenario-3963,2,ok,4,23.6,50.0,25.25,31.47
bristol,bradley stoke,voyager,16QAM,10101010,-6.5,iter-2-scenario-4783,2,ok,4,23.6,50.0,26.413,30.98
bristol,bradley stoke,voyager,16QAM,10101010,-6.0,iter-2-scenario-4784,2,ok,4,23.6,50.0,25.807,31.233
bristol,bradley stoke,voyager,16QAM,10101010,-5.5,iter-2-scenario-4785,2,ok,4,23.6,50.0,25.13,31.47
bristol,bradley stoke,voyager,16QAM,10101011,-6.5,iter-2-scenario-2980,2,ok,5,23.6,50.0,26.046,30.98
bristol,bradley stoke,voyager,16QAM,10101011,-6.0,iter-2-scenario-2981,2,ok,5,23.6,50.0,25.41,31.232
bristol,bradley stoke,voyager,16QAM,10101011,-5.5,iter-2-scenario-2982,2,ok,5,23.6,50.0,24.702,31.47
bristol,bradley stoke,voyager,16QAM,10101100,-6.5,iter-2-scenario-1396,2,ok,4,23.6,50.0,26.16,30.98
bristol,bradley stoke,voyager,16QAM,10101100,-6.0,iter-2-scenario-1397,2,ok,4,23.6,50.0,25.535,31.233
bristol,bradley stoke,voyager,16QAM,10101100,-5.5,iter-2-scenario-1398,2,ok,4,23.6,50.0,24.835,31.47
bristol,bradley stoke,voyager,16QAM,10101101,-6.5,iter-2-scenario-2296,2,ok,5,23.6,50.0,26.022,30.98
bristol,bradley stoke,voyager,16QAM,10101101,-6.0,iter-2-scenario-2297,2,ok,5,23.6,50.0,25.38,31.232
bristol,bradley stoke,voyager,16QAM,10101101,-5.5,iter-2-scenario-2298,2,ok,5,23.6,50.0,24.668,31.47
bristol,bradley stoke,voyager,16QAM,10101110,-6.5,iter-2-scenario-5542,2,ok,5,23.6,50.0,25.8,30.98
bristol,bradley stoke,voyager,16QAM,10101110,-6.0,iter-2-scenario-5543,2,ok,5,23.6,50.0,25.142,31.232
bristol,bradley stoke,voyager,16QAM,10101110,-5.5,iter-2-scenario-5544,2,ok,5,23.6,50.0,24.416,31.47
bristol,bradley stoke,voyager,16QAM,10101111,-6.5,iter-2-scenario-145,2,ok,6,23.6,50.0,25.513,30.98
bristol,bradley stoke,voyager,16QAM,10101111,-6.0,iter-2-scenario-146,2,ok,6,23.6,50.0,24.835,31.232
bristol,bradley stoke,voyager,16QAM,10101111,-5.5,iter-2-scenario-147,2,ok,6,23.6,50.0,24.088,31.47
bristol,bradley stoke,voyager,16QAM,10110000,-6.5,iter-2-scenario-3898,2,ok,3,23.6,50.0,26.297,30.98
bristol,bradley stoke,voyager,16QAM,10110000,-6.0,iter-2-scenario-3899,2,ok,3,23.6,50.0,25.683,31.233
bristol,bradley stoke,voyager,16QAM,10110000,-5.5,iter-2-scenario-3900,2,ok,3,23.6,50.0,24.993,31.47
bristol,bradley stoke,voyager,16QAM,10110001,-6.5,iter-2-scenario-4033,2,ok,4,23.6,50.0,26.312,30.98
bristol,bradley stoke,voyager,16QAM,10110001,-6.0,iter-2-scenario-4034,2,ok,4,23.6,50.0,25.703,31.233
bristol,bradley stoke,voyager,16QAM,10110001,-5.5,iter-2-scenario-4035,2,ok,4,23.6,50.0,25.017,31.47
bristol,bradley stoke,voyager,16QAM,10110010,-6.5,iter-2-scenario-5950,2,ok,4,23.6,50.0,26.25,30.98
bristol,bradley stoke,voyager,16QAM,10110010,-6.0,iter-2-scenario-5951,2,ok,4,23.6,50.0,25.633,31.233
bristol,bradley stoke,voyager,16QAM,10110010,-5.5,iter-2-scenario-5952,2,ok,4,23.6,50.0,24.938,31.47
bristol,bradley stoke,voyager,16QAM,10110011,-6.5,iter-2-scenario-3940,2,ok,5,23.6,50.0,25.944,30.98
bristol,bradley stoke,voyager,16QAM,10110011,-6.0,iter-2-scenario-3941,2,ok,5,23.6,50.0,25.298,31.232
bristol,bradley stoke,voyager,16QAM,10110011,-5.5,iter-2-scenario-3942,2,ok,5,23.6,50.0,24.578,31.47
bristol,bradley stoke,voyager,16QAM,10110100,-6.5,iter-2-scenario-1327,2,ok,4,23.6,50.0,26.137,30.98
bristol,bradley stoke,voyager,16QAM,10110100,-6.0,iter-2-scenario-1328,2,ok,4,23.6,50.0,25.51,31.233
bristol,bradley stoke,voyager,16QAM,10110100,-5.5,iter-2-scenario-1329,2,ok,4,23.6,50.0,24.808,31.47
bristol,bradley stoke,voyager,16QAM,10110101,-6.5,iter-2-scenario-5392,2,ok,5,23.6,50.0,26.02,30.98
bristol,bradley stoke,voyager,16QAM,10110101,-6.0,iter-2-scenario-5393,2,ok,5,23.6,50.0,25.382,31.232
bristol,bradley stoke,voyager,16QAM,10110101,-5.5,iter-2-scenario-5394,2,ok,5,23.6,50.0,24.67,31.47
bristol,bradley stoke,voyager,16QAM,10110110,-6.5,iter-2-scenario-2821,2,ok,5,23.6,50.0,25.818,30.98
bristol,bradley stoke,voyager,16QAM,10110110,-6.0,iter-2-scenario-2822,2,ok,5,23.6,50.0,25.162,31.232
bristol,bradley stoke,voyager,16QAM,10110110,-5.5,iter-2-scenario-2823,2,ok,5,23.6,50.0,24.434,31.47
bristol,bradley stoke,voyager,16QAM,10110111,-6.5,iter-2-scenario-3304,2,ok,6,23.6,50.0,25.543,30.98
bristol,bradley stoke,voyager,16QAM,10110111,-6.0,iter-2-scenario-3305,2,ok,6,23.6,50.0,24.865,31.232
bristol,bradley stoke,voyager,16QAM,10110111,-5.5,iter-2-scenario-3306,2,ok,6,23.6,50.0,24.118,31.47
bristol,bradley stoke,voyager,16QAM,10111000,-6.5,iter-2-scenario-2674,2,ok,4,23.6,50.0,25.863,30.98
bristol,bradley stoke,voyager,16QAM,10111000,-6.0,iter-2-scenario-2675,2,ok,4,23.6,50.0,25.21,31.233
bristol,bradley stoke,voyager,16QAM,10111000,-5.5,iter-2-scenario-2676,2,ok,4,23.6,50.0,24.49,31.47
bristol,bradley stoke,voyager,16QAM,10111001,-6.5,iter-2-scenario-1897,2,ok,5,23.6,50.0,25.866,30.98
bristol,bradley stoke,voyager,16QAM,10111001,-6.0,iter-2-scenario-1898,2,ok,5,23.6,50.0,25.214,31.232
bristol,bradley stoke,voyager,16QAM,10111001,-5.5,iter-2-scenario-1899,2,ok,5,23.6,50.0,24.492,31.47
bristol,bradley stoke,voyager,16QAM,10111010,-6.5,iter-2-scenario-5494,2,ok,5,23.6,50.0,25.768,30.98
bristol,bradley stoke,voyager,16QAM,10111010,-6.0,iter-2-scenario-5495,2,ok,5,23.6,50.0,25.11,31.232
bristol,bradley stoke,voyager,16QAM,10111010,-5.5,iter-2-scenario-5496,2,ok,5,23.6,50.0,24.378,31.47
bristol,bradley stoke,voyager,16QAM,10111011,-6.5,iter-2-scenario-4618,2,ok,6,23.6,50.0,25.532,30.98
bristol,bradley stoke,voyager,16QAM,10111011,-6.0,iter-2-scenario-4619,2,ok,6,23.6,50.0,24.855,31.232
bristol,bradley stoke,voyager,16QAM,10111011,-5.5,iter-2-scenario-4620,2,ok,6,23.6,50.0,24.11,31.47
bristol,bradley stoke,voyager,16QAM,10111100,-6.5,iter-2-scenario-5371,2,ok,5,23.6,50.0,25.544,30.98
bristol,bradley stoke,voyager,16QAM,10111100,-6.0,iter-2-scenario-5372,2,ok,5,23.6,50.0,24.868,31.232
bristol,bradley stoke,voyager,16QAM,10111100,-5.5,iter-2-scenario-5373,2,ok,5,23.6,50.0,24.122,31.47
bristol,bradley stoke,voyager,16QAM,10111101,-6.5,iter-2-scenario-4252,2,ok,6,23.6,50.0,25.483,30.98
bristol,bradley stoke,voyager,16QAM,10111101,-6.0,iter-2-scenario-4253,2,ok,6,23.6,50.0,24.802,31.232
bristol,bradley stoke,voyager,16QAM,10111101,-5.5,iter-2-scenario-4254,2,ok,6,23.6,50.0,24.055,31.47
bristol,bradley stoke,voyager,16QAM,10111110,-6.5,iter-2-scenario-3418,2,ok,6,23.6,50.0,25.293,30.98
bristol,bradley stoke,voyager,16QAM,10111110,-6.0,iter-2-scenario-3419,2,ok,6,23.6,50.0,24.598,31.232
bristol,bradley stoke,voyager,16QAM,10111110,-5.5,iter-2-scenario-3420,2,ok,6,23.6,50.0,23.84,31.47
bristol,bradley stoke,voyager,16QAM,10111111,-6.5,iter-2-scenario-2515,2,ok,7,23.6,50.0,25.093,30.98
bristol,bradley stoke,voyager,16QAM,10111111,-6.0,iter-2-scenario-2516,2,ok,7,23.6,50.0,24.386,31.231
bristol,bradley stoke,voyager,16QAM,10111111,-5.5,iter-2-scenario-2517,2,ok,7,23.6,50.0,23.613,31.47
bristol,bradley stoke,voyager,16QAM,11000000,-6.5,iter-2-scenario-3160,2,ok,2,23.6,50.0,26.475,30.98
bristol,bradley stoke,voyager,16QAM,11000000,-6.0,iter-2-scenario-3161,2,ok,2,23.6,50.0,25.88,31.24
bristol,bradley stoke,voyager,16QAM,11000000,-5.5,iter-2-scenario-3162,2,ok,2,23.6,50.0,25.2,31.47
bristol,bradley stoke,voyager,16QAM,11000001,-6.5,iter-2-scenario-5830,2,ok,3,23.6,50.0,26.597,30.98
bristol,bradley stoke,voyager,16QAM,11000001,-6.0,iter-2-scenario-5831,2,ok,3,23.6,50.0,26.01,31.237
bristol,bradley stoke,voyager,16QAM,11000001,-5.5,iter-2-scenario-5832,2,ok,3,23.6,50.0,25.347,31.47
bristol,bradley stoke,voyager,16QAM,11000010,-6.5,iter-2-scenario-3931,2,ok,3,23.6,50.0,26.563,30.98
bristol,bradley stoke,voyager,16QAM,11000010,-6.0,iter-2-scenario-3932,2,ok,3,23.6,50.0,25.977,31.237
bristol,bradley stoke,voyager,16QAM,11000010,-5.5,iter-2-scenario-3933,2,ok,3,23.6,50.0,25.31,31.47
bristol,bradley stoke,voyager,16QAM,11000011,-6.5,iter-2-scenario-4372,2,ok,4,23.6,50.0,26.192,30.98
bristol,bradley stoke,voyager,16QAM,11000011,-6.0,iter-2-scenario-4373,2,ok,4,23.6,50.0,25.562,31.235
bristol,bradley stoke,voyager,16QAM,11000011,-5.5,iter-2-scenario-4374,2,ok,4,23.6,50.0,24.867,31.47
bristol,bradley stoke,voyager,16QAM,11000100,-6.5,iter-2-scenario-5782,2,ok,3,23.6,50.0,26.513,30.98
bristol,bradley stoke,voyager,16QAM,11000100,-6.0,iter-2-scenario-5783,2,ok,3,23.6,50.0,25.923,31.237
bristol,bradley stoke,voyager,16QAM,11000100,-5.5,iter-2-scenario-5784,2,ok,3,23.6,50.0,25.253,31.47
bristol,bradley stoke,voyager,16QAM,11000101,-6.5,iter-2-scenario-6046,2,ok,4,23.6,50.0,26.372,30.98
bristol,bradley stoke,voyager,16QAM,11000101,-6.0,iter-2-scenario-6047,2,ok,4,23.6,50.0,25.765,31.235
bristol,bradley stoke,voyager,16QAM,11000101,-5.5,iter-2-scenario-6048,2,ok,4,23.6,50.0,25.08,31.47
bristol,bradley stoke,voyager,16QAM,11000110,-6.5,iter-2-scenario-3598,2,ok,4,23.6,50.0,26.137,30.98
bristol,bradley stoke,voyager,16QAM,11000110,-6.0,iter-2-scenario-3599,2,ok,4,23.6,50.0,25.508,31.235
bristol,bradley stoke,voyager,16QAM,11000110,-5.5,iter-2-scenario-3600,2,ok,4,23.6,50.0,24.805,31.47
bristol,bradley stoke,voyager,16QAM,11000111,-6.5,iter-2-scenario-5572,2,ok,5,23.6,50.0,25.804,30.98
bristol,bradley stoke,voyager,16QAM,11000111,-6.0,iter-2-scenario-5573,2,ok,5,23.6,50.0,25.146,31.234
bristol,bradley stoke,voyager,16QAM,11000111,-5.5,iter-2-scenario-5574,2,ok,5,23.6,50.0,24.42,31.47
bristol,bradley stoke,voyager,16QAM,11001000,-6.5,iter-2-scenario-3727,2,ok,3,23.6,50.0,26.437,30.98
bristol,bradley stoke,voyager,16QAM,11001000,-6.0,iter-2-scenario-3728,2,ok,3,23.6,50.0,25.84,31.237
bristol,bradley stoke,voyager,16QAM,11001000,-5.5,iter-2-scenario-3729,2,ok,3,23.6,50.0,25.16,31.47
bristol,bradley stoke,voyager,16QAM,11001001,-6.5,iter-2-scenario-4486,2,ok,4,23.6,50.0,26.39,30.98
bristol,bradley stoke,voyager,16QAM,11001001,-6.0,iter-2-scenario-4487,2,ok,4,23.6,50.0,25.785,31.235
bristol,bradley stoke,voyager,16QAM,11001001,-5.5,iter-2-scenario-4488,2,ok,4,23.6,50.0,25.105,31.47
bristol,bradley stoke,voyager,16QAM,11001010,-6.5,iter-2-scenario-1009,2,ok,4,23.6,50.0,26.295,30.98
bristol,bradley stoke,voyager,16QAM,11001010,-6.0,iter-2-scenario-1010,2,ok,4,23.6,50.0,25.68,31.235
bristol,bradley stoke,voyager,16QAM,11001010,-5.5,iter-2-scenario-1011,2,ok,4,23.6,50.0,24.99,31.47
bristol,bradley stoke,voyager,16QAM,11001011,-6.5,iter-2-scenario-4060,2,ok,5,23.6,50.0,25.962,30.98
bristol,bradley stoke,voyager,16QAM,11001011,-6.0,iter-2-scenario-4061,2,ok,5,23.6,50.0,25.32,31.234
bristol,bradley stoke,voyager,16QAM,11001011,-5.5,iter-2-scenario-4062,2,ok,5,23.6,50.0,24.604,31.47
bristol,bradley stoke,voyager,16QAM,11001100,-6.5,iter-2-scenario-4135,2,ok,4,23.6,50.0,26.058,30.98
bristol,bradley stoke,voyager,16QAM,11001100,-6.0,iter-2-scenario-4136,2,ok,4,23.6,50.0,25.418,31.235
bristol,bradley stoke,voyager,16QAM,11001100,-5.5,iter-2-scenario-4137,2,ok,4,23.6,50.0,24.71,31.47
bristol,bradley stoke,voyager,16QAM,11001101,-6.5,iter-2-scenario-5788,2,ok,5,23.6,50.0,25.944,30.98
bristol,bradley stoke,voyager,16QAM,11001101,-6.0,iter-2-scenario-5789,2,ok,5,23.6,50.0,25.3,31.234
bristol,bradley stoke,voyager,16QAM,11001101,-5.5,iter-2-scenario-5790,2,ok,5,23.6,50.0,24.58,31.47
bristol,bradley stoke,voyager,16QAM,11001110,-6.5,iter-2-scenario-1150,2,ok,5,23.6,50.0,25.728,30.98
bristol,bradley stoke,voyager,16QAM,11001110,-6.0,iter-2-scenario-1151,2,ok,5,23.6,50.0,25.064,31.234
bristol,bradley stoke,voyager,16QAM,11001110,-5.5,iter-2-scenario-1152,2,ok,5,23.6,50.0,24.328,31.47
bristol,bradley stoke,voyager,16QAM,11001111,-6.5,iter-2-scenario-3634,2,ok,6,23.6,50.0,25.462,30.98
bristol,bradley stoke,voyager,16QAM,11001111,-6.0,iter-2-scenario-3635,2,ok,6,23.6,50.0,24.778,31.233
bristol,bradley stoke,voyager,16QAM,11001111,-5.5,iter-2-scenario-3636,2,ok,6,23.6,50.0,24.028,31.47
bristol,bradley stoke,voyager,16QAM,11010000,-6.5,iter-2-scenario-5641,2,ok,3,23.6,50.0,26.3,30.98
bristol,bradley stoke,voyager,16QAM,11010000,-6.0,iter-2-scenario-5642,2,ok,3,23.6,50.0,25.687,31.237
bristol,bradley stoke,voyager,16QAM,11010000,-5.5,iter-2-scenario-5643,2,ok,3,23.6,50.0,25.0,31.47
bristol,bradley stoke,voyager,16QAM,11010001,-6.5,iter-2-scenario-2692,2,ok,4,23.6,50.0,26.33,30.98
bristol,bradley stoke,voyager,16QAM,11010001,-6.0,iter-2-scenario-2693,2,ok,4,23.6,50.0,25.718,31.235
bristol,bradley stoke,voyager,16QAM,11010001,-5.5,iter-2-scenario-2694,2,ok,4,23.6,50.0,25.032,31.47
bristol,bradley stoke,voyager,16QAM,11010010,-6.5,iter-2-scenario-295,2,ok,4,23.6,50.0,26.267,30.98
bristol,bradley stoke,voyager,16QAM,11010010,-6.0,iter-2-scenario-296,2,ok,4,23.6,50.0,25.65,31.235
bristol,bradley stoke,voyager,16QAM,11010010,-5.5,iter-2-scenario-297,2,ok,4,23.6,50.0,24.96,31.47
bristol,bradley stoke,voyager,16QAM,11010011,-6.5,iter-2-scenario-1225,2,ok,5,23.6,50.0,25.962,30.98
bristol,bradley stoke,voyager,16QAM,11010011,-6.0,iter-2-scenario-1226,2,ok,5,23.6,50.0,25.32,31.234
bristol,bradley stoke,voyager,16QAM,11010011,-5.5,iter-2-scenario-1227,2,ok,5,23.6,50.0,24.602,31.47
bristol,bradley stoke,voyager,16QAM,11010100,-6.5,iter-2-scenario-3343,2,ok,4,23.6,50.0,26.165,30.98
bristol,bradley stoke,voyager,16QAM,11010100,-6.0,iter-2-scenario-3344,2,ok,4,23.6,50.0,25.535,31.235
bristol,bradley stoke,voyager,16QAM,11010100,-5.5,iter-2-scenario-3345,2,ok,4,23.6,50.0,24.837,31.47
bristol,bradley stoke,voyager,16QAM,11010101,-6.5,iter-2-scenario-5968,2,ok,5,23.6,50.0,26.048,30.98
bristol,bradley stoke,voyager,16QAM,11010101,-6.0,iter-2-scenario-5969,2,ok,5,23.6,50.0,25.412,31.234
bristol,bradley stoke,voyager,16QAM,11010101,-5.5,iter-2-scenario-5970,2,ok,5,23.6,50.0,24.702,31.47
bristol,bradley stoke,voyager,16QAM,11010110,-6.5,iter-2-scenario-931,2,ok,5,23.6,50.0,25.848,30.98
bristol,bradley stoke,voyager,16QAM,11010110,-6.0,iter-2-scenario-932,2,ok,5,23.6,50.0,25.196,31.234
bristol,bradley stoke,voyager,16QAM,11010110,-5.5,iter-2-scenario-933,2,ok,5,23.6,50.0,24.472,31.47
bristol,bradley stoke,voyager,16QAM,11010111,-6.5,iter-2-scenario-814,2,ok,6,23.6,50.0,25.573,30.98
bristol,bradley stoke,voyager,16QAM,11010111,-6.0,iter-2-scenario-815,2,ok,6,23.6,50.0,24.898,31.233
bristol,bradley stoke,voyager,16QAM,11010111,-5.5,iter-2-scenario-816,2,ok,6,23.6,50.0,24.157,31.47
bristol,bradley stoke,voyager,16QAM,11011000,-6.5,iter-2-scenario-469,2,ok,4,23.6,50.0,25.913,30.98
bristol,bradley stoke,voyager,16QAM,11011000,-6.0,iter-2-scenario-470,2,ok,4,23.6,50.0,25.265,31.235
bristol,bradley stoke,voyager,16QAM,11011000,-5.5,iter-2-scenario-471,2,ok,4,23.6,50.0,24.543,31.47
bristol,bradley stoke,voyager,16QAM,11011001,-6.5,iter-2-scenario-2779,2,ok,5,23.6,50.0,25.914,30.98
bristol,bradley stoke,voyager,16QAM,11011001,-6.0,iter-2-scenario-2780,2,ok,5,23.6,50.0,25.266,31.234
bristol,bradley stoke,voyager,16QAM,11011001,-5.5,iter-2-scenario-2781,2,ok,5,23.6,50.0,24.546,31.47
bristol,bradley stoke,voyager,16QAM,11011010,-6.5,iter-2-scenario-784,2,ok,5,23.6,50.0,25.818,30.98
bristol,bradley stoke,voyager,16QAM,11011010,-6.0,iter-2-scenario-785,2,ok,5,23.6,50.0,25.162,31.234
bristol,bradley stoke,voyager,16QAM,11011010,-5.5,iter-2-scenario-786,2,ok,5,23.6,50.0,24.436,31.47
bristol,bradley stoke,voyager,16QAM,11011011,-6.5,iter-2-scenario-1381,2,ok,6,23.6,50.0,25.582,30.98
bristol,bradley stoke,voyager,16QAM,11011011,-6.0,iter-2-scenario-1382,2,ok,6,23.6,50.0,24.907,31.233
bristol,bradley stoke,voyager,16QAM,11011011,-5.5,iter-2-scenario-1383,2,ok,6,23.6,50.0,24.163,31.47
bristol,bradley stoke,voyager,16QAM,11011100,-6.5,iter-2-scenario-877,2,ok,5,23.6,50.0,25.6,30.98
bristol,bradley stoke,voyager,16QAM,11011100,-6.0,iter-2-scenario-878,2,ok,5,23.6,50.0,24.924,31.234
bristol,bradley stoke,voyager,16QAM,11011100,-5.5,iter-2-scenario-879,2,ok,5,23.6,50.0,24.184,31.47
bristol,bradley stoke,voyager,16QAM,11011101,-6.5,iter-2-scenario-3667,2,ok,6,23.6,50.0,25.533,30.98
bristol,bradley stoke,voyager,16QAM,11011101,-6.0,iter-2-scenario-3668,2,ok,6,23.6,50.0,24.857,31.233
bristol,bradley stoke,voyager,16QAM,11011101,-5.5,iter-2-scenario-3669,2,ok,6,23.6,50.0,24.113,31.47
bristol,bradley stoke,voyager,16QAM,11011110,-6.5,iter-2-scenario-1639,2,ok,6,23.6,50.0,25.35,30.98
bristol,bradley stoke,voyager,16QAM,11011110,-6.0,iter-2-scenario-1640,2,ok,6,23.6,50.0,24.655,31.233
bristol,bradley stoke,voyager,16QAM,11011110,-5.5,iter-2-scenario-1641,2,ok,6,23.6,50.0,23.897,31.47
bristol,bradley stoke,voyager,16QAM,11011111,-6.5,iter-2-scenario-862,2,ok,7,23.6,50.0,25.143,30.98
bristol,bradley stoke,voyager,16QAM,11011111,-6.0,iter-2-scenario-863,2,ok,7,23.6,50.0,24.436,31.233
bristol,bradley stoke,voyager,16QAM,11011111,-5.5,iter-2-scenario-864,2,ok,7,23.6,50.0,23.666,31.47
bristol,bradley stoke,voyager,16QAM,11100000,-6.5,iter-2-scenario-4810,2,ok,3,23.6,50.0,25.947,30.98
bristol,bradley stoke,voyager,16QAM,11100000,-6.0,iter-2-scenario-4811,2,ok,3,23.6,50.0,25.3,31.237
bristol,bradley stoke,voyager,16QAM,11100000,-5.5,iter-2-scenario-4812,2,ok,3,23.6,50.0,24.58,31.47
bristol,bradley stoke,voyager,16QAM,11100001,-6.5,iter-2-scenario-4690,2,ok,4,23.6,50.0,26.093,30.98
bristol,bradley stoke,voyager,16QAM,11100001,-6.0,iter-2-scenario-4691,2,ok,4,23.6,50.0,25.46,31.235
bristol,bradley stoke,voyager,16QAM,11100001,-5.5,iter-2-scenario-4692,2,ok,4,23.6,50.0,24.758,31.47
bristol,bradley stoke,voyager,16QAM,11100010,-6.5,iter-2-scenario-5311,2,ok,4,23.6,50.0,26.047,30.98
bristol,bradley stoke,voyager,16QAM,11100010,-6.0,iter-2-scenario-5312,2,ok,4,23.6,50.0,25.413,31.235
bristol,bradley stoke,voyager,16QAM,11100010,-5.5,iter-2-scenario-5313,2,ok,4,23.6,50.0,24.707,31.47
bristol,bradley stoke,voyager,16QAM,11100011,-6.5,iter-2-scenario-1,2,ok,5,23.6,50.0,25.808,30.98
bristol,bradley stoke,voyager,16QAM,11100011,-6.0,iter-2-scenario-2,2,ok,5,23.6,50.0,25.15,31.234
bristol,bradley stoke,voyager,16QAM,11100011,-5.5,iter-2-scenario-3,2,ok,5,23.6,50.0,24.422,31.47
bristol,bradley stoke,voyager,16QAM,11100100,-6.5,iter-2-scenario-2356,2,ok,4,23.6,50.0,25.983,30.98
bristol,bradley stoke,voyager,16QAM,11100100,-6.0,iter-2-scenario-2357,2,ok,4,23.6,50.0,25.34,31.235
bristol,bradley stoke,voyager,16QAM,11100100,-5.5,iter-2-scenario-2358,2,ok,4,23.6,50.0,24.628,31.47
bristol,bradley stoke,voyager,16QAM,11100101,-6.5,iter-2-scenario-3169,2,ok,5,23.6,50.0,25.922,30.98
bristol,bradley stoke,voyager,16QAM,11100101,-6.0,iter-2-scenario-3170,2,ok,5,23.6,50.0,25.276,31.234
bristol,bradley stoke,voyager,16QAM,11100101,-5.5,iter-2-scenario-3171,2,ok,5,23.6,50.0,24.558,31.47
bristol,bradley stoke,voyager,16QAM,11100110,-6.5,iter-2-scenario-5095,2,ok,5,23.6,50.0,25.73,30.98
bristol,bradley stoke,voyager,16QAM,11100110,-6.0,iter-2-scenario-5096,2,ok,5,23.6,50.0,25.066,31.234
bristol,bradley stoke,voyager,16QAM,11100110,-5.5,iter-2-scenario-5097,2,ok,5,23.6,50.0,24.334,31.47
bristol,bradley stoke,voyager,16QAM,11100111,-6.5,iter-2-scenario-190,2,ok,6,23.6,50.0,25.485,30.98
bristol,bradley stoke,voyager,16QAM,11100111,-6.0,iter-2-scenario-191,2,ok,6,23.6,50.0,24.805,31.233
bristol,bradley stoke,voyager,16QAM,11100111,-5.5,iter-2-scenario-192,2,ok,6,23.6,50.0,24.055,31.47
bristol,bradley stoke,voyager,16QAM,11101000,-6.5,iter-2-scenario-6061,2,ok,4,23.6,50.0,25.865,30.98
bristol,bradley stoke,voyager,16QAM,11101000,-6.0,iter-2-scenario-6062,2,ok,4,23.6,50.0,25.212,31.235
bristol,bradley stoke,voyager,16QAM,11101000,-5.5,iter-2-scenario-6063,2,ok,4,23.6,50.0,24.492,31.47
bristol,bradley stoke,voyager,16QAM,11101001,-6.5,iter-2-scenario-5299,2,ok,5,23.6,50.0,25.89,30.98
bristol,bradley stoke,voyager,16QAM,11101001,-6.0,iter-2-scenario-5300,2,ok,5,23.6,50.0,25.24,31.234
bristol,bradley stoke,voyager,16QAM,11101001,-5.5,iter-2-scenario-5301,2,ok,5,23.6,50.0,24.52,31.47
bristol,bradley stoke,voyager,16QAM,11101010,-6.5,iter-2-scenario-502,2,ok,5,23.6,50.0,25.802,30.98
bristol,bradley stoke,voyager,16QAM,11101010,-6.0,iter-2-scenario-503,2,ok,5,23.6,50.0,25.148,31.234
bristol,bradley stoke,voyager,16QAM,11101010,-5.5,iter-2-scenario-504,2,ok,5,23.6,50.0,24.42,31.47
bristol,bradley stoke,voyager,16QAM,11101011,-6.5,iter-2-scenario-5914,2,ok,6,23.6,50.0,25.577,30.98
bristol,bradley stoke,voyager,16QAM,11101011,-6.0,iter-2-scenario-5915,2,ok,6,23.6,50.0,24.902,31.233
bristol,bradley stoke,voyager,16QAM,11101011,-5.5,iter-2-scenario-5916,2,ok,6,23.6,50.0,24.157,31.47
bristol,bradley stoke,voyager,16QAM,11101100,-6.5,iter-2-scenario-3682,2,ok,5,23.6,50.0,25.602,30.98
bristol,bradley stoke,voyager,16QAM,11101100,-6.0,iter-2-scenario-3683,2,ok,5,23.6,50.0,24.926,31.234
bristol,bradley stoke,voyager,16QAM,11101100,-5.5,iter-2-scenario-3684,2,ok,5,23.6,50.0,24.184,31.47
bristol,bradley stoke,voyager,16QAM,11101101,-6.5,iter-2-scenario-3523,2,ok,6,23.6,50.0,25.547,30.98
bristol,bradley stoke,voyager,16QAM,11101101,-6.0,iter-2-scenario-3524,2,ok,6,23.6,50.0,24.867,31.233
bristol,bradley stoke,voyager,16QAM,11101101,-5.5,iter-2-scenario-3525,2,ok,6,23.6,50.0,24.123,31.47
bristol,bradley stoke,voyager,16QAM,11101110,-6.5,iter-2-scenario-271,2,ok,6,23.6,50.0,25.363,30.98
bristol,bradley stoke,voyager,16QAM,11101110,-6.0,iter-2-scenario-272,2,ok,6,23.6,50.0,24.67,31.233
bristol,bradley stoke,voyager,16QAM,11101110,-5.5,iter-2-scenario-273,2,ok,6,23.6,50.0,23.913,31.47
bristol,bradley stoke,voyager,16QAM,11101111,-6.5,iter-2-scenario-1975,2,ok,7,23.6,50.0,25.161,30.98
bristol,bradley stoke,voyager,16QAM,11101111,-6.0,iter-2-scenario-1976,2,ok,7,23.6,50.0,24.456,31.233
bristol,bradley stoke,voyager,16QAM,11101111,-5.5,iter-2-scenario-1977,2,ok,7,23.6,50.0,23.687,31.47
bristol,bradley stoke,voyager,16QAM,11110000,-6.5,iter-2-scenario-559,2,ok,4,23.6,50.0,25.587,30.98
bristol,bradley stoke,voyager,16QAM,11110000,-6.0,iter-2-scenario-560,2,ok,4,23.6,50.0,24.913,31.235
bristol,bradley stoke,voyager,16QAM,11110000,-5.5,iter-2-scenario-561,2,ok,4,23.6,50.0,24.17,31.47
bristol,bradley stoke,voyager,16QAM,11110001,-6.5,iter-2-scenario-4897,2,ok,5,23.6,50.0,25.704,30.98
bristol,bradley stoke,voyager,16QAM,11110001,-6.0,iter-2-scenario-4898,2,ok,5,23.6,50.0,25.04,31.234
bristol,bradley stoke,voyager,16QAM,11110001,-5.5,iter-2-scenario-4899,2,ok,5,23.6,50.0,24.306,31.47
bristol,bradley stoke,voyager,16QAM,11110010,-6.5,iter-2-scenario-2167,2,ok,5,23.6,50.0,25.644,30.98
bristol,bradley stoke,voyager,16QAM,11110010,-6.0,iter-2-scenario-2168,2,ok,5,23.6,50.0,24.976,31.234
bristol,bradley stoke,voyager,16QAM,11110010,-5.5,iter-2-scenario-2169,2,ok,5,23.6,50.0,24.24,31.47
bristol,bradley stoke,voyager,16QAM,11110011,-6.5,iter-2-scenario-4585,2,ok,6,23.6,50.0,25.465,30.98
bristol,bradley stoke,voyager,16QAM,11110011,-6.0,iter-2-scenario-4586,2,ok,6,23.6,50.0,24.782,31.233
bristol,bradley stoke,voyager,16QAM,11110011,-5.5,iter-2-scenario-4587,2,ok,6,23.6,50.0,24.032,31.47
bristol,bradley stoke,voyager,16QAM,11110100,-6.5,iter-2-scenario-2743,2,ok,5,23.6,50.0,25.548,30.98
bristol,bradley stoke,voyager,16QAM,11110100,-6.0,iter-2-scenario-2744,2,ok,5,23.6,50.0,24.868,31.234
bristol,bradley stoke,voyager,16QAM,11110100,-5.5,iter-2-scenario-2745,2,ok,5,23.6,50.0,24.124,31.47
bristol,bradley stoke,voyager,16QAM,11110101,-6.5,iter-2-scenario-5209,2,ok,6,23.6,50.0,25.518,30.98
bristol,bradley stoke,voyager,16QAM,11110101,-6.0,iter-2-scenario-5210,2,ok,6,23.6,50.0,24.838,31.233
bristol,bradley stoke,voyager,16QAM,11110101,-5.5,iter-2-scenario-5211,2,ok,6,23.6,50.0,24.095,31.47
bristol,bradley stoke,voyager,16QAM,11110110,-6.5,iter-2-scenario-1180,2,ok,6,23.6,50.0,25.348,30.98
bristol,bradley stoke,voyager,16QAM,11110110,-6.0,iter-2-scenario-1181,2,ok,6,23.6,50.0,24.658,31.233
bristol,bradley stoke,voyager,16QAM,11110110,-5.5,iter-2-scenario-1182,2,ok,6,23.6,50.0,23.898,31.47
bristol,bradley stoke,voyager,16QAM,11110111,-6.5,iter-2-scenario-1564,2,ok,7,23.6,50.0,25.163,30.98
bristol,bradley stoke,voyager,16QAM,11110111,-6.0,iter-2-scenario-1565,2,ok,7,23.6,50.0,24.454,31.233
bristol,bradley stoke,voyager,16QAM,11110111,-5.5,iter-2-scenario-1566,2,ok,7,23.6,50.0,23.686,31.47
bristol,bradley stoke,voyager,16QAM,11111000,-6.5,iter-2-scenario-4678,2,ok,5,23.6,50.0,25.322,30.98
bristol,bradley stoke,voyager,16QAM,11111000,-6.0,iter-2-scenario-4679,2,ok,5,23.6,50.0,24.626,31.234
bristol,bradley stoke,voyager,16QAM,11111000,-5.5,iter-2-scenario-4680,2,ok,5,23.6,50.0,23.862,31.47
bristol,bradley stoke,voyager,16QAM,11111001,-6.5,iter-2-scenario-4363,2,ok,6,23.6,50.0,25.382,30.98
bristol,bradley stoke,voyager,16QAM,11111001,-6.0,iter-2-scenario-4364,2,ok,6,23.6,50.0,24.693,31.233
bristol,bradley stoke,voyager,16QAM,11111001,-5.5,iter-2-scenario-4365,2,ok,6,23.6,50.0,23.94,31.47
bristol,bradley stoke,voyager,16QAM,11111010,-6.5,iter-2-scenario-1588,2,ok,6,23.6,50.0,25.298,30.98
bristol,bradley stoke,voyager,16QAM,11111010,-6.0,iter-2-scenario-1589,2,ok,6,23.6,50.0,24.602,31.233
bristol,bradley stoke,voyager,16QAM,11111010,-5.5,iter-2-scenario-1590,2,ok,6,23.6,50.0,23.843,31.47
bristol,bradley stoke,voyager,16QAM,11111011,-6.5,iter-2-scenario-1000,2,ok,7,23.6,50.0,25.144,30.98
bristol,bradley stoke,voyager,16QAM,11111011,-6.0,iter-2-scenario-1001,2,ok,7,23.6,50.0,24.44,31.233
bristol,bradley stoke,voyager,16QAM,11111011,-5.5,iter-2-scenario-1002,2,ok,7,23.6,50.0,23.667,31.47
bristol,bradley stoke,voyager,16QAM,11111100,-6.5,iter-2-scenario-1108,2,ok,6,23.6,50.0,25.11,30.98
bristol,bradley stoke,voyager,16QAM,11111100,-6.0,iter-2-scenario-1109,2,ok,6,23.6,50.0,24.398,31.233
bristol,bradley stoke,voyager,16QAM,11111100,-5.5,iter-2-scenario-1110,2,ok,6,23.6,50.0,23.627,31.47
bristol,bradley stoke,voyager,16QAM,11111101,-6.5,iter-2-scenario-4636,2,ok,7,23.6,50.0,25.096,30.98
bristol,bradley stoke,voyager,16QAM,11111101,-6.0,iter-2-scenario-4637,2,ok,7,23.6,50.0,24.387,31.233
bristol,bradley stoke,voyager,16QAM,11111101,-5.5,iter-2-scenario-4638,2,ok,7,23.6,50.0,23.616,31.47
bristol,bradley stoke,voyager,16QAM,11111110,-6.5,iter-2-scenario-5155,2,ok,7,23.6,50.0,24.936,30.98
bristol,bradley stoke,voyager,16QAM,11111110,-6.0,iter-2-scenario-5156,2,ok,7,23.6,50.0,24.216,31.233
bristol,bradley stoke,voyager,16QAM,11111110,-5.5,iter-2-scenario-5157,2,ok,7,23.6,50.0,23.43,31.47
bristol,bradley stoke,voyager,16QAM,11111111,-6.5,iter-2-scenario-2869,2,ok,8,23.6,50.0,24.789,30.98
bristol,bradley stoke,voyager,16QAM,11111111,-6.0,iter-2-scenario-2870,2,ok,8,23.6,50.0,24.058,31.233
bristol,bradley stoke,voyager,16QAM,11111111,-5.5,iter-2-scenario-2871,2,ok,8,23.6,50.0,23.267,31.47
bristol,bradley stoke,voyager,QPSK,00000000,-6.5,iter-2-scenario-5104,2,no_signal,0,23.6,37.5,,
bristol,bradley stoke,voyager,QPSK,00000000,-6.0,iter-2-scenario-5105,2,no_signal,0,23.6,37.5,,
bristol,bradley stoke,voyager,QPSK,00000000,-5.5,iter-2-scenario-5106,2,no_signal,0,23.6,37.5,,
bristol,bradley stoke,voyager,QPSK,00000001,-6.5,iter-2-scenario-2905,2,ok,1,23.6,37.5,27.41,30.98
bristol,bradley stoke,voyager,QPSK,00000001,-6.0,iter-2-scenario-2906,2,ok,1,23.6,37.5,26.92,31.23
bristol,bradley stoke,voyager,QPSK,00000001,-5.5,iter-2-scenario-2907,2,ok,1,23.6,37.5,26.33,31.47
bristol,bradley stoke,voyager,QPSK,00000010,-6.5,iter-2-scenario-577,2,ok,1,23.6,37.5,27.41,30.98
bristol,bradley stoke,voyager,QPSK,00000010,-6.0,iter-2-scenario-578,2,ok,1,23.6,37.5,26.92,31.23
bristol,bradley stoke,voyager,QPSK,00000010,-5.5,iter-2-scenario-579,2,ok,1,23.6,37.5,26.34,31.47
bristol,bradley stoke,voyager,QPSK,00000011,-6.5,iter-2-scenario-2293,2,ok,2,23.6,37.5,26.165,30.98
bristol,bradley stoke,voyager,QPSK,00000011,-6.0,iter-2-scenario-2294,2,ok,2,23.6,37.5,25.54,31.23
bristol,bradley stoke,voyager,QPSK,00000011,-5.5,iter-2-scenario-2295,2,ok,2,23.6,37.5,24.835,31.47
bristol,bradley stoke,voyager,QPSK,00000100,-6.5,iter-2-scenario-2953,2,ok,1,23.6,37.5,27.41,30.98
bristol,bradley stoke,voyager,QPSK,00000100,-6.0,iter-2-scenario-2954,2,ok,1,23.6,37.5,26.92,31.23
bristol,bradley stoke,voyager,QPSK,00000100,-5.5,iter-2-scenario-2955,2,ok,1,23.6,37.5,26.34,31.47
bristol,bradley stoke,voyager,QPSK,00000101,-6.5,iter-2-scenario-5428,2,ok,2,23.6,37.5,26.76,30.98
bristol,bradley stoke,voyager,QPSK,00000101,-6.0,iter-2-scenario-5429,2,ok,2,23.6,37.5,26.195,31.23
bristol,bradley stoke,voyager,QPSK,00000101,-5.5,iter-2-scenario-5430,2,ok,2,23.6,37.5,25.545,31.47
bristol,bradley stoke,voyager,QPSK,00000110,-6.5,iter-2-scenario-5251,2,ok,2,23.6,37.5,26.17,30.98
bristol,bradley stoke,voyager,QPSK,00000110,-6.0,iter-2-scenario-5252,2,ok,2,23.6,37.5,25.54,31.23
bristol,bradley stoke,voyager,QPSK,00000110,-5.5,iter-2-scenario-5253,2,ok,2,23.6,37.5,24.84,31.47
bristol,bradley stoke,voyager,QPSK,00000111,-6.5,iter-2-scenario-5338,2,ok,3,23.6,37.5,25.51,30.98
bristol,bradley stoke,voyager,QPSK,00000111,-6.0,iter-2-scenario-5339,2,ok,3,23.6,37.5,24.83,31.23
bristol,bradley stoke,voyager,QPSK,00000111,-5.5,iter-2-scenario-5340,2,ok,3,23.6,37.5,24.083,31.47
bristol,bradley stoke,voyager,QPSK,00001000,-6.5,iter-2-scenario-4864,2,ok,1,23.6,37.5,27.42,30.98
bristol,bradley stoke,voyager,QPSK,00001000,-6.0,iter-2-scenario-4865,2,ok,1,23.6,37.5,26.92,31.23
bristol,bradley stoke,voyager,QPSK,00001000,-5.5,iter-2-scenario-4866,2,ok,1,23.6,37.5,26.34,31.47
bristol,bradley stoke,voyager,QPSK,00001001,-6.5,iter-2-scenario-2839,2,ok,2,23.6,37.5,26.975,30.98
bristol,bradley stoke,voyager,QPSK,00001001,-6.0,iter-2-scenario-2840,2,ok,2,23.6,37.5,26.425,31.23
bristol,bradley stoke,voyager,QPSK,00001001,-5.5,iter-2-scenario-2841,2,ok,2,23.6,37.5,25.795,31.47
bristol,bradley stoke,voyager,QPSK,00001010,-6.5,iter-2-scenario-5983,2,ok,2,23.6,37.5,26.765,30.98
bristol,bradley stoke,voyager,QPSK,00001010,-6.0,iter-2-scenario-5984,2,ok,2,23.6,37.5,26.195,31.23
bristol,bradley stoke,voyager,QPSK,00001010,-5.5,iter-2-scenario-5985,2,ok,2,23.6,37.5,25.545,31.47
bristol,bradley stoke,voyager,QPSK,00001011,-6.5,iter-2-scenario-1351,2,ok,3,23.6,37.5,25.96,30.98
bristol,bradley stoke,voyager,QPSK,00001011,-6.0,iter-2-scenario-1352,2,ok,3,23.6,37.5,25.317,31.23
bristol,bradley stoke,voyager,QPSK,00001011,-5.5,iter-2-scenario-1353,2,ok,3,23.6,37.5,24.6,31.47
bristol,bradley stoke,voyager,QPSK,00001100,-6.5,iter-2-scenario-5584,2,ok,2,23.6,37.5,26.17,30.98
bristol,bradley stoke,voyager,QPSK,00001100,-6.0,iter-2-scenario-5585,2,ok,2,23.6,37.5,25.545,31.23
bristol,bradley stoke,voyager,QPSK,00001100,-5.5,iter-2-scenario-5586,2,ok,2,23.6,37.5,24.84,31.47
bristol,bradley stoke,voyager,QPSK,00001101,-6.5,iter-2-scenario-2128,2,ok,3,23.6,37.5,25.963,30.98
bristol,bradley stoke,voyager,QPSK,00001101,-6.0,iter-2-scenario-2129,2,ok,3,23.6,37.5,25.317,31.23
bristol,bradley stoke,voyager,QPSK,00001101,-5.5,iter-2-scenario-2130,2,ok,3,23.6,37.5,24.603,31.47
bristol,bradley stoke,voyager,QPSK,00001110,-6.5,iter-2-scenario-2752,2,ok,3,23.6,37.5,25.513,30.98
bristol,bradley stoke,voyager,QPSK,00001110,-6.0,iter-2-scenario-2753,2,ok,3,23.6,37.5,24.837,31.23
bristol,bradley stoke,voyager,QPSK,00001110,-5.5,iter-2-scenario-2754,2,ok,3,23.6,37.5,24.087,31.47
bristol,bradley stoke,voyager,QPSK,00001111,-6.5,iter-2-scenario-5617,2,ok,4,23.6,37.5,25.08,30.98
bristol,bradley stoke,voyager,QPSK,00001111,-6.0,iter-2-scenario-5618,2,ok,4,23.6,37.5,24.37,31.23
bristol,bradley stoke,voyager,QPSK,00001111,-5.5,iter-2-scenario-5619,2,ok,4,23.6,37.5,23.593,31.47
bristol,bradley stoke,voyager,QPSK,00010000,-6.5,iter-2-scenario-2881,2,ok,1,23.6,37.5,27.42,30.98
bristol,bradley stoke,voyager,QPSK,00010000,-6.0,iter-2-scenario-2882,2,ok,1,23.6,37.5,26.93,31.23
bristol,bradley stoke,voyager,QPSK,00010000,-5.5,iter-2-scenario-2883,2,ok,1,23.6,37.5,26.34,31.47
bristol,bradley stoke,voyager,QPSK,00010001,-6.5,iter-2-scenario-2155,2,ok,2,23.6,37.5,27.075,30.98
bristol,bradley stoke,voyager,QPSK,00010001,-6.0,iter-2-scenario-2156,2,ok,2,23.6,37.5,26.545,31.23
bristol,bradley stoke,voyager,QPSK,00010001,-5.5,iter-2-scenario-2157,2,ok,2,23.6,37.5,25.925,31.47
bristol,bradley stoke,voyager,QPSK,00010010,-6.5,iter-2-scenario-445,2,ok,2,23.6,37.5,26.975,30.98
bristol,bradley stoke,voyager,QPSK,00010010,-6.0,iter-2-scenario-446,2,ok,2,23.6,37.5,26.425,31.23
bristol,bradley stoke,voyager,QPSK,00010010,-5.5,iter-2-scenario-447,2,ok,2,23.6,37.5,25.8,31.47
bristol,bradley stoke,voyager,QPSK,00010011,-6.5,iter-2-scenario-4414,2,ok,3,23.6,37.5,26.137,30.98
bristol,bradley stoke,voyager,QPSK,00010011,-6.0,iter-2-scenario-4415,2,ok,3,23.6,37.5,25.51,31.23
bristol,bradley stoke,voyager,QPSK,00010011,-5.5,iter-2-scenario-4416,2,ok,3,23.6,37.5,24.81,31.47
bristol,bradley stoke,voyager,QPSK,00010100,-6.5,iter-2-scenario-5221,2,ok,2,23.6,37.5,26.765,30.98
bristol,bradley stoke,voyager,QPSK,00010100,-6.0,iter-2-scenario-5222,2,ok,2,23.6,37.5,26.2,31.23
bristol,bradley stoke,voyager,QPSK,00010100,-5.5,iter-2-scenario-5223,2,ok,2,23.6,37.5,25.55,31.47
bristol,bradley stoke,voyager,QPSK,00010101,-6.5,iter-2-scenario-4249,2,ok,3,23.6,37.5,26.383,30.98
bristol,bradley stoke,voyager,QPSK,00010101,-6.0,iter-2-scenario-4250,2,ok,3,23.6,37.5,25.777,31.23
bristol,bradley stoke,voyager,QPSK,00010101,-5.5,iter-2-scenario-4251,2,ok,3,23.6,37.5,25.097,31.47
bristol,bradley stoke,voyager,QPSK,00010110,-6.5,iter-2-scenario-4333,2,ok,3,23.6,37.5,25.963,30.98
bristol,bradley stoke,voyager,QPSK,00010110,-6.0,iter-2-scenario-4334,2,ok,3,23.6,37.5,25.317,31.23
bristol,bradley stoke,voyager,QPSK,00010110,-5.5,iter-2-scenario-4335,2,ok,3,23.6,37.5,24.607,31.47
bristol,bradley stoke,voyager,QPSK,00010111,-6.5,iter-2-scenario-2164,2,ok,4,23.6,37.5,25.428,30.98
bristol,bradley stoke,voyager,QPSK,00010111,-6.0,iter-2-scenario-2165,2,ok,4,23.6,37.5,24.74,31.23
bristol,bradley stoke,voyager,QPSK,00010111,-5.5,iter-2-scenario-2166,2,ok,4,23.6,37.5,23.992,31.47
bristol,bradley stoke,voyager,QPSK,00011000,-6.5,iter-2-scenario-3907,2,ok,2,23.6,37.5,26.17,30.98
bristol,bradley stoke,voyager,QPSK,00011000,-6.0,iter-2-scenario-3908,2,ok,2,23.6,37.5,25.55,31.23
bristol,bradley stoke,voyager,QPSK,00011000,-5.5,iter-2-scenario-3909,2,ok,2,23.6,37.5,24.845,31.47
bristol,bradley stoke,voyager,QPSK,00011001,-6.5,iter-2-scenario-2470,2,ok,3,23.6,37.5,26.14,30.98
bristol,bradley stoke,voyager,QPSK,00011001,-6.0,iter-2-scenario-2471,2,ok,3,23.6,37.5,25.513,31.23
bristol,bradley stoke,voyager,QPSK,00011001,-5.5,iter-2-scenario-2472,2,ok,3,23.6,37.5,24.81,31.47
bristol,bradley stoke,voyager,QPSK,00011010,-6.5,iter-2-scenario-1552,2,ok,3,23.6,37.5,25.963,30.98
bristol,bradley stoke,voyager,QPSK,00011010,-6.0,iter-2-scenario-1553,2,ok,3,23.6,37.5,25.32,31.23
bristol,bradley stoke,voyager,QPSK,00011010,-5.5,iter-2-scenario-1554,2,ok,3,23.6,37.5,24.607,31.47
bristol,bradley stoke,voyager,QPSK,00011011,-6.5,iter-2-scenario-1057,2,ok,4,23.6,37.5,25.483,30.98
bristol,bradley stoke,voyager,QPSK,00011011,-6.0,iter-2-scenario-1058,2,ok,4,23.6,37.5,24.803,31.23
bristol,bradley stoke,voyager,QPSK,00011011,-5.5,iter-2-scenario-1059,2,ok,4,23.6,37.5,24.05,31.47
bristol,bradley stoke,voyager,QPSK,00011100,-6.5,iter-2-scenario-4378,2,ok,3,23.6,37.5,25.517,30.98
bristol,bradley stoke,voyager,QPSK,00011100,-6.0,iter-2-scenario-4379,2,ok,3,23.6,37.5,24.837,31.23
bristol,bradley stoke,voyager,QPSK,00011100,-5.5,iter-2-scenario-4380,2,ok,3,23.6,37.5,24.09,31.47
bristol,bradley stoke,voyager,QPSK,00011101,-6.5,iter-2-scenario-3382,2,ok,4,23.6,37.5,25.427,30.98
bristol,bradley stoke,voyager,QPSK,00011101,-6.0,iter-2-scenario-3383,2,ok,4,23.6,37.5,24.742,31.23
bristol,bradley stoke,voyager,QPSK,00011101,-5.5,iter-2-scenario-3384,2,ok,4,23.6,37.5,23.992,31.47
bristol,bradley stoke,voyager,QPSK,00011110,-6.5,iter-2-scenario-3295,2,ok,4,23.6,37.5,25.087,30.98
bristol,bradley stoke,voyager,QPSK,00011110,-6.0,iter-2-scenario-3296,2,ok,4,23.6,37.5,24.378,31.23
bristol,bradley stoke,voyager,QPSK,00011110,-5.5,iter-2-scenario-3297,2,ok,4,23.6,37.5,23.6,31.47
bristol,bradley stoke,voyager,QPSK,00011111,-6.5,iter-2-scenario-4531,2,ok,5,23.6,37.5,24.768,30.98
bristol,bradley stoke,voyager,QPSK,00011111,-6.0,iter-2-scenario-4532,2,ok,5,23.6,37.5,24.036,31.23
bristol,bradley stoke,voyager,QPSK,00011111,-5.5,iter-2-scenario-4533,2,ok,5,23.6,37.5,23.242,31.47
bristol,bradley stoke,voyager,QPSK,00100000,-6.5,iter-2-scenario-5752,2,ok,1,23.6,37.5,27.42,30.98
bristol,bradley stoke,voyager,QPSK,00100000,-6.0,iter-2-scenario-5753,2,ok,1,23.6,37.5,26.93,31.23
bristol,bradley stoke,voyager,QPSK,00100000,-5.5,iter-2-scenario-5754,2,ok,1,23.6,37.5,26.35,31.47
bristol,bradley stoke,voyager,QPSK,00100001,-6.5,iter-2-scenario-34,2,ok,2,23.6,37.5,27.145,30.98
bristol,bradley stoke,voyager,QPSK,00100001,-6.0,iter-2-scenario-35,2,ok,2,23.6,37.5,26.62,31.23
bristol,bradley stoke,voyager,QPSK,00100001,-5.5,iter-2-scenario-36,2,ok,2,23.6,37.5,26.01,31.47
bristol,bradley stoke,voyager,QPSK,00100010,-6.5,iter-2-scenario-4675,2,ok,2,23.6,37.5,27.085,30.98
bristol,bradley stoke,voyager,QPSK,00100010,-6.0,iter-2-scenario-4676,2,ok,2,23.6,37.5,26.55,31.23
bristol,bradley stoke,voyager,QPSK,00100010,-5.5,iter-2-scenario-4677,2,ok,2,23.6,37.5,25.93,31.47
bristol,bradley stoke,voyager,QPSK,00100011,-6.5,iter-2-scenario-5566,2,ok,3,23.6,37.5,26.237,30.98
bristol,bradley stoke,voyager,QPSK,00100011,-6.0,iter-2-scenario-5567,2,ok,3,23.6,37.5,25.617,31.23
bristol,bradley stoke,voyager,QPSK,00100011,-5.5,iter-2-scenario-5568,2,ok,3,23.6,37.5,24.927,31.47
bristol,bradley stoke,voyager,QPSK,00100100,-6.5,iter-2-scenario-2101,2,ok,2,23.6,37.5,26.975,30.98
bristol,bradley stoke,voyager,QPSK,00100100,-6.0,iter-2-scenario-2102,2,ok,2,23.6,37.5,26.435,31.23
bristol,bradley stoke,voyager,QPSK,00100100,-5.5,iter-2-scenario-2103,2,ok,2,23.6,37.5,25.805,31.47
bristol,bradley stoke,voyager,QPSK,00100101,-6.5,iter-2-scenario-400,2,ok,3,23.6,37.5,26.55,30.98
bristol,bradley stoke,voyager,QPSK,00100101,-6.0,iter-2-scenario-401,2,ok,3,23.6,37.5,25.96,31.23
bristol,bradley stoke,voyager,QPSK,00100101,-5.5,iter-2-scenario-402,2,ok,3,23.6,37.5,25.287,31.47
bristol,bradley stoke,voyager,QPSK,00100110,-6.5,iter-2-scenario-3877,2,ok,3,23.6,37.5,26.14,30.98
bristol,bradley stoke,voyager,QPSK,00100110,-6.0,iter-2-scenario-3878,2,ok,3,23.6,37.5,25.513,31.23
bristol,bradley stoke,voyager,QPSK,00100110,-5.5,iter-2-scenario-3879,2,ok,3,23.6,37.5,24.81,31.47
bristol,bradley stoke,voyager,QPSK,00100111,-6.5,iter-2-scenario-4933,2,ok,4,23.6,37.5,25.572,30.98
bristol,bradley stoke,voyager,QPSK,00100111,-6.0,iter-2-scenario-4934,2,ok,4,23.6,37.5,24.9,31.23
bristol,bradley stoke,voyager,QPSK,00100111,-5.5,iter-2-scenario-4935,2,ok,4,23.6,37.5,24.157,31.47
bristol,bradley stoke,voyager,QPSK,00101000,-6.5,iter-2-scenario-5290,2,ok,2,23.6,37.5,26.77,30.98
bristol,bradley stoke,voyager,QPSK,00101000,-6.0,iter-2-scenario-5291,2,ok,2,23.6,37.5,26.205,31.23
bristol,bradley stoke,voyager,QPSK,00101000,-5.5,iter-2-scenario-5292,2,ok,2,23.6,37.5,25.555,31.47
bristol,bradley stoke,voyager,QPSK,00101001,-6.5,iter-2-scenario-6115,2,ok,3,23.6,37.5,26.547,30.98
bristol,bradley stoke,voyager,QPSK,00101001,-6.0,iter-2-scenario-6116,2,ok,3,23.6,37.5,25.96,31.23
bristol,bradley stoke,voyager,QPSK,00101001,-5.5,iter-2-scenario-6117,2,ok,3,23.6,37.5,25.293,31.47
bristol,bradley stoke,voyager,QPSK,00101010,-6.5,iter-2-scenario-1942,2,ok,3,23.6,37.5,26.383,30.98
bristol,bradley stoke,voyager,QPSK,00101010,-6.0,iter-2-scenario-1943,2,ok,3,23.6,37.5,25.78,31.23
bristol,bradley stoke,voyager,QPSK,00101010,-5.5,iter-2-scenario-1944,2,ok,3,23.6,37.5,25.097,31.47
bristol,bradley stoke,voyager,QPSK,00101011,-6.5,iter-2-scenario-2398,2,ok,4,23.6,37.5,25.803,30.98
bristol,bradley stoke,voyager,QPSK,00101011,-6.0,iter-2-scenario-2399,2,ok,4,23.6,37.5,25.145,31.23
bristol,bradley stoke,voyager,QPSK,00101011,-5.5,iter-2-scenario-2400,2,ok,4,23.6,37.5,24.418,31.47
bristol,bradley stoke,voyager,QPSK,00101100,-6.5,iter-2-scenario-1273,2,ok,3,23.6,37.5,25.963,30.98
bristol,bradley stoke,voyager,QPSK,00101100,-6.0,iter-2-scenario-1274,2,ok,3,23.6,37.5,25.323,31.23
bristol,bradley stoke,voyager,QPSK,00101100,-5.5,iter-2-scenario-1275,2,ok,3,23.6,37.5,24.607,31.47
bristol,bradley stoke,voyager,QPSK,00101101,-6.5,iter-2-scenario-16,2,ok,4,23.6,37.5,25.77,30.98
bristol,bradley stoke,voyager,QPSK,00101101,-6.0,iter-2-scenario-17,2,ok,4,23.6,37.5,25.113,31.23
bristol,bradley stoke,voyager,QPSK,00101101,-5.5,iter-2-scenario-18,2,ok,4,23.6,37.5,24.38,31.47
bristol,bradley stoke,voyager,QPSK,00101110,-6.5,iter-2-scenario-2545,2,ok,4,23.6,37.5,25.43,30.98
bristol,bradley stoke,voyager,QPSK,00101110,-6.0,iter-2-scenario-2546,2,ok,4,23.6,37.5,24.745,31.23
bristol,bradley stoke,voyager,QPSK,00101110,-5.5,iter-2-scenario-2547,2,ok,4,23.6,37.5,23.992,31.47
bristol,bradley stoke,voyager,QPSK,00101111,-6.5,iter-2-scenario-6031,2,ok,5,23.6,37.5,25.046,30.98
bristol,bradley stoke,voyager,QPSK,00101111,-6.0,iter-2-scenario-6032,2,ok,5,23.6,37.5,24.332,31.23
bristol,bradley stoke,voyager,QPSK,00101111,-5.5,iter-2-scenario-6033,2,ok,5,23.6,37.5,23.558,31.47
bristol,bradley stoke,voyager,QPSK,00110000,-6.5,iter-2-scenario-1876,2,ok,2,23.6,37.5,26.175,30.98
bristol,bradley stoke,voyager,QPSK,00110000,-6.0,iter-2-scenario-1877,2,ok,2,23.6,37.5,25.55,31.23
bristol,bradley stoke,voyager,QPSK,00110000,-5.5,iter-2-scenario-1878,2,ok,2,23.6,37.5,24.85,31.47
bristol,bradley stoke,voyager,QPSK,00110001,-6.5,iter-2-scenario-94,2,ok,3,23.6,37.5,26.237,30.98
bristol,bradley stoke,voyager,QPSK,00110001,-6.0,iter-2-scenario-95,2,ok,3,23.6,37.5,25.62,31.23
bristol,bradley stoke,voyager,QPSK,00110001,-5.5,iter-2-scenario-96,2,ok,3,23.6,37.5,24.927,31.47
bristol,bradley stoke,voyager,QPSK,00110010,-6.5,iter-2-scenario-1858,2,ok,3,23.6,37.5,26.143,30.98
bristol,bradley stoke,voyager,QPSK,00110010,-6.0,iter-2-scenario-1859,2,ok,3,23.6,37.5,25.517,31.23
bristol,bradley stoke,voyager,QPSK,00110010,-5.5,iter-2-scenario-1860,2,ok,3,23.6,37.5,24.817,31.47
bristol,bradley stoke,voyager,QPSK,00110011,-6.5,iter-2-scenario-661,2,ok,4,23.6,37.5,25.66,30.98
bristol,bradley stoke,voyager,QPSK,00110011,-6.0,iter-2-scenario-662,2,ok,4,23.6,37.5,24.992,31.23
bristol,bradley stoke,voyager,QPSK,00110011,-5.5,iter-2-scenario-663,2,ok,4,23.6,37.5,24.255,31.47
bristol,bradley stoke,voyager,QPSK,00110100,-6.5,iter-2-scenario-4693,2,ok,3,23.6,37.5,25.967,30.98
bristol,bradley stoke,voyager,QPSK,00110100,-6.0,iter-2-scenario-4694,2,ok,3,23.6,37.5,25.327,31.23
bristol,bradley stoke,voyager,QPSK,00110100,-5.5,iter-2-scenario-4695,2,ok,3,23.6,37.5,24.607,31.47
bristol,bradley stoke,voyager,QPSK,00110101,-6.5,iter-2-scenario-4030,2,ok,4,23.6,37.5,25.802,30.98
bristol,bradley stoke,voyager,QPSK,00110101,-6.0,iter-2-scenario-4031,2,ok,4,23.6,37.5,25.145,31.23
bristol,bradley stoke,voyager,QPSK,00110101,-5.5,iter-2-scenario-4032,2,ok,4,23.6,37.5,24.418,31.47
bristol,bradley stoke,voyager,QPSK,00110110,-6.5,iter-2-scenario-604,2,ok,4,23.6,37.5,25.488,30.98
bristol,bradley stoke,voyager,QPSK,00110110,-6.0,iter-2-scenario-605,2,ok,4,23.6,37.5,24.805,31.23
bristol,bradley stoke,voyager,QPSK,00110110,-5.5,iter-2-scenario-606,2,ok,4,23.6,37.5,24.055,31.47
bristol,bradley stoke,voyager,QPSK,00110111,-6.5,iter-2-scenario-3022,2,ok,5,23.6,37.5,25.106,30.98
bristol,bradley stoke,voyager,QPSK,00110111,-6.0,iter-2-scenario-3023,2,ok,5,23.6,37.5,24.398,31.23
bristol,bradley stoke,voyager,QPSK,00110111,-5.5,iter-2-scenario-3024,2,ok,5,23.6,37.5,23.626,31.47
bristol,bradley stoke,voyager,QPSK,00111000,-6.5,iter-2-scenario-5824,2,ok,3,23.6,37.5,25.52,30.98
bristol,bradley stoke,voyager,QPSK,00111000,-6.0,iter-2-scenario-5825,2,ok,3,23.6,37.5,24.84,31.23
bristol,bradley stoke,voyager,QPSK,00111000,-5.5,iter-2-scenario-5826,2,ok,3,23.6,37.5,24.097,31.47
bristol,bradley stoke,voyager,QPSK,00111001,-6.5,iter-2-scenario-160,2,ok,4,23.6,37.5,25.578,30.98
bristol,bradley stoke,voyager,QPSK,00111001,-6.0,iter-2-scenario-161,2,ok,4,23.6,37.5,24.902,31.23
bristol,bradley stoke,voyager,QPSK,00111001,-5.5,iter-2-scenario-162,2,ok,4,23.6,37.5,24.163,31.47
bristol,bradley stoke,voyager,QPSK,00111010,-6.5,iter-2-scenario-4747,2,ok,4,23.6,37.5,25.433,30.98
bristol,bradley stoke,voyager,QPSK,00111010,-6.0,iter-2-scenario-4748,2,ok,4,23.6,37.5,24.748,31.23
bristol,bradley stoke,voyager,QPSK,00111010,-5.5,iter-2-scenario-4749,2,ok,4,23.6,37.5,23.998,31.47
bristol,bradley stoke,voyager,QPSK,00111011,-6.5,iter-2-scenario-5605,2,ok,5,23.6,37.5,25.108,30.98
bristol,bradley stoke,voyager,QPSK,00111011,-6.0,iter-2-scenario-5606,2,ok,5,23.6,37.5,24.398,31.23
bristol,bradley stoke,voyager,QPSK,00111011,-5.5,iter-2-scenario-5607,2,ok,5,23.6,37.5,23.626,31.47
bristol,bradley stoke,voyager,QPSK,00111100,-6.5,iter-2-scenario-2323,2,ok,4,23.6,37.5,25.087,30.98
bristol,bradley stoke,voyager,QPSK,00111100,-6.0,iter-2-scenario-2324,2,ok,4,23.6,37.5,24.378,31.23
bristol,bradley stoke,voyager,QPSK,00111100,-5.5,iter-2-scenario-2325,2,ok,4,23.6,37.5,23.602,31.47
bristol,bradley stoke,voyager,QPSK,00111101,-6.5,iter-2-scenario-523,2,ok,5,23.6,37.5,25.048,30.98
bristol,bradley stoke,voyager,QPSK,00111101,-6.0,iter-2-scenario-524,2,ok,5,23.6,37.5,24.336,31.23
bristol,bradley stoke,voyager,QPSK,00111101,-5.5,iter-2-scenario-525,2,ok,5,23.6,37.5,23.56,31.47
bristol,bradley stoke,voyager,QPSK,00111110,-6.5,iter-2-scenario-4621,2,ok,5,23.6,37.5,24.772,30.98
bristol,bradley stoke,voyager,QPSK,00111110,-6.0,iter-2-scenario-4622,2,ok,5,23.6,37.5,24.04,31.23
bristol,bradley stoke,voyager,QPSK,00111110,-5.5,iter-2-scenario-4623,2,ok,5,23.6,37.5,23.25,31.47
bristol,bradley stoke,voyager,QPSK,00111111,-6.5,iter-2-scenario-1255,2,ok,6,23.6,37.5,24.523,30.98
bristol,bradley stoke,voyager,QPSK,00111111,-6.0,iter-2-scenario-1256,2,ok,6,23.6,37.5,23.777,31.23
bristol,bradley stoke,voyager,QPSK,00111111,-5.5,iter-2-scenario-1257,2,ok,6,23.6,37.5,22.973,31.47
bristol,bradley stoke,voyager,QPSK,01000000,-6.5,iter-2-scenario-4906,2,ok,1,23.6,37.5,27.42,30.98
bristol,bradley stoke,voyager,QPSK,01000000,-6.0,iter-2-scenario-4907,2,ok,1,23.6,37.5,26.93,31.24
bristol,bradley stoke,voyager,QPSK,01000000,-5.5,iter-2-scenario-4908,2,ok,1,23.6,37.5,26.35,31.47
bristol,bradley stoke,voyager,QPSK,01000001,-6.5,iter-2-scenario-4807,2,ok,2,23.6,37.5,27.19,30.98
bristol,bradley stoke,voyager,QPSK,01000001,-6.0,iter-2-scenario-4808,2,ok,2,23.6,37.5,26.67,31.235
bristol,bradley stoke,voyager,QPSK,01000001,-5.5,iter-2-scenario-4809,2,ok,2,23.6,37.5,26.06,31.47
bristol,bradley stoke,voyager,QPSK,01000010,-6.5,iter-2-scenario-4168,2,ok,2,23.6,37.5,27.15,30.98
bristol,bradley stoke,voyager,QPSK,01000010,-6.0,iter-2-scenario-4169,2,ok,2,23.6,37.5,26.625,31.235
bristol,bradley stoke,voyager,QPSK,01000010,-5.5,iter-2-scenario-4170,2,ok,2,23.6,37.5,26.01,31.47
bristol,bradley stoke,voyager,QPSK,01000011,-6.5,iter-2-scenario-3193,2,ok,3,23.6,37.5,26.297,30.98
bristol,bradley stoke,voyager,QPSK,01000011,-6.0,iter-2-scenario-3194,2,ok,3,23.6,37.5,25.687,31.233
bristol,bradley stoke,voyager,QPSK,01000011,-5.5,iter-2-scenario-3195,2,ok,3,23.6,37.5,25.0,31.47
bristol,bradley stoke,voyager,QPSK,01000100,-6.5,iter-2-scenario-2620,2,ok,2,23.6,37.5,27.085,30.98
bristol,bradley stoke,voyager,QPSK,01000100,-6.0,iter-2-scenario-2621,2,ok,2,23.6,37.5,26.555,31.235
bristol,bradley stoke,voyager,QPSK,01000100,-5.5,iter-2-scenario-2622,2,ok,2,23.6,37.5,25.935,31.47
bristol,bradley stoke,voyager,QPSK,01000101,-6.5,iter-2-scenario-1183,2,ok,3,23.6,37.5,26.637,30.98
bristol,bradley stoke,voyager,QPSK,01000101,-6.0,iter-2-scenario-1184,2,ok,3,23.6,37.5,26.063,31.233
bristol,bradley stoke,voyager,QPSK,01000101,-5.5,iter-2-scenario-1185,2,ok,3,23.6,37.5,25.4,31.47
bristol,bradley stoke,voyager,QPSK,01000110,-6.5,iter-2-scenario-2641,2,ok,3,23.6,37.5,26.237,30.98
bristol,bradley stoke,voyager,QPSK,01000110,-6.0,iter-2-scenario-2642,2,ok,3,23.6,37.5,25.623,31.233
bristol,bradley stoke,voyager,QPSK,01000110,-5.5,iter-2-scenario-2643,2,ok,3,23.6,37.5,24.93,31.47
bristol,bradley stoke,voyager,QPSK,01000111,-6.5,iter-2-scenario-1786,2,ok,4,23.6,37.5,25.655,30.98
bristol,bradley stoke,voyager,QPSK,01000111,-6.0,iter-2-scenario-1787,2,ok,4,23.6,37.5,24.992,31.233
bristol,bradley stoke,voyager,QPSK,01000111,-5.5,iter-2-scenario-1788,2,ok,4,23.6,37.5,24.258,31.47
bristol,bradley stoke,voyager,QPSK,01001000,-6.5,iter-2-scenario-3049,2,ok,2,23.6,37.5,26.98,30.98
bristol,bradley stoke,voyager,QPSK,01001000,-6.0,iter-2-scenario-3050,2,ok,2,23.6,37.5,26.435,31.235
bristol,bradley stoke,voyager,QPSK,01001000,-5.5,iter-2-scenario-3051,2,ok,2,23.6,37.5,25.805,31.47
bristol,bradley stoke,voyager,QPSK,01001001,-6.5,iter-2-scenario-346,2,ok,3,23.6,37.5,26.703,30.98
bristol,bradley stoke,voyager,QPSK,01001001,-6.0,iter-2-scenario-347,2,ok,3,23.6,37.5,26.133,31.233
bristol,bradley stoke,voyager,QPSK,01001001,-5.5,iter-2-scenario-348,2,ok,3,23.6,37.5,25.477,31.47
bristol,bradley stoke,voyager,QPSK,01001010,-6.5,iter-2-scenario-964,2,ok,3,23.6,37.5,26.55,30.98
bristol,bradley stoke,voyager,QPSK,01001010,-6.0,iter-2-scenario-965,2,ok,3,23.6,37.5,25.963,31.233
bristol,bradley stoke,voyager,QPSK,01001010,-5.5,iter-2-scenario-966,2,ok,3,23.6,37.5,25.297,31.47
bristol,bradley stoke,voyager,QPSK,01001011,-6.5,iter-2-scenario-1309,2,ok,4,23.6,37.5,25.935,30.98
bristol,bradley stoke,voyager,QPSK,01001011,-6.0,iter-2-scenario-1310,2,ok,4,23.6,37.5,25.288,31.233
bristol,bradley stoke,voyager,QPSK,01001011,-5.5,iter-2-scenario-1311,2,ok,4,23.6,37.5,24.57,31.47
bristol,bradley stoke,voyager,QPSK,01001100,-6.5,iter-2-scenario-6001,2,ok,3,23.6,37.5,26.143,30.98
bristol,bradley stoke,voyager,QPSK,01001100,-6.0,iter-2-scenario-6002,2,ok,3,23.6,37.5,25.517,31.233
bristol,bradley stoke,voyager,QPSK,01001100,-5.5,iter-2-scenario-6003,2,ok,3,23.6,37.5,24.817,31.47
bristol,bradley stoke,voyager,QPSK,01001101,-6.5,iter-2-scenario-1102,2,ok,4,23.6,37.5,25.913,30.98
bristol,bradley stoke,voyager,QPSK,01001101,-6.0,iter-2-scenario-1103,2,ok,4,23.6,37.5,25.265,31.233
bristol,bradley stoke,voyager,QPSK,01001101,-5.5,iter-2-scenario-1104,2,ok,4,23.6,37.5,24.55,31.47
bristol,bradley stoke,voyager,QPSK,01001110,-6.5,iter-2-scenario-4507,2,ok,4,23.6,37.5,25.578,30.98
bristol,bradley stoke,voyager,QPSK,01001110,-6.0,iter-2-scenario-4508,2,ok,4,23.6,37.5,24.902,31.233
bristol,bradley stoke,voyager,QPSK,01001110,-5.5,iter-2-scenario-4509,2,ok,4,23.6,37.5,24.163,31.47
bristol,bradley stoke,voyager,QPSK,01001111,-6.5,iter-2-scenario-2518,2,ok,5,23.6,37.5,25.166,30.98
bristol,bradley stoke,voyager,QPSK,01001111,-6.0,iter-2-scenario-2519,2,ok,5,23.6,37.5,24.464,31.232
bristol,bradley stoke,voyager,QPSK,01001111,-5.5,iter-2-scenario-2520,2,ok,5,23.6,37.5,23.698,31.47
bristol,bradley stoke,voyager,QPSK,01010000,-6.5,iter-2-scenario-535,2,ok,2,23.6,37.5,26.775,30.98
bristol,bradley stoke,voyager,QPSK,01010000,-6.0,iter-2-scenario-536,2,ok,2,23.6,37.5,26.205,31.235
bristol,bradley stoke,voyager,QPSK,01010000,-5.5,iter-2-scenario-537,2,ok,2,23.6,37.5,25.555,31.47
bristol,bradley stoke,voyager,QPSK,01010001,-6.5,iter-2-scenario-4474,2,ok,3,23.6,37.5,26.64,30.98
bristol,bradley stoke,voyager,QPSK,01010001,-6.0,iter-2-scenario-4475,2,ok,3,23.6,37.5,26.06,31.233
bristol,bradley stoke,voyager,QPSK,01010001,-5.5,iter-2-scenario-4476,2,ok,3,23.6,37.5,25.403,31.47
bristol,bradley stoke,voyager,QPSK,01010010,-6.5,iter-2-scenario-4312,2,ok,3,23.6,37.5,26.553,30.98
bristol,bradley stoke,voyager,QPSK,01010010,-6.0,iter-2-scenario-4313,2,ok,3,23.6,37.5,25.96,31.233
bristol,bradley stoke,voyager,QPSK,01010010,-5.5,iter-2-scenario-4314,2,ok,3,23.6,37.5,25.293,31.47
bristol,bradley stoke,voyager,QPSK,01010011,-6.5,iter-2-scenario-1426,2,ok,4,23.6,37.5,25.968,30.98
bristol,bradley stoke,voyager,QPSK,01010011,-6.0,iter-2-scenario-1427,2,ok,4,23.6,37.5,25.322,31.233
bristol,bradley stoke,voyager,QPSK,01010011,-5.5,iter-2-scenario-1428,2,ok,4,23.6,37.5,24.608,31.47
bristol,bradley stoke,voyager,QPSK,01010100,-6.5,iter-2-scenario-847,2,ok,3,23.6,37.5,26.387,30.98
bristol,bradley stoke,voyager,QPSK,01010100,-6.0,iter-2-scenario-848,2,ok,3,23.6,37.5,25.783,31.233
bristol,bradley stoke,voyager,QPSK,01010100,-5.5,iter-2-scenario-849,2,ok,3,23.6,37.5,25.1,31.47
bristol,bradley stoke,voyager,QPSK,01010101,-6.5,iter-2-scenario-3217,2,ok,4,23.6,37.5,26.12,30.98
bristol,bradley stoke,voyager,QPSK,01010101,-6.0,iter-2-scenario-3218,2,ok,4,23.6,37.5,25.49,31.233
bristol,bradley stoke,voyager,QPSK,01010101,-5.5,iter-2-scenario-3219,2,ok,4,23.6,37.5,24.788,31.47
bristol,bradley stoke,voyager,QPSK,01010110,-6.5,iter-2-scenario-1615,2,ok,4,23.6,37.5,25.805,30.98
bristol,bradley stoke,voyager,QPSK,01010110,-6.0,iter-2-scenario-1616,2,ok,4,23.6,37.5,25.148,31.233
bristol,bradley stoke,voyager,QPSK,01010110,-5.5,iter-2-scenario-1617,2,ok,4,23.6,37.5,24.422,31.47
bristol,bradley stoke,voyager,QPSK,01010111,-6.5,iter-2-scenario-274,2,ok,5,23.6,37.5,25.36,30.98
bristol,bradley stoke,voyager,QPSK,01010111,-6.0,iter-2-scenario-275,2,ok,5,23.6,37.5,24.672,31.232
bristol,bradley stoke,voyager,QPSK,01010111,-5.5,iter-2-scenario-276,2,ok,5,23.6,37.5,23.914,31.47
bristol,bradley stoke,voyager,QPSK,01011000,-6.5,iter-2-scenario-3337,2,ok,3,23.6,37.5,25.97,30.98
bristol,bradley stoke,voyager,QPSK,01011000,-6.0,iter-2-scenario-3338,2,ok,3,23.6,37.5,25.327,31.233
bristol,bradley stoke,voyager,QPSK,01011000,-5.5,iter-2-scenario-3339,2,ok,3,23.6,37.5,24.61,31.47
bristol,bradley stoke,voyager,QPSK,01011001,-6.5,iter-2-scenario-3124,2,ok,4,23.6,37.5,25.913,30.98
bristol,bradley stoke,voyager,QPSK,01011001,-6.0,iter-2-scenario-3125,2,ok,4,23.6,37.5,25.267,31.233
bristol,bradley stoke,voyager,QPSK,01011001,-5.5,iter-2-scenario-3126,2,ok,4,23.6,37.5,24.553,31.47
bristol,bradley stoke,voyager,QPSK,01011010,-6.5,iter-2-scenario-1051,2,ok,4,23.6,37.5,25.773,30.98
bristol,bradley stoke,voyager,QPSK,01011010,-6.0,iter-2-scenario-1052,2,ok,4,23.6,37.5,25.115,31.233
bristol,bradley stoke,voyager,QPSK,01011010,-5.5,iter-2-scenario-1053,2,ok,4,23.6,37.5,24.385,31.47
bristol,bradley stoke,voyager,QPSK,01011011,-6.5,iter-2-scenario-4987,2,ok,5,23.6,37.5,25.38,30.98
bristol,bradley stoke,voyager,QPSK,01011011,-6.0,iter-2-scenario-4988,2,ok,5,23.6,37.5,24.69,31.232
bristol,bradley stoke,voyager,QPSK,01011011,-5.5,iter-2-scenario-4989,2,ok,5,23.6,37.5,23.936,31.47
bristol,bradley stoke,voyager,QPSK,01011100,-6.5,iter-2-scenario-3178,2,ok,4,23.6,37.5,25.433,30.98
bristol,bradley stoke,voyager,QPSK,01011100,-6.0,iter-2-scenario-3179,2,ok,4,23.6,37.5,24.75,31.233
bristol,bradley stoke,voyager,QPSK,01011100,-5.5,iter-2-scenario-3180,2,ok,4,23.6,37.5,23.998,31.47
bristol,bradley stoke,voyager,QPSK,01011101,-6.5,iter-2-scenario-1684,2,ok,5,23.6,37.5,25.326,30.98
bristol,bradley stoke,voyager,QPSK,01011101,-6.0,iter-2-scenario-1685,2,ok,5,23.6,37.5,24.63,31.232
bristol,bradley stoke,voyager,QPSK,01011101,-5.5,iter-2-scenario-1686,2,ok,5,23.6,37.5,23.874,31.47
bristol,bradley stoke,voyager,QPSK,01011110,-6.5,iter-2-scenario-6127,2,ok,5,23.6,37.5,25.05,30.98
bristol,bradley stoke,voyager,QPSK,01011110,-6.0,iter-2-scenario-6128,2,ok,5,23.6,37.5,24.338,31.232
bristol,bradley stoke,voyager,QPSK,01011110,-5.5,iter-2-scenario-6129,2,ok,5,23.6,37.5,23.562,31.47
bristol,bradley stoke,voyager,QPSK,01011111,-6.5,iter-2-scenario-712,2,ok,6,23.6,37.5,24.757,30.98
bristol,bradley stoke,voyager,QPSK,01011111,-6.0,iter-2-scenario-713,2,ok,6,23.6,37.5,24.022,31.232
bristol,bradley stoke,voyager,QPSK,01011111,-5.5,iter-2-scenario-714,2,ok,6,23.6,37.5,23.23,31.47
bristol,bradley stoke,voyager,QPSK,01100000,-6.5,iter-2-scenario-1486,2,ok,2,23.6,37.5,26.18,30.98
bristol,bradley stoke,voyager,QPSK,01100000,-6.0,iter-2-scenario-1487,2,ok,2,23.6,37.5,25.55,31.235
bristol,bradley stoke,voyager,QPSK,01100000,-5.5,iter-2-scenario-1488,2,ok,2,23.6,37.5,24.85,31.47
bristol,bradley stoke,voyager,QPSK,01100001,-6.5,iter-2-scenario-3970,2,ok,3,23.6,37.5,26.303,30.98
bristol,bradley stoke,voyager,QPSK,01100001,-6.0,iter-2-scenario-3971,2,ok,3,23.6,37.5,25.693,31.233
bristol,bradley stoke,voyager,QPSK,01100001,-5.5,iter-2-scenario-3972,2,ok,3,23.6,37.5,25.003,31.47
bristol,bradley stoke,voyager,QPSK,01100010,-6.5,iter-2-scenario-4006,2,ok,3,23.6,37.5,26.243,30.98
bristol,bradley stoke,voyager,QPSK,01100010,-6.0,iter-2-scenario-4007,2,ok,3,23.6,37.5,25.627,31.233
bristol,bradley stoke,voyager,QPSK,01100010,-5.5,iter-2-scenario-4008,2,ok,3,23.6,37.5,24.933,31.47
bristol,bradley stoke,voyager,QPSK,01100011,-6.5,iter-2-scenario-3589,2,ok,4,23.6,37.5,25.765,30.98
bristol,bradley stoke,voyager,QPSK,01100011,-6.0,iter-2-scenario-3590,2,ok,4,23.6,37.5,25.105,31.233
bristol,bradley stoke,voyager,QPSK,01100011,-5.5,iter-2-scenario-3591,2,ok,4,23.6,37.5,24.372,31.47
bristol,bradley stoke,voyager,QPSK,01100100,-6.5,iter-2-scenario-1159,2,ok,3,23.6,37.5,26.147,30.98
bristol,bradley stoke,voyager,QPSK,01100100,-6.0,iter-2-scenario-1160,2,ok,3,23.6,37.5,25.52,31.233
bristol,bradley stoke,voyager,QPSK,01100100,-5.5,iter-2-scenario-1161,2,ok,3,23.6,37.5,24.817,31.47
bristol,bradley stoke,voyager,QPSK,01100101,-6.5,iter-2-scenario-4099,2,ok,4,23.6,37.5,25.97,30.98
bristol,bradley stoke,voyager,QPSK,01100101,-6.0,iter-2-scenario-4100,2,ok,4,23.6,37.5,25.323,31.233
bristol,bradley stoke,voyager,QPSK,01100101,-5.5,iter-2-scenario-4101,2,ok,4,23.6,37.5,24.608,31.47
bristol,bradley stoke,voyager,QPSK,01100110,-6.5,iter-2-scenario-3265,2,ok,4,23.6,37.5,25.665,30.98
bristol,bradley stoke,voyager,QPSK,01100110,-6.0,iter-2-scenario-3266,2,ok,4,23.6,37.5,24.992,31.233
bristol,bradley stoke,voyager,QPSK,01100110,-5.5,iter-2-scenario-3267,2,ok,4,23.6,37.5,24.258,31.47
bristol,bradley stoke,voyager,QPSK,01100111,-6.5,iter-2-scenario-4834,2,ok,5,23.6,37.5,25.27,30.98
bristol,bradley stoke,voyager,QPSK,01100111,-6.0,iter-2-scenario-4835,2,ok,5,23.6,37.5,24.568,31.232
bristol,bradley stoke,voyager,QPSK,01100111,-5.5,iter-2-scenario-4836,2,ok,5,23.6,37.5,23.806,31.47
bristol,bradley stoke,voyager,QPSK,01101000,-6.5,iter-2-scenario-2584,2,ok,3,23.6,37.5,25.967,30.98
bristol,bradley stoke,voyager,QPSK,01101000,-6.0,iter-2-scenario-2585,2,ok,3,23.6,37.5,25.327,31.233
bristol,bradley stoke,voyager,QPSK,01101000,-5.5,iter-2-scenario-2586,2,ok,3,23.6,37.5,24.613,31.47
bristol,bradley stoke,voyager,QPSK,01101001,-6.5,iter-2-scenario-4654,2,ok,4,23.6,37.5,25.938,30.98
bristol,bradley stoke,voyager,QPSK,01101001,-6.0,iter-2-scenario-4655,2,ok,4,23.6,37.5,25.293,31.233
bristol,bradley stoke,voyager,QPSK,01101001,-5.5,iter-2-scenario-4656,2,ok,4,23.6,37.5,24.575,31.47
bristol,bradley stoke,voyager,QPSK,01101010,-6.5,iter-2-scenario-4108,2,ok,4,23.6,37.5,25.805,30.98
bristol,bradley stoke,voyager,QPSK,01101010,-6.0,iter-2-scenario-4109,2,ok,4,23.6,37.5,25.152,31.233
bristol,bradley stoke,voyager,QPSK,01101010,-5.5,iter-2-scenario-4110,2,ok,4,23.6,37.5,24.425,31.47
bristol,bradley stoke,voyager,QPSK,01101011,-6.5,iter-2-scenario-1765,2,ok,5,23.6,37.5,25.418,30.98
bristol,bradley stoke,voyager,QPSK,01101011,-6.0,iter-2-scenario-1766,2,ok,5,23.6,37.5,24.728,31.232
bristol,bradley stoke,voyager,QPSK,01101011,-5.5,iter-2-scenario-1767,2,ok,5,23.6,37.5,23.974,31.47
bristol,bradley stoke,voyager,QPSK,01101100,-6.5,iter-2-scenario-2491,2,ok,4,23.6,37.5,25.49,30.98
bristol,bradley stoke,voyager,QPSK,01101100,-6.0,iter-2-scenario-2492,2,ok,4,23.6,37.5,24.808,31.233
bristol,bradley stoke,voyager,QPSK,01101100,-5.5,iter-2-scenario-2493,2,ok,4,23.6,37.5,24.055,31.47
bristol,bradley stoke,voyager,QPSK,01101101,-6.5,iter-2-scenario-4291,2,ok,5,23.6,37.5,25.382,30.98
bristol,bradley stoke,voyager,QPSK,01101101,-6.0,iter-2-scenario-4292,2,ok,5,23.6,37.5,24.692,31.232
bristol,bradley stoke,voyager,QPSK,01101101,-5.5,iter-2-scenario-4293,2,ok,5,23.6,37.5,23.938,31.47
bristol,bradley stoke,voyager,QPSK,01101110,-6.5,iter-2-scenario-181,2,ok,5,23.6,37.5,25.114,30.98
bristol,bradley stoke,voyager,QPSK,01101110,-6.0,iter-2-scenario-182,2,ok,5,23.6,37.5,24.4,31.232
bristol,bradley stoke,voyager,QPSK,01101110,-5.5,iter-2-scenario-183,2,ok,5,23.6,37.5,23.628,31.47
bristol,bradley stoke,voyager,QPSK,01101111,-6.5,iter-2-scenario-5767,2,ok,6,23.6,37.5,24.813,30.98
bristol,bradley stoke,voyager,QPSK,01101111,-6.0,iter-2-scenario-5768,2,ok,6,23.6,37.5,24.083,31.232
bristol,bradley stoke,voyager,QPSK,01101111,-5.5,iter-2-scenario-5769,2,ok,6,23.6,37.5,23.295,31.47
bristol,bradley stoke,voyager,QPSK,01110000,-6.5,iter-2-scenario-5056,2,ok,3,23.6,37.5,25.523,30.98
bristol,bradley stoke,voyager,QPSK,01110000,-6.0,iter-2-scenario-5057,2,ok,3,23.6,37.5,24.847,31.233
bristol,bradley stoke,voyager,QPSK,01110000,-5.5,iter-2-scenario-5058,2,ok,3,23.6,37.5,24.097,31.47
bristol,bradley stoke,voyager,QPSK,01110001,-6.5,iter-2-scenario-4894,2,ok,4,23.6,37.5,25.665,30.98
bristol,bradley stoke,voyager,QPSK,01110001,-6.0,iter-2-scenario-4895,2,ok,4,23.6,37.5,24.995,31.233
bristol,bradley stoke,voyager,QPSK,01110001,-5.5,iter-2-scenario-4896,2,ok,4,23.6,37.5,24.26,31.47
bristol,bradley stoke,voyager,QPSK,01110010,-6.5,iter-2-scenario-928,2,ok,4,23.6,37.5,25.582,30.98
bristol,bradley stoke,voyager,QPSK,01110010,-6.0,iter-2-scenario-929,2,ok,4,23.6,37.5,24.91,31.233
bristol,bradley stoke,voyager,QPSK,01110010,-5.5,iter-2-scenario-930,2,ok,4,23.6,37.5,24.168,31.47
bristol,bradley stoke,voyager,QPSK,01110011,-6.5,iter-2-scenario-466,2,ok,5,23.6,37.5,25.266,30.98
bristol,bradley stoke,voyager,QPSK,01110011,-6.0,iter-2-scenario-467,2,ok,5,23.6,37.5,24.57,31.232
bristol,bradley stoke,voyager,QPSK,01110011,-5.5,iter-2-scenario-468,2,ok,5,23.6,37.5,23.806,31.47
bristol,bradley stoke,voyager,QPSK,01110100,-6.5,iter-2-scenario-5971,2,ok,4,23.6,37.5,25.438,30.98
bristol,bradley stoke,voyager,QPSK,01110100,-6.0,iter-2-scenario-5972,2,ok,4,23.6,37.5,24.75,31.233
bristol,bradley stoke,voyager,QPSK,01110100,-5.5,iter-2-scenario-5973,2,ok,4,23.6,37.5,23.998,31.47
bristol,bradley stoke,voyager,QPSK,01110101,-6.5,iter-2-scenario-1993,2,ok,5,23.6,37.5,25.364,30.98
bristol,bradley stoke,voyager,QPSK,01110101,-6.0,iter-2-scenario-1994,2,ok,5,23.6,37.5,24.674,31.232
bristol,bradley stoke,voyager,QPSK,01110101,-5.5,iter-2-scenario-1995,2,ok,5,23.6,37.5,23.916,31.47
bristol,bradley stoke,voyager,QPSK,01110110,-6.5,iter-2-scenario-214,2,ok,5,23.6,37.5,25.112,30.98
bristol,bradley stoke,voyager,QPSK,01110110,-6.0,iter-2-scenario-215,2,ok,5,23.6,37.5,24.402,31.232
bristol,bradley stoke,voyager,QPSK,01110110,-5.5,iter-2-scenario-216,2,ok,5,23.6,37.5,23.63,31.47
bristol,bradley stoke,voyager,QPSK,01110111,-6.5,iter-2-scenario-553,2,ok,6,23.6,37.5,24.83,30.98
bristol,bradley stoke,voyager,QPSK,01110111,-6.0,iter-2-scenario-554,2,ok,6,23.6,37.5,24.1,31.232
bristol,bradley stoke,voyager,QPSK,01110111,-5.5,iter-2-scenario-555,2,ok,6,23.6,37.5,23.31,31.47
bristol,bradley stoke,voyager,QPSK,01111000,-6.5,iter-2-scenario-5020,2,ok,4,23.6,37.5,25.09,30.98
bristol,bradley stoke,voyager,QPSK,01111000,-6.0,iter-2-scenario-5021,2,ok,4,23.6,37.5,24.38,31.233
bristol,bradley stoke,voyager,QPSK,01111000,-5.5,iter-2-scenario-5022,2,ok,4,23.6,37.5,23.608,31.47
bristol,bradley stoke,voyager,QPSK,01111001,-6.5,iter-2-scenario-3466,2,ok,5,23.6,37.5,25.172,30.98
bristol,bradley stoke,voyager,QPSK,01111001,-6.0,iter-2-scenario-3467,2,ok,5,23.6,37.5,24.47,31.232
bristol,bradley stoke,voyager,QPSK,01111001,-5.5,iter-2-scenario-3468,2,ok,5,23.6,37.5,23.702,31.47
bristol,bradley stoke,voyager,QPSK,01111010,-6.5,iter-2-scenario-2224,2,ok,5,23.6,37.5,25.052,30.98
bristol,bradley stoke,voyager,QPSK,01111010,-6.0,iter-2-scenario-2225,2,ok,5,23.6,37.5,24.338,31.232
bristol,bradley stoke,voyager,QPSK,01111010,-5.5,iter-2-scenario-2226,2,ok,5,23.6,37.5,23.564,31.47
bristol,bradley stoke,voyager,QPSK,01111011,-6.5,iter-2-scenario-3709,2,ok,6,23.6,37.5,24.817,30.98
bristol,bradley stoke,voyager,QPSK,01111011,-6.0,iter-2-scenario-3710,2,ok,6,23.6,37.5,24.083,31.232
bristol,bradley stoke,voyager,QPSK,01111011,-5.5,iter-2-scenario-3711,2,ok,6,23.6,37.5,23.295,31.47
bristol,bradley stoke,voyager,QPSK,01111100,-6.5,iter-2-scenario-5899,2,ok,5,23.6,37.5,24.776,30.98
bristol,bradley stoke,voyager,QPSK,01111100,-6.0,iter-2-scenario-5900,2,ok,5,23.6,37.5,24.042,31.232
bristol,bradley stoke,voyager,QPSK,01111100,-5.5,iter-2-scenario-5901,2,ok,5,23.6,37.5,23.25,31.47
bristol,bradley stoke,voyager,QPSK,01111101,-6.5,iter-2-scenario-373,2,ok,6,23.6,37.5,24.757,30.98
bristol,bradley stoke,voyager,QPSK,01111101,-6.0,iter-2-scenario-374,2,ok,6,23.6,37.5,24.023,31.232
bristol,bradley stoke,voyager,QPSK,01111101,-5.5,iter-2-scenario-375,2,ok,6,23.6,37.5,23.232,31.47
bristol,bradley stoke,voyager,QPSK,01111110,-6.5,iter-2-scenario-5077,2,ok,6,23.6,37.5,24.527,30.98
bristol,bradley stoke,voyager,QPSK,01111110,-6.0,iter-2-scenario-5078,2,ok,6,23.6,37.5,23.78,31.232
bristol,bradley stoke,voyager,QPSK,01111110,-5.5,iter-2-scenario-5079,2,ok,6,23.6,37.5,22.975,31.47
bristol,bradley stoke,voyager,QPSK,01111111,-6.5,iter-2-scenario-3496,2,ok,7,23.6,37.5,24.327,30.98
bristol,bradley stoke,voyager,QPSK,01111111,-6.0,iter-2-scenario-3497,2,ok,7,23.6,37.5,23.567,31.231
bristol,bradley stoke,voyager,QPSK,01111111,-5.5,iter-2-scenario-3498,2,ok,7,23.6,37.5,22.751,31.47
bristol,bradley stoke,voyager,QPSK,10000000,-6.5,iter-2-scenario-3424,2,ok,1,23.6,37.5,27.43,30.98
bristol,bradley stoke,voyager,QPSK,10000000,-6.0,iter-2-scenario-3425,2,ok,1,23.6,37.5,26.93,31.24
bristol,bradley stoke,voyager,QPSK,10000000,-5.5,iter-2-scenario-3426,2,ok,1,23.6,37.5,26.35,31.47
bristol,bradley stoke,voyager,QPSK,10000001,-6.5,iter-2-scenario-3448,2,ok,2,23.6,37.5,27.225,30.98
bristol,bradley stoke,voyager,QPSK,10000001,-6.0,iter-2-scenario-3449,2,ok,2,23.6,37.5,26.71,31.235
bristol,bradley stoke,voyager,QPSK,10000001,-5.5,iter-2-scenario-3450,2,ok,2,23.6,37.5,26.105,31.47
bristol,bradley stoke,voyager,QPSK,10000010,-6.5,iter-2-scenario-2041,2,ok,2,23.6,37.5,27.195,30.98
bristol,bradley stoke,voyager,QPSK,10000010,-6.0,iter-2-scenario-2042,2,ok,2,23.6,37.5,26.675,31.235
bristol,bradley stoke,voyager,QPSK,10000010,-5.5,iter-2-scenario-2043,2,ok,2,23.6,37.5,26.07,31.47
bristol,bradley stoke,voyager,QPSK,10000011,-6.5,iter-2-scenario-2338,2,ok,3,23.6,37.5,26.343,30.98
bristol,bradley stoke,voyager,QPSK,10000011,-6.0,iter-2-scenario-2339,2,ok,3,23.6,37.5,25.737,31.233
bristol,bradley stoke,voyager,QPSK,10000011,-5.5,iter-2-scenario-2340,2,ok,3,23.6,37.5,25.05,31.47
bristol,bradley stoke,voyager,QPSK,10000100,-6.5,iter-2-scenario-4366,2,ok,2,23.6,37.5,27.15,30.98
bristol,bradley stoke,voyager,QPSK,10000100,-6.0,iter-2-scenario-4367,2,ok,2,23.6,37.5,26.625,31.235
bristol,bradley stoke,voyager,QPSK,10000100,-5.5,iter-2-scenario-4368,2,ok,2,23.6,37.5,26.015,31.47
bristol,bradley stoke,voyager,QPSK,10000101,-6.5,iter-2-scenario-4417,2,ok,3,23.6,37.5,26.7,30.98
bristol,bradley stoke,voyager,QPSK,10000101,-6.0,iter-2-scenario-4418,2,ok,3,23.6,37.5,26.127,31.233
bristol,bradley stoke,voyager,QPSK,10000101,-5.5,iter-2-scenario-4419,2,ok,3,23.6,37.5,25.47,31.47
bristol,bradley stoke,voyager,QPSK,10000110,-6.5,iter-2-scenario-1228,2,ok,3,23.6,37.5,26.3,30.98
bristol,bradley stoke,voyager,QPSK,10000110,-6.0,iter-2-scenario-1229,2,ok,3,23.6,37.5,25.69,31.233
bristol,bradley stoke,voyager,QPSK,10000110,-5.5,iter-2-scenario-1230,2,ok,3,23.6,37.5,25.003,31.47
bristol,bradley stoke,voyager,QPSK,10000111,-6.5,iter-2-scenario-5848,2,ok,4,23.6,37.5,25.712,30.98
bristol,bradley stoke,voyager,QPSK,10000111,-6.0,iter-2-scenario-5849,2,ok,4,23.6,37.5,25.053,31.233
bristol,bradley stoke,voyager,QPSK,10000111,-5.5,iter-2-scenario-5850,2,ok,4,23.6,37.5,24.325,31.47
bristol,bradley stoke,voyager,QPSK,10001000,-6.5,iter-2-scenario-3166,2,ok,2,23.6,37.5,27.085,30.98
bristol,bradley stoke,voyager,QPSK,10001000,-6.0,iter-2-scenario-3167,2,ok,2,23.6,37.5,26.555,31.235
bristol,bradley stoke,voyager,QPSK,10001000,-5.5,iter-2-scenario-3168,2,ok,2,23.6,37.5,25.935,31.47
bristol,bradley stoke,voyager,QPSK,10001001,-6.5,iter-2-scenario-1837,2,ok,3,23.6,37.5,26.79,30.98
bristol,bradley stoke,voyager,QPSK,10001001,-6.0,iter-2-scenario-1838,2,ok,3,23.6,37.5,26.227,31.233
bristol,bradley stoke,voyager,QPSK,10001001,-5.5,iter-2-scenario-1839,2,ok,3,23.6,37.5,25.583,31.47
bristol,bradley stoke,voyager,QPSK,10001010,-6.5,iter-2-scenario-1642,2,ok,3,23.6,37.5,26.643,30.98
bristol,bradley stoke,voyager,QPSK,10001010,-6.0,iter-2-scenario-1643,2,ok,3,23.6,37.5,26.063,31.233
bristol,bradley stoke,voyager,QPSK,10001010,-5.5,iter-2-scenario-1644,2,ok,3,23.6,37.5,25.403,31.47
bristol,bradley stoke,voyager,QPSK,10001011,-6.5,iter-2-scenario-3745,2,ok,4,23.6,37.5,26.01,30.98
bristol,bradley stoke,voyager,QPSK,10001011,-6.0,iter-2-scenario-3746,2,ok,4,23.6,37.5,25.37,31.233
bristol,bradley stoke,voyager,QPSK,10001011,-5.5,iter-2-scenario-3747,2,ok,4,23.6,37.5,24.66,31.47
bristol,bradley stoke,voyager,QPSK,10001100,-6.5,iter-2-scenario-5173,2,ok,3,23.6,37.5,26.24,30.98
bristol,bradley stoke,voyager,QPSK,10001100,-6.0,iter-2-scenario-5174,2,ok,3,23.6,37.5,25.623,31.233
bristol,bradley stoke,voyager,QPSK,10001100,-5.5,iter-2-scenario-5175,2,ok,3,23.6,37.5,24.93,31.47
bristol,bradley stoke,voyager,QPSK,10001101,-6.5,iter-2-scenario-3601,2,ok,4,23.6,37.5,25.995,30.98
bristol,bradley stoke,voyager,QPSK,10001101,-6.0,iter-2-scenario-3602,2,ok,4,23.6,37.5,25.36,31.233
bristol,bradley stoke,voyager,QPSK,10001101,-5.5,iter-2-scenario-3603,2,ok,4,23.6,37.5,24.645,31.47
bristol,bradley stoke,voyager,QPSK,10001110,-6.5,iter-2-scenario-4072,2,ok,4,23.6,37.5,25.665,30.98
bristol,bradley stoke,voyager,QPSK,10001110,-6.0,iter-2-scenario-4073,2,ok,4,23.6,37.5,24.995,31.233
bristol,bradley stoke,voyager,QPSK,10001110,-5.5,iter-2-scenario-4074,2,ok,4,23.6,37.5,24.26,31.47
bristol,bradley stoke,voyager,QPSK,10001111,-6.5,iter-2-scenario-3328,2,ok,5,23.6,37.5,25.24,30.98
bristol,bradley stoke,voyager,QPSK,10001111,-6.0,iter-2-scenario-3329,2,ok,5,23.6,37.5,24.544,31.232
bristol,bradley stoke,voyager,QPSK,10001111,-5.5,iter-2-scenario-3330,2,ok,5,23.6,37.5,23.782,31.47
bristol,bradley stoke,voyager,QPSK,10010000,-6.5,iter-2-scenario-3775,2,ok,2,23.6,37.5,26.985,30.98
bristol,bradley stoke,voyager,QPSK,10010000,-6.0,iter-2-scenario-3776,2,ok,2,23.6,37.5,26.435,31.235
bristol,bradley stoke,voyager,QPSK,10010000,-5.5,iter-2-scenario-3777,2,ok,2,23.6,37.5,25.805,31.47
bristol,bradley stoke,voyager,QPSK,10010001,-6.5,iter-2-scenario-3109,2,ok,3,23.6,37.5,26.79,30.98
bristol,bradley stoke,voyager,QPSK,10010001,-6.0,iter-2-scenario-3110,2,ok,3,23.6,37.5,26.23,31.233
bristol,bradley stoke,voyager,QPSK,10010001,-5.5,iter-2-scenario-3111,2,ok,3,23.6,37.5,25.58,31.47
bristol,bradley stoke,voyager,QPSK,10010010,-6.5,iter-2-scenario-1504,2,ok,3,23.6,37.5,26.71,30.98
bristol,bradley stoke,voyager,QPSK,10010010,-6.0,iter-2-scenario-1505,2,ok,3,23.6,37.5,26.137,31.233
bristol,bradley stoke,voyager,QPSK,10010010,-5.5,iter-2-scenario-1506,2,ok,3,23.6,37.5,25.48,31.47
bristol,bradley stoke,voyager,QPSK,10010011,-6.5,iter-2-scenario-1408,2,ok,4,23.6,37.5,26.087,30.98
bristol,bradley stoke,voyager,QPSK,10010011,-6.0,iter-2-scenario-1409,2,ok,4,23.6,37.5,25.457,31.233
bristol,bradley stoke,voyager,QPSK,10010011,-5.5,iter-2-scenario-1410,2,ok,4,23.6,37.5,24.755,31.47
bristol,bradley stoke,voyager,QPSK,10010100,-6.5,iter-2-scenario-769,2,ok,3,23.6,37.5,26.553,30.98
bristol,bradley stoke,voyager,QPSK,10010100,-6.0,iter-2-scenario-770,2,ok,3,23.6,37.5,25.963,31.233
bristol,bradley stoke,voyager,QPSK,10010100,-5.5,iter-2-scenario-771,2,ok,3,23.6,37.5,25.297,31.47
bristol,bradley stoke,voyager,QPSK,10010101,-6.5,iter-2-scenario-4753,2,ok,4,23.6,37.5,26.25,30.98
bristol,bradley stoke,voyager,QPSK,10010101,-6.0,iter-2-scenario-4754,2,ok,4,23.6,37.5,25.633,31.233
bristol,bradley stoke,voyager,QPSK,10010101,-5.5,iter-2-scenario-4755,2,ok,4,23.6,37.5,24.94,31.47
bristol,bradley stoke,voyager,QPSK,10010110,-6.5,iter-2-scenario-421,2,ok,4,23.6,37.5,25.938,30.98
bristol,bradley stoke,voyager,QPSK,10010110,-6.0,iter-2-scenario-422,2,ok,4,23.6,37.5,25.293,31.233
bristol,bradley stoke,voyager,QPSK,10010110,-5.5,iter-2-scenario-423,2,ok,4,23.6,37.5,24.578,31.47
bristol,bradley stoke,voyager,QPSK,10010111,-6.5,iter-2-scenario-4459,2,ok,5,23.6,37.5,25.47,30.98
bristol,bradley stoke,voyager,QPSK,10010111,-6.0,iter-2-scenario-4460,2,ok,5,23.6,37.5,24.788,31.232
bristol,bradley stoke,voyager,QPSK,10010111,-5.5,iter-2-scenario-4461,2,ok,5,23.6,37.5,24.04,31.47
bristol,bradley stoke,voyager,QPSK,10011000,-6.5,iter-2-scenario-5941,2,ok,3,23.6,37.5,26.147,30.98
bristol,bradley stoke,voyager,QPSK,10011000,-6.0,iter-2-scenario-5942,2,ok,3,23.6,37.5,25.52,31.233
bristol,bradley stoke,voyager,QPSK,10011000,-5.5,iter-2-scenario-5943,2,ok,3,23.6,37.5,24.82,31.47
bristol,bradley stoke,voyager,QPSK,10011001,-6.5,iter-2-scenario-2407,2,ok,4,23.6,37.5,26.055,30.98
bristol,bradley stoke,voyager,QPSK,10011001,-6.0,iter-2-scenario-2408,2,ok,4,23.6,37.5,25.422,31.233
bristol,bradley stoke,voyager,QPSK,10011001,-5.5,iter-2-scenario-2409,2,ok,4,23.6,37.5,24.712,31.47
bristol,bradley stoke,voyager,QPSK,10011010,-6.5,iter-2-scenario-1810,2,ok,4,23.6,37.5,25.918,30.98
bristol,bradley stoke,voyager,QPSK,10011010,-6.0,iter-2-scenario-1811,2,ok,4,23.6,37.5,25.273,31.233
bristol,bradley stoke,voyager,QPSK,10011010,-5.5,iter-2-scenario-1812,2,ok,4,23.6,37.5,24.553,31.47
bristol,bradley stoke,voyager,QPSK,10011011,-6.5,iter-2-scenario-1390,2,ok,5,23.6,37.5,25.498,30.98
bristol,bradley stoke,voyager,QPSK,10011011,-6.0,iter-2-scenario-1391,2,ok,5,23.6,37.5,24.818,31.232
bristol,bradley stoke,voyager,QPSK,10011011,-5.5,iter-2-scenario-1392,2,ok,5,23.6,37.5,24.072,31.47
bristol,bradley stoke,voyager,QPSK,10011100,-6.5,iter-2-scenario-904,2,ok,4,23.6,37.5,25.582,30.98
bristol,bradley stoke,voyager,QPSK,10011100,-6.0,iter-2-scenario-905,2,ok,4,23.6,37.5,24.91,31.233
bristol,bradley stoke,voyager,QPSK,10011100,-5.5,iter-2-scenario-906,2,ok,4,23.6,37.5,24.168,31.47
bristol,bradley stoke,voyager,QPSK,10011101,-6.5,iter-2-scenario-3400,2,ok,5,23.6,37.5,25.444,30.98
bristol,bradley stoke,voyager,QPSK,10011101,-6.0,iter-2-scenario-3401,2,ok,5,23.6,37.5,24.764,31.232
bristol,bradley stoke,voyager,QPSK,10011101,-5.5,iter-2-scenario-3402,2,ok,5,23.6,37.5,24.014,31.47
bristol,bradley stoke,voyager,QPSK,10011110,-6.5,iter-2-scenario-1030,2,ok,5,23.6,37.5,25.17,30.98
bristol,bradley stoke,voyager,QPSK,10011110,-6.0,iter-2-scenario-1031,2,ok,5,23.6,37.5,24.468,31.232
bristol,bradley stoke,voyager,QPSK,10011110,-5.5,iter-2-scenario-1032,2,ok,5,23.6,37.5,23.704,31.47
bristol,bradley stoke,voyager,QPSK,10011111,-6.5,iter-2-scenario-6088,2,ok,6,23.6,37.5,24.86,30.98
bristol,bradley stoke,voyager,QPSK,10011111,-6.0,iter-2-scenario-6089,2,ok,6,23.6,37.5,24.133,31.232
bristol,bradley stoke,voyager,QPSK,10011111,-5.5,iter-2-scenario-6090,2,ok,6,23.6,37.5,23.35,31.47
bristol,bradley stoke,voyager,QPSK,10100000,-6.5,iter-2-scenario-3694,2,ok,2,23.6,37.5,26.775,30.98
bristol,bradley stoke,voyager,QPSK,10100000,-6.0,iter-2-scenario-3695,2,ok,2,23.6,37.5,26.21,31.235
bristol,bradley stoke,voyager,QPSK,10100000,-5.5,iter-2-scenario-3696,2,ok,2,23.6,37.5,25.56,31.47
bristol,bradley stoke,voyager,QPSK,10100001,-6.5,iter-2-scenario-5383,2,ok,3,23.6,37.5,26.703,30.98
bristol,bradley stoke,voyager,QPSK,10100001,-6.0,iter-2-scenario-5384,2,ok,3,23.6,37.5,26.13,31.233
bristol,bradley stoke,voyager,QPSK,10100001,-5.5,iter-2-scenario-5385,2,ok,3,23.6,37.5,25.473,31.47
bristol,bradley stoke,voyager,QPSK,10100010,-6.5,iter-2-scenario-4798,2,ok,3,23.6,37.5,26.643,30.98
bristol,bradley stoke,voyager,QPSK,10100010,-6.0,iter-2-scenario-4799,2,ok,3,23.6,37.5,26.067,31.233
bristol,bradley stoke,voyager,QPSK,10100010,-5.5,iter-2-scenario-4800,2,ok,3,23.6,37.5,25.403,31.47
bristol,bradley stoke,voyager,QPSK,10100011,-6.5,iter-2-scenario-4183,2,ok,4,23.6,37.5,26.065,30.98
bristol,bradley stoke,voyager,QPSK,10100011,-6.0,iter-2-scenario-4184,2,ok,4,23.6,37.5,25.43,31.233
bristol,bradley stoke,voyager,QPSK,10100011,-5.5,iter-2-scenario-4185,2,ok,4,23.6,37.5,24.72,31.47
bristol,bradley stoke,voyager,QPSK,10100100,-6.5,iter-2-scenario-5326,2,ok,3,23.6,37.5,26.557,30.98
bristol,bradley stoke,voyager,QPSK,10100100,-6.0,iter-2-scenario-5327,2,ok,3,23.6,37.5,25.967,31.233
bristol,bradley stoke,voyager,QPSK,10100100,-5.5,iter-2-scenario-5328,2,ok,3,23.6,37.5,25.297,31.47
bristol,bradley stoke,voyager,QPSK,10100101,-6.5,iter-2-scenario-1219,2,ok,4,23.6,37.5,26.277,30.98
bristol,bradley stoke,voyager,QPSK,10100101,-6.0,iter-2-scenario-1220,2,ok,4,23.6,37.5,25.657,31.233
bristol,bradley stoke,voyager,QPSK,10100101,-5.5,iter-2-scenario-1221,2,ok,4,23.6,37.5,24.965,31.47
bristol,bradley stoke,voyager,QPSK,10100110,-6.5,iter-2-scenario-2812,2,ok,4,23.6,37.5,25.968,30.98
bristol,bradley stoke,voyager,QPSK,10100110,-6.0,iter-2-scenario-2813,2,ok,4,23.6,37.5,25.325,31.233
bristol,bradley stoke,voyager,QPSK,10100110,-5.5,iter-2-scenario-2814,2,ok,4,23.6,37.5,24.613,31.47
bristol,bradley stoke,voyager,QPSK,10100111,-6.5,iter-2-scenario-2929,2,ok,5,23.6,37.5,25.51,30.98
bristol,bradley stoke,voyager,QPSK,10100111,-6.0,iter-2-scenario-2930,2,ok,5,23.6,37.5,24.832,31.232
bristol,bradley stoke,voyager,QPSK,10100111,-5.5,iter-2-scenario-2931,2,ok,5,23.6,37.5,24.088,31.47
bristol,bradley stoke,voyager,QPSK,10101000,-6.5,iter-2-scenario-1600,2,ok,3,23.6,37.5,26.393,30.98
bristol,bradley stoke,voyager,QPSK,10101000,-6.0,iter-2-scenario-1601,2,ok,3,23.6,37.5,25.787,31.233
bristol,bradley stoke,voyager,QPSK,10101000,-5.5,iter-2-scenario-1602,2,ok,3,23.6,37.5,25.107,31.47
bristol,bradley stoke,voyager,QPSK,10101001,-6.5,iter-2-scenario-1969,2,ok,4,23.6,37.5,26.252,30.98
bristol,bradley stoke,voyager,QPSK,10101001,-6.0,iter-2-scenario-1970,2,ok,4,23.6,37.5,25.635,31.233
bristol,bradley stoke,voyager,QPSK,10101001,-5.5,iter-2-scenario-1971,2,ok,4,23.6,37.5,24.94,31.47
bristol,bradley stoke,voyager,QPSK,10101010,-6.5,iter-2-scenario-2248,2,ok,4,23.6,37.5,26.125,30.98
bristol,bradley stoke,voyager,QPSK,10101010,-6.0,iter-2-scenario-2249,2,ok,4,23.6,37.5,25.492,31.233
bristol,bradley stoke,voyager,QPSK,10101010,-5.5,iter-2-scenario-2250,2,ok,4,23.6,37.5,24.788,31.47
bristol,bradley stoke,voyager,QPSK,10101011,-6.5,iter-2-scenario-109,2,ok,5,23.6,37.5,25.672,30.98
bristol,bradley stoke,voyager,QPSK,10101011,-6.0,iter-2-scenario-110,2,ok,5,23.6,37.5,25.004,31.232
bristol,bradley stoke,voyager,QPSK,10101011,-5.5,iter-2-scenario-111,2,ok,5,23.6,37.5,24.266,31.47
bristol,bradley stoke,voyager,QPSK,10101100,-6.5,iter-2-scenario-2614,2,ok,4,23.6,37.5,25.808,30.98
bristol,bradley stoke,voyager,QPSK,10101100,-6.0,iter-2-scenario-2615,2,ok,4,23.6,37.5,25.15,31.233
bristol,bradley stoke,voyager,QPSK,10101100,-5.5,iter-2-scenario-2616,2,ok,4,23.6,37.5,24.422,31.47
bristol,bradley stoke,voyager,QPSK,10101101,-6.5,iter-2-scenario-3628,2,ok,5,23.6,37.5,25.636,30.98
bristol,bradley stoke,voyager,QPSK,10101101,-6.0,iter-2-scenario-3629,2,ok,5,23.6,37.5,24.966,31.232
bristol,bradley stoke,voyager,QPSK,10101101,-5.5,iter-2-scenario-3630,2,ok,5,23.6,37.5,24.228,31.47
bristol,bradley stoke,voyager,QPSK,10101110,-6.5,iter-2-scenario-3655,2,ok,5,23.6,37.5,25.364,30.98
bristol,bradley stoke,voyager,QPSK,10101110,-6.0,iter-2-scenario-3656,2,ok,5,23.6,37.5,24.674,31.232
bristol,bradley stoke,voyager,QPSK,10101110,-5.5,iter-2-scenario-3657,2,ok,5,23.6,37.5,23.92,31.47
bristol,bradley stoke,voyager,QPSK,10101111,-6.5,iter-2-scenario-2704,2,ok,6,23.6,37.5,25.023,30.98
bristol,bradley stoke,voyager,QPSK,10101111,-6.0,iter-2-scenario-2705,2,ok,6,23.6,37.5,24.31,31.232
bristol,bradley stoke,voyager,QPSK,10101111,-5.5,iter-2-scenario-2706,2,ok,6,23.6,37.5,23.535,31.47
bristol,bradley stoke,voyager,QPSK,10110000,-6.5,iter-2-scenario-1531,2,ok,3,23.6,37.5,25.973,30.98
bristol,bradley stoke,voyager,QPSK,10110000,-6.0,iter-2-scenario-1532,2,ok,3,23.6,37.5,25.327,31.233
bristol,bradley stoke,voyager,QPSK,10110000,-5.5,iter-2-scenario-1533,2,ok,3,23.6,37.5,24.617,31.47
bristol,bradley stoke,voyager,QPSK,10110001,-6.5,iter-2-scenario-2770,2,ok,4,23.6,37.5,25.997,30.98
bristol,bradley stoke,voyager,QPSK,10110001,-6.0,iter-2-scenario-2771,2,ok,4,23.6,37.5,25.36,31.233
bristol,bradley stoke,voyager,QPSK,10110001,-5.5,iter-2-scenario-2772,2,ok,4,23.6,37.5,24.652,31.47
bristol,bradley stoke,voyager,QPSK,10110010,-6.5,iter-2-scenario-958,2,ok,4,23.6,37.5,25.92,30.98
bristol,bradley stoke,voyager,QPSK,10110010,-6.0,iter-2-scenario-959,2,ok,4,23.6,37.5,25.275,31.233
bristol,bradley stoke,voyager,QPSK,10110010,-5.5,iter-2-scenario-960,2,ok,4,23.6,37.5,24.555,31.47
bristol,bradley stoke,voyager,QPSK,10110011,-6.5,iter-2-scenario-4606,2,ok,5,23.6,37.5,25.536,30.98
bristol,bradley stoke,voyager,QPSK,10110011,-6.0,iter-2-scenario-4607,2,ok,5,23.6,37.5,24.858,31.232
bristol,bradley stoke,voyager,QPSK,10110011,-5.5,iter-2-scenario-4608,2,ok,5,23.6,37.5,24.114,31.47
bristol,bradley stoke,voyager,QPSK,10110100,-6.5,iter-2-scenario-2803,2,ok,4,23.6,37.5,25.777,30.98
bristol,bradley stoke,voyager,QPSK,10110100,-6.0,iter-2-scenario-2804,2,ok,4,23.6,37.5,25.12,31.233
bristol,bradley stoke,voyager,QPSK,10110100,-5.5,iter-2-scenario-2805,2,ok,4,23.6,37.5,24.39,31.47
bristol,bradley stoke,voyager,QPSK,10110101,-6.5,iter-2-scenario-5467,2,ok,5,23.6,37.5,25.636,30.98
bristol,bradley stoke,voyager,QPSK,10110101,-6.0,iter-2-scenario-5468,2,ok,5,23.6,37.5,24.968,31.232
bristol,bradley stoke,voyager,QPSK,10110101,-5.5,iter-2-scenario-5469,2,ok,5,23.6,37.5,24.228,31.47
bristol,bradley stoke,voyager,QPSK,10110110,-6.5,iter-2-scenario-829,2,ok,5,23.6,37.5,25.384,30.98
bristol,bradley stoke,voyager,QPSK,10110110,-6.0,iter-2-scenario-830,2,ok,5,23.6,37.5,24.694,31.232
bristol,bradley stoke,voyager,QPSK,10110110,-5.5,iter-2-scenario-831,2,ok,5,23.6,37.5,23.94,31.47
bristol,bradley stoke,voyager,QPSK,10110111,-6.5,iter-2-scenario-2857,2,ok,6,23.6,37.5,25.053,30.98
bristol,bradley stoke,voyager,QPSK,10110111,-6.0,iter-2-scenario-2858,2,ok,6,23.6,37.5,24.343,31.232
bristol,bradley stoke,voyager,QPSK,10110111,-5.5,iter-2-scenario-2859,2,ok,6,23.6,37.5,23.568,31.47
bristol,bradley stoke,voyager,QPSK,10111000,-6.5,iter-2-scenario-1138,2,ok,4,23.6,37.5,25.438,30.98
bristol,bradley stoke,voyager,QPSK,10111000,-6.0,iter-2-scenario-1139,2,ok,4,23.6,37.5,24.75,31.233
bristol,bradley stoke,voyager,QPSK,10111000,-5.5,iter-2-scenario-1140,2,ok,4,23.6,37.5,24.003,31.47
bristol,bradley stoke,voyager,QPSK,10111001,-6.5,iter-2-scenario-4567,2,ok,5,23.6,37.5,25.448,30.98
bristol,bradley stoke,voyager,QPSK,10111001,-6.0,iter-2-scenario-4568,2,ok,5,23.6,37.5,24.764,31.232
bristol,bradley stoke,voyager,QPSK,10111001,-5.5,iter-2-scenario-4569,2,ok,5,23.6,37.5,24.014,31.47
bristol,bradley stoke,voyager,QPSK,10111010,-6.5,iter-2-scenario-865,2,ok,5,23.6,37.5,25.326,30.98
bristol,bradley stoke,voyager,QPSK,10111010,-6.0,iter-2-scenario-866,2,ok,5,23.6,37.5,24.636,31.232
bristol,bradley stoke,voyager,QPSK,10111010,-5.5,iter-2-scenario-867,2,ok,5,23.6,37.5,23.876,31.47
bristol,bradley stoke,voyager,QPSK,10111011,-6.5,iter-2-scenario-2536,2,ok,6,23.6,37.5,25.043,30.98
bristol,bradley stoke,voyager,QPSK,10111011,-6.0,iter-2-scenario-2537,2,ok,6,23.6,37.5,24.33,31.232
bristol,bradley stoke,voyager,QPSK,10111011,-5.5,iter-2-scenario-2538,2,ok,6,23.6,37.5,23.555,31.47
bristol,bradley stoke,voyager,QPSK,10111100,-6.5,iter-2-scenario-5653,2,ok,5,23.6,37.5,25.052,30.98
bristol,bradley stoke,voyager,QPSK,10111100,-6.0,iter-2-scenario-5654,2,ok,5,23.6,37.5,24.34,31.232
bristol,bradley stoke,voyager,QPSK,10111100,-5.5,iter-2-scenario-5655,2,ok,5,23.6,37.5,23.566,31.47
bristol,bradley stoke,voyager,QPSK,10111101,-6.5,iter-2-scenario-3928,2,ok,6,23.6,37.5,24.988,30.98
bristol,bradley stoke,voyager,QPSK,10111101,-6.0,iter-2-scenario-3929,2,ok,6,23.6,37.5,24.272,31.232
bristol,bradley stoke,voyager,QPSK,10111101,-5.5,iter-2-scenario-3930,2,ok,6,23.6,37.5,23.493,31.47
bristol,bradley stoke,voyager,QPSK,10111110,-6.5,iter-2-scenario-3034,2,ok,6,23.6,37.5,24.758,30.98
bristol,bradley stoke,voyager,QPSK,10111110,-6.0,iter-2-scenario-3035,2,ok,6,23.6,37.5,24.027,31.232
bristol,bradley stoke,voyager,QPSK,10111110,-5.5,iter-2-scenario-3036,2,ok,6,23.6,37.5,23.235,31.47
bristol,bradley stoke,voyager,QPSK,10111111,-6.5,iter-2-scenario-1741,2,ok,7,23.6,37.5,24.521,30.98
bristol,bradley stoke,voyager,QPSK,10111111,-6.0,iter-2-scenario-1742,2,ok,7,23.6,37.5,23.773,31.231
bristol,bradley stoke,voyager,QPSK,10111111,-5.5,iter-2-scenario-1743,2,ok,7,23.6,37.5,22.971,31.47
bristol,bradley stoke,voyager,QPSK,11000000,-6.5,iter-2-scenario-4213,2,ok,2,23.6,37.5,26.18,30.98
bristol,bradley stoke,voyager,QPSK,11000000,-6.0,iter-2-scenario-4214,2,ok,2,23.6,37.5,25.555,31.24
bristol,bradley stoke,voyager,QPSK,11000000,-5.5,iter-2-scenario-4215,2,ok,2,23.6,37.5,24.855,31.47
bristol,bradley stoke,voyager,QPSK,11000001,-6.5,iter-2-scenario-3076,2,ok,3,23.6,37.5,26.35,30.98
bristol,bradley stoke,voyager,QPSK,11000001,-6.0,iter-2-scenario-3077,2,ok,3,23.6,37.5,25.743,31.237
bristol,bradley stoke,voyager,QPSK,11000001,-5.5,iter-2-scenario-3078,2,ok,3,23.6,37.5,25.06,31.47
bristol,bradley stoke,voyager,QPSK,11000010,-6.5,iter-2-scenario-5365,2,ok,3,23.6,37.5,26.307,30.98
bristol,bradley stoke,voyager,QPSK,11000010,-6.0,iter-2-scenario-5366,2,ok,3,23.6,37.5,25.693,31.237
bristol,bradley stoke,voyager,QPSK,11000010,-5.5,iter-2-scenario-5367,2,ok,3,23.6,37.5,25.01,31.47
bristol,bradley stoke,voyager,QPSK,11000011,-6.5,iter-2-scenario-799,2,ok,4,23.6,37.5,25.832,30.98
bristol,bradley stoke,voyager,QPSK,11000011,-6.0,iter-2-scenario-800,2,ok,4,23.6,37.5,25.18,31.235
bristol,bradley stoke,voyager,QPSK,11000011,-5.5,iter-2-scenario-801,2,ok,4,23.6,37.5,24.453,31.47
bristol,bradley stoke,voyager,QPSK,11000100,-6.5,iter-2-scenario-5707,2,ok,3,23.6,37.5,26.247,30.98
bristol,bradley stoke,voyager,QPSK,11000100,-6.0,iter-2-scenario-5708,2,ok,3,23.6,37.5,25.63,31.237
bristol,bradley stoke,voyager,QPSK,11000100,-5.5,iter-2-scenario-5709,2,ok,3,23.6,37.5,24.937,31.47
bristol,bradley stoke,voyager,QPSK,11000101,-6.5,iter-2-scenario-3736,2,ok,4,23.6,37.5,26.067,30.98
bristol,bradley stoke,voyager,QPSK,11000101,-6.0,iter-2-scenario-3737,2,ok,4,23.6,37.5,25.43,31.235
bristol,bradley stoke,voyager,QPSK,11000101,-5.5,iter-2-scenario-3738,2,ok,4,23.6,37.5,24.723,31.47
bristol,bradley stoke,voyager,QPSK,11000110,-6.5,iter-2-scenario-2668,2,ok,4,23.6,37.5,25.767,30.98
bristol,bradley stoke,voyager,QPSK,11000110,-6.0,iter-2-scenario-2669,2,ok,4,23.6,37.5,25.108,31.235
bristol,bradley stoke,voyager,QPSK,11000110,-5.5,iter-2-scenario-2670,2,ok,4,23.6,37.5,24.375,31.47
bristol,bradley stoke,voyager,QPSK,11000111,-6.5,iter-2-scenario-2725,2,ok,5,23.6,37.5,25.364,30.98
bristol,bradley stoke,voyager,QPSK,11000111,-6.0,iter-2-scenario-2726,2,ok,5,23.6,37.5,24.672,31.234
bristol,bradley stoke,voyager,QPSK,11000111,-5.5,iter-2-scenario-2727,2,ok,5,23.6,37.5,23.916,31.47
bristol,bradley stoke,voyager,QPSK,11001000,-6.5,iter-2-scenario-4963,2,ok,3,23.6,37.5,26.147,30.98
bristol,bradley stoke,voyager,QPSK,11001000,-6.0,iter-2-scenario-4964,2,ok,3,23.6,37.5,25.52,31.237
bristol,bradley stoke,voyager,QPSK,11001000,-5.5,iter-2-scenario-4965,2,ok,3,23.6,37.5,24.82,31.47
bristol,bradley stoke,voyager,QPSK,11001001,-6.5,iter-2-scenario-2992,2,ok,4,23.6,37.5,26.095,30.98
bristol,bradley stoke,voyager,QPSK,11001001,-6.0,iter-2-scenario-2993,2,ok,4,23.6,37.5,25.46,31.235
bristol,bradley stoke,voyager,QPSK,11001001,-5.5,iter-2-scenario-2994,2,ok,4,23.6,37.5,24.755,31.47
bristol,bradley stoke,voyager,QPSK,11001010,-6.5,iter-2-scenario-1723,2,ok,4,23.6,37.5,25.973,30.98
bristol,bradley stoke,voyager,QPSK,11001010,-6.0,iter-2-scenario-1724,2,ok,4,23.6,37.5,25.33,31.235
bristol,bradley stoke,voyager,QPSK,11001010,-5.5,iter-2-scenario-1725,2,ok,4,23.6,37.5,24.615,31.47
bristol,bradley stoke,voyager,QPSK,11001011,-6.5,iter-2-scenario-235,2,ok,5,23.6,37.5,25.562,30.98
bristol,bradley stoke,voyager,QPSK,11001011,-6.0,iter-2-scenario-236,2,ok,5,23.6,37.5,24.882,31.234
bristol,bradley stoke,voyager,QPSK,11001011,-5.5,iter-2-scenario-237,2,ok,5,23.6,37.5,24.138,31.47
bristol,bradley stoke,voyager,QPSK,11001100,-6.5,iter-2-scenario-745,2,ok,4,23.6,37.5,25.668,30.98
bristol,bradley stoke,voyager,QPSK,11001100,-6.0,iter-2-scenario-746,2,ok,4,23.6,37.5,25.0,31.235
bristol,bradley stoke,voyager,QPSK,11001100,-5.5,iter-2-scenario-747,2,ok,4,23.6,37.5,24.258,31.47
bristol,bradley stoke,voyager,QPSK,11001101,-6.5,iter-2-scenario-640,2,ok,5,23.6,37.5,25.536,30.98
bristol,bradley stoke,voyager,QPSK,11001101,-6.0,iter-2-scenario-641,2,ok,5,23.6,37.5,24.858,31.234
bristol,bradley stoke,voyager,QPSK,11001101,-5.5,iter-2-scenario-642,2,ok,5,23.6,37.5,24.114,31.47
bristol,bradley stoke,voyager,QPSK,11001110,-6.5,iter-2-scenario-3799,2,ok,5,23.6,37.5,25.27,30.98
bristol,bradley stoke,voyager,QPSK,11001110,-6.0,iter-2-scenario-3800,2,ok,5,23.6,37.5,24.57,31.234
bristol,bradley stoke,voyager,QPSK,11001110,-5.5,iter-2-scenario-3801,2,ok,5,23.6,37.5,23.808,31.47
bristol,bradley stoke,voyager,QPSK,11001111,-6.5,iter-2-scenario-1324,2,ok,6,23.6,37.5,24.955,30.98
bristol,bradley stoke,voyager,QPSK,11001111,-6.0,iter-2-scenario-1325,2,ok,6,23.6,37.5,24.233,31.233
bristol,bradley stoke,voyager,QPSK,11001111,-5.5,iter-2-scenario-1326,2,ok,6,23.6,37.5,23.455,31.47
bristol,bradley stoke,voyager,QPSK,11010000,-6.5,iter-2-scenario-5683,2,ok,3,23.6,37.5,25.973,30.98
bristol,bradley stoke,voyager,QPSK,11010000,-6.0,iter-2-scenario-5684,2,ok,3,23.6,37.5,25.33,31.237
bristol,bradley stoke,voyager,QPSK,11010000,-5.5,iter-2-scenario-5685,2,ok,3,23.6,37.5,24.617,31.47
bristol,bradley stoke,voyager,QPSK,11010001,-6.5,iter-2-scenario-5716,2,ok,4,23.6,37.5,26.013,30.98
bristol,bradley stoke,voyager,QPSK,11010001,-6.0,iter-2-scenario-5717,2,ok,4,23.6,37.5,25.378,31.235
bristol,bradley stoke,voyager,QPSK,11010001,-5.5,iter-2-scenario-5718,2,ok,4,23.6,37.5,24.665,31.47
bristol,bradley stoke,voyager,QPSK,11010010,-6.5,iter-2-scenario-1954,2,ok,4,23.6,37.5,25.94,30.98
bristol,bradley stoke,voyager,QPSK,11010010,-6.0,iter-2-scenario-1955,2,ok,4,23.6,37.5,25.295,31.235
bristol,bradley stoke,voyager,QPSK,11010010,-5.5,iter-2-scenario-1956,2,ok,4,23.6,37.5,24.58,31.47
bristol,bradley stoke,voyager,QPSK,11010011,-6.5,iter-2-scenario-2374,2,ok,5,23.6,37.5,25.56,30.98
bristol,bradley stoke,voyager,QPSK,11010011,-6.0,iter-2-scenario-2375,2,ok,5,23.6,37.5,24.884,31.234
bristol,bradley stoke,voyager,QPSK,11010011,-5.5,iter-2-scenario-2376,2,ok,5,23.6,37.5,24.14,31.47
bristol,bradley stoke,voyager,QPSK,11010100,-6.5,iter-2-scenario-3253,2,ok,4,23.6,37.5,25.812,30.98
bristol,bradley stoke,voyager,QPSK,11010100,-6.0,iter-2-scenario-3254,2,ok,4,23.6,37.5,25.152,31.235
bristol,bradley stoke,voyager,QPSK,11010100,-5.5,iter-2-scenario-3255,2,ok,4,23.6,37.5,24.425,31.47
bristol,bradley stoke,voyager,QPSK,11010101,-6.5,iter-2-scenario-5500,2,ok,5,23.6,37.5,25.672,30.98
bristol,bradley stoke,voyager,QPSK,11010101,-6.0,iter-2-scenario-5501,2,ok,5,23.6,37.5,25.006,31.234
bristol,bradley stoke,voyager,QPSK,11010101,-5.5,iter-2-scenario-5502,2,ok,5,23.6,37.5,24.266,31.47
bristol,bradley stoke,voyager,QPSK,11010110,-6.5,iter-2-scenario-3553,2,ok,5,23.6,37.5,25.42,30.98
bristol,bradley stoke,voyager,QPSK,11010110,-6.0,iter-2-scenario-3554,2,ok,5,23.6,37.5,24.734,31.234
bristol,bradley stoke,voyager,QPSK,11010110,-5.5,iter-2-scenario-3555,2,ok,5,23.6,37.5,23.98,31.47
bristol,bradley stoke,voyager,QPSK,11010111,-6.5,iter-2-scenario-5920,2,ok,6,23.6,37.5,25.088,30.98
bristol,bradley stoke,voyager,QPSK,11010111,-6.0,iter-2-scenario-5921,2,ok,6,23.6,37.5,24.38,31.233
bristol,bradley stoke,voyager,QPSK,11010111,-5.5,iter-2-scenario-5922,2,ok,6,23.6,37.5,23.605,31.47
bristol,bradley stoke,voyager,QPSK,11011000,-6.5,iter-2-scenario-142,2,ok,4,23.6,37.5,25.492,30.98
bristol,bradley stoke,voyager,QPSK,11011000,-6.0,iter-2-scenario-143,2,ok,4,23.6,37.5,24.812,31.235
bristol,bradley stoke,voyager,QPSK,11011000,-5.5,iter-2-scenario-144,2,ok,4,23.6,37.5,24.062,31.47
bristol,bradley stoke,voyager,QPSK,11011001,-6.5,iter-2-scenario-2083,2,ok,5,23.6,37.5,25.5,30.98
bristol,bradley stoke,voyager,QPSK,11011001,-6.0,iter-2-scenario-2084,2,ok,5,23.6,37.5,24.822,31.234
bristol,bradley stoke,voyager,QPSK,11011001,-5.5,iter-2-scenario-2085,2,ok,5,23.6,37.5,24.074,31.47
bristol,bradley stoke,voyager,QPSK,11011010,-6.5,iter-2-scenario-5146,2,ok,5,23.6,37.5,25.384,30.98
bristol,bradley stoke,voyager,QPSK,11011010,-6.0,iter-2-scenario-5147,2,ok,5,23.6,37.5,24.694,31.234
bristol,bradley stoke,voyager,QPSK,11011010,-5.5,iter-2-scenario-5148,2,ok,5,23.6,37.5,23.94,31.47
bristol,bradley stoke,voyager,QPSK,11011011,-6.5,iter-2-scenario-679,2,ok,6,23.6,37.5,25.098,30.98
bristol,bradley stoke,voyager,QPSK,11011011,-6.0,iter-2-scenario-680,2,ok,6,23.6,37.5,24.385,31.233
bristol,bradley stoke,voyager,QPSK,11011011,-5.5,iter-2-scenario-681,2,ok,6,23.6,37.5,23.612,31.47
bristol,bradley stoke,voyager,QPSK,11011100,-6.5,iter-2-scenario-4717,2,ok,5,23.6,37.5,25.114,30.98
bristol,bradley stoke,voyager,QPSK,11011100,-6.0,iter-2-scenario-4718,2,ok,5,23.6,37.5,24.404,31.234
bristol,bradley stoke,voyager,QPSK,11011100,-5.5,iter-2-scenario-4719,2,ok,5,23.6,37.5,23.632,31.47
bristol,bradley stoke,voyager,QPSK,11011101,-6.5,iter-2-scenario-301,2,ok,6,23.6,37.5,25.045,30.98
bristol,bradley stoke,voyager,QPSK,11011101,-6.0,iter-2-scenario-302,2,ok,6,23.6,37.5,24.328,31.233
bristol,bradley stoke,voyager,QPSK,11011101,-5.5,iter-2-scenario-303,2,ok,6,23.6,37.5,23.557,31.47
bristol,bradley stoke,voyager,QPSK,11011110,-6.5,iter-2-scenario-5407,2,ok,6,23.6,37.5,24.818,30.98
bristol,bradley stoke,voyager,QPSK,11011110,-6.0,iter-2-scenario-5408,2,ok,6,23.6,37.5,24.087,31.233
bristol,bradley stoke,voyager,QPSK,11011110,-5.5,iter-2-scenario-5409,2,ok,6,23.6,37.5,23.3,31.47
bristol,bradley stoke,voyager,QPSK,11011111,-6.5,iter-2-scenario-5491,2,ok,7,23.6,37.5,24.576,30.98
bristol,bradley stoke,voyager,QPSK,11011111,-6.0,iter-2-scenario-5492,2,ok,7,23.6,37.5,23.831,31.233
bristol,bradley stoke,voyager,QPSK,11011111,-5.5,iter-2-scenario-5493,2,ok,7,23.6,37.5,23.03,31.47
bristol,bradley stoke,voyager,QPSK,11100000,-6.5,iter-2-scenario-5806,2,ok,3,23.6,37.5,25.527,30.98
bristol,bradley stoke,voyager,QPSK,11100000,-6.0,iter-2-scenario-5807,2,ok,3,23.6,37.5,24.847,31.237
bristol,bradley stoke,voyager,QPSK,11100000,-5.5,iter-2-scenario-5808,2,ok,3,23.6,37.5,24.1,31.47
bristol,bradley stoke,voyager,QPSK,11100001,-6.5,iter-2-scenario-5266,2,ok,4,23.6,37.5,25.723,30.98
bristol,bradley stoke,voyager,QPSK,11100001,-6.0,iter-2-scenario-5267,2,ok,4,23.6,37.5,25.06,31.235
bristol,bradley stoke,voyager,QPSK,11100001,-5.5,iter-2-scenario-5268,2,ok,4,23.6,37.5,24.33,31.47
bristol,bradley stoke,voyager,QPSK,11100010,-6.5,iter-2-scenario-4048,2,ok,4,23.6,37.5,25.665,30.98
bristol,bradley stoke,voyager,QPSK,11100010,-6.0,iter-2-scenario-4049,2,ok,4,23.6,37.5,25.0,31.235
bristol,bradley stoke,voyager,QPSK,11100010,-5.5,iter-2-scenario-4050,2,ok,4,23.6,37.5,24.27,31.47
bristol,bradley stoke,voyager,QPSK,11100011,-6.5,iter-2-scenario-3514,2,ok,5,23.6,37.5,25.366,30.98
bristol,bradley stoke,voyager,QPSK,11100011,-6.0,iter-2-scenario-3515,2,ok,5,23.6,37.5,24.674,31.234
bristol,bradley stoke,voyager,QPSK,11100011,-5.5,iter-2-scenario-3516,2,ok,5,23.6,37.5,23.916,31.47
bristol,bradley stoke,voyager,QPSK,11100100,-6.5,iter-2-scenario-490,2,ok,4,23.6,37.5,25.582,30.98
bristol,bradley stoke,voyager,QPSK,11100100,-6.0,iter-2-scenario-491,2,ok,4,23.6,37.5,24.91,31.235
bristol,bradley stoke,voyager,QPSK,11100100,-5.5,iter-2-scenario-492,2,ok,4,23.6,37.5,24.168,31.47
bristol,bradley stoke,voyager,QPSK,11100101,-6.5,iter-2-scenario-2017,2,ok,5,23.6,37.5,25.514,30.98
bristol,bradley stoke,voyager,QPSK,11100101,-6.0,iter-2-scenario-2018,2,ok,5,23.6,37.5,24.836,31.234
bristol,bradley stoke,voyager,QPSK,11100101,-5.5,iter-2-scenario-2019,2,ok,5,23.6,37.5,24.088,31.47
bristol,bradley stoke,voyager,QPSK,11100110,-6.5,iter-2-scenario-994,2,ok,5,23.6,37.5,25.272,30.98
bristol,bradley stoke,voyager,QPSK,11100110,-6.0,iter-2-scenario-995,2,ok,5,23.6,37.5,24.574,31.234
bristol,bradley stoke,voyager,QPSK,11100110,-5.5,iter-2-scenario-996,2,ok,5,23.6,37.5,23.81,31.47
bristol,bradley stoke,voyager,QPSK,11100111,-6.5,iter-2-scenario-5875,2,ok,6,23.6,37.5,24.982,30.98
bristol,bradley stoke,voyager,QPSK,11100111,-6.0,iter-2-scenario-5876,2,ok,6,23.6,37.5,24.262,31.233
bristol,bradley stoke,voyager,QPSK,11100111,-5.5,iter-2-scenario-5877,2,ok,6,23.6,37.5,23.482,31.47
bristol,bradley stoke,voyager,QPSK,11101000,-6.5,iter-2-scenario-64,2,ok,4,23.6,37.5,25.438,30.98
bristol,bradley stoke,voyager,QPSK,11101000,-6.0,iter-2-scenario-65,2,ok,4,23.6,37.5,24.752,31.235
bristol,bradley stoke,voyager,QPSK,11101000,-5.5,iter-2-scenario-66,2,ok,4,23.6,37.5,24.003,31.47
bristol,bradley stoke,voyager,QPSK,11101001,-6.5,iter-2-scenario-5197,2,ok,5,23.6,37.5,25.476,30.98
bristol,bradley stoke,voyager,QPSK,11101001,-6.0,iter-2-scenario-5198,2,ok,5,23.6,37.5,24.794,31.234
bristol,bradley stoke,voyager,QPSK,11101001,-5.5,iter-2-scenario-5199,2,ok,5,23.6,37.5,24.046,31.47
bristol,bradley stoke,voyager,QPSK,11101010,-6.5,iter-2-scenario-730,2,ok,5,23.6,37.5,25.368,30.98
bristol,bradley stoke,voyager,QPSK,11101010,-6.0,iter-2-scenario-731,2,ok,5,23.6,37.5,24.68,31.234
bristol,bradley stoke,voyager,QPSK,11101010,-5.5,iter-2-scenario-732,2,ok,5,23.6,37.5,23.92,31.47
bristol,bradley stoke,voyager,QPSK,11101011,-6.5,iter-2-scenario-1105,2,ok,6,23.6,37.5,25.09,30.98
bristol,bradley stoke,voyager,QPSK,11101011,-6.0,iter-2-scenario-1106,2,ok,6,23.6,37.5,24.378,31.233
bristol,bradley stoke,voyager,QPSK,11101011,-5.5,iter-2-scenario-1107,2,ok,6,23.6,37.5,23.605,31.47
bristol,bradley stoke,voyager,QPSK,11101100,-6.5,iter-2-scenario-3826,2,ok,5,23.6,37.5,25.116,30.98
bristol,bradley stoke,voyager,QPSK,11101100,-6.0,iter-2-scenario-3827,2,ok,5,23.6,37.5,24.404,31.234
bristol,bradley stoke,voyager,QPSK,11101100,-5.5,iter-2-scenario-3828,2,ok,5,23.6,37.5,23.632,31.47
bristol,bradley stoke,voyager,QPSK,11101101,-6.5,iter-2-scenario-5527,2,ok,6,23.6,37.5,25.058,30.98
bristol,bradley stoke,voyager,QPSK,11101101,-6.0,iter-2-scenario-5528,2,ok,6,23.6,37.5,24.345,31.233
bristol,bradley stoke,voyager,QPSK,11101101,-5.5,iter-2-scenario-5529,2,ok,6,23.6,37.5,23.568,31.47
bristol,bradley stoke,voyager,QPSK,11101110,-6.5,iter-2-scenario-4543,2,ok,6,23.6,37.5,24.833,30.98
bristol,bradley stoke,voyager,QPSK,11101110,-6.0,iter-2-scenario-4544,2,ok,6,23.6,37.5,24.105,31.233
bristol,bradley stoke,voyager,QPSK,11101110,-5.5,iter-2-scenario-4545,2,ok,6,23.6,37.5,23.317,31.47
bristol,bradley stoke,voyager,QPSK,11101111,-6.5,iter-2-scenario-2203,2,ok,7,23.6,37.5,24.597,30.98
bristol,bradley stoke,voyager,QPSK,11101111,-6.0,iter-2-scenario-2204,2,ok,7,23.6,37.5,23.854,31.233
bristol,bradley stoke,voyager,QPSK,11101111,-5.5,iter-2-scenario-2205,2,ok,7,23.6,37.5,23.051,31.47
bristol,bradley stoke,voyager,QPSK,11110000,-6.5,iter-2-scenario-262,2,ok,4,23.6,37.5,25.098,30.98
bristol,bradley stoke,voyager,QPSK,11110000,-6.0,iter-2-scenario-263,2,ok,4,23.6,37.5,24.387,31.235
bristol,bradley stoke,voyager,QPSK,11110000,-5.5,iter-2-scenario-264,2,ok,4,23.6,37.5,23.613,31.47
bristol,bradley stoke,voyager,QPSK,11110001,-6.5,iter-2-scenario-6049,2,ok,5,23.6,37.5,25.246,30.98
bristol,bradley stoke,voyager,QPSK,11110001,-6.0,iter-2-scenario-6050,2,ok,5,23.6,37.5,24.552,31.234
bristol,bradley stoke,voyager,QPSK,11110001,-5.5,iter-2-scenario-6051,2,ok,5,23.6,37.5,23.79,31.47
bristol,bradley stoke,voyager,QPSK,11110010,-6.5,iter-2-scenario-1675,2,ok,5,23.6,37.5,25.176,30.98
bristol,bradley stoke,voyager,QPSK,11110010,-6.0,iter-2-scenario-1676,2,ok,5,23.6,37.5,24.472,31.234
bristol,bradley stoke,voyager,QPSK,11110010,-5.5,iter-2-scenario-1677,2,ok,5,23.6,37.5,23.708,31.47
bristol,bradley stoke,voyager,QPSK,11110011,-6.5,iter-2-scenario-3946,2,ok,6,23.6,37.5,24.958,30.98
bristol,bradley stoke,voyager,QPSK,11110011,-6.0,iter-2-scenario-3947,2,ok,6,23.6,37.5,24.237,31.233
bristol,bradley stoke,voyager,QPSK,11110011,-5.5,iter-2-scenario-3948,2,ok,6,23.6,37.5,23.457,31.47
bristol,bradley stoke,voyager,QPSK,11110100,-6.5,iter-2-scenario-2440,2,ok,5,23.6,37.5,25.054,30.98
bristol,bradley stoke,voyager,QPSK,11110100,-6.0,iter-2-scenario-2441,2,ok,5,23.6,37.5,24.342,31.234
bristol,bradley stoke,voyager,QPSK,11110100,-5.5,iter-2-scenario-2442,2,ok,5,23.6,37.5,23.57,31.47
bristol,bradley stoke,voyager,QPSK,11110101,-6.5,iter-2-scenario-1573,2,ok,6,23.6,37.5,25.027,30.98
bristol,bradley stoke,voyager,QPSK,11110101,-6.0,iter-2-scenario-1574,2,ok,6,23.6,37.5,24.313,31.233
bristol,bradley stoke,voyager,QPSK,11110101,-5.5,iter-2-scenario-1575,2,ok,6,23.6,37.5,23.537,31.47
bristol,bradley stoke,voyager,QPSK,11110110,-6.5,iter-2-scenario-3859,2,ok,6,23.6,37.5,24.818,30.98
bristol,bradley stoke,voyager,QPSK,11110110,-6.0,iter-2-scenario-3860,2,ok,6,23.6,37.5,24.09,31.233
bristol,bradley stoke,voyager,QPSK,11110110,-5.5,iter-2-scenario-3861,2,ok,6,23.6,37.5,23.3,31.47
bristol,bradley stoke,voyager,QPSK,11110111,-6.5,iter-2-scenario-5113,2,ok,7,23.6,37.5,24.597,30.98
bristol,bradley stoke,voyager,QPSK,11110111,-6.0,iter-2-scenario-5114,2,ok,7,23.6,37.5,23.853,31.233
bristol,bradley stoke,voyager,QPSK,11110111,-5.5,iter-2-scenario-5115,2,ok,7,23.6,37.5,23.053,31.47
bristol,bradley stoke,voyager,QPSK,11111000,-6.5,iter-2-scenario-4234,2,ok,5,23.6,37.5,24.778,30.98
bristol,bradley stoke,voyager,QPSK,11111000,-6.0,iter-2-scenario-4235,2,ok,5,23.6,37.5,24.046,31.234
bristol,bradley stoke,voyager,QPSK,11111000,-5.5,iter-2-scenario-4236,2,ok,5,23.6,37.5,23.256,31.47
bristol,bradley stoke,voyager,QPSK,11111001,-6.5,iter-2-scenario-1912,2,ok,6,23.6,37.5,24.862,30.98
bristol,bradley stoke,voyager,QPSK,11111001,-6.0,iter-2-scenario-1913,2,ok,6,23.6,37.5,24.138,31.233
bristol,bradley stoke,voyager,QPSK,11111001,-5.5,iter-2-scenario-1914,2,ok,6,23.6,37.5,23.355,31.47
bristol,bradley stoke,voyager,QPSK,11111010,-6.5,iter-2-scenario-2260,2,ok,6,23.6,37.5,24.76,30.98
bristol,bradley stoke,voyager,QPSK,11111010,-6.0,iter-2-scenario-2261,2,ok,6,23.6,37.5,24.028,31.233
bristol,bradley stoke,voyager,QPSK,11111010,-5.5,iter-2-scenario-2262,2,ok,6,23.6,37.5,23.238,31.47
bristol,bradley stoke,voyager,QPSK,11111011,-6.5,iter-2-scenario-1441,2,ok,7,23.6,37.5,24.579,30.98
bristol,bradley stoke,voyager,QPSK,11111011,-6.0,iter-2-scenario-1442,2,ok,7,23.6,37.5,23.831,31.233
bristol,bradley stoke,voyager,QPSK,11111011,-5.5,iter-2-scenario-1443,2,ok,7,23.6,37.5,23.033,31.47
bristol,bradley stoke,voyager,QPSK,11111100,-6.5,iter-2-scenario-3529,2,ok,6,23.6,37.5,24.533,30.98
bristol,bradley stoke,voyager,QPSK,11111100,-6.0,iter-2-scenario-3530,2,ok,6,23.6,37.5,23.783,31.233
bristol,bradley stoke,voyager,QPSK,11111100,-5.5,iter-2-scenario-3531,2,ok,6,23.6,37.5,22.98,31.47
bristol,bradley stoke,voyager,QPSK,11111101,-6.5,iter-2-scenario-334,2,ok,7,23.6,37.5,24.523,30.98
bristol,bradley stoke,voyager,QPSK,11111101,-6.0,iter-2-scenario-335,2,ok,7,23.6,37.5,23.777,31.233
bristol,bradley stoke,voyager,QPSK,11111101,-5.5,iter-2-scenario-336,2,ok,7,23.6,37.5,22.976,31.47
bristol,bradley stoke,voyager,QPSK,11111110,-6.5,iter-2-scenario-4144,2,ok,7,23.6,37.5,24.33,30.98
bristol,bradley stoke,voyager,QPSK,11111110,-6.0,iter-2-scenario-4145,2,ok,7,23.6,37.5,23.567,31.233
bristol,bradley stoke,voyager,QPSK,11111110,-5.5,iter-2-scenario-4146,2,ok,7,23.6,37.5,22.757,31.47
bristol,bradley stoke,voyager,QPSK,11111111,-6.5,iter-2-scenario-4999,2,ok,8,23.6,37.5,24.159,30.98
bristol,bradley stoke,voyager,QPSK,11111111,-6.0,iter-2-scenario-5000,2,ok,8,23.6,37.5,23.391,31.233
bristol,bradley stoke,voyager,QPSK,11111111,-5.5,iter-2-scenario-5001,2,ok,8,23.6,37.5,22.569,31.47
bristol,froxfield,voyager,16QAM,00000000,-6.5,iter-2-scenario-736,2,no_signal,0,118.2,50.0,,
bristol,froxfield,voyager,16QAM,00000000,-6.0,iter-2-scenario-737,2,no_signal,0,118.2,50.0,,
bristol,froxfield,voyager,16QAM,00000000,-5.5,iter-2-scenario-738,2,no_signal,0,118.2,50.0,,
bristol,froxfield,voyager,16QAM,00000001,-6.5,iter-2-scenario-1828,2,ok,1,118.2,50.0,9.77,30.66
bristol,froxfield,voyager,16QAM,00000001,-6.0,iter-2-scenario-1829,2,ok,1,118.2,50.0,9.77,30.89
bristol,froxfield,voyager,16QAM,00000001,-5.5,iter-2-scenario-1830,2,ok,1,118.2,50.0,9.75,31.11
bristol,froxfield,voyager,16QAM,00000010,-6.5,iter-2-scenario-1906,2,ok,1,118.2,50.0,9.78,30.66
bristol,froxfield,voyager,16QAM,00000010,-6.0,iter-2-scenario-1907,2,ok,1,118.2,50.0,9.77,30.89
bristol,froxfield,voyager,16QAM,00000010,-5.5,iter-2-scenario-1908,2,ok,1,118.2,50.0,9.76,31.11
bristol,froxfield,voyager,16QAM,00000011,-6.5,iter-2-scenario-4768,2,ok,2,118.2,50.0,8.015,30.66
bristol,froxfield,voyager,16QAM,00000011,-6.0,iter-2-scenario-4769,2,ok,2,118.2,50.0,8.005,30.89
bristol,froxfield,voyager,16QAM,00000011,-5.5,iter-2-scenario-4770,2,ok,2,118.2,50.0,7.99,31.11
bristol,froxfield,voyager,16QAM,00000100,-6.5,iter-2-scenario-1525,2,ok,1,118.2,50.0,9.79,30.66
bristol,froxfield,voyager,16QAM,00000100,-6.0,iter-2-scenario-1526,2,ok,1,118.2,50.0,9.78,30.89
bristol,froxfield,voyager,16QAM,00000100,-5.5,iter-2-scenario-1527,2,ok,1,118.2,50.0,9.76,31.11
bristol,froxfield,voyager,16QAM,00000101,-6.5,iter-2-scenario-187,2,ok,2,118.2,50.0,8.845,30.66
bristol,froxfield,voyager,16QAM,00000101,-6.0,iter-2-scenario-188,2,ok,2,118.2,50.0,8.835,30.89
bristol,froxfield,voyager,16QAM,00000101,-5.5,iter-2-scenario-189,2,ok,2,118.2,50.0,8.825,31.11
bristol,froxfield,voyager,16QAM,00000110,-6.5,iter-2-scenario-3721,2,ok,2,118.2,50.0,8.02,30.66
bristol,froxfield,voyager,16QAM,00000110,-6.0,iter-2-scenario-3722,2,ok,2,118.2,50.0,8.01,30.89
bristol,froxfield,voyager,16QAM,00000110,-5.5,iter-2-scenario-3723,2,ok,2,118.2,50.0,7.995,31.11
bristol,froxfield,voyager,16QAM,00000111,-6.5,iter-2-scenario-976,2,ok,3,118.2,50.0,7.097,30.66
bristol,froxfield,voyager,16QAM,00000111,-6.0,iter-2-scenario-977,2,ok,3,118.2,50.0,7.087,30.89
bristol,froxfield,voyager,16QAM,00000111,-5.5,iter-2-scenario-978,2,ok,3,118.2,50.0,7.073,31.11
bristol,froxfield,voyager,16QAM,00001000,-6.5,iter-2-scenario-3811,2,ok,1,118.2,50.0,9.79,30.66
bristol,froxfield,voyager,16QAM,00001000,-6.0,iter-2-scenario-3812,2,ok,1,118.2,50.0,9.78,30.89
bristol,froxfield,voyager,16QAM,00001000,-5.5,iter-2-scenario-3813,2,ok,1,118.2,50.0,9.77,31.11
bristol,froxfield,voyager,16QAM,00001001,-6.5,iter-2-scenario-256,2,ok,2,118.2,50.0,9.145,30.66
bristol,froxfield,voyager,16QAM,00001001,-6.0,iter-2-scenario-257,2,ok,2,118.2,50.0,9.135,30.89
bristol,froxfield,voyager,16QAM,00001001,-5.5,iter-2-scenario-258,2,ok,2,118.2,50.0,9.12,31.11
bristol,froxfield,voyager,16QAM,00001010,-6.5,iter-2-scenario-2026,2,ok,2,118.2,50.0,8.855,30.66
bristol,froxfield,voyager,16QAM,00001010,-6.0,iter-2-scenario-2027,2,ok,2,118.2,50.0,8.845,30.89
bristol,froxfield,voyager,16QAM,00001010,-5.5,iter-2-scenario-2028,2,ok,2,118.2,50.0,8.825,31.11
bristol,froxfield,voyager,16QAM,00001011,-6.5,iter-2-scenario-4111,2,ok,3,118.2,50.0,7.72,30.66
bristol,froxfield,voyager,16QAM,00001011,-6.0,iter-2-scenario-4112,2,ok,3,118.2,50.0,7.707,30.89
bristol,froxfield,voyager,16QAM,00001011,-5.5,iter-2-scenario-4113,2,ok,3,118.2,50.0,7.697,31.11
bristol,froxfield,voyager,16QAM,00001100,-6.5,iter-2-scenario-4573,2,ok,2,118.2,50.0,8.025,30.66
bristol,froxfield,voyager,16QAM,00001100,-6.0,iter-2-scenario-4574,2,ok,2,118.2,50.0,8.015,30.89
bristol,froxfield,voyager,16QAM,00001100,-5.5,iter-2-scenario-4575,2,ok,2,118.2,50.0,8.005,31.11
bristol,froxfield,voyager,16QAM,00001101,-6.5,iter-2-scenario-2683,2,ok,3,118.2,50.0,7.72,30.66
bristol,froxfield,voyager,16QAM,00001101,-6.0,iter-2-scenario-2684,2,ok,3,118.2,50.0,7.71,30.89
bristol,froxfield,voyager,16QAM,00001101,-5.5,iter-2-scenario-2685,2,ok,3,118.2,50.0,7.7,31.11
bristol,froxfield,voyager,16QAM,00001110,-6.5,iter-2-scenario-415,2,ok,3,118.2,50.0,7.103,30.66
bristol,froxfield,voyager,16QAM,00001110,-6.0,iter-2-scenario-416,2,ok,3,118.2,50.0,7.093,30.89
bristol,froxfield,voyager,16QAM,00001110,-5.5,iter-2-scenario-417,2,ok,3,118.2,50.0,7.077,31.11
bristol,froxfield,voyager,16QAM,00001111,-6.5,iter-2-scenario-58,2,ok,4,118.2,50.0,6.49,30.66
bristol,froxfield,voyager,16QAM,00001111,-6.0,iter-2-scenario-59,2,ok,4,118.2,50.0,6.478,30.89
bristol,froxfield,voyager,16QAM,00001111,-5.5,iter-2-scenario-60,2,ok,4,118.2,50.0,6.468,31.11
bristol,froxfield,voyager,16QAM,00010000,-6.5,iter-2-scenario-763,2,ok,1,118.2,50.0,9.8,30.66
bristol,froxfield,voyager,16QAM,00010000,-6.0,iter-2-scenario-764,2,ok,1,118.2,50.0,9.79,30.89
bristol,froxfield,voyager,16QAM,00010000,-5.5,iter-2-scenario-765,2,ok,1,118.2,50.0,9.78,31.11
bristol,froxfield,voyager,16QAM,00010001,-6.5,iter-2-scenario-223,2,ok,2,118.2,50.0,9.3,30.66
bristol,froxfield,voyager,16QAM,00010001,-6.0,iter-2-scenario-224,2,ok,2,118.2,50.0,9.29,30.89
bristol,froxfield,voyager,16QAM,00010001,-5.5,iter-2-scenario-225,2,ok,2,118.2,50.0,9.28,31.11
bristol,froxfield,voyager,16QAM,00010010,-6.5,iter-2-scenario-3208,2,ok,2,118.2,50.0,9.15,30.66
bristol,froxfield,voyager,16QAM,00010010,-6.0,iter-2-scenario-3209,2,ok,2,118.2,50.0,9.14,30.89
bristol,froxfield,voyager,16QAM,00010010,-5.5,iter-2-scenario-3210,2,ok,2,118.2,50.0,9.13,31.11
bristol,froxfield,voyager,16QAM,00010011,-6.5,iter-2-scenario-4951,2,ok,3,118.2,50.0,7.973,30.66
bristol,froxfield,voyager,16QAM,00010011,-6.0,iter-2-scenario-4952,2,ok,3,118.2,50.0,7.963,30.89
bristol,froxfield,voyager,16QAM,00010011,-5.5,iter-2-scenario-4953,2,ok,3,118.2,50.0,7.95,31.11
bristol,froxfield,voyager,16QAM,00010100,-6.5,iter-2-scenario-3019,2,ok,2,118.2,50.0,8.855,30.66
bristol,froxfield,voyager,16QAM,00010100,-6.0,iter-2-scenario-3020,2,ok,2,118.2,50.0,8.845,30.89
bristol,froxfield,voyager,16QAM,00010100,-5.5,iter-2-scenario-3021,2,ok,2,118.2,50.0,8.835,31.11
bristol,froxfield,voyager,16QAM,00010101,-6.5,iter-2-scenario-6139,2,ok,3,118.2,50.0,8.31,30.66
bristol,froxfield,voyager,16QAM,00010101,-6.0,iter-2-scenario-6140,2,ok,3,118.2,50.0,8.3,30.89
bristol,froxfield,voyager,16QAM,00010101,-5.5,iter-2-scenario-6141,2,ok,3,118.2,50.0,8.287,31.11
bristol,froxfield,voyager,16QAM,00010110,-6.5,iter-2-scenario-3346,2,ok,3,118.2,50.0,7.727,30.66
bristol,froxfield,voyager,16QAM,00010110,-6.0,iter-2-scenario-3347,2,ok,3,118.2,50.0,7.717,30.89
bristol,froxfield,voyager,16QAM,00010110,-5.5,iter-2-scenario-3348,2,ok,3,118.2,50.0,7.707,31.11
bristol,froxfield,voyager,16QAM,00010111,-6.5,iter-2-scenario-1237,2,ok,4,118.2,50.0,6.973,30.66
bristol,froxfield,voyager,16QAM,00010111,-6.0,iter-2-scenario-1238,2,ok,4,118.2,50.0,6.96,30.89
bristol,froxfield,voyager,16QAM,00010111,-5.5,iter-2-scenario-1239,2,ok,4,118.2,50.0,6.947,31.11
bristol,froxfield,voyager,16QAM,00011000,-6.5,iter-2-scenario-2092,2,ok,2,118.2,50.0,8.035,30.66
bristol,froxfield,voyager,16QAM,00011000,-6.0,iter-2-scenario-2093,2,ok,2,118.2,50.0,8.025,30.89
bristol,froxfield,voyager,16QAM,00011000,-5.5,iter-2-scenario-2094,2,ok,2,118.2,50.0,8.01,31.11
bristol,froxfield,voyager,16QAM,00011001,-6.5,iter-2-scenario-5533,2,ok,3,118.2,50.0,7.977,30.66
bristol,froxfield,voyager,16QAM,00011001,-6.0,iter-2-scenario-5534,2,ok,3,118.2,50.0,7.967,30.89
bristol,froxfield,voyager,16QAM,00011001,-5.5,iter-2-scenario-5535,2,ok,3,118.2,50.0,7.953,31.11
bristol,froxfield,voyager,16QAM,00011010,-6.5,iter-2-scenario-2449,2,ok,3,118.2,50.0,7.73,30.66
bristol,froxfield,voyager,16QAM,00011010,-6.0,iter-2-scenario-2450,2,ok,3,118.2,50.0,7.72,30.89
bristol,froxfield,voyager,16QAM,00011010,-5.5,iter-2-scenario-2451,2,ok,3,118.2,50.0,7.707,31.11
bristol,froxfield,voyager,16QAM,00011011,-6.5,iter-2-scenario-5107,2,ok,4,118.2,50.0,7.055,30.66
bristol,froxfield,voyager,16QAM,00011011,-6.0,iter-2-scenario-5108,2,ok,4,118.2,50.0,7.045,30.89
bristol,froxfield,voyager,16QAM,00011011,-5.5,iter-2-scenario-5109,2,ok,4,118.2,50.0,7.03,31.11
bristol,froxfield,voyager,16QAM,00011100,-6.5,iter-2-scenario-3697,2,ok,3,118.2,50.0,7.107,30.66
bristol,froxfield,voyager,16QAM,00011100,-6.0,iter-2-scenario-3698,2,ok,3,118.2,50.0,7.097,30.89
bristol,froxfield,voyager,16QAM,00011100,-5.5,iter-2-scenario-3699,2,ok,3,118.2,50.0,7.087,31.11
bristol,froxfield,voyager,16QAM,00011101,-6.5,iter-2-scenario-2332,2,ok,4,118.2,50.0,6.978,30.66
bristol,froxfield,voyager,16QAM,00011101,-6.0,iter-2-scenario-2333,2,ok,4,118.2,50.0,6.968,30.89
bristol,froxfield,voyager,16QAM,00011101,-5.5,iter-2-scenario-2334,2,ok,4,118.2,50.0,6.95,31.11
bristol,froxfield,voyager,16QAM,00011110,-6.5,iter-2-scenario-5017,2,ok,4,118.2,50.0,6.497,30.66
bristol,froxfield,voyager,16QAM,00011110,-6.0,iter-2-scenario-5018,2,ok,4,118.2,50.0,6.487,30.89
bristol,froxfield,voyager,16QAM,00011110,-5.5,iter-2-scenario-5019,2,ok,4,118.2,50.0,6.47,31.11
bristol,froxfield,voyager,16QAM,00011111,-6.5,iter-2-scenario-1582,2,ok,5,118.2,50.0,6.042,30.66
bristol,froxfield,voyager,16QAM,00011111,-6.0,iter-2-scenario-1583,2,ok,5,118.2,50.0,6.032,30.89
bristol,froxfield,voyager,16QAM,00011111,-5.5,iter-2-scenario-1584,2,ok,5,118.2,50.0,6.016,31.11
bristol,froxfield,voyager,16QAM,00100000,-6.5,iter-2-scenario-5068,2,ok,1,118.2,50.0,9.81,30.66
bristol,froxfield,voyager,16QAM,00100000,-6.0,iter-2-scenario-5069,2,ok,1,118.2,50.0,9.8,30.89
bristol,froxfield,voyager,16QAM,00100000,-5.5,iter-2-scenario-5070,2,ok,1,118.2,50.0,9.78,31.11
bristol,froxfield,voyager,16QAM,00100001,-6.5,iter-2-scenario-103,2,ok,2,118.2,50.0,9.395,30.66
bristol,froxfield,voyager,16QAM,00100001,-6.0,iter-2-scenario-104,2,ok,2,118.2,50.0,9.385,30.89
bristol,froxfield,voyager,16QAM,00100001,-5.5,iter-2-scenario-105,2,ok,2,118.2,50.0,9.375,31.11
bristol,froxfield,voyager,16QAM,00100010,-6.5,iter-2-scenario-3982,2,ok,2,118.2,50.0,9.305,30.66
bristol,froxfield,voyager,16QAM,00100010,-6.0,iter-2-scenario-3983,2,ok,2,118.2,50.0,9.3,30.89
bristol,froxfield,voyager,16QAM,00100010,-5.5,iter-2-scenario-3984,2,ok,2,118.2,50.0,9.285,31.11
bristol,froxfield,voyager,16QAM,00100011,-6.5,iter-2-scenario-3943,2,ok,3,118.2,50.0,8.113,30.66
bristol,froxfield,voyager,16QAM,00100011,-6.0,iter-2-scenario-3944,2,ok,3,118.2,50.0,8.103,30.89
bristol,froxfield,voyager,16QAM,00100011,-5.5,iter-2-scenario-3945,2,ok,3,118.2,50.0,8.09,31.11
bristol,froxfield,voyager,16QAM,00100100,-6.5,iter-2-scenario-2962,2,ok,2,118.2,50.0,9.16,30.66
bristol,froxfield,voyager,16QAM,00100100,-6.0,iter-2-scenario-2963,2,ok,2,118.2,50.0,9.15,30.89
bristol,froxfield,voyager,16QAM,00100100,-5.5,iter-2-scenario-2964,2,ok,2,118.2,50.0,9.13,31.11
bristol,froxfield,voyager,16QAM,00100101,-6.5,iter-2-scenario-3484,2,ok,3,118.2,50.0,8.547,30.66
bristol,froxfield,voyager,16QAM,00100101,-6.0,iter-2-scenario-3485,2,ok,3,118.2,50.0,8.537,30.89
bristol,froxfield,voyager,16QAM,00100101,-5.5,iter-2-scenario-3486,2,ok,3,118.2,50.0,8.517,31.11
bristol,froxfield,voyager,16QAM,00100110,-6.5,iter-2-scenario-3106,2,ok,3,118.2,50.0,7.98,30.66
bristol,froxfield,voyager,16QAM,00100110,-6.0,iter-2-scenario-3107,2,ok,3,118.2,50.0,7.97,30.89
bristol,froxfield,voyager,16QAM,00100110,-5.5,iter-2-scenario-3108,2,ok,3,118.2,50.0,7.953,31.11
bristol,froxfield,voyager,16QAM,00100111,-6.5,iter-2-scenario-1312,2,ok,4,118.2,50.0,7.18,30.66
bristol,froxfield,voyager,16QAM,00100111,-6.0,iter-2-scenario-1313,2,ok,4,118.2,50.0,7.17,30.89
bristol,froxfield,voyager,16QAM,00100111,-5.5,iter-2-scenario-1314,2,ok,4,118.2,50.0,7.152,31.11
bristol,froxfield,voyager,16QAM,00101000,-6.5,iter-2-scenario-4036,2,ok,2,118.2,50.0,8.865,30.66
bristol,froxfield,voyager,16QAM,00101000,-6.0,iter-2-scenario-4037,2,ok,2,118.2,50.0,8.855,30.89
bristol,froxfield,voyager,16QAM,00101000,-5.5,iter-2-scenario-4038,2,ok,2,118.2,50.0,8.84,31.11
bristol,froxfield,voyager,16QAM,00101001,-6.5,iter-2-scenario-691,2,ok,3,118.2,50.0,8.547,30.66
bristol,froxfield,voyager,16QAM,00101001,-6.0,iter-2-scenario-692,2,ok,3,118.2,50.0,8.537,30.89
bristol,froxfield,voyager,16QAM,00101001,-5.5,iter-2-scenario-693,2,ok,3,118.2,50.0,8.52,31.11
bristol,froxfield,voyager,16QAM,00101010,-6.5,iter-2-scenario-3478,2,ok,3,118.2,50.0,8.317,30.66
bristol,froxfield,voyager,16QAM,00101010,-6.0,iter-2-scenario-3479,2,ok,3,118.2,50.0,8.307,30.89
bristol,froxfield,voyager,16QAM,00101010,-5.5,iter-2-scenario-3480,2,ok,3,118.2,50.0,8.29,31.11
bristol,froxfield,voyager,16QAM,00101011,-6.5,iter-2-scenario-5488,2,ok,4,118.2,50.0,7.498,30.66
bristol,froxfield,voyager,16QAM,00101011,-6.0,iter-2-scenario-5489,2,ok,4,118.2,50.0,7.488,30.89
bristol,froxfield,voyager,16QAM,00101011,-5.5,iter-2-scenario-5490,2,ok,4,118.2,50.0,7.47,31.11
bristol,froxfield,voyager,16QAM,00101100,-6.5,iter-2-scenario-706,2,ok,3,118.2,50.0,7.737,30.66
bristol,froxfield,voyager,16QAM,00101100,-6.0,iter-2-scenario-707,2,ok,3,118.2,50.0,7.727,30.89
bristol,froxfield,voyager,16QAM,00101100,-5.5,iter-2-scenario-708,2,ok,3,118.2,50.0,7.707,31.11
bristol,froxfield,voyager,16QAM,00101101,-6.5,iter-2-scenario-3427,2,ok,4,118.2,50.0,7.45,30.66
bristol,froxfield,voyager,16QAM,00101101,-6.0,iter-2-scenario-3428,2,ok,4,118.2,50.0,7.44,30.89
bristol,froxfield,voyager,16QAM,00101101,-5.5,iter-2-scenario-3429,2,ok,4,118.2,50.0,7.43,31.11
bristol,froxfield,voyager,16QAM,00101110,-6.5,iter-2-scenario-6073,2,ok,4,118.2,50.0,6.98,30.66
bristol,froxfield,voyager,16QAM,00101110,-6.0,iter-2-scenario-6074,2,ok,4,118.2,50.0,6.968,30.89
bristol,froxfield,voyager,16QAM,00101110,-5.5,iter-2-scenario-6075,2,ok,4,118.2,50.0,6.955,31.11
bristol,froxfield,voyager,16QAM,00101111,-6.5,iter-2-scenario-3850,2,ok,5,118.2,50.0,6.43,30.66
bristol,froxfield,voyager,16QAM,00101111,-6.0,iter-2-scenario-3851,2,ok,5,118.2,50.0,6.42,30.89
bristol,froxfield,voyager,16QAM,00101111,-5.5,iter-2-scenario-3852,2,ok,5,118.2,50.0,6.406,31.11
bristol,froxfield,voyager,16QAM,00110000,-6.5,iter-2-scenario-4645,2,ok,2,118.2,50.0,8.04,30.66
bristol,froxfield,voyager,16QAM,00110000,-6.0,iter-2-scenario-4646,2,ok,2,118.2,50.0,8.03,30.89
bristol,froxfield,voyager,16QAM,00110000,-5.5,iter-2-scenario-4647,2,ok,2,118.2,50.0,8.015,31.11
bristol,froxfield,voyager,16QAM,00110001,-6.5,iter-2-scenario-3172,2,ok,3,118.2,50.0,8.12,30.66
bristol,froxfield,voyager,16QAM,00110001,-6.0,iter-2-scenario-3173,2,ok,3,118.2,50.0,8.11,30.89
bristol,froxfield,voyager,16QAM,00110001,-5.5,iter-2-scenario-3174,2,ok,3,118.2,50.0,8.097,31.11
bristol,froxfield,voyager,16QAM,00110010,-6.5,iter-2-scenario-1123,2,ok,3,118.2,50.0,7.983,30.66
bristol,froxfield,voyager,16QAM,00110010,-6.0,iter-2-scenario-1124,2,ok,3,118.2,50.0,7.973,30.89
bristol,froxfield,voyager,16QAM,00110010,-5.5,iter-2-scenario-1125,2,ok,3,118.2,50.0,7.96,31.11
bristol,froxfield,voyager,16QAM,00110011,-6.5,iter-2-scenario-2581,2,ok,4,118.2,50.0,7.308,30.66
bristol,froxfield,voyager,16QAM,00110011,-6.0,iter-2-scenario-2582,2,ok,4,118.2,50.0,7.298,30.89
bristol,froxfield,voyager,16QAM,00110011,-5.5,iter-2-scenario-2583,2,ok,4,118.2,50.0,7.28,31.11
bristol,froxfield,voyager,16QAM,00110100,-6.5,iter-2-scenario-4150,2,ok,3,118.2,50.0,7.737,30.66
bristol,froxfield,voyager,16QAM,00110100,-6.0,iter-2-scenario-4151,2,ok,3,118.2,50.0,7.727,30.89
bristol,froxfield,voyager,16QAM,00110100,-5.5,iter-2-scenario-4152,2,ok,3,118.2,50.0,7.71,31.11
bristol,froxfield,voyager,16QAM,00110101,-6.5,iter-2-scenario-4402,2,ok,4,118.2,50.0,7.5,30.66
bristol,froxfield,voyager,16QAM,00110101,-6.0,iter-2-scenario-4403,2,ok,4,118.2,50.0,7.49,30.89
bristol,froxfield,voyager,16QAM,00110101,-5.5,iter-2-scenario-4404,2,ok,4,118.2,50.0,7.478,31.11
bristol,froxfield,voyager,16QAM,00110110,-6.5,iter-2-scenario-2977,2,ok,4,118.2,50.0,7.06,30.66
bristol,froxfield,voyager,16QAM,00110110,-6.0,iter-2-scenario-2978,2,ok,4,118.2,50.0,7.05,30.89
bristol,froxfield,voyager,16QAM,00110110,-5.5,iter-2-scenario-2979,2,ok,4,118.2,50.0,7.035,31.11
bristol,froxfield,voyager,16QAM,00110111,-6.5,iter-2-scenario-5437,2,ok,5,118.2,50.0,6.524,30.66
bristol,froxfield,voyager,16QAM,00110111,-6.0,iter-2-scenario-5438,2,ok,5,118.2,50.0,6.514,30.89
bristol,froxfield,voyager,16QAM,00110111,-5.5,iter-2-scenario-5439,2,ok,5,118.2,50.0,6.496,31.11
bristol,froxfield,voyager,16QAM,00111000,-6.5,iter-2-scenario-5665,2,ok,3,118.2,50.0,7.117,30.66
bristol,froxfield,voyager,16QAM,00111000,-6.0,iter-2-scenario-5666,2,ok,3,118.2,50.0,7.107,30.89
bristol,froxfield,voyager,16QAM,00111000,-5.5,iter-2-scenario-5667,2,ok,3,118.2,50.0,7.093,31.11
bristol,froxfield,voyager,16QAM,00111001,-6.5,iter-2-scenario-1660,2,ok,4,118.2,50.0,7.188,30.66
bristol,froxfield,voyager,16QAM,00111001,-6.0,iter-2-scenario-1661,2,ok,4,118.2,50.0,7.178,30.89
bristol,froxfield,voyager,16QAM,00111001,-5.5,iter-2-scenario-1662,2,ok,4,118.2,50.0,7.162,31.11
bristol,froxfield,voyager,16QAM,00111010,-6.5,iter-2-scenario-5632,2,ok,4,118.2,50.0,6.982,30.66
bristol,froxfield,voyager,16QAM,00111010,-6.0,iter-2-scenario-5633,2,ok,4,118.2,50.0,6.97,30.89
bristol,froxfield,voyager,16QAM,00111010,-5.5,iter-2-scenario-5634,2,ok,4,118.2,50.0,6.957,31.11
bristol,froxfield,voyager,16QAM,00111011,-6.5,iter-2-scenario-1462,2,ok,5,118.2,50.0,6.526,30.66
bristol,froxfield,voyager,16QAM,00111011,-6.0,iter-2-scenario-1463,2,ok,5,118.2,50.0,6.516,30.89
bristol,froxfield,voyager,16QAM,00111011,-5.5,iter-2-scenario-1464,2,ok,5,118.2,50.0,6.5,31.11
bristol,froxfield,voyager,16QAM,00111100,-6.5,iter-2-scenario-4258,2,ok,4,118.2,50.0,6.502,30.66
bristol,froxfield,voyager,16QAM,00111100,-6.0,iter-2-scenario-4259,2,ok,4,118.2,50.0,6.492,30.89
bristol,froxfield,voyager,16QAM,00111100,-5.5,iter-2-scenario-4260,2,ok,4,118.2,50.0,6.478,31.11
bristol,froxfield,voyager,16QAM,00111101,-6.5,iter-2-scenario-2950,2,ok,5,118.2,50.0,6.436,30.66
bristol,froxfield,voyager,16QAM,00111101,-6.0,iter-2-scenario-2951,2,ok,5,118.2,50.0,6.426,30.89
bristol,froxfield,voyager,16QAM,00111101,-5.5,iter-2-scenario-2952,2,ok,5,118.2,50.0,6.412,31.11
bristol,froxfield,voyager,16QAM,00111110,-6.5,iter-2-scenario-1015,2,ok,5,118.2,50.0,6.048,30.66
bristol,froxfield,voyager,16QAM,00111110,-6.0,iter-2-scenario-1016,2,ok,5,118.2,50.0,6.038,30.89
bristol,froxfield,voyager,16QAM,00111110,-5.5,iter-2-scenario-1017,2,ok,5,118.2,50.0,6.024,31.11
bristol,froxfield,voyager,16QAM,00111111,-6.5,iter-2-scenario-5011,2,ok,6,118.2,50.0,5.69,30.66
bristol,froxfield,voyager,16QAM,00111111,-6.0,iter-2-scenario-5012,2,ok,6,118.2,50.0,5.678,30.89
bristol,froxfield,voyager,16QAM,00111111,-5.5,iter-2-scenario-5013,2,ok,6,118.2,50.0,5.665,31.11
bristol,froxfield,voyager,16QAM,01000000,-6.5,iter-2-scenario-5518,2,ok,1,118.2,50.0,9.81,30.66
bristol,froxfield,voyager,16QAM,01000000,-6.0,iter-2-scenario-5519,2,ok,1,118.2,50.0,9.8,30.89
bristol,froxfield,voyager,16QAM,01000000,-5.5,iter-2-scenario-5520,2,ok,1,118.2,50.0,9.79,31.11
bristol,froxfield,voyager,16QAM,01000001,-6.5,iter-2-scenario-2842,2,ok,2,118.2,50.0,9.465,30.66
bristol,froxfield,voyager,16QAM,01000001,-6.0,iter-2-scenario-2843,2,ok,2,118.2,50.0,9.455,30.89
bristol,froxfield,voyager,16QAM,01000001,-5.5,iter-2-scenario-2844,2,ok,2,118.2,50.0,9.44,31.11
bristol,froxfield,voyager,16QAM,01000010,-6.5,iter-2-scenario-4165,2,ok,2,118.2,50.0,9.405,30.66
bristol,froxfield,voyager,16QAM,01000010,-6.0,iter-2-scenario-4166,2,ok,2,118.2,50.0,9.395,30.89
bristol,froxfield,voyager,16QAM,01000010,-5.5,iter-2-scenario-4167,2,ok,2,118.2,50.0,9.385,31.11
bristol,froxfield,voyager,16QAM,01000011,-6.5,iter-2-scenario-5218,2,ok,3,118.2,50.0,8.203,30.66
bristol,froxfield,voyager,16QAM,01000011,-6.0,iter-2-scenario-5219,2,ok,3,118.2,50.0,8.193,30.89
bristol,froxfield,voyager,16QAM,01000011,-5.5,iter-2-scenario-5220,2,ok,3,118.2,50.0,8.18,31.11
bristol,froxfield,voyager,16QAM,01000100,-6.5,iter-2-scenario-19,2,ok,2,118.2,50.0,9.315,30.66
bristol,froxfield,voyager,16QAM,01000100,-6.0,iter-2-scenario-20,2,ok,2,118.2,50.0,9.305,30.89
bristol,froxfield,voyager,16QAM,01000100,-5.5,iter-2-scenario-21,2,ok,2,118.2,50.0,9.29,31.11
bristol,froxfield,voyager,16QAM,01000101,-6.5,iter-2-scenario-2605,2,ok,3,118.2,50.0,8.673,30.66
bristol,froxfield,voyager,16QAM,01000101,-6.0,iter-2-scenario-2606,2,ok,3,118.2,50.0,8.667,30.89
bristol,froxfield,voyager,16QAM,01000101,-5.5,iter-2-scenario-2607,2,ok,3,118.2,50.0,8.65,31.11
bristol,froxfield,voyager,16QAM,01000110,-6.5,iter-2-scenario-1855,2,ok,3,118.2,50.0,8.12,30.66
bristol,froxfield,voyager,16QAM,01000110,-6.0,iter-2-scenario-1856,2,ok,3,118.2,50.0,8.11,30.89
bristol,froxfield,voyager,16QAM,01000110,-5.5,iter-2-scenario-1857,2,ok,3,118.2,50.0,8.093,31.11
bristol,froxfield,voyager,16QAM,01000111,-6.5,iter-2-scenario-5986,2,ok,4,118.2,50.0,7.3,30.66
bristol,froxfield,voyager,16QAM,01000111,-6.0,iter-2-scenario-5987,2,ok,4,118.2,50.0,7.29,30.89
bristol,froxfield,voyager,16QAM,01000111,-5.5,iter-2-scenario-5988,2,ok,4,118.2,50.0,7.275,31.11
bristol,froxfield,voyager,16QAM,01001000,-6.5,iter-2-scenario-1060,2,ok,2,118.2,50.0,9.16,30.66
bristol,froxfield,voyager,16QAM,01001000,-6.0,iter-2-scenario-1061,2,ok,2,118.2,50.0,9.15,30.89
bristol,froxfield,voyager,16QAM,01001000,-5.5,iter-2-scenario-1062,2,ok,2,118.2,50.0,9.14,31.11
bristol,froxfield,voyager,16QAM,01001001,-6.5,iter-2-scenario-3595,2,ok,3,118.2,50.0,8.767,30.66
bristol,froxfield,voyager,16QAM,01001001,-6.0,iter-2-scenario-3596,2,ok,3,118.2,50.0,8.757,30.89
bristol,froxfield,voyager,16QAM,01001001,-5.5,iter-2-scenario-3597,2,ok,3,118.2,50.0,8.747,31.11
bristol,froxfield,voyager,16QAM,01001010,-6.5,iter-2-scenario-5923,2,ok,3,118.2,50.0,8.547,30.66
bristol,froxfield,voyager,16QAM,01001010,-6.0,iter-2-scenario-5924,2,ok,3,118.2,50.0,8.537,30.89
bristol,froxfield,voyager,16QAM,01001010,-5.5,iter-2-scenario-5925,2,ok,3,118.2,50.0,8.527,31.11
bristol,froxfield,voyager,16QAM,01001011,-6.5,iter-2-scenario-4102,2,ok,4,118.2,50.0,7.683,30.66
bristol,froxfield,voyager,16QAM,01001011,-6.0,iter-2-scenario-4103,2,ok,4,118.2,50.0,7.67,30.89
bristol,froxfield,voyager,16QAM,01001011,-5.5,iter-2-scenario-4104,2,ok,4,118.2,50.0,7.657,31.11
bristol,froxfield,voyager,16QAM,01001100,-6.5,iter-2-scenario-5149,2,ok,3,118.2,50.0,7.983,30.66
bristol,froxfield,voyager,16QAM,01001100,-6.0,iter-2-scenario-5150,2,ok,3,118.2,50.0,7.973,30.89
bristol,froxfield,voyager,16QAM,01001100,-5.5,iter-2-scenario-5151,2,ok,3,118.2,50.0,7.963,31.11
bristol,froxfield,voyager,16QAM,01001101,-6.5,iter-2-scenario-2269,2,ok,4,118.2,50.0,7.655,30.66
bristol,froxfield,voyager,16QAM,01001101,-6.0,iter-2-scenario-2270,2,ok,4,118.2,50.0,7.645,30.89
bristol,froxfield,voyager,16QAM,01001101,-5.5,iter-2-scenario-2271,2,ok,4,118.2,50.0,7.63,31.11
bristol,froxfield,voyager,16QAM,01001110,-6.5,iter-2-scenario-2761,2,ok,4,118.2,50.0,7.188,30.66
bristol,froxfield,voyager,16QAM,01001110,-6.0,iter-2-scenario-2762,2,ok,4,118.2,50.0,7.173,30.89
bristol,froxfield,voyager,16QAM,01001110,-5.5,iter-2-scenario-2763,2,ok,4,118.2,50.0,7.162,31.11
bristol,froxfield,voyager,16QAM,01001111,-6.5,iter-2-scenario-892,2,ok,5,118.2,50.0,6.606,30.66
bristol,froxfield,voyager,16QAM,01001111,-6.0,iter-2-scenario-893,2,ok,5,118.2,50.0,6.596,30.89
bristol,froxfield,voyager,16QAM,01001111,-5.5,iter-2-scenario-894,2,ok,5,118.2,50.0,6.58,31.11
bristol,froxfield,voyager,16QAM,01010000,-6.5,iter-2-scenario-3760,2,ok,2,118.2,50.0,8.87,30.66
bristol,froxfield,voyager,16QAM,01010000,-6.0,iter-2-scenario-3761,2,ok,2,118.2,50.0,8.86,30.89
bristol,froxfield,voyager,16QAM,01010000,-5.5,iter-2-scenario-3762,2,ok,2,118.2,50.0,8.845,31.11
bristol,froxfield,voyager,16QAM,01010001,-6.5,iter-2-scenario-3652,2,ok,3,118.2,50.0,8.68,30.66
bristol,froxfield,voyager,16QAM,01010001,-6.0,iter-2-scenario-3653,2,ok,3,118.2,50.0,8.67,30.89
bristol,froxfield,voyager,16QAM,01010001,-5.5,iter-2-scenario-3654,2,ok,3,118.2,50.0,8.653,31.11
bristol,froxfield,voyager,16QAM,01010010,-6.5,iter-2-scenario-2566,2,ok,3,118.2,50.0,8.55,30.66
bristol,froxfield,voyager,16QAM,01010010,-6.0,iter-2-scenario-2567,2,ok,3,118.2,50.0,8.54,30.89
bristol,froxfield,voyager,16QAM,01010010,-5.5,iter-2-scenario-2568,2,ok,3,118.2,50.0,8.53,31.11
bristol,froxfield,voyager,16QAM,01010011,-6.5,iter-2-scenario-3163,2,ok,4,118.2,50.0,7.728,30.66
bristol,froxfield,voyager,16QAM,01010011,-6.0,iter-2-scenario-3164,2,ok,4,118.2,50.0,7.717,30.89
bristol,froxfield,voyager,16QAM,01010011,-5.5,iter-2-scenario-3165,2,ok,4,118.2,50.0,7.707,31.11
bristol,froxfield,voyager,16QAM,01010100,-6.5,iter-2-scenario-5749,2,ok,3,118.2,50.0,8.32,30.66
bristol,froxfield,voyager,16QAM,01010100,-6.0,iter-2-scenario-5750,2,ok,3,118.2,50.0,8.31,30.89
bristol,froxfield,voyager,16QAM,01010100,-5.5,iter-2-scenario-5751,2,ok,3,118.2,50.0,8.297,31.11
bristol,froxfield,voyager,16QAM,01010101,-6.5,iter-2-scenario-4696,2,ok,4,118.2,50.0,7.94,30.66
bristol,froxfield,voyager,16QAM,01010101,-6.0,iter-2-scenario-4697,2,ok,4,118.2,50.0,7.93,30.89
bristol,froxfield,voyager,16QAM,01010101,-5.5,iter-2-scenario-4698,2,ok,4,118.2,50.0,7.915,31.11
bristol,froxfield,voyager,16QAM,01010110,-6.5,iter-2-scenario-1873,2,ok,4,118.2,50.0,7.5,30.66
bristol,froxfield,voyager,16QAM,01010110,-6.0,iter-2-scenario-1874,2,ok,4,118.2,50.0,7.49,30.89
bristol,froxfield,voyager,16QAM,01010110,-5.5,iter-2-scenario-1875,2,ok,4,118.2,50.0,7.478,31.11
bristol,froxfield,voyager,16QAM,01010111,-6.5,iter-2-scenario-5281,2,ok,5,118.2,50.0,6.876,30.66
bristol,froxfield,voyager,16QAM,01010111,-6.0,iter-2-scenario-5282,2,ok,5,118.2,50.0,6.866,30.89
bristol,froxfield,voyager,16QAM,01010111,-5.5,iter-2-scenario-5283,2,ok,5,118.2,50.0,6.852,31.11
bristol,froxfield,voyager,16QAM,01011000,-6.5,iter-2-scenario-628,2,ok,3,118.2,50.0,7.737,30.66
bristol,froxfield,voyager,16QAM,01011000,-6.0,iter-2-scenario-629,2,ok,3,118.2,50.0,7.727,30.89
bristol,froxfield,voyager,16QAM,01011000,-5.5,iter-2-scenario-630,2,ok,3,118.2,50.0,7.717,31.11
bristol,froxfield,voyager,16QAM,01011001,-6.5,iter-2-scenario-3067,2,ok,4,118.2,50.0,7.657,30.66
bristol,froxfield,voyager,16QAM,01011001,-6.0,iter-2-scenario-3068,2,ok,4,118.2,50.0,7.647,30.89
bristol,froxfield,voyager,16QAM,01011001,-5.5,iter-2-scenario-3069,2,ok,4,118.2,50.0,7.635,31.11
bristol,froxfield,voyager,16QAM,01011010,-6.5,iter-2-scenario-5059,2,ok,4,118.2,50.0,7.46,30.66
bristol,froxfield,voyager,16QAM,01011010,-6.0,iter-2-scenario-5060,2,ok,4,118.2,50.0,7.45,30.89
bristol,froxfield,voyager,16QAM,01011010,-5.5,iter-2-scenario-5061,2,ok,4,118.2,50.0,7.433,31.11
bristol,froxfield,voyager,16QAM,01011011,-6.5,iter-2-scenario-5764,2,ok,5,118.2,50.0,6.904,30.66
bristol,froxfield,voyager,16QAM,01011011,-6.0,iter-2-scenario-5765,2,ok,5,118.2,50.0,6.894,30.89
bristol,froxfield,voyager,16QAM,01011011,-5.5,iter-2-scenario-5766,2,ok,5,118.2,50.0,6.88,31.11
bristol,froxfield,voyager,16QAM,01011100,-6.5,iter-2-scenario-4708,2,ok,4,118.2,50.0,6.985,30.66
bristol,froxfield,voyager,16QAM,01011100,-6.0,iter-2-scenario-4709,2,ok,4,118.2,50.0,6.975,30.89
bristol,froxfield,voyager,16QAM,01011100,-5.5,iter-2-scenario-4710,2,ok,4,118.2,50.0,6.96,31.11
bristol,froxfield,voyager,16QAM,01011101,-6.5,iter-2-scenario-397,2,ok,5,118.2,50.0,6.824,30.66
bristol,froxfield,voyager,16QAM,01011101,-6.0,iter-2-scenario-398,2,ok,5,118.2,50.0,6.814,30.89
bristol,froxfield,voyager,16QAM,01011101,-5.5,iter-2-scenario-399,2,ok,5,118.2,50.0,6.796,31.11
bristol,froxfield,voyager,16QAM,01011110,-6.5,iter-2-scenario-2074,2,ok,5,118.2,50.0,6.436,30.66
bristol,froxfield,voyager,16QAM,01011110,-6.0,iter-2-scenario-2075,2,ok,5,118.2,50.0,6.426,30.89
bristol,froxfield,voyager,16QAM,01011110,-5.5,iter-2-scenario-2076,2,ok,5,118.2,50.0,6.416,31.11
bristol,froxfield,voyager,16QAM,01011111,-6.5,iter-2-scenario-1348,2,ok,6,118.2,50.0,6.015,30.66
bristol,froxfield,voyager,16QAM,01011111,-6.0,iter-2-scenario-1349,2,ok,6,118.2,50.0,6.003,30.89
bristol,froxfield,voyager,16QAM,01011111,-5.5,iter-2-scenario-1350,2,ok,6,118.2,50.0,5.99,31.11
bristol,froxfield,voyager,16QAM,01100000,-6.5,iter-2-scenario-1750,2,ok,2,118.2,50.0,8.045,30.66
bristol,froxfield,voyager,16QAM,01100000,-6.0,iter-2-scenario-1751,2,ok,2,118.2,50.0,8.035,30.89
bristol,froxfield,voyager,16QAM,01100000,-5.5,iter-2-scenario-1752,2,ok,2,118.2,50.0,8.025,31.11
bristol,froxfield,voyager,16QAM,01100001,-6.5,iter-2-scenario-4339,2,ok,3,118.2,50.0,8.213,30.66
bristol,froxfield,voyager,16QAM,01100001,-6.0,iter-2-scenario-4340,2,ok,3,118.2,50.0,8.203,30.89
bristol,froxfield,voyager,16QAM,01100001,-5.5,iter-2-scenario-4341,2,ok,3,118.2,50.0,8.187,31.11
bristol,froxfield,voyager,16QAM,01100010,-6.5,iter-2-scenario-2233,2,ok,3,118.2,50.0,8.127,30.66
bristol,froxfield,voyager,16QAM,01100010,-6.0,iter-2-scenario-2234,2,ok,3,118.2,50.0,8.117,30.89
bristol,froxfield,voyager,16QAM,01100010,-5.5,iter-2-scenario-2235,2,ok,3,118.2,50.0,8.103,31.11
bristol,froxfield,voyager,16QAM,01100011,-6.5,iter-2-scenario-4852,2,ok,4,118.2,50.0,7.453,30.66
bristol,froxfield,voyager,16QAM,01100011,-6.0,iter-2-scenario-4853,2,ok,4,118.2,50.0,7.442,30.89
bristol,froxfield,voyager,16QAM,01100011,-5.5,iter-2-scenario-4854,2,ok,4,118.2,50.0,7.433,31.11
bristol,froxfield,voyager,16QAM,01100100,-6.5,iter-2-scenario-1417,2,ok,3,118.2,50.0,7.99,30.66
bristol,froxfield,voyager,16QAM,01100100,-6.0,iter-2-scenario-1418,2,ok,3,118.2,50.0,7.98,30.89
bristol,froxfield,voyager,16QAM,01100100,-5.5,iter-2-scenario-1419,2,ok,3,118.2,50.0,7.967,31.11
bristol,froxfield,voyager,16QAM,01100101,-6.5,iter-2-scenario-5575,2,ok,4,118.2,50.0,7.732,30.66
bristol,froxfield,voyager,16QAM,01100101,-6.0,iter-2-scenario-5576,2,ok,4,118.2,50.0,7.723,30.89
bristol,froxfield,voyager,16QAM,01100101,-5.5,iter-2-scenario-5577,2,ok,4,118.2,50.0,7.713,31.11
bristol,froxfield,voyager,16QAM,01100110,-6.5,iter-2-scenario-4462,2,ok,4,118.2,50.0,7.31,30.66
bristol,froxfield,voyager,16QAM,01100110,-6.0,iter-2-scenario-4463,2,ok,4,118.2,50.0,7.3,30.89
bristol,froxfield,voyager,16QAM,01100110,-5.5,iter-2-scenario-4464,2,ok,4,118.2,50.0,7.287,31.11
bristol,froxfield,voyager,16QAM,01100111,-6.5,iter-2-scenario-3535,2,ok,5,118.2,50.0,6.75,30.66
bristol,froxfield,voyager,16QAM,01100111,-6.0,iter-2-scenario-3536,2,ok,5,118.2,50.0,6.74,30.89
bristol,froxfield,voyager,16QAM,01100111,-5.5,iter-2-scenario-3537,2,ok,5,118.2,50.0,6.726,31.11
bristol,froxfield,voyager,16QAM,01101000,-6.5,iter-2-scenario-1801,2,ok,3,118.2,50.0,7.74,30.66
bristol,froxfield,voyager,16QAM,01101000,-6.0,iter-2-scenario-1802,2,ok,3,118.2,50.0,7.73,30.89
bristol,froxfield,voyager,16QAM,01101000,-5.5,iter-2-scenario-1803,2,ok,3,118.2,50.0,7.72,31.11
bristol,froxfield,voyager,16QAM,01101001,-6.5,iter-2-scenario-943,2,ok,4,118.2,50.0,7.688,30.66
bristol,froxfield,voyager,16QAM,01101001,-6.0,iter-2-scenario-944,2,ok,4,118.2,50.0,7.678,30.89
bristol,froxfield,voyager,16QAM,01101001,-5.5,iter-2-scenario-945,2,ok,4,118.2,50.0,7.668,31.11
bristol,froxfield,voyager,16QAM,01101010,-6.5,iter-2-scenario-529,2,ok,4,118.2,50.0,7.507,30.66
bristol,froxfield,voyager,16QAM,01101010,-6.0,iter-2-scenario-530,2,ok,4,118.2,50.0,7.497,30.89
bristol,froxfield,voyager,16QAM,01101010,-5.5,iter-2-scenario-531,2,ok,4,118.2,50.0,7.48,31.11
bristol,froxfield,voyager,16QAM,01101011,-6.5,iter-2-scenario-4276,2,ok,5,118.2,50.0,6.956,30.66
bristol,froxfield,voyager,16QAM,01101011,-6.0,iter-2-scenario-4277,2,ok,5,118.2,50.0,6.946,30.89
bristol,froxfield,voyager,16QAM,01101011,-5.5,iter-2-scenario-4278,2,ok,5,118.2,50.0,6.936,31.11
bristol,froxfield,voyager,16QAM,01101100,-6.5,iter-2-scenario-4555,2,ok,4,118.2,50.0,7.065,30.66
bristol,froxfield,voyager,16QAM,01101100,-6.0,iter-2-scenario-4556,2,ok,4,118.2,50.0,7.055,30.89
bristol,froxfield,voyager,16QAM,01101100,-5.5,iter-2-scenario-4557,2,ok,4,118.2,50.0,7.045,31.11
bristol,froxfield,voyager,16QAM,01101101,-6.5,iter-2-scenario-5932,2,ok,5,118.2,50.0,6.908,30.66
bristol,froxfield,voyager,16QAM,01101101,-6.0,iter-2-scenario-5933,2,ok,5,118.2,50.0,6.898,30.89
bristol,froxfield,voyager,16QAM,01101101,-5.5,iter-2-scenario-5934,2,ok,5,118.2,50.0,6.884,31.11
bristol,froxfield,voyager,16QAM,01101110,-6.5,iter-2-scenario-487,2,ok,5,118.2,50.0,6.53,30.66
bristol,froxfield,voyager,16QAM,01101110,-6.0,iter-2-scenario-488,2,ok,5,118.2,50.0,6.52,30.89
bristol,froxfield,voyager,16QAM,01101110,-5.5,iter-2-scenario-489,2,ok,5,118.2,50.0,6.506,31.11
bristol,froxfield,voyager,16QAM,01101111,-6.5,iter-2-scenario-5842,2,ok,6,118.2,50.0,6.105,30.66
bristol,froxfield,voyager,16QAM,01101111,-6.0,iter-2-scenario-5843,2,ok,6,118.2,50.0,6.095,30.89
bristol,froxfield,voyager,16QAM,01101111,-5.5,iter-2-scenario-5844,2,ok,6,118.2,50.0,6.078,31.11
bristol,froxfield,voyager,16QAM,01110000,-6.5,iter-2-scenario-3868,2,ok,3,118.2,50.0,7.123,30.66
bristol,froxfield,voyager,16QAM,01110000,-6.0,iter-2-scenario-3869,2,ok,3,118.2,50.0,7.113,30.89
bristol,froxfield,voyager,16QAM,01110000,-5.5,iter-2-scenario-3870,2,ok,3,118.2,50.0,7.097,31.11
bristol,froxfield,voyager,16QAM,01110001,-6.5,iter-2-scenario-562,2,ok,4,118.2,50.0,7.31,30.66
bristol,froxfield,voyager,16QAM,01110001,-6.0,iter-2-scenario-563,2,ok,4,118.2,50.0,7.3,30.89
bristol,froxfield,voyager,16QAM,01110001,-5.5,iter-2-scenario-564,2,ok,4,118.2,50.0,7.287,31.11
bristol,froxfield,voyager,16QAM,01110010,-6.5,iter-2-scenario-4468,2,ok,4,118.2,50.0,7.195,30.66
bristol,froxfield,voyager,16QAM,01110010,-6.0,iter-2-scenario-4469,2,ok,4,118.2,50.0,7.185,30.89
bristol,froxfield,voyager,16QAM,01110010,-5.5,iter-2-scenario-4470,2,ok,4,118.2,50.0,7.167,31.11
bristol,froxfield,voyager,16QAM,01110011,-6.5,iter-2-scenario-73,2,ok,5,118.2,50.0,6.752,30.66
bristol,froxfield,voyager,16QAM,01110011,-6.0,iter-2-scenario-74,2,ok,5,118.2,50.0,6.742,30.89
bristol,froxfield,voyager,16QAM,01110011,-5.5,iter-2-scenario-75,2,ok,5,118.2,50.0,6.73,31.11
bristol,froxfield,voyager,16QAM,01110100,-6.5,iter-2-scenario-658,2,ok,4,118.2,50.0,6.987,30.66
bristol,froxfield,voyager,16QAM,01110100,-6.0,iter-2-scenario-659,2,ok,4,118.2,50.0,6.978,30.89
bristol,froxfield,voyager,16QAM,01110100,-5.5,iter-2-scenario-660,2,ok,4,118.2,50.0,6.968,31.11
bristol,froxfield,voyager,16QAM,01110101,-6.5,iter-2-scenario-3229,2,ok,5,118.2,50.0,6.884,30.66
bristol,froxfield,voyager,16QAM,01110101,-6.0,iter-2-scenario-3230,2,ok,5,118.2,50.0,6.874,30.89
bristol,froxfield,voyager,16QAM,01110101,-5.5,iter-2-scenario-3231,2,ok,5,118.2,50.0,6.854,31.11
bristol,froxfield,voyager,16QAM,01110110,-6.5,iter-2-scenario-3646,2,ok,5,118.2,50.0,6.53,30.66
bristol,froxfield,voyager,16QAM,01110110,-6.0,iter-2-scenario-3647,2,ok,5,118.2,50.0,6.52,30.89
bristol,froxfield,voyager,16QAM,01110110,-5.5,iter-2-scenario-3648,2,ok,5,118.2,50.0,6.508,31.11
bristol,froxfield,voyager,16QAM,01110111,-6.5,iter-2-scenario-5305,2,ok,6,118.2,50.0,6.128,30.66
bristol,froxfield,voyager,16QAM,01110111,-6.0,iter-2-scenario-5306,2,ok,6,118.2,50.0,6.117,30.89
bristol,froxfield,voyager,16QAM,01110111,-5.5,iter-2-scenario-5307,2,ok,6,118.2,50.0,6.103,31.11
bristol,froxfield,voyager,16QAM,01111000,-6.5,iter-2-scenario-1651,2,ok,4,118.2,50.0,6.51,30.66
bristol,froxfield,voyager,16QAM,01111000,-6.0,iter-2-scenario-1652,2,ok,4,118.2,50.0,6.5,30.89
bristol,froxfield,voyager,16QAM,01111000,-5.5,iter-2-scenario-1653,2,ok,4,118.2,50.0,6.487,31.11
bristol,froxfield,voyager,16QAM,01111001,-6.5,iter-2-scenario-4750,2,ok,5,118.2,50.0,6.616,30.66
bristol,froxfield,voyager,16QAM,01111001,-6.0,iter-2-scenario-4751,2,ok,5,118.2,50.0,6.606,30.89
bristol,froxfield,voyager,16QAM,01111001,-5.5,iter-2-scenario-4752,2,ok,5,118.2,50.0,6.588,31.11
bristol,froxfield,voyager,16QAM,01111010,-6.5,iter-2-scenario-2644,2,ok,5,118.2,50.0,6.444,30.66
bristol,froxfield,voyager,16QAM,01111010,-6.0,iter-2-scenario-2645,2,ok,5,118.2,50.0,6.434,30.89
bristol,froxfield,voyager,16QAM,01111010,-5.5,iter-2-scenario-2646,2,ok,5,118.2,50.0,6.416,31.11
bristol,froxfield,voyager,16QAM,01111011,-6.5,iter-2-scenario-2758,2,ok,6,118.2,50.0,6.105,30.66
bristol,froxfield,voyager,16QAM,01111011,-6.0,iter-2-scenario-2759,2,ok,6,118.2,50.0,6.095,30.89
bristol,froxfield,voyager,16QAM,01111011,-5.5,iter-2-scenario-2760,2,ok,6,118.2,50.0,6.083,31.11
bristol,froxfield,voyager,16QAM,01111100,-6.5,iter-2-scenario-5794,2,ok,5,118.2,50.0,6.054,30.66
bristol,froxfield,voyager,16QAM,01111100,-6.0,iter-2-scenario-5795,2,ok,5,118.2,50.0,6.044,30.89
bristol,froxfield,voyager,16QAM,01111100,-5.5,iter-2-scenario-5796,2,ok,5,118.2,50.0,6.032,31.11
bristol,froxfield,voyager,16QAM,01111101,-6.5,iter-2-scenario-5614,2,ok,6,118.2,50.0,6.018,30.66
bristol,froxfield,voyager,16QAM,01111101,-6.0,iter-2-scenario-5615,2,ok,6,118.2,50.0,6.008,30.89
bristol,froxfield,voyager,16QAM,01111101,-5.5,iter-2-scenario-5616,2,ok,6,118.2,50.0,5.995,31.11
bristol,froxfield,voyager,16QAM,01111110,-6.5,iter-2-scenario-3262,2,ok,6,118.2,50.0,5.698,30.66
bristol,froxfield,voyager,16QAM,01111110,-6.0,iter-2-scenario-3263,2,ok,6,118.2,50.0,5.688,30.89
bristol,froxfield,voyager,16QAM,01111110,-5.5,iter-2-scenario-3264,2,ok,6,118.2,50.0,5.672,31.11
bristol,froxfield,voyager,16QAM,01111111,-6.5,iter-2-scenario-5248,2,ok,7,118.2,50.0,5.403,30.66
bristol,froxfield,voyager,16QAM,01111111,-6.0,iter-2-scenario-5249,2,ok,7,118.2,50.0,5.393,30.89
bristol,froxfield,voyager,16QAM,01111111,-5.5,iter-2-scenario-5250,2,ok,7,118.2,50.0,5.376,31.11
bristol,froxfield,voyager,16QAM,10000000,-6.5,iter-2-scenario-1783,2,ok,1,118.2,50.0,9.82,30.66
bristol,froxfield,voyager,16QAM,10000000,-6.0,iter-2-scenario-1784,2,ok,1,118.2,50.0,9.81,30.9
bristol,froxfield,voyager,16QAM,10000000,-5.5,iter-2-scenario-1785,2,ok,1,118.2,50.0,9.79,31.11
bristol,froxfield,voyager,16QAM,10000001,-6.5,iter-2-scenario-3568,2,ok,2,118.2,50.0,9.51,30.66
bristol,froxfield,voyager,16QAM,10000001,-6.0,iter-2-scenario-3569,2,ok,2,118.2,50.0,9.505,30.895
bristol,froxfield,voyager,16QAM,10000001,-5.5,iter-2-scenario-3570,2,ok,2,118.2,50.0,9.49,31.11
bristol,froxfield,voyager,16QAM,10000010,-6.5,iter-2-scenario-196,2,ok,2,118.2,50.0,9.47,30.66
bristol,froxfield,voyager,16QAM,10000010,-6.0,iter-2-scenario-197,2,ok,2,118.2,50.0,9.46,30.895
bristol,froxfield,voyager,16QAM,10000010,-5.5,iter-2-scenario-198,2,ok,2,118.2,50.0,9.45,31.11
bristol,froxfield,voyager,16QAM,10000011,-6.5,iter-2-scenario-1468,2,ok,3,118.2,50.0,8.267,30.66
bristol,froxfield,voyager,16QAM,10000011,-6.0,iter-2-scenario-1469,2,ok,3,118.2,50.0,8.257,30.893
bristol,froxfield,voyager,16QAM,10000011,-5.5,iter-2-scenario-1470,2,ok,3,118.2,50.0,8.243,31.11
bristol,froxfield,voyager,16QAM,10000100,-6.5,iter-2-scenario-4822,2,ok,2,118.2,50.0,9.415,30.66
bristol,froxfield,voyager,16QAM,10000100,-6.0,iter-2-scenario-4823,2,ok,2,118.2,50.0,9.405,30.895
bristol,froxfield,voyager,16QAM,10000100,-5.5,iter-2-scenario-4824,2,ok,2,118.2,50.0,9.385,31.11
bristol,froxfield,voyager,16QAM,10000101,-6.5,iter-2-scenario-1549,2,ok,3,118.2,50.0,8.76,30.66
bristol,froxfield,voyager,16QAM,10000101,-6.0,iter-2-scenario-1550,2,ok,3,118.2,50.0,8.75,30.893
bristol,froxfield,voyager,16QAM,10000101,-5.5,iter-2-scenario-1551,2,ok,3,118.2,50.0,8.74,31.11
bristol,froxfield,voyager,16QAM,10000110,-6.5,iter-2-scenario-5377,2,ok,3,118.2,50.0,8.21,30.66
bristol,froxfield,voyager,16QAM,10000110,-6.0,iter-2-scenario-5378,2,ok,3,118.2,50.0,8.2,30.893
bristol,froxfield,voyager,16QAM,10000110,-5.5,iter-2-scenario-5379,2,ok,3,118.2,50.0,8.187,31.11
bristol,froxfield,voyager,16QAM,10000111,-6.5,iter-2-scenario-1294,2,ok,4,118.2,50.0,7.377,30.66
bristol,froxfield,voyager,16QAM,10000111,-6.0,iter-2-scenario-1295,2,ok,4,118.2,50.0,7.367,30.892
bristol,froxfield,voyager,16QAM,10000111,-5.5,iter-2-scenario-1296,2,ok,4,118.2,50.0,7.357,31.11
bristol,froxfield,voyager,16QAM,10001000,-6.5,iter-2-scenario-4534,2,ok,2,118.2,50.0,9.32,30.66
bristol,froxfield,voyager,16QAM,10001000,-6.0,iter-2-scenario-4535,2,ok,2,118.2,50.0,9.31,30.895
bristol,froxfield,voyager,16QAM,10001000,-5.5,iter-2-scenario-4536,2,ok,2,118.2,50.0,9.295,31.11
bristol,froxfield,voyager,16QAM,10001001,-6.5,iter-2-scenario-4384,2,ok,3,118.2,50.0,8.89,30.66
bristol,froxfield,voyager,16QAM,10001001,-6.0,iter-2-scenario-4385,2,ok,3,118.2,50.0,8.88,30.893
bristol,froxfield,voyager,16QAM,10001001,-5.5,iter-2-scenario-4386,2,ok,3,118.2,50.0,8.87,31.11
bristol,froxfield,voyager,16QAM,10001010,-6.5,iter-2-scenario-2149,2,ok,3,118.2,50.0,8.68,30.66
bristol,froxfield,voyager,16QAM,10001010,-6.0,iter-2-scenario-2150,2,ok,3,118.2,50.0,8.67,30.893
bristol,froxfield,voyager,16QAM,10001010,-5.5,iter-2-scenario-2151,2,ok,3,118.2,50.0,8.657,31.11
bristol,froxfield,voyager,16QAM,10001011,-6.5,iter-2-scenario-2050,2,ok,4,118.2,50.0,7.792,30.66
bristol,froxfield,voyager,16QAM,10001011,-6.0,iter-2-scenario-2051,2,ok,4,118.2,50.0,7.782,30.892
bristol,froxfield,voyager,16QAM,10001011,-5.5,iter-2-scenario-2052,2,ok,4,118.2,50.0,7.765,31.11
bristol,froxfield,voyager,16QAM,10001100,-6.5,iter-2-scenario-1198,2,ok,3,118.2,50.0,8.123,30.66
bristol,froxfield,voyager,16QAM,10001100,-6.0,iter-2-scenario-1199,2,ok,3,118.2,50.0,8.113,30.893
bristol,froxfield,voyager,16QAM,10001100,-5.5,iter-2-scenario-1200,2,ok,3,118.2,50.0,8.103,31.11
bristol,froxfield,voyager,16QAM,10001101,-6.5,iter-2-scenario-2914,2,ok,4,118.2,50.0,7.772,30.66
bristol,froxfield,voyager,16QAM,10001101,-6.0,iter-2-scenario-2915,2,ok,4,118.2,50.0,7.763,30.892
bristol,froxfield,voyager,16QAM,10001101,-5.5,iter-2-scenario-2916,2,ok,4,118.2,50.0,7.75,31.11
bristol,froxfield,voyager,16QAM,10001110,-6.5,iter-2-scenario-1621,2,ok,4,118.2,50.0,7.307,30.66
bristol,froxfield,voyager,16QAM,10001110,-6.0,iter-2-scenario-1622,2,ok,4,118.2,50.0,7.295,30.892
bristol,froxfield,voyager,16QAM,10001110,-5.5,iter-2-scenario-1623,2,ok,4,118.2,50.0,7.283,31.11
bristol,froxfield,voyager,16QAM,10001111,-6.5,iter-2-scenario-4297,2,ok,5,118.2,50.0,6.71,30.66
bristol,froxfield,voyager,16QAM,10001111,-6.0,iter-2-scenario-4298,2,ok,5,118.2,50.0,6.698,30.89
bristol,froxfield,voyager,16QAM,10001111,-5.5,iter-2-scenario-4299,2,ok,5,118.2,50.0,6.684,31.11
bristol,froxfield,voyager,16QAM,10010000,-6.5,iter-2-scenario-2902,2,ok,2,118.2,50.0,9.17,30.66
bristol,froxfield,voyager,16QAM,10010000,-6.0,iter-2-scenario-2903,2,ok,2,118.2,50.0,9.16,30.895
bristol,froxfield,voyager,16QAM,10010000,-5.5,iter-2-scenario-2904,2,ok,2,118.2,50.0,9.15,31.11
bristol,froxfield,voyager,16QAM,10010001,-6.5,iter-2-scenario-6097,2,ok,3,118.2,50.0,8.897,30.66
bristol,froxfield,voyager,16QAM,10010001,-6.0,iter-2-scenario-6098,2,ok,3,118.2,50.0,8.887,30.893
bristol,froxfield,voyager,16QAM,10010001,-5.5,iter-2-scenario-6099,2,ok,3,118.2,50.0,8.87,31.11
bristol,froxfield,voyager,16QAM,10010010,-6.5,iter-2-scenario-3829,2,ok,3,118.2,50.0,8.777,30.66
bristol,froxfield,voyager,16QAM,10010010,-6.0,iter-2-scenario-3830,2,ok,3,118.2,50.0,8.767,30.893
bristol,froxfield,voyager,16QAM,10010010,-5.5,iter-2-scenario-3831,2,ok,3,118.2,50.0,8.75,31.11
bristol,froxfield,voyager,16QAM,10010011,-6.5,iter-2-scenario-853,2,ok,4,118.2,50.0,7.902,30.66
bristol,froxfield,voyager,16QAM,10010011,-6.0,iter-2-scenario-854,2,ok,4,118.2,50.0,7.893,30.892
bristol,froxfield,voyager,16QAM,10010011,-5.5,iter-2-scenario-855,2,ok,4,118.2,50.0,7.877,31.11
bristol,froxfield,voyager,16QAM,10010100,-6.5,iter-2-scenario-6058,2,ok,3,118.2,50.0,8.557,30.66
bristol,froxfield,voyager,16QAM,10010100,-6.0,iter-2-scenario-6059,2,ok,3,118.2,50.0,8.547,30.893
bristol,froxfield,voyager,16QAM,10010100,-5.5,iter-2-scenario-6060,2,ok,3,118.2,50.0,8.537,31.11
bristol,froxfield,voyager,16QAM,10010101,-6.5,iter-2-scenario-4354,2,ok,4,118.2,50.0,8.123,30.66
bristol,froxfield,voyager,16QAM,10010101,-6.0,iter-2-scenario-4355,2,ok,4,118.2,50.0,8.113,30.892
bristol,froxfield,voyager,16QAM,10010101,-5.5,iter-2-scenario-4356,2,ok,4,118.2,50.0,8.1,31.11
bristol,froxfield,voyager,16QAM,10010110,-6.5,iter-2-scenario-4609,2,ok,4,118.2,50.0,7.688,30.66
bristol,froxfield,voyager,16QAM,10010110,-6.0,iter-2-scenario-4610,2,ok,4,118.2,50.0,7.677,30.89
bristol,froxfield,voyager,16QAM,10010110,-5.5,iter-2-scenario-4611,2,ok,4,118.2,50.0,7.665,31.11
bristol,froxfield,voyager,16QAM,10010111,-6.5,iter-2-scenario-6013,2,ok,5,118.2,50.0,7.03,30.66
bristol,froxfield,voyager,16QAM,10010111,-6.0,iter-2-scenario-6014,2,ok,5,118.2,50.0,7.02,30.89
bristol,froxfield,voyager,16QAM,10010111,-5.5,iter-2-scenario-6015,2,ok,5,118.2,50.0,7.004,31.11
bristol,froxfield,voyager,16QAM,10011000,-6.5,iter-2-scenario-925,2,ok,3,118.2,50.0,7.99,30.66
bristol,froxfield,voyager,16QAM,10011000,-6.0,iter-2-scenario-926,2,ok,3,118.2,50.0,7.98,30.893
bristol,froxfield,voyager,16QAM,10011000,-5.5,iter-2-scenario-927,2,ok,3,118.2,50.0,7.97,31.11
bristol,froxfield,voyager,16QAM,10011001,-6.5,iter-2-scenario-811,2,ok,4,118.2,50.0,7.857,30.66
bristol,froxfield,voyager,16QAM,10011001,-6.0,iter-2-scenario-812,2,ok,4,118.2,50.0,7.848,30.89
bristol,froxfield,voyager,16QAM,10011001,-5.5,iter-2-scenario-813,2,ok,4,118.2,50.0,7.832,31.11
bristol,froxfield,voyager,16QAM,10011010,-6.5,iter-2-scenario-3790,2,ok,4,118.2,50.0,7.663,30.66
bristol,froxfield,voyager,16QAM,10011010,-6.0,iter-2-scenario-3791,2,ok,4,118.2,50.0,7.65,30.89
bristol,froxfield,voyager,16QAM,10011010,-5.5,iter-2-scenario-3792,2,ok,4,118.2,50.0,7.637,31.11
bristol,froxfield,voyager,16QAM,10011011,-6.5,iter-2-scenario-313,2,ok,5,118.2,50.0,7.072,30.66
bristol,froxfield,voyager,16QAM,10011011,-6.0,iter-2-scenario-314,2,ok,5,118.2,50.0,7.062,30.89
bristol,froxfield,voyager,16QAM,10011011,-5.5,iter-2-scenario-315,2,ok,5,118.2,50.0,7.046,31.11
bristol,froxfield,voyager,16QAM,10011100,-6.5,iter-2-scenario-2506,2,ok,4,118.2,50.0,7.192,30.66
bristol,froxfield,voyager,16QAM,10011100,-6.0,iter-2-scenario-2507,2,ok,4,118.2,50.0,7.183,30.89
bristol,froxfield,voyager,16QAM,10011100,-5.5,iter-2-scenario-2508,2,ok,4,118.2,50.0,7.17,31.11
bristol,froxfield,voyager,16QAM,10011101,-6.5,iter-2-scenario-3280,2,ok,5,118.2,50.0,6.994,30.66
bristol,froxfield,voyager,16QAM,10011101,-6.0,iter-2-scenario-3281,2,ok,5,118.2,50.0,6.984,30.89
bristol,froxfield,voyager,16QAM,10011101,-5.5,iter-2-scenario-3282,2,ok,5,118.2,50.0,6.974,31.11
bristol,froxfield,voyager,16QAM,10011110,-6.5,iter-2-scenario-2689,2,ok,5,118.2,50.0,6.612,30.66
bristol,froxfield,voyager,16QAM,10011110,-6.0,iter-2-scenario-2690,2,ok,5,118.2,50.0,6.6,30.89
bristol,froxfield,voyager,16QAM,10011110,-5.5,iter-2-scenario-2691,2,ok,5,118.2,50.0,6.586,31.11
bristol,froxfield,voyager,16QAM,10011111,-6.5,iter-2-scenario-3082,2,ok,6,118.2,50.0,6.162,30.66
bristol,froxfield,voyager,16QAM,10011111,-6.0,iter-2-scenario-3083,2,ok,6,118.2,50.0,6.152,30.89
bristol,froxfield,voyager,16QAM,10011111,-5.5,iter-2-scenario-3084,2,ok,6,118.2,50.0,6.14,31.11
bristol,froxfield,voyager,16QAM,10100000,-6.5,iter-2-scenario-610,2,ok,2,118.2,50.0,8.875,30.66
bristol,froxfield,voyager,16QAM,10100000,-6.0,iter-2-scenario-611,2,ok,2,118.2,50.0,8.865,30.895
bristol,froxfield,voyager,16QAM,10100000,-5.5,iter-2-scenario-612,2,ok,2,118.2,50.0,8.855,31.11
bristol,froxfield,voyager,16QAM,10100001,-6.5,iter-2-scenario-4063,2,ok,3,118.2,50.0,8.767,30.66
bristol,froxfield,voyager,16QAM,10100001,-6.0,iter-2-scenario-4064,2,ok,3,118.2,50.0,8.757,30.893
bristol,froxfield,voyager,16QAM,10100001,-5.5,iter-2-scenario-4065,2,ok,3,118.2,50.0,8.743,31.11
bristol,froxfield,voyager,16QAM,10100010,-6.5,iter-2-scenario-2476,2,ok,3,118.2,50.0,8.683,30.66
bristol,froxfield,voyager,16QAM,10100010,-6.0,iter-2-scenario-2477,2,ok,3,118.2,50.0,8.673,30.893
bristol,froxfield,voyager,16QAM,10100010,-5.5,iter-2-scenario-2478,2,ok,3,118.2,50.0,8.66,31.11
bristol,froxfield,voyager,16QAM,10100011,-6.5,iter-2-scenario-2827,2,ok,4,118.2,50.0,7.87,30.66
bristol,froxfield,voyager,16QAM,10100011,-6.0,iter-2-scenario-2828,2,ok,4,118.2,50.0,7.86,30.89
bristol,froxfield,voyager,16QAM,10100011,-5.5,iter-2-scenario-2829,2,ok,4,118.2,50.0,7.842,31.11
bristol,froxfield,voyager,16QAM,10100100,-6.5,iter-2-scenario-4666,2,ok,3,118.2,50.0,8.56,30.66
bristol,froxfield,voyager,16QAM,10100100,-6.0,iter-2-scenario-4667,2,ok,3,118.2,50.0,8.55,30.89
bristol,froxfield,voyager,16QAM,10100100,-5.5,iter-2-scenario-4668,2,ok,3,118.2,50.0,8.533,31.11
bristol,froxfield,voyager,16QAM,10100101,-6.5,iter-2-scenario-5260,2,ok,4,118.2,50.0,8.155,30.66
bristol,froxfield,voyager,16QAM,10100101,-6.0,iter-2-scenario-5261,2,ok,4,118.2,50.0,8.145,30.89
bristol,froxfield,voyager,16QAM,10100101,-5.5,iter-2-scenario-5262,2,ok,4,118.2,50.0,8.135,31.11
bristol,froxfield,voyager,16QAM,10100110,-6.5,iter-2-scenario-163,2,ok,4,118.2,50.0,7.737,30.66
bristol,froxfield,voyager,16QAM,10100110,-6.0,iter-2-scenario-164,2,ok,4,118.2,50.0,7.728,30.89
bristol,froxfield,voyager,16QAM,10100110,-5.5,iter-2-scenario-165,2,ok,4,118.2,50.0,7.71,31.11
bristol,froxfield,voyager,16QAM,10100111,-6.5,iter-2-scenario-457,2,ok,5,118.2,50.0,7.086,30.66
bristol,froxfield,voyager,16QAM,10100111,-6.0,iter-2-scenario-458,2,ok,5,118.2,50.0,7.076,30.89
bristol,froxfield,voyager,16QAM,10100111,-5.5,iter-2-scenario-459,2,ok,5,118.2,50.0,7.066,31.11
bristol,froxfield,voyager,16QAM,10101000,-6.5,iter-2-scenario-3526,2,ok,3,118.2,50.0,8.327,30.66
bristol,froxfield,voyager,16QAM,10101000,-6.0,iter-2-scenario-3527,2,ok,3,118.2,50.0,8.317,30.89
bristol,froxfield,voyager,16QAM,10101000,-5.5,iter-2-scenario-3528,2,ok,3,118.2,50.0,8.307,31.11
bristol,froxfield,voyager,16QAM,10101001,-6.5,iter-2-scenario-4888,2,ok,4,118.2,50.0,8.13,30.66
bristol,froxfield,voyager,16QAM,10101001,-6.0,iter-2-scenario-4889,2,ok,4,118.2,50.0,8.12,30.89
bristol,froxfield,voyager,16QAM,10101001,-5.5,iter-2-scenario-4890,2,ok,4,118.2,50.0,8.1,31.11
bristol,froxfield,voyager,16QAM,10101010,-6.5,iter-2-scenario-2197,2,ok,4,118.2,50.0,7.945,30.66
bristol,froxfield,voyager,16QAM,10101010,-6.0,iter-2-scenario-2198,2,ok,4,118.2,50.0,7.935,30.89
bristol,froxfield,voyager,16QAM,10101010,-5.5,iter-2-scenario-2199,2,ok,4,118.2,50.0,7.922,31.11
bristol,froxfield,voyager,16QAM,10101011,-6.5,iter-2-scenario-277,2,ok,5,118.2,50.0,7.308,30.66
bristol,froxfield,voyager,16QAM,10101011,-6.0,iter-2-scenario-278,2,ok,5,118.2,50.0,7.296,30.89
bristol,froxfield,voyager,16QAM,10101011,-5.5,iter-2-scenario-279,2,ok,5,118.2,50.0,7.284,31.11
bristol,froxfield,voyager,16QAM,10101100,-6.5,iter-2-scenario-2443,2,ok,4,118.2,50.0,7.51,30.66
bristol,froxfield,voyager,16QAM,10101100,-6.0,iter-2-scenario-2444,2,ok,4,118.2,50.0,7.498,30.89
bristol,froxfield,voyager,16QAM,10101100,-5.5,iter-2-scenario-2445,2,ok,4,118.2,50.0,7.488,31.11
bristol,froxfield,voyager,16QAM,10101101,-6.5,iter-2-scenario-1591,2,ok,5,118.2,50.0,7.26,30.66
bristol,froxfield,voyager,16QAM,10101101,-6.0,iter-2-scenario-1592,2,ok,5,118.2,50.0,7.25,30.89
bristol,froxfield,voyager,16QAM,10101101,-5.5,iter-2-scenario-1593,2,ok,5,118.2,50.0,7.236,31.11
bristol,froxfield,voyager,16QAM,10101110,-6.5,iter-2-scenario-5191,2,ok,5,118.2,50.0,6.884,30.66
bristol,froxfield,voyager,16QAM,10101110,-6.0,iter-2-scenario-5192,2,ok,5,118.2,50.0,6.872,30.89
bristol,froxfield,voyager,16QAM,10101110,-5.5,iter-2-scenario-5193,2,ok,5,118.2,50.0,6.858,31.11
bristol,froxfield,voyager,16QAM,10101111,-6.5,iter-2-scenario-4840,2,ok,6,118.2,50.0,6.397,30.66
bristol,froxfield,voyager,16QAM,10101111,-6.0,iter-2-scenario-4841,2,ok,6,118.2,50.0,6.387,30.89
bristol,froxfield,voyager,16QAM,10101111,-5.5,iter-2-scenario-4842,2,ok,6,118.2,50.0,6.372,31.11
bristol,froxfield,voyager,16QAM,10110000,-6.5,iter-2-scenario-5545,2,ok,3,118.2,50.0,7.747,30.66
bristol,froxfield,voyager,16QAM,10110000,-6.0,iter-2-scenario-5546,2,ok,3,118.2,50.0,7.737,30.89
bristol,froxfield,voyager,16QAM,10110000,-5.5,iter-2-scenario-5547,2,ok,3,118.2,50.0,7.723,31.11
bristol,froxfield,voyager,16QAM,10110001,-6.5,iter-2-scenario-1330,2,ok,4,118.2,50.0,7.78,30.66
bristol,froxfield,voyager,16QAM,10110001,-6.0,iter-2-scenario-1331,2,ok,4,118.2,50.0,7.77,30.89
bristol,froxfield,voyager,16QAM,10110001,-5.5,iter-2-scenario-1332,2,ok,4,118.2,50.0,7.755,31.11
bristol,froxfield,voyager,16QAM,10110010,-6.5,iter-2-scenario-1378,2,ok,4,118.2,50.0,7.665,30.66
bristol,froxfield,voyager,16QAM,10110010,-6.0,iter-2-scenario-1379,2,ok,4,118.2,50.0,7.652,30.89
bristol,froxfield,voyager,16QAM,10110010,-5.5,iter-2-scenario-1380,2,ok,4,118.2,50.0,7.64,31.11
bristol,froxfield,voyager,16QAM,10110011,-6.5,iter-2-scenario-772,2,ok,5,118.2,50.0,7.128,30.66
bristol,froxfield,voyager,16QAM,10110011,-6.0,iter-2-scenario-773,2,ok,5,118.2,50.0,7.118,30.89
bristol,froxfield,voyager,16QAM,10110011,-5.5,iter-2-scenario-774,2,ok,5,118.2,50.0,7.104,31.11
bristol,froxfield,voyager,16QAM,10110100,-6.5,iter-2-scenario-2320,2,ok,4,118.2,50.0,7.463,30.66
bristol,froxfield,voyager,16QAM,10110100,-6.0,iter-2-scenario-2321,2,ok,4,118.2,50.0,7.453,30.89
bristol,froxfield,voyager,16QAM,10110100,-5.5,iter-2-scenario-2322,2,ok,4,118.2,50.0,7.44,31.11
bristol,froxfield,voyager,16QAM,10110101,-6.5,iter-2-scenario-1924,2,ok,5,118.2,50.0,7.26,30.66
bristol,froxfield,voyager,16QAM,10110101,-6.0,iter-2-scenario-1925,2,ok,5,118.2,50.0,7.25,30.89
bristol,froxfield,voyager,16QAM,10110101,-5.5,iter-2-scenario-1926,2,ok,5,118.2,50.0,7.238,31.11
bristol,froxfield,voyager,16QAM,10110110,-6.5,iter-2-scenario-121,2,ok,5,118.2,50.0,6.91,30.66
bristol,froxfield,voyager,16QAM,10110110,-6.0,iter-2-scenario-122,2,ok,5,118.2,50.0,6.9,30.89
bristol,froxfield,voyager,16QAM,10110110,-5.5,iter-2-scenario-123,2,ok,5,118.2,50.0,6.888,31.11
bristol,froxfield,voyager,16QAM,10110111,-6.5,iter-2-scenario-5695,2,ok,6,118.2,50.0,6.443,30.66
bristol,froxfield,voyager,16QAM,10110111,-6.0,iter-2-scenario-5696,2,ok,6,118.2,50.0,6.433,30.89
bristol,froxfield,voyager,16QAM,10110111,-5.5,iter-2-scenario-5697,2,ok,6,118.2,50.0,6.417,31.11
bristol,froxfield,voyager,16QAM,10111000,-6.5,iter-2-scenario-1201,2,ok,4,118.2,50.0,6.992,30.66
bristol,froxfield,voyager,16QAM,10111000,-6.0,iter-2-scenario-1202,2,ok,4,118.2,50.0,6.98,30.89
bristol,froxfield,voyager,16QAM,10111000,-5.5,iter-2-scenario-1203,2,ok,4,118.2,50.0,6.968,31.11
bristol,froxfield,voyager,16QAM,10111001,-6.5,iter-2-scenario-4180,2,ok,5,118.2,50.0,7.0,30.66
bristol,froxfield,voyager,16QAM,10111001,-6.0,iter-2-scenario-4181,2,ok,5,118.2,50.0,6.99,30.89
bristol,froxfield,voyager,16QAM,10111001,-5.5,iter-2-scenario-4182,2,ok,5,118.2,50.0,6.974,31.11
bristol,froxfield,voyager,16QAM,10111010,-6.5,iter-2-scenario-4600,2,ok,5,118.2,50.0,6.83,30.66
bristol,froxfield,voyager,16QAM,10111010,-6.0,iter-2-scenario-4601,2,ok,5,118.2,50.0,6.818,30.89
bristol,froxfield,voyager,16QAM,10111010,-5.5,iter-2-scenario-4602,2,ok,5,118.2,50.0,6.806,31.11
bristol,froxfield,voyager,16QAM,10111011,-6.5,iter-2-scenario-3988,2,ok,6,118.2,50.0,6.428,30.66
bristol,froxfield,voyager,16QAM,10111011,-6.0,iter-2-scenario-3989,2,ok,6,118.2,50.0,6.418,30.89
bristol,froxfield,voyager,16QAM,10111011,-5.5,iter-2-scenario-3990,2,ok,6,118.2,50.0,6.403,31.11
bristol,froxfield,voyager,16QAM,10111100,-6.5,iter-2-scenario-5170,2,ok,5,118.2,50.0,6.446,30.66
bristol,froxfield,voyager,16QAM,10111100,-6.0,iter-2-scenario-5171,2,ok,5,118.2,50.0,6.436,30.89
bristol,froxfield,voyager,16QAM,10111100,-5.5,iter-2-scenario-5172,2,ok,5,118.2,50.0,6.42,31.11
bristol,froxfield,voyager,16QAM,10111101,-6.5,iter-2-scenario-2215,2,ok,6,118.2,50.0,6.343,30.66
bristol,froxfield,voyager,16QAM,10111101,-6.0,iter-2-scenario-2216,2,ok,6,118.2,50.0,6.333,30.89
bristol,froxfield,voyager,16QAM,10111101,-5.5,iter-2-scenario-2217,2,ok,6,118.2,50.0,6.32,31.11
bristol,froxfield,voyager,16QAM,10111110,-6.5,iter-2-scenario-3316,2,ok,6,118.2,50.0,6.022,30.66
bristol,froxfield,voyager,16QAM,10111110,-6.0,iter-2-scenario-3317,2,ok,6,118.2,50.0,6.012,30.89
bristol,froxfield,voyager,16QAM,10111110,-5.5,iter-2-scenario-3318,2,ok,6,118.2,50.0,5.997,31.11
bristol,froxfield,voyager,16QAM,10111111,-6.5,iter-2-scenario-2422,2,ok,7,118.2,50.0,5.679,30.66
bristol,froxfield,voyager,16QAM,10111111,-6.0,iter-2-scenario-2423,2,ok,7,118.2,50.0,5.669,30.89
bristol,froxfield,voyager,16QAM,10111111,-5.5,iter-2-scenario-2424,2,ok,7,118.2,50.0,5.656,31.11
bristol,froxfield,voyager,16QAM,11000000,-6.5,iter-2-scenario-433,2,ok,2,118.2,50.0,8.055,30.66
bristol,froxfield,voyager,16QAM,11000000,-6.0,iter-2-scenario-434,2,ok,2,118.2,50.0,8.045,30.89
bristol,froxfield,voyager,16QAM,11000000,-5.5,iter-2-scenario-435,2,ok,2,118.2,50.0,8.03,31.11
bristol,froxfield,voyager,16QAM,11000001,-6.5,iter-2-scenario-4240,2,ok,3,118.2,50.0,8.28,30.66
bristol,froxfield,voyager,16QAM,11000001,-6.0,iter-2-scenario-4241,2,ok,3,118.2,50.0,8.27,30.89
bristol,froxfield,voyager,16QAM,11000001,-5.5,iter-2-scenario-4242,2,ok,3,118.2,50.0,8.253,31.11
bristol,froxfield,voyager,16QAM,11000010,-6.5,iter-2-scenario-5734,2,ok,3,118.2,50.0,8.217,30.66
bristol,froxfield,voyager,16QAM,11000010,-6.0,iter-2-scenario-5735,2,ok,3,118.2,50.0,8.207,30.89
bristol,froxfield,voyager,16QAM,11000010,-5.5,iter-2-scenario-5736,2,ok,3,118.2,50.0,8.197,31.11
bristol,froxfield,voyager,16QAM,11000011,-6.5,iter-2-scenario-6028,2,ok,4,118.2,50.0,7.553,30.66
bristol,froxfield,voyager,16QAM,11000011,-6.0,iter-2-scenario-6029,2,ok,4,118.2,50.0,7.542,30.89
bristol,froxfield,voyager,16QAM,11000011,-5.5,iter-2-scenario-6030,2,ok,4,118.2,50.0,7.527,31.11
bristol,froxfield,voyager,16QAM,11000100,-6.5,iter-2-scenario-2302,2,ok,3,118.2,50.0,8.133,30.66
bristol,froxfield,voyager,16QAM,11000100,-6.0,iter-2-scenario-2303,2,ok,3,118.2,50.0,8.123,30.89
bristol,froxfield,voyager,16QAM,11000100,-5.5,iter-2-scenario-2304,2,ok,3,118.2,50.0,8.11,31.11
bristol,froxfield,voyager,16QAM,11000101,-6.5,iter-2-scenario-2863,2,ok,4,118.2,50.0,7.873,30.66
bristol,froxfield,voyager,16QAM,11000101,-6.0,iter-2-scenario-2864,2,ok,4,118.2,50.0,7.862,30.89
bristol,froxfield,voyager,16QAM,11000101,-5.5,iter-2-scenario-2865,2,ok,4,118.2,50.0,7.848,31.11
bristol,froxfield,voyager,16QAM,11000110,-6.5,iter-2-scenario-520,2,ok,4,118.2,50.0,7.463,30.66
bristol,froxfield,voyager,16QAM,11000110,-6.0,iter-2-scenario-521,2,ok,4,118.2,50.0,7.453,30.89
bristol,froxfield,voyager,16QAM,11000110,-5.5,iter-2-scenario-522,2,ok,4,118.2,50.0,7.435,31.11
bristol,froxfield,voyager,16QAM,11000111,-6.5,iter-2-scenario-1141,2,ok,5,118.2,50.0,6.888,30.66
bristol,froxfield,voyager,16QAM,11000111,-6.0,iter-2-scenario-1142,2,ok,5,118.2,50.0,6.878,30.89
bristol,froxfield,voyager,16QAM,11000111,-5.5,iter-2-scenario-1143,2,ok,5,118.2,50.0,6.864,31.11
bristol,froxfield,voyager,16QAM,11001000,-6.5,iter-2-scenario-370,2,ok,3,118.2,50.0,7.997,30.66
bristol,froxfield,voyager,16QAM,11001000,-6.0,iter-2-scenario-371,2,ok,3,118.2,50.0,7.987,30.89
bristol,froxfield,voyager,16QAM,11001000,-5.5,iter-2-scenario-372,2,ok,3,118.2,50.0,7.973,31.11
bristol,froxfield,voyager,16QAM,11001001,-6.5,iter-2-scenario-5662,2,ok,4,118.2,50.0,7.91,30.66
bristol,froxfield,voyager,16QAM,11001001,-6.0,iter-2-scenario-5663,2,ok,4,118.2,50.0,7.9,30.89
bristol,froxfield,voyager,16QAM,11001001,-5.5,iter-2-scenario-5664,2,ok,4,118.2,50.0,7.888,31.11
bristol,froxfield,voyager,16QAM,11001010,-6.5,iter-2-scenario-5812,2,ok,4,118.2,50.0,7.742,30.66
bristol,froxfield,voyager,16QAM,11001010,-6.0,iter-2-scenario-5813,2,ok,4,118.2,50.0,7.732,30.89
bristol,froxfield,voyager,16QAM,11001010,-5.5,iter-2-scenario-5814,2,ok,4,118.2,50.0,7.715,31.11
bristol,froxfield,voyager,16QAM,11001011,-6.5,iter-2-scenario-4978,2,ok,5,118.2,50.0,7.162,30.66
bristol,froxfield,voyager,16QAM,11001011,-6.0,iter-2-scenario-4979,2,ok,5,118.2,50.0,7.152,30.89
bristol,froxfield,voyager,16QAM,11001011,-5.5,iter-2-scenario-4980,2,ok,5,118.2,50.0,7.136,31.11
bristol,froxfield,voyager,16QAM,11001100,-6.5,iter-2-scenario-3673,2,ok,4,118.2,50.0,7.317,30.66
bristol,froxfield,voyager,16QAM,11001100,-6.0,iter-2-scenario-3674,2,ok,4,118.2,50.0,7.308,30.89
bristol,froxfield,voyager,16QAM,11001100,-5.5,iter-2-scenario-3675,2,ok,4,118.2,50.0,7.298,31.11
bristol,froxfield,voyager,16QAM,11001101,-6.5,iter-2-scenario-3376,2,ok,5,118.2,50.0,7.13,30.66
bristol,froxfield,voyager,16QAM,11001101,-6.0,iter-2-scenario-3377,2,ok,5,118.2,50.0,7.118,30.89
bristol,froxfield,voyager,16QAM,11001101,-5.5,iter-2-scenario-3378,2,ok,5,118.2,50.0,7.106,31.11
bristol,froxfield,voyager,16QAM,11001110,-6.5,iter-2-scenario-1081,2,ok,5,118.2,50.0,6.758,30.66
bristol,froxfield,voyager,16QAM,11001110,-6.0,iter-2-scenario-1082,2,ok,5,118.2,50.0,6.748,30.89
bristol,froxfield,voyager,16QAM,11001110,-5.5,iter-2-scenario-1083,2,ok,5,118.2,50.0,6.732,31.11
bristol,froxfield,voyager,16QAM,11001111,-6.5,iter-2-scenario-1948,2,ok,6,118.2,50.0,6.303,30.66
bristol,froxfield,voyager,16QAM,11001111,-6.0,iter-2-scenario-1949,2,ok,6,118.2,50.0,6.293,30.89
bristol,froxfield,voyager,16QAM,11001111,-5.5,iter-2-scenario-1950,2,ok,6,118.2,50.0,6.282,31.11
bristol,froxfield,voyager,16QAM,11010000,-6.5,iter-2-scenario-2719,2,ok,3,118.2,50.0,7.75,30.66
bristol,froxfield,voyager,16QAM,11010000,-6.0,iter-2-scenario-2720,2,ok,3,118.2,50.0,7.74,30.89
bristol,froxfield,voyager,16QAM,11010000,-5.5,iter-2-scenario-2721,2,ok,3,118.2,50.0,7.727,31.11
bristol,froxfield,voyager,16QAM,11010001,-6.5,iter-2-scenario-4018,2,ok,4,118.2,50.0,7.8,30.66
bristol,froxfield,voyager,16QAM,11010001,-6.0,iter-2-scenario-4019,2,ok,4,118.2,50.0,7.79,30.89
bristol,froxfield,voyager,16QAM,11010001,-5.5,iter-2-scenario-4020,2,ok,4,118.2,50.0,7.777,31.11
bristol,froxfield,voyager,16QAM,11010010,-6.5,iter-2-scenario-1711,2,ok,4,118.2,50.0,7.697,30.66
bristol,froxfield,voyager,16QAM,11010010,-6.0,iter-2-scenario-1712,2,ok,4,118.2,50.0,7.688,30.89
bristol,froxfield,voyager,16QAM,11010010,-5.5,iter-2-scenario-1713,2,ok,4,118.2,50.0,7.67,31.11
bristol,froxfield,voyager,16QAM,11010011,-6.5,iter-2-scenario-2173,2,ok,5,118.2,50.0,7.162,30.66
bristol,froxfield,voyager,16QAM,11010011,-6.0,iter-2-scenario-2174,2,ok,5,118.2,50.0,7.152,30.89
bristol,froxfield,voyager,16QAM,11010011,-5.5,iter-2-scenario-2175,2,ok,5,118.2,50.0,7.14,31.11
bristol,froxfield,voyager,16QAM,11010100,-6.5,iter-2-scenario-5329,2,ok,4,118.2,50.0,7.51,30.66
bristol,froxfield,voyager,16QAM,11010100,-6.0,iter-2-scenario-5330,2,ok,4,118.2,50.0,7.5,30.89
bristol,froxfield,voyager,16QAM,11010100,-5.5,iter-2-scenario-5331,2,ok,4,118.2,50.0,7.487,31.11
bristol,froxfield,voyager,16QAM,11010101,-6.5,iter-2-scenario-43,2,ok,5,118.2,50.0,7.312,30.66
bristol,froxfield,voyager,16QAM,11010101,-6.0,iter-2-scenario-44,2,ok,5,118.2,50.0,7.302,30.89
bristol,froxfield,voyager,16QAM,11010101,-5.5,iter-2-scenario-45,2,ok,5,118.2,50.0,7.288,31.11
bristol,froxfield,voyager,16QAM,11010110,-6.5,iter-2-scenario-2632,2,ok,5,118.2,50.0,6.966,30.66
bristol,froxfield,voyager,16QAM,11010110,-6.0,iter-2-scenario-2633,2,ok,5,118.2,50.0,6.956,30.89
bristol,froxfield,voyager,16QAM,11010110,-5.5,iter-2-scenario-2634,2,ok,5,118.2,50.0,6.94,31.11
bristol,froxfield,voyager,16QAM,11010111,-6.5,iter-2-scenario-5878,2,ok,6,118.2,50.0,6.497,30.66
bristol,froxfield,voyager,16QAM,11010111,-6.0,iter-2-scenario-5879,2,ok,6,118.2,50.0,6.487,30.89
bristol,froxfield,voyager,16QAM,11010111,-5.5,iter-2-scenario-5880,2,ok,6,118.2,50.0,6.47,31.11
bristol,froxfield,voyager,16QAM,11011000,-6.5,iter-2-scenario-2785,2,ok,4,118.2,50.0,7.075,30.66
bristol,froxfield,voyager,16QAM,11011000,-6.0,iter-2-scenario-2786,2,ok,4,118.2,50.0,7.065,30.89
bristol,froxfield,voyager,16QAM,11011000,-5.5,iter-2-scenario-2787,2,ok,4,118.2,50.0,7.05,31.11
bristol,froxfield,voyager,16QAM,11011001,-6.5,iter-2-scenario-4936,2,ok,5,118.2,50.0,7.078,30.66
bristol,froxfield,voyager,16QAM,11011001,-6.0,iter-2-scenario-4937,2,ok,5,118.2,50.0,7.068,30.89
bristol,froxfield,voyager,16QAM,11011001,-5.5,iter-2-scenario-4938,2,ok,5,118.2,50.0,7.054,31.11
bristol,froxfield,voyager,16QAM,11011010,-6.5,iter-2-scenario-4510,2,ok,5,118.2,50.0,6.914,30.66
bristol,froxfield,voyager,16QAM,11011010,-6.0,iter-2-scenario-4511,2,ok,5,118.2,50.0,6.904,30.89
bristol,froxfield,voyager,16QAM,11011010,-5.5,iter-2-scenario-4512,2,ok,5,118.2,50.0,6.888,31.11
bristol,froxfield,voyager,16QAM,11011011,-6.5,iter-2-scenario-1999,2,ok,6,118.2,50.0,6.505,30.66
bristol,froxfield,voyager,16QAM,11011011,-6.0,iter-2-scenario-2000,2,ok,6,118.2,50.0,6.495,30.89
bristol,froxfield,voyager,16QAM,11011011,-5.5,iter-2-scenario-2001,2,ok,6,118.2,50.0,6.482,31.11
bristol,froxfield,voyager,16QAM,11011100,-6.5,iter-2-scenario-5884,2,ok,5,118.2,50.0,6.536,30.66
bristol,froxfield,voyager,16QAM,11011100,-6.0,iter-2-scenario-5885,2,ok,5,118.2,50.0,6.526,30.89
bristol,froxfield,voyager,16QAM,11011100,-5.5,iter-2-scenario-5886,2,ok,5,118.2,50.0,6.514,31.11
bristol,froxfield,voyager,16QAM,11011101,-6.5,iter-2-scenario-5119,2,ok,6,118.2,50.0,6.432,30.66
bristol,froxfield,voyager,16QAM,11011101,-6.0,iter-2-scenario-5120,2,ok,6,118.2,50.0,6.418,30.89
bristol,froxfield,voyager,16QAM,11011101,-5.5,iter-2-scenario-5121,2,ok,6,118.2,50.0,6.405,31.11
bristol,froxfield,voyager,16QAM,11011110,-6.5,iter-2-scenario-3391,2,ok,6,118.2,50.0,6.11,30.66
bristol,froxfield,voyager,16QAM,11011110,-6.0,iter-2-scenario-3392,2,ok,6,118.2,50.0,6.1,30.89
bristol,froxfield,voyager,16QAM,11011110,-5.5,iter-2-scenario-3393,2,ok,6,118.2,50.0,6.085,31.11
bristol,froxfield,voyager,16QAM,11011111,-6.5,iter-2-scenario-2527,2,ok,7,118.2,50.0,5.761,30.66
bristol,froxfield,voyager,16QAM,11011111,-6.0,iter-2-scenario-2528,2,ok,7,118.2,50.0,5.751,30.89
bristol,froxfield,voyager,16QAM,11011111,-5.5,iter-2-scenario-2529,2,ok,7,118.2,50.0,5.739,31.11
bristol,froxfield,voyager,16QAM,11100000,-6.5,iter-2-scenario-1168,2,ok,3,118.2,50.0,7.13,30.66
bristol,froxfield,voyager,16QAM,11100000,-6.0,iter-2-scenario-1169,2,ok,3,118.2,50.0,7.117,30.89
bristol,froxfield,voyager,16QAM,11100000,-5.5,iter-2-scenario-1170,2,ok,3,118.2,50.0,7.107,31.11
bristol,froxfield,voyager,16QAM,11100001,-6.5,iter-2-scenario-5356,2,ok,4,118.2,50.0,7.395,30.66
bristol,froxfield,voyager,16QAM,11100001,-6.0,iter-2-scenario-5357,2,ok,4,118.2,50.0,7.385,30.89
bristol,froxfield,voyager,16QAM,11100001,-5.5,iter-2-scenario-5358,2,ok,4,118.2,50.0,7.367,31.11
bristol,froxfield,voyager,16QAM,11100010,-6.5,iter-2-scenario-4909,2,ok,4,118.2,50.0,7.317,30.66
bristol,froxfield,voyager,16QAM,11100010,-6.0,iter-2-scenario-4910,2,ok,4,118.2,50.0,7.308,30.89
bristol,froxfield,voyager,16QAM,11100010,-5.5,iter-2-scenario-4911,2,ok,4,118.2,50.0,7.293,31.11
bristol,froxfield,voyager,16QAM,11100011,-6.5,iter-2-scenario-1699,2,ok,5,118.2,50.0,6.892,30.66
bristol,froxfield,voyager,16QAM,11100011,-6.0,iter-2-scenario-1700,2,ok,5,118.2,50.0,6.882,30.89
bristol,froxfield,voyager,16QAM,11100011,-5.5,iter-2-scenario-1701,2,ok,5,118.2,50.0,6.868,31.11
bristol,froxfield,voyager,16QAM,11100100,-6.5,iter-2-scenario-2368,2,ok,4,118.2,50.0,7.197,30.66
bristol,froxfield,voyager,16QAM,11100100,-6.0,iter-2-scenario-2369,2,ok,4,118.2,50.0,7.188,30.89
bristol,froxfield,voyager,16QAM,11100100,-5.5,iter-2-scenario-2370,2,ok,4,118.2,50.0,7.175,31.11
bristol,froxfield,voyager,16QAM,11100101,-6.5,iter-2-scenario-3910,2,ok,5,118.2,50.0,7.094,30.66
bristol,froxfield,voyager,16QAM,11100101,-6.0,iter-2-scenario-3911,2,ok,5,118.2,50.0,7.084,30.89
bristol,froxfield,voyager,16QAM,11100101,-5.5,iter-2-scenario-3912,2,ok,5,118.2,50.0,7.07,31.11
bristol,froxfield,voyager,16QAM,11100110,-6.5,iter-2-scenario-3436,2,ok,5,118.2,50.0,6.76,30.66
bristol,froxfield,voyager,16QAM,11100110,-6.0,iter-2-scenario-3437,2,ok,5,118.2,50.0,6.75,30.89
bristol,froxfield,voyager,16QAM,11100110,-5.5,iter-2-scenario-3438,2,ok,5,118.2,50.0,6.734,31.11
bristol,froxfield,voyager,16QAM,11100111,-6.5,iter-2-scenario-4429,2,ok,6,118.2,50.0,6.347,30.66
bristol,froxfield,voyager,16QAM,11100111,-6.0,iter-2-scenario-4430,2,ok,6,118.2,50.0,6.335,30.89
bristol,froxfield,voyager,16QAM,11100111,-5.5,iter-2-scenario-4431,2,ok,6,118.2,50.0,6.32,31.11
bristol,froxfield,voyager,16QAM,11101000,-6.5,iter-2-scenario-3919,2,ok,4,118.2,50.0,6.998,30.66
bristol,froxfield,voyager,16QAM,11101000,-6.0,iter-2-scenario-3920,2,ok,4,118.2,50.0,6.987,30.89
bristol,froxfield,voyager,16QAM,11101000,-5.5,iter-2-scenario-3921,2,ok,4,118.2,50.0,6.97,31.11
bristol,froxfield,voyager,16QAM,11101001,-6.5,iter-2-scenario-3136,2,ok,5,118.2,50.0,7.038,30.66
bristol,froxfield,voyager,16QAM,11101001,-6.0,iter-2-scenario-3137,2,ok,5,118.2,50.0,7.028,30.89
bristol,froxfield,voyager,16QAM,11101001,-5.5,iter-2-scenario-3138,2,ok,5,118.2,50.0,7.016,31.11
bristol,froxfield,voyager,16QAM,11101010,-6.5,iter-2-scenario-349,2,ok,5,118.2,50.0,6.892,30.66
bristol,froxfield,voyager,16QAM,11101010,-6.0,iter-2-scenario-350,2,ok,5,118.2,50.0,6.876,30.89
bristol,froxfield,voyager,16QAM,11101010,-5.5,iter-2-scenario-351,2,ok,5,118.2,50.0,6.864,31.11
bristol,froxfield,voyager,16QAM,11101011,-6.5,iter-2-scenario-1510,2,ok,6,118.2,50.0,6.498,30.66
bristol,froxfield,voyager,16QAM,11101011,-6.0,iter-2-scenario-1511,2,ok,6,118.2,50.0,6.487,30.89
bristol,froxfield,voyager,16QAM,11101011,-5.5,iter-2-scenario-1512,2,ok,6,118.2,50.0,6.473,31.11
bristol,froxfield,voyager,16QAM,11101100,-6.5,iter-2-scenario-2113,2,ok,5,118.2,50.0,6.54,30.66
bristol,froxfield,voyager,16QAM,11101100,-6.0,iter-2-scenario-2114,2,ok,5,118.2,50.0,6.528,30.89
bristol,froxfield,voyager,16QAM,11101100,-5.5,iter-2-scenario-2115,2,ok,5,118.2,50.0,6.514,31.11
bristol,froxfield,voyager,16QAM,11101101,-6.5,iter-2-scenario-5416,2,ok,6,118.2,50.0,6.447,30.66
bristol,froxfield,voyager,16QAM,11101101,-6.0,iter-2-scenario-5417,2,ok,6,118.2,50.0,6.437,30.89
bristol,froxfield,voyager,16QAM,11101101,-5.5,iter-2-scenario-5418,2,ok,6,118.2,50.0,6.422,31.11
bristol,froxfield,voyager,16QAM,11101110,-6.5,iter-2-scenario-5458,2,ok,6,118.2,50.0,6.137,30.66
bristol,froxfield,voyager,16QAM,11101110,-6.0,iter-2-scenario-5459,2,ok,6,118.2,50.0,6.127,30.89
bristol,froxfield,voyager,16QAM,11101110,-5.5,iter-2-scenario-5460,2,ok,6,118.2,50.0,6.108,31.11
bristol,froxfield,voyager,16QAM,11101111,-6.5,iter-2-scenario-3604,2,ok,7,118.2,50.0,5.794,30.66
bristol,froxfield,voyager,16QAM,11101111,-6.0,iter-2-scenario-3605,2,ok,7,118.2,50.0,5.783,30.89
bristol,froxfield,voyager,16QAM,11101111,-5.5,iter-2-scenario-3606,2,ok,7,118.2,50.0,5.769,31.11
bristol,froxfield,voyager,16QAM,11110000,-6.5,iter-2-scenario-1036,2,ok,4,118.2,50.0,6.518,30.66
bristol,froxfield,voyager,16QAM,11110000,-6.0,iter-2-scenario-1037,2,ok,4,118.2,50.0,6.508,30.89
bristol,froxfield,voyager,16QAM,11110000,-5.5,iter-2-scenario-1038,2,ok,4,118.2,50.0,6.492,31.11
bristol,froxfield,voyager,16QAM,11110001,-6.5,iter-2-scenario-2383,2,ok,5,118.2,50.0,6.72,30.66
bristol,froxfield,voyager,16QAM,11110001,-6.0,iter-2-scenario-2384,2,ok,5,118.2,50.0,6.71,30.89
bristol,froxfield,voyager,16QAM,11110001,-5.5,iter-2-scenario-2385,2,ok,5,118.2,50.0,6.696,31.11
bristol,froxfield,voyager,16QAM,11110010,-6.5,iter-2-scenario-997,2,ok,5,118.2,50.0,6.618,30.66
bristol,froxfield,voyager,16QAM,11110010,-6.0,iter-2-scenario-998,2,ok,5,118.2,50.0,6.608,30.89
bristol,froxfield,voyager,16QAM,11110010,-5.5,iter-2-scenario-999,2,ok,5,118.2,50.0,6.596,31.11
bristol,froxfield,voyager,16QAM,11110011,-6.5,iter-2-scenario-1981,2,ok,6,118.2,50.0,6.312,30.66
bristol,froxfield,voyager,16QAM,11110011,-6.0,iter-2-scenario-1982,2,ok,6,118.2,50.0,6.3,30.89
bristol,froxfield,voyager,16QAM,11110011,-5.5,iter-2-scenario-1983,2,ok,6,118.2,50.0,6.285,31.11
bristol,froxfield,voyager,16QAM,11110100,-6.5,iter-2-scenario-583,2,ok,5,118.2,50.0,6.446,30.66
bristol,froxfield,voyager,16QAM,11110100,-6.0,iter-2-scenario-584,2,ok,5,118.2,50.0,6.436,30.89
bristol,froxfield,voyager,16QAM,11110100,-5.5,iter-2-scenario-585,2,ok,5,118.2,50.0,6.426,31.11
bristol,froxfield,voyager,16QAM,11110101,-6.5,iter-2-scenario-4786,2,ok,6,118.2,50.0,6.407,30.66
bristol,froxfield,voyager,16QAM,11110101,-6.0,iter-2-scenario-4787,2,ok,6,118.2,50.0,6.392,30.89
bristol,froxfield,voyager,16QAM,11110101,-5.5,iter-2-scenario-4788,2,ok,6,118.2,50.0,6.378,31.11
bristol,froxfield,voyager,16QAM,11110110,-6.5,iter-2-scenario-3307,2,ok,6,118.2,50.0,6.113,30.66
bristol,froxfield,voyager,16QAM,11110110,-6.0,iter-2-scenario-3308,2,ok,6,118.2,50.0,6.103,30.89
bristol,froxfield,voyager,16QAM,11110110,-5.5,iter-2-scenario-3309,2,ok,6,118.2,50.0,6.087,31.11
bristol,froxfield,voyager,16QAM,11110111,-6.5,iter-2-scenario-1405,2,ok,7,118.2,50.0,5.796,30.66
bristol,froxfield,voyager,16QAM,11110111,-6.0,iter-2-scenario-1406,2,ok,7,118.2,50.0,5.784,30.89
bristol,froxfield,voyager,16QAM,11110111,-5.5,iter-2-scenario-1407,2,ok,7,118.2,50.0,5.77,31.11
bristol,froxfield,voyager,16QAM,11111000,-6.5,iter-2-scenario-5956,2,ok,5,118.2,50.0,6.064,30.66
bristol,froxfield,voyager,16QAM,11111000,-6.0,iter-2-scenario-5957,2,ok,5,118.2,50.0,6.052,30.89
bristol,froxfield,voyager,16QAM,11111000,-5.5,iter-2-scenario-5958,2,ok,5,118.2,50.0,6.038,31.11
bristol,froxfield,voyager,16QAM,11111001,-6.5,iter-2-scenario-4210,2,ok,6,118.2,50.0,6.173,30.66
bristol,froxfield,voyager,16QAM,11111001,-6.0,iter-2-scenario-4211,2,ok,6,118.2,50.0,6.163,30.89
bristol,froxfield,voyager,16QAM,11111001,-5.5,iter-2-scenario-4212,2,ok,6,118.2,50.0,6.147,31.11
bristol,froxfield,voyager,16QAM,11111010,-6.5,iter-2-scenario-292,2,ok,6,118.2,50.0,6.028,30.66
bristol,froxfield,voyager,16QAM,11111010,-6.0,iter-2-scenario-293,2,ok,6,118.2,50.0,6.017,30.89
bristol,froxfield,voyager,16QAM,11111010,-5.5,iter-2-scenario-294,2,ok,6,118.2,50.0,6.002,31.11
bristol,froxfield,voyager,16QAM,11111011,-6.5,iter-2-scenario-1249,2,ok,7,118.2,50.0,5.764,30.66
bristol,froxfield,voyager,16QAM,11111011,-6.0,iter-2-scenario-1250,2,ok,7,118.2,50.0,5.754,30.89
bristol,froxfield,voyager,16QAM,11111011,-5.5,iter-2-scenario-1251,2,ok,7,118.2,50.0,5.74,31.11
bristol,froxfield,voyager,16QAM,11111100,-6.5,iter-2-scenario-3028,2,ok,6,118.2,50.0,5.703,30.66
bristol,froxfield,voyager,16QAM,11111100,-6.0,iter-2-scenario-3029,2,ok,6,118.2,50.0,5.693,30.89
bristol,froxfield,voyager,16QAM,11111100,-5.5,iter-2-scenario-3030,2,ok,6,118.2,50.0,5.678,31.11
bristol,froxfield,voyager,16QAM,11111101,-6.5,iter-2-scenario-1753,2,ok,7,118.2,50.0,5.684,30.66
bristol,froxfield,voyager,16QAM,11111101,-6.0,iter-2-scenario-1754,2,ok,7,118.2,50.0,5.674,30.89
bristol,froxfield,voyager,16QAM,11111101,-5.5,iter-2-scenario-1755,2,ok,7,118.2,50.0,5.66,31.11
bristol,froxfield,voyager,16QAM,11111110,-6.5,iter-2-scenario-874,2,ok,7,118.2,50.0,5.409,30.66
bristol,froxfield,voyager,16QAM,11111110,-6.0,iter-2-scenario-875,2,ok,7,118.2,50.0,5.397,30.89
bristol,froxfield,voyager,16QAM,11111110,-5.5,iter-2-scenario-876,2,ok,7,118.2,50.0,5.384,31.11
bristol,froxfield,voyager,16QAM,11111111,-6.5,iter-2-scenario-835,2,ok,8,118.2,50.0,5.16,30.66
bristol,froxfield,voyager,16QAM,11111111,-6.0,iter-2-scenario-836,2,ok,8,118.2,50.0,5.149,30.89
bristol,froxfield,voyager,16QAM,11111111,-5.5,iter-2-scenario-837,2,ok,8,118.2,50.0,5.134,31.11
bristol,froxfield,voyager,QPSK,00000000,-6.5,iter-2-scenario-3640,2,no_signal,0,118.2,37.5,,
bristol,froxfield,voyager,QPSK,00000000,-6.0,iter-2-scenario-3641,2,no_signal,0,118.2,37.5,,
bristol,froxfield,voyager,QPSK,00000000,-5.5,iter-2-scenario-3642,2,no_signal,0,118.2,37.5,,
bristol,froxfield,voyager,QPSK,00000001,-6.5,iter-2-scenario-2191,2,ok,1,118.2,37.5,9.79,30.66
bristol,froxfield,voyager,QPSK,00000001,-6.0,iter-2-scenario-2192,2,ok,1,118.2,37.5,9.78,30.89
bristol,froxfield,voyager,QPSK,00000001,-5.5,iter-2-scenario-2193,2,ok,1,118.2,37.5,9.76,31.11
bristol,froxfield,voyager,QPSK,00000010,-6.5,iter-2-scenario-1663,2,ok,1,118.2,37.5,9.79,30.66
bristol,froxfield,voyager,QPSK,00000010,-6.0,iter-2-scenario-1664,2,ok,1,118.2,37.5,9.78,30.89
bristol,froxfield,voyager,QPSK,00000010,-5.5,iter-2-scenario-1665,2,ok,1,118.2,37.5,9.77,31.11
bristol,froxfield,voyager,QPSK,00000011,-6.5,iter-2-scenario-2239,2,ok,2,118.2,37.5,7.51,30.66
bristol,froxfield,voyager,QPSK,00000011,-6.0,iter-2-scenario-2240,2,ok,2,118.2,37.5,7.5,30.89
bristol,froxfield,voyager,QPSK,00000011,-5.5,iter-2-scenario-2241,2,ok,2,118.2,37.5,7.485,31.11
bristol,froxfield,voyager,QPSK,00000100,-6.5,iter-2-scenario-682,2,ok,1,118.2,37.5,9.79,30.66
bristol,froxfield,voyager,QPSK,00000100,-6.0,iter-2-scenario-683,2,ok,1,118.2,37.5,9.78,30.89
bristol,froxfield,voyager,QPSK,00000100,-5.5,iter-2-scenario-684,2,ok,1,118.2,37.5,9.77,31.11
bristol,froxfield,voyager,QPSK,00000101,-6.5,iter-2-scenario-4360,2,ok,2,118.2,37.5,8.57,30.66
bristol,froxfield,voyager,QPSK,00000101,-6.0,iter-2-scenario-4361,2,ok,2,118.2,37.5,8.56,30.89
bristol,froxfield,voyager,QPSK,00000101,-5.5,iter-2-scenario-4362,2,ok,2,118.2,37.5,8.545,31.11
bristol,froxfield,voyager,QPSK,00000110,-6.5,iter-2-scenario-3823,2,ok,2,118.2,37.5,7.515,30.66
bristol,froxfield,voyager,QPSK,00000110,-6.0,iter-2-scenario-3824,2,ok,2,118.2,37.5,7.505,30.89
bristol,froxfield,voyager,QPSK,00000110,-5.5,iter-2-scenario-3825,2,ok,2,118.2,37.5,7.49,31.11
bristol,froxfield,voyager,QPSK,00000111,-6.5,iter-2-scenario-1393,2,ok,3,118.2,37.5,6.387,30.66
bristol,froxfield,voyager,QPSK,00000111,-6.0,iter-2-scenario-1394,2,ok,3,118.2,37.5,6.377,30.89
bristol,froxfield,voyager,QPSK,00000111,-5.5,iter-2-scenario-1395,2,ok,3,118.2,37.5,6.367,31.11
bristol,froxfield,voyager,QPSK,00001000,-6.5,iter-2-scenario-3037,2,ok,1,118.2,37.5,9.8,30.66
bristol,froxfield,voyager,QPSK,00001000,-6.0,iter-2-scenario-3038,2,ok,1,118.2,37.5,9.79,30.89
bristol,froxfield,voyager,QPSK,00001000,-5.5,iter-2-scenario-3039,2,ok,1,118.2,37.5,9.78,31.11
bristol,froxfield,voyager,QPSK,00001001,-6.5,iter-2-scenario-4315,2,ok,2,118.2,37.5,8.955,30.66
bristol,froxfield,voyager,QPSK,00001001,-6.0,iter-2-scenario-4316,2,ok,2,118.2,37.5,8.945,30.89
bristol,froxfield,voyager,QPSK,00001001,-5.5,iter-2-scenario-4317,2,ok,2,118.2,37.5,8.93,31.11
bristol,froxfield,voyager,QPSK,00001010,-6.5,iter-2-scenario-388,2,ok,2,118.2,37.5,8.575,30.66
bristol,froxfield,voyager,QPSK,00001010,-6.0,iter-2-scenario-389,2,ok,2,118.2,37.5,8.565,30.89
bristol,froxfield,voyager,QPSK,00001010,-5.5,iter-2-scenario-390,2,ok,2,118.2,37.5,8.555,31.11
bristol,froxfield,voyager,QPSK,00001011,-6.5,iter-2-scenario-724,2,ok,3,118.2,37.5,7.157,30.66
bristol,froxfield,voyager,QPSK,00001011,-6.0,iter-2-scenario-725,2,ok,3,118.2,37.5,7.147,30.89
bristol,froxfield,voyager,QPSK,00001011,-5.5,iter-2-scenario-726,2,ok,3,118.2,37.5,7.133,31.11
bristol,froxfield,voyager,QPSK,00001100,-6.5,iter-2-scenario-1705,2,ok,2,118.2,37.5,7.52,30.66
bristol,froxfield,voyager,QPSK,00001100,-6.0,iter-2-scenario-1706,2,ok,2,118.2,37.5,7.51,30.89
bristol,froxfield,voyager,QPSK,00001100,-5.5,iter-2-scenario-1707,2,ok,2,118.2,37.5,7.495,31.11
bristol,froxfield,voyager,QPSK,00001101,-6.5,iter-2-scenario-1096,2,ok,3,118.2,37.5,7.16,30.66
bristol,froxfield,voyager,QPSK,00001101,-6.0,iter-2-scenario-1097,2,ok,3,118.2,37.5,7.15,30.89
bristol,froxfield,voyager,QPSK,00001101,-5.5,iter-2-scenario-1098,2,ok,3,118.2,37.5,7.14,31.11
bristol,froxfield,voyager,QPSK,00001110,-6.5,iter-2-scenario-2677,2,ok,3,118.2,37.5,6.39,30.66
bristol,froxfield,voyager,QPSK,00001110,-6.0,iter-2-scenario-2678,2,ok,3,118.2,37.5,6.38,30.89
bristol,froxfield,voyager,QPSK,00001110,-5.5,iter-2-scenario-2679,2,ok,3,118.2,37.5,6.367,31.11
bristol,froxfield,voyager,QPSK,00001111,-6.5,iter-2-scenario-3088,2,ok,4,118.2,37.5,5.657,30.66
bristol,froxfield,voyager,QPSK,00001111,-6.0,iter-2-scenario-3089,2,ok,4,118.2,37.5,5.647,30.89
bristol,froxfield,voyager,QPSK,00001111,-5.5,iter-2-scenario-3090,2,ok,4,118.2,37.5,5.633,31.11
bristol,froxfield,voyager,QPSK,00010000,-6.5,iter-2-scenario-1456,2,ok,1,118.2,37.5,9.8,30.66
bristol,froxfield,voyager,QPSK,00010000,-6.0,iter-2-scenario-1457,2,ok,1,118.2,37.5,9.79,30.89
bristol,froxfield,voyager,QPSK,00010000,-5.5,iter-2-scenario-1458,2,ok,1,118.2,37.5,9.78,31.11
bristol,froxfield,voyager,QPSK,00010001,-6.5,iter-2-scenario-5047,2,ok,2,118.2,37.5,9.155,30.66
bristol,froxfield,voyager,QPSK,00010001,-6.0,iter-2-scenario-5048,2,ok,2,118.2,37.5,9.145,30.89
bristol,froxfield,voyager,QPSK,00010001,-5.5,iter-2-scenario-5049,2,ok,2,118.2,37.5,9.13,31.11
bristol,froxfield,voyager,QPSK,00010010,-6.5,iter-2-scenario-4126,2,ok,2,118.2,37.5,8.96,30.66
bristol,froxfield,voyager,QPSK,00010010,-6.0,iter-2-scenario-4127,2,ok,2,118.2,37.5,8.95,30.89
bristol,froxfield,voyager,QPSK,00010010,-5.5,iter-2-scenario-4128,2,ok,2,118.2,37.5,8.935,31.11
bristol,froxfield,voyager,QPSK,00010011,-6.5,iter-2-scenario-2539,2,ok,3,118.2,37.5,7.47,30.66
bristol,froxfield,voyager,QPSK,00010011,-6.0,iter-2-scenario-2540,2,ok,3,118.2,37.5,7.46,30.89
bristol,froxfield,voyager,QPSK,00010011,-5.5,iter-2-scenario-2541,2,ok,3,118.2,37.5,7.447,31.11
bristol,froxfield,voyager,QPSK,00010100,-6.5,iter-2-scenario-355,2,ok,2,118.2,37.5,8.575,30.66
bristol,froxfield,voyager,QPSK,00010100,-6.0,iter-2-scenario-356,2,ok,2,118.2,37.5,8.565,30.89
bristol,froxfield,voyager,QPSK,00010100,-5.5,iter-2-scenario-357,2,ok,2,118.2,37.5,8.555,31.11
bristol,froxfield,voyager,QPSK,00010101,-6.5,iter-2-scenario-4288,2,ok,3,118.2,37.5,7.893,30.66
bristol,froxfield,voyager,QPSK,00010101,-6.0,iter-2-scenario-4289,2,ok,3,118.2,37.5,7.883,30.89
bristol,froxfield,voyager,QPSK,00010101,-5.5,iter-2-scenario-4290,2,ok,3,118.2,37.5,7.87,31.11
bristol,froxfield,voyager,QPSK,00010110,-6.5,iter-2-scenario-3409,2,ok,3,118.2,37.5,7.163,30.66
bristol,froxfield,voyager,QPSK,00010110,-6.0,iter-2-scenario-3410,2,ok,3,118.2,37.5,7.153,30.89
bristol,froxfield,voyager,QPSK,00010110,-5.5,iter-2-scenario-3411,2,ok,3,118.2,37.5,7.143,31.11
bristol,froxfield,voyager,QPSK,00010111,-6.5,iter-2-scenario-3724,2,ok,4,118.2,37.5,6.245,30.66
bristol,froxfield,voyager,QPSK,00010111,-6.0,iter-2-scenario-3725,2,ok,4,118.2,37.5,6.235,30.89
bristol,froxfield,voyager,QPSK,00010111,-5.5,iter-2-scenario-3726,2,ok,4,118.2,37.5,6.225,31.11
bristol,froxfield,voyager,QPSK,00011000,-6.5,iter-2-scenario-5926,2,ok,2,118.2,37.5,7.525,30.66
bristol,froxfield,voyager,QPSK,00011000,-6.0,iter-2-scenario-5927,2,ok,2,118.2,37.5,7.515,30.89
bristol,froxfield,voyager,QPSK,00011000,-5.5,iter-2-scenario-5928,2,ok,2,118.2,37.5,7.5,31.11
bristol,froxfield,voyager,QPSK,00011001,-6.5,iter-2-scenario-3475,2,ok,3,118.2,37.5,7.473,30.66
bristol,froxfield,voyager,QPSK,00011001,-6.0,iter-2-scenario-3476,2,ok,3,118.2,37.5,7.463,30.89
bristol,froxfield,voyager,QPSK,00011001,-5.5,iter-2-scenario-3477,2,ok,3,118.2,37.5,7.45,31.11
bristol,froxfield,voyager,QPSK,00011010,-6.5,iter-2-scenario-1822,2,ok,3,118.2,37.5,7.167,30.66
bristol,froxfield,voyager,QPSK,00011010,-6.0,iter-2-scenario-1823,2,ok,3,118.2,37.5,7.153,30.89
bristol,froxfield,voyager,QPSK,00011010,-5.5,iter-2-scenario-1824,2,ok,3,118.2,37.5,7.14,31.11
bristol,froxfield,voyager,QPSK,00011011,-6.5,iter-2-scenario-2824,2,ok,4,118.2,37.5,6.338,30.66
bristol,froxfield,voyager,QPSK,00011011,-6.0,iter-2-scenario-2825,2,ok,4,118.2,37.5,6.327,30.89
bristol,froxfield,voyager,QPSK,00011011,-5.5,iter-2-scenario-2826,2,ok,4,118.2,37.5,6.317,31.11
bristol,froxfield,voyager,QPSK,00011100,-6.5,iter-2-scenario-130,2,ok,3,118.2,37.5,6.397,30.66
bristol,froxfield,voyager,QPSK,00011100,-6.0,iter-2-scenario-131,2,ok,3,118.2,37.5,6.387,30.89
bristol,froxfield,voyager,QPSK,00011100,-5.5,iter-2-scenario-132,2,ok,3,118.2,37.5,6.377,31.11
bristol,froxfield,voyager,QPSK,00011101,-6.5,iter-2-scenario-2305,2,ok,4,118.2,37.5,6.248,30.66
bristol,froxfield,voyager,QPSK,00011101,-6.0,iter-2-scenario-2306,2,ok,4,118.2,37.5,6.237,30.89
bristol,froxfield,voyager,QPSK,00011101,-5.5,iter-2-scenario-2307,2,ok,4,118.2,37.5,6.228,31.11
bristol,froxfield,voyager,QPSK,00011110,-6.5,iter-2-scenario-2662,2,ok,4,118.2,37.5,5.662,30.66
bristol,froxfield,voyager,QPSK,00011110,-6.0,iter-2-scenario-2663,2,ok,4,118.2,37.5,5.652,30.89
bristol,froxfield,voyager,QPSK,00011110,-5.5,iter-2-scenario-2664,2,ok,4,118.2,37.5,5.638,31.11
bristol,froxfield,voyager,QPSK,00011111,-6.5,iter-2-scenario-3340,2,ok,5,118.2,37.5,5.126,30.66
bristol,froxfield,voyager,QPSK,00011111,-6.0,iter-2-scenario-3341,2,ok,5,118.2,37.5,5.114,30.89
bristol,froxfield,voyager,QPSK,00011111,-5.5,iter-2-scenario-3342,2,ok,5,118.2,37.5,5.098,31.11
bristol,froxfield,voyager,QPSK,00100000,-6.5,iter-2-scenario-4051,2,ok,1,118.2,37.5,9.81,30.66
bristol,froxfield,voyager,QPSK,00100000,-6.0,iter-2-scenario-4052,2,ok,1,118.2,37.5,9.8,30.89
bristol,froxfield,voyager,QPSK,00100000,-5.5,iter-2-scenario-4053,2,ok,1,118.2,37.5,9.79,31.11
bristol,froxfield,voyager,QPSK,00100001,-6.5,iter-2-scenario-1606,2,ok,2,118.2,37.5,9.28,30.66
bristol,froxfield,voyager,QPSK,00100001,-6.0,iter-2-scenario-1607,2,ok,2,118.2,37.5,9.27,30.89
bristol,froxfield,voyager,QPSK,00100001,-5.5,iter-2-scenario-1608,2,ok,2,118.2,37.5,9.26,31.11
bristol,froxfield,voyager,QPSK,00100010,-6.5,iter-2-scenario-3883,2,ok,2,118.2,37.5,9.16,30.66
bristol,froxfield,voyager,QPSK,00100010,-6.0,iter-2-scenario-3884,2,ok,2,118.2,37.5,9.15,30.89
bristol,froxfield,voyager,QPSK,00100010,-5.5,iter-2-scenario-3885,2,ok,2,118.2,37.5,9.14,31.11
bristol,froxfield,voyager,QPSK,00100011,-6.5,iter-2-scenario-289,2,ok,3,118.2,37.5,7.643,30.66
bristol,froxfield,voyager,QPSK,00100011,-6.0,iter-2-scenario-290,2,ok,3,118.2,37.5,7.633,30.89
bristol,froxfield,voyager,QPSK,00100011,-5.5,iter-2-scenario-291,2,ok,3,118.2,37.5,7.62,31.11
bristol,froxfield,voyager,QPSK,00100100,-6.5,iter-2-scenario-1267,2,ok,2,118.2,37.5,8.965,30.66
bristol,froxfield,voyager,QPSK,00100100,-6.0,iter-2-scenario-1268,2,ok,2,118.2,37.5,8.955,30.89
bristol,froxfield,voyager,QPSK,00100100,-5.5,iter-2-scenario-1269,2,ok,2,118.2,37.5,8.94,31.11
bristol,froxfield,voyager,QPSK,00100101,-6.5,iter-2-scenario-481,2,ok,3,118.2,37.5,8.187,30.66
bristol,froxfield,voyager,QPSK,00100101,-6.0,iter-2-scenario-482,2,ok,3,118.2,37.5,8.177,30.89
bristol,froxfield,voyager,QPSK,00100101,-5.5,iter-2-scenario-483,2,ok,3,118.2,37.5,8.163,31.11
bristol,froxfield,voyager,QPSK,00100110,-6.5,iter-2-scenario-2599,2,ok,3,118.2,37.5,7.477,30.66
bristol,froxfield,voyager,QPSK,00100110,-6.0,iter-2-scenario-2600,2,ok,3,118.2,37.5,7.467,30.89
bristol,froxfield,voyager,QPSK,00100110,-5.5,iter-2-scenario-2601,2,ok,3,118.2,37.5,7.45,31.11
bristol,froxfield,voyager,QPSK,00100111,-6.5,iter-2-scenario-5254,2,ok,4,118.2,37.5,6.502,30.66
bristol,froxfield,voyager,QPSK,00100111,-6.0,iter-2-scenario-5255,2,ok,4,118.2,37.5,6.492,30.89
bristol,froxfield,voyager,QPSK,00100111,-5.5,iter-2-scenario-5256,2,ok,4,118.2,37.5,6.475,31.11
bristol,froxfield,voyager,QPSK,00101000,-6.5,iter-2-scenario-4813,2,ok,2,118.2,37.5,8.585,30.66
bristol,froxfield,voyager,QPSK,00101000,-6.0,iter-2-scenario-4814,2,ok,2,118.2,37.5,8.575,30.89
bristol,froxfield,voyager,QPSK,00101000,-5.5,iter-2-scenario-4815,2,ok,2,118.2,37.5,8.565,31.11
bristol,froxfield,voyager,QPSK,00101001,-6.5,iter-2-scenario-5353,2,ok,3,118.2,37.5,8.187,30.66
bristol,froxfield,voyager,QPSK,00101001,-6.0,iter-2-scenario-5354,2,ok,3,118.2,37.5,8.177,30.89
bristol,froxfield,voyager,QPSK,00101001,-5.5,iter-2-scenario-5355,2,ok,3,118.2,37.5,8.167,31.11
bristol,froxfield,voyager,QPSK,00101010,-6.5,iter-2-scenario-2146,2,ok,3,118.2,37.5,7.897,30.66
bristol,froxfield,voyager,QPSK,00101010,-6.0,iter-2-scenario-2147,2,ok,3,118.2,37.5,7.887,30.89
bristol,froxfield,voyager,QPSK,00101010,-5.5,iter-2-scenario-2148,2,ok,3,118.2,37.5,7.877,31.11
bristol,froxfield,voyager,QPSK,00101011,-6.5,iter-2-scenario-2455,2,ok,4,118.2,37.5,6.885,30.66
bristol,froxfield,voyager,QPSK,00101011,-6.0,iter-2-scenario-2456,2,ok,4,118.2,37.5,6.875,30.89
bristol,froxfield,voyager,QPSK,00101011,-5.5,iter-2-scenario-2457,2,ok,4,118.2,37.5,6.862,31.11
bristol,froxfield,voyager,QPSK,00101100,-6.5,iter-2-scenario-1240,2,ok,3,118.2,37.5,7.167,30.66
bristol,froxfield,voyager,QPSK,00101100,-6.0,iter-2-scenario-1241,2,ok,3,118.2,37.5,7.157,30.89
bristol,froxfield,voyager,QPSK,00101100,-5.5,iter-2-scenario-1242,2,ok,3,118.2,37.5,7.143,31.11
bristol,froxfield,voyager,QPSK,00101101,-6.5,iter-2-scenario-259,2,ok,4,118.2,37.5,6.835,30.66
bristol,froxfield,voyager,QPSK,00101101,-6.0,iter-2-scenario-260,2,ok,4,118.2,37.5,6.825,30.89
bristol,froxfield,voyager,QPSK,00101101,-5.5,iter-2-scenario-261,2,ok,4,118.2,37.5,6.81,31.11
bristol,froxfield,voyager,QPSK,00101110,-6.5,iter-2-scenario-1111,2,ok,4,118.2,37.5,6.255,30.66
bristol,froxfield,voyager,QPSK,00101110,-6.0,iter-2-scenario-1112,2,ok,4,118.2,37.5,6.242,30.89
bristol,froxfield,voyager,QPSK,00101110,-5.5,iter-2-scenario-1113,2,ok,4,118.2,37.5,6.228,31.11
bristol,froxfield,voyager,QPSK,00101111,-6.5,iter-2-scenario-1177,2,ok,5,118.2,37.5,5.596,30.66
bristol,froxfield,voyager,QPSK,00101111,-6.0,iter-2-scenario-1178,2,ok,5,118.2,37.5,5.586,30.89
bristol,froxfield,voyager,QPSK,00101111,-5.5,iter-2-scenario-1179,2,ok,5,118.2,37.5,5.574,31.11
bristol,froxfield,voyager,QPSK,00110000,-6.5,iter-2-scenario-6100,2,ok,2,118.2,37.5,7.53,30.66
bristol,froxfield,voyager,QPSK,00110000,-6.0,iter-2-scenario-6101,2,ok,2,118.2,37.5,7.52,30.89
bristol,froxfield,voyager,QPSK,00110000,-5.5,iter-2-scenario-6102,2,ok,2,118.2,37.5,7.505,31.11
bristol,froxfield,voyager,QPSK,00110001,-6.5,iter-2-scenario-4846,2,ok,3,118.2,37.5,7.65,30.66
bristol,froxfield,voyager,QPSK,00110001,-6.0,iter-2-scenario-4847,2,ok,3,118.2,37.5,7.64,30.89
bristol,froxfield,voyager,QPSK,00110001,-5.5,iter-2-scenario-4848,2,ok,3,118.2,37.5,7.623,31.11
bristol,froxfield,voyager,QPSK,00110010,-6.5,iter-2-scenario-3205,2,ok,3,118.2,37.5,7.48,30.66
bristol,froxfield,voyager,QPSK,00110010,-6.0,iter-2-scenario-3206,2,ok,3,118.2,37.5,7.47,30.89
bristol,froxfield,voyager,QPSK,00110010,-5.5,iter-2-scenario-3207,2,ok,3,118.2,37.5,7.453,31.11
bristol,froxfield,voyager,QPSK,00110011,-6.5,iter-2-scenario-1069,2,ok,4,118.2,37.5,6.643,30.66
bristol,froxfield,voyager,QPSK,00110011,-6.0,iter-2-scenario-1070,2,ok,4,118.2,37.5,6.633,30.89
bristol,froxfield,voyager,QPSK,00110011,-5.5,iter-2-scenario-1071,2,ok,4,118.2,37.5,6.617,31.11
bristol,froxfield,voyager,QPSK,00110100,-6.5,iter-2-scenario-1849,2,ok,3,118.2,37.5,7.17,30.66
bristol,froxfield,voyager,QPSK,00110100,-6.0,iter-2-scenario-1850,2,ok,3,118.2,37.5,7.16,30.89
bristol,froxfield,voyager,QPSK,00110100,-5.5,iter-2-scenario-1851,2,ok,3,118.2,37.5,7.15,31.11
bristol,froxfield,voyager,QPSK,00110101,-6.5,iter-2-scenario-2299,2,ok,4,118.2,37.5,6.888,30.66
bristol,froxfield,voyager,QPSK,00110101,-6.0,iter-2-scenario-2300,2,ok,4,118.2,37.5,6.877,30.89
bristol,froxfield,voyager,QPSK,00110101,-5.5,iter-2-scenario-2301,2,ok,4,118.2,37.5,6.865,31.11
bristol,froxfield,voyager,QPSK,00110110,-6.5,iter-2-scenario-5965,2,ok,4,118.2,37.5,6.348,30.66
bristol,froxfield,voyager,QPSK,00110110,-6.0,iter-2-scenario-5966,2,ok,4,118.2,37.5,6.338,30.89
bristol,froxfield,voyager,QPSK,00110110,-5.5,iter-2-scenario-5967,2,ok,4,118.2,37.5,6.317,31.11
bristol,froxfield,voyager,QPSK,00110111,-6.5,iter-2-scenario-3571,2,ok,5,118.2,37.5,5.704,30.66
bristol,froxfield,voyager,QPSK,00110111,-6.0,iter-2-scenario-3572,2,ok,5,118.2,37.5,5.692,30.89
bristol,froxfield,voyager,QPSK,00110111,-5.5,iter-2-scenario-3573,2,ok,5,118.2,37.5,5.676,31.11
bristol,froxfield,voyager,QPSK,00111000,-6.5,iter-2-scenario-5536,2,ok,3,118.2,37.5,6.4,30.66
bristol,froxfield,voyager,QPSK,00111000,-6.0,iter-2-scenario-5537,2,ok,3,118.2,37.5,6.39,30.89
bristol,froxfield,voyager,QPSK,00111000,-5.5,iter-2-scenario-5538,2,ok,3,118.2,37.5,6.377,31.11
bristol,froxfield,voyager,QPSK,00111001,-6.5,iter-2-scenario-1909,2,ok,4,118.2,37.5,6.505,30.66
bristol,froxfield,voyager,QPSK,00111001,-6.0,iter-2-scenario-1910,2,ok,4,118.2,37.5,6.495,30.89
bristol,froxfield,voyager,QPSK,00111001,-5.5,iter-2-scenario-1911,2,ok,4,118.2,37.5,6.482,31.11
bristol,froxfield,voyager,QPSK,00111010,-6.5,iter-2-scenario-3130,2,ok,4,118.2,37.5,6.258,30.66
bristol,froxfield,voyager,QPSK,00111010,-6.0,iter-2-scenario-3131,2,ok,4,118.2,37.5,6.245,30.89
bristol,froxfield,voyager,QPSK,00111010,-5.5,iter-2-scenario-3132,2,ok,4,118.2,37.5,6.23,31.11
bristol,froxfield,voyager,QPSK,00111011,-6.5,iter-2-scenario-5317,2,ok,5,118.2,37.5,5.702,30.66
bristol,froxfield,voyager,QPSK,00111011,-6.0,iter-2-scenario-5318,2,ok,5,118.2,37.5,5.692,30.89
bristol,froxfield,voyager,QPSK,00111011,-5.5,iter-2-scenario-5319,2,ok,5,118.2,37.5,5.68,31.11
bristol,froxfield,voyager,QPSK,00111100,-6.5,iter-2-scenario-3001,2,ok,4,118.2,37.5,5.67,30.66
bristol,froxfield,voyager,QPSK,00111100,-6.0,iter-2-scenario-3002,2,ok,4,118.2,37.5,5.657,30.89
bristol,froxfield,voyager,QPSK,00111100,-5.5,iter-2-scenario-3003,2,ok,4,118.2,37.5,5.643,31.11
bristol,froxfield,voyager,QPSK,00111101,-6.5,iter-2-scenario-3670,2,ok,5,118.2,37.5,5.602,30.66
bristol,froxfield,voyager,QPSK,00111101,-6.0,iter-2-scenario-3671,2,ok,5,118.2,37.5,5.592,30.89
bristol,froxfield,voyager,QPSK,00111101,-5.5,iter-2-scenario-3672,2,ok,5,118.2,37.5,5.574,31.11
bristol,froxfield,voyager,QPSK,00111110,-6.5,iter-2-scenario-2563,2,ok,5,118.2,37.5,5.128,30.66
bristol,froxfield,voyager,QPSK,00111110,-6.0,iter-2-scenario-2564,2,ok,5,118.2,37.5,5.118,30.89
bristol,froxfield,voyager,QPSK,00111110,-5.5,iter-2-scenario-2565,2,ok,5,118.2,37.5,5.106,31.11
bristol,froxfield,voyager,QPSK,00111111,-6.5,iter-2-scenario-5425,2,ok,6,118.2,37.5,4.705,30.66
bristol,froxfield,voyager,QPSK,00111111,-6.0,iter-2-scenario-5426,2,ok,6,118.2,37.5,4.695,30.89
bristol,froxfield,voyager,QPSK,00111111,-5.5,iter-2-scenario-5427,2,ok,6,118.2,37.5,4.68,31.11
bristol,froxfield,voyager,QPSK,01000000,-6.5,iter-2-scenario-5722,2,ok,1,118.2,37.5,9.81,30.66
bristol,froxfield,voyager,QPSK,01000000,-6.0,iter-2-scenario-5723,2,ok,1,118.2,37.5,9.8,30.89
bristol,froxfield,voyager,QPSK,01000000,-5.5,iter-2-scenario-5724,2,ok,1,118.2,37.5,9.79,31.11
bristol,froxfield,voyager,QPSK,01000001,-6.5,iter-2-scenario-1285,2,ok,2,118.2,37.5,9.365,30.66
bristol,froxfield,voyager,QPSK,01000001,-6.0,iter-2-scenario-1286,2,ok,2,118.2,37.5,9.355,30.89
bristol,froxfield,voyager,QPSK,01000001,-5.5,iter-2-scenario-1287,2,ok,2,118.2,37.5,9.345,31.11
bristol,froxfield,voyager,QPSK,01000010,-6.5,iter-2-scenario-1696,2,ok,2,118.2,37.5,9.285,30.66
bristol,froxfield,voyager,QPSK,01000010,-6.0,iter-2-scenario-1697,2,ok,2,118.2,37.5,9.275,30.89
bristol,froxfield,voyager,QPSK,01000010,-5.5,iter-2-scenario-1698,2,ok,2,118.2,37.5,9.26,31.11
bristol,froxfield,voyager,QPSK,01000011,-6.5,iter-2-scenario-1927,2,ok,3,118.2,37.5,7.757,30.66
bristol,froxfield,voyager,QPSK,01000011,-6.0,iter-2-scenario-1928,2,ok,3,118.2,37.5,7.747,30.89
bristol,froxfield,voyager,QPSK,01000011,-5.5,iter-2-scenario-1929,2,ok,3,118.2,37.5,7.733,31.11
bristol,froxfield,voyager,QPSK,01000100,-6.5,iter-2-scenario-2119,2,ok,2,118.2,37.5,9.165,30.66
bristol,froxfield,voyager,QPSK,01000100,-6.0,iter-2-scenario-2120,2,ok,2,118.2,37.5,9.155,30.89
bristol,froxfield,voyager,QPSK,01000100,-5.5,iter-2-scenario-2121,2,ok,2,118.2,37.5,9.14,31.11
bristol,froxfield,voyager,QPSK,01000101,-6.5,iter-2-scenario-4795,2,ok,3,118.2,37.5,8.35,30.66
bristol,froxfield,voyager,QPSK,01000101,-6.0,iter-2-scenario-4796,2,ok,3,118.2,37.5,8.34,30.89
bristol,froxfield,voyager,QPSK,01000101,-5.5,iter-2-scenario-4797,2,ok,3,118.2,37.5,8.327,31.11
bristol,froxfield,voyager,QPSK,01000110,-6.5,iter-2-scenario-2020,2,ok,3,118.2,37.5,7.65,30.66
bristol,froxfield,voyager,QPSK,01000110,-6.0,iter-2-scenario-2021,2,ok,3,118.2,37.5,7.64,30.89
bristol,froxfield,voyager,QPSK,01000110,-5.5,iter-2-scenario-2022,2,ok,3,118.2,37.5,7.623,31.11
bristol,froxfield,voyager,QPSK,01000111,-6.5,iter-2-scenario-5101,2,ok,4,118.2,37.5,6.645,30.66
bristol,froxfield,voyager,QPSK,01000111,-6.0,iter-2-scenario-5102,2,ok,4,118.2,37.5,6.635,30.89
bristol,froxfield,voyager,QPSK,01000111,-5.5,iter-2-scenario-5103,2,ok,4,118.2,37.5,6.623,31.11
bristol,froxfield,voyager,QPSK,01001000,-6.5,iter-2-scenario-3766,2,ok,2,118.2,37.5,8.97,30.66
bristol,froxfield,voyager,QPSK,01001000,-6.0,iter-2-scenario-3767,2,ok,2,118.2,37.5,8.96,30.89
bristol,froxfield,voyager,QPSK,01001000,-5.5,iter-2-scenario-3768,2,ok,2,118.2,37.5,8.945,31.11
bristol,froxfield,voyager,QPSK,01001001,-6.5,iter-2-scenario-172,2,ok,3,118.2,37.5,8.467,30.66
bristol,froxfield,voyager,QPSK,01001001,-6.0,iter-2-scenario-173,2,ok,3,118.2,37.5,8.457,30.89
bristol,froxfield,voyager,QPSK,01001001,-5.5,iter-2-scenario-174,2,ok,3,118.2,37.5,8.447,31.11
bristol,froxfield,voyager,QPSK,01001010,-6.5,iter-2-scenario-5995,2,ok,3,118.2,37.5,8.19,30.66
bristol,froxfield,voyager,QPSK,01001010,-6.0,iter-2-scenario-5996,2,ok,3,118.2,37.5,8.18,30.89
bristol,froxfield,voyager,QPSK,01001010,-5.5,iter-2-scenario-5997,2,ok,3,118.2,37.5,8.17,31.11
bristol,froxfield,voyager,QPSK,01001011,-6.5,iter-2-scenario-6076,2,ok,4,118.2,37.5,7.112,30.66
bristol,froxfield,voyager,QPSK,01001011,-6.0,iter-2-scenario-6077,2,ok,4,118.2,37.5,7.103,30.89
bristol,froxfield,voyager,QPSK,01001011,-5.5,iter-2-scenario-6078,2,ok,4,118.2,37.5,7.093,31.11
bristol,froxfield,voyager,QPSK,01001100,-6.5,iter-2-scenario-148,2,ok,3,118.2,37.5,7.48,30.66
bristol,froxfield,voyager,QPSK,01001100,-6.0,iter-2-scenario-149,2,ok,3,118.2,37.5,7.47,30.89
bristol,froxfield,voyager,QPSK,01001100,-5.5,iter-2-scenario-150,2,ok,3,118.2,37.5,7.457,31.11
bristol,froxfield,voyager,QPSK,01001101,-6.5,iter-2-scenario-3715,2,ok,4,118.2,37.5,7.082,30.66
bristol,froxfield,voyager,QPSK,01001101,-6.0,iter-2-scenario-3716,2,ok,4,118.2,37.5,7.072,30.89
bristol,froxfield,voyager,QPSK,01001101,-5.5,iter-2-scenario-3717,2,ok,4,118.2,37.5,7.058,31.11
bristol,froxfield,voyager,QPSK,01001110,-6.5,iter-2-scenario-5635,2,ok,4,118.2,37.5,6.502,30.66
bristol,froxfield,voyager,QPSK,01001110,-6.0,iter-2-scenario-5636,2,ok,4,118.2,37.5,6.492,30.89
bristol,froxfield,voyager,QPSK,01001110,-5.5,iter-2-scenario-5637,2,ok,4,118.2,37.5,6.482,31.11
bristol,froxfield,voyager,QPSK,01001111,-6.5,iter-2-scenario-808,2,ok,5,118.2,37.5,5.806,30.66
bristol,froxfield,voyager,QPSK,01001111,-6.0,iter-2-scenario-809,2,ok,5,118.2,37.5,5.794,30.89
bristol,froxfield,voyager,QPSK,01001111,-5.5,iter-2-scenario-810,2,ok,5,118.2,37.5,5.782,31.11
bristol,froxfield,voyager,QPSK,01010000,-6.5,iter-2-scenario-6064,2,ok,2,118.2,37.5,8.585,30.66
bristol,froxfield,voyager,QPSK,01010000,-6.0,iter-2-scenario-6065,2,ok,2,118.2,37.5,8.575,30.89
bristol,froxfield,voyager,QPSK,01010000,-5.5,iter-2-scenario-6066,2,ok,2,118.2,37.5,8.565,31.11
bristol,froxfield,voyager,QPSK,01010001,-6.5,iter-2-scenario-4420,2,ok,3,118.2,37.5,8.353,30.66
bristol,froxfield,voyager,QPSK,01010001,-6.0,iter-2-scenario-4421,2,ok,3,118.2,37.5,8.343,30.89
bristol,froxfield,voyager,QPSK,01010001,-5.5,iter-2-scenario-4422,2,ok,3,118.2,37.5,8.333,31.11
bristol,froxfield,voyager,QPSK,01010010,-6.5,iter-2-scenario-2875,2,ok,3,118.2,37.5,8.19,30.66
bristol,froxfield,voyager,QPSK,01010010,-6.0,iter-2-scenario-2876,2,ok,3,118.2,37.5,8.18,30.89
bristol,froxfield,voyager,QPSK,01010010,-5.5,iter-2-scenario-2877,2,ok,3,118.2,37.5,8.17,31.11
bristol,froxfield,voyager,QPSK,01010011,-6.5,iter-2-scenario-5497,2,ok,4,118.2,37.5,7.17,30.66
bristol,froxfield,voyager,QPSK,01010011,-6.0,iter-2-scenario-5498,2,ok,4,118.2,37.5,7.16,30.89
bristol,froxfield,voyager,QPSK,01010011,-5.5,iter-2-scenario-5499,2,ok,4,118.2,37.5,7.145,31.11
bristol,froxfield,voyager,QPSK,01010100,-6.5,iter-2-scenario-5347,2,ok,3,118.2,37.5,7.9,30.66
bristol,froxfield,voyager,QPSK,01010100,-6.0,iter-2-scenario-5348,2,ok,3,118.2,37.5,7.89,30.89
bristol,froxfield,voyager,QPSK,01010100,-5.5,iter-2-scenario-5349,2,ok,3,118.2,37.5,7.88,31.11
bristol,froxfield,voyager,QPSK,01010101,-6.5,iter-2-scenario-1768,2,ok,4,118.2,37.5,7.435,30.66
bristol,froxfield,voyager,QPSK,01010101,-6.0,iter-2-scenario-1769,2,ok,4,118.2,37.5,7.425,30.89
bristol,froxfield,voyager,QPSK,01010101,-5.5,iter-2-scenario-1770,2,ok,4,118.2,37.5,7.41,31.11
bristol,froxfield,voyager,QPSK,01010110,-6.5,iter-2-scenario-5395,2,ok,4,118.2,37.5,6.89,30.66
bristol,froxfield,voyager,QPSK,01010110,-6.0,iter-2-scenario-5396,2,ok,4,118.2,37.5,6.88,30.89
bristol,froxfield,voyager,QPSK,01010110,-5.5,iter-2-scenario-5397,2,ok,4,118.2,37.5,6.867,31.11
bristol,froxfield,voyager,QPSK,01010111,-6.5,iter-2-scenario-5461,2,ok,5,118.2,37.5,6.136,30.66
bristol,froxfield,voyager,QPSK,01010111,-6.0,iter-2-scenario-5462,2,ok,5,118.2,37.5,6.126,30.89
bristol,froxfield,voyager,QPSK,01010111,-5.5,iter-2-scenario-5463,2,ok,5,118.2,37.5,6.108,31.11
bristol,froxfield,voyager,QPSK,01011000,-6.5,iter-2-scenario-2071,2,ok,3,118.2,37.5,7.173,30.66
bristol,froxfield,voyager,QPSK,01011000,-6.0,iter-2-scenario-2072,2,ok,3,118.2,37.5,7.163,30.89
bristol,froxfield,voyager,QPSK,01011000,-5.5,iter-2-scenario-2073,2,ok,3,118.2,37.5,7.153,31.11
bristol,froxfield,voyager,QPSK,01011001,-6.5,iter-2-scenario-4147,2,ok,4,118.2,37.5,7.085,30.66
bristol,froxfield,voyager,QPSK,01011001,-6.0,iter-2-scenario-4148,2,ok,4,118.2,37.5,7.075,30.89
bristol,froxfield,voyager,QPSK,01011001,-5.5,iter-2-scenario-4149,2,ok,4,118.2,37.5,7.06,31.11
bristol,froxfield,voyager,QPSK,01011010,-6.5,iter-2-scenario-961,2,ok,4,118.2,37.5,6.838,30.66
bristol,froxfield,voyager,QPSK,01011010,-6.0,iter-2-scenario-962,2,ok,4,118.2,37.5,6.827,30.89
bristol,froxfield,voyager,QPSK,01011010,-5.5,iter-2-scenario-963,2,ok,4,118.2,37.5,6.815,31.11
bristol,froxfield,voyager,QPSK,01011011,-6.5,iter-2-scenario-1156,2,ok,5,118.2,37.5,6.166,30.66
bristol,froxfield,voyager,QPSK,01011011,-6.0,iter-2-scenario-1157,2,ok,5,118.2,37.5,6.156,30.89
bristol,froxfield,voyager,QPSK,01011011,-5.5,iter-2-scenario-1158,2,ok,5,118.2,37.5,6.14,31.11
bristol,froxfield,voyager,QPSK,01011100,-6.5,iter-2-scenario-1561,2,ok,4,118.2,37.5,6.255,30.66
bristol,froxfield,voyager,QPSK,01011100,-6.0,iter-2-scenario-1562,2,ok,4,118.2,37.5,6.245,30.89
bristol,froxfield,voyager,QPSK,01011100,-5.5,iter-2-scenario-1563,2,ok,4,118.2,37.5,6.235,31.11
bristol,froxfield,voyager,QPSK,01011101,-6.5,iter-2-scenario-3310,2,ok,5,118.2,37.5,6.07,30.66
bristol,froxfield,voyager,QPSK,01011101,-6.0,iter-2-scenario-3311,2,ok,5,118.2,37.5,6.06,30.89
bristol,froxfield,voyager,QPSK,01011101,-5.5,iter-2-scenario-3312,2,ok,5,118.2,37.5,6.048,31.11
bristol,froxfield,voyager,QPSK,01011110,-6.5,iter-2-scenario-3997,2,ok,5,118.2,37.5,5.604,30.66
bristol,froxfield,voyager,QPSK,01011110,-6.0,iter-2-scenario-3998,2,ok,5,118.2,37.5,5.592,30.89
bristol,froxfield,voyager,QPSK,01011110,-5.5,iter-2-scenario-3999,2,ok,5,118.2,37.5,5.576,31.11
bristol,froxfield,voyager,QPSK,01011111,-6.5,iter-2-scenario-5200,2,ok,6,118.2,37.5,5.098,30.66
bristol,froxfield,voyager,QPSK,01011111,-6.0,iter-2-scenario-5201,2,ok,6,118.2,37.5,5.087,30.89
bristol,froxfield,voyager,QPSK,01011111,-5.5,iter-2-scenario-5202,2,ok,6,118.2,37.5,5.073,31.11
bristol,froxfield,voyager,QPSK,01100000,-6.5,iter-2-scenario-5140,2,ok,2,118.2,37.5,7.535,30.66
bristol,froxfield,voyager,QPSK,01100000,-6.0,iter-2-scenario-5141,2,ok,2,118.2,37.5,7.525,30.89
bristol,froxfield,voyager,QPSK,01100000,-5.5,iter-2-scenario-5142,2,ok,2,118.2,37.5,7.51,31.11
bristol,froxfield,voyager,QPSK,01100001,-6.5,iter-2-scenario-1216,2,ok,3,118.2,37.5,7.763,30.66
bristol,froxfield,voyager,QPSK,01100001,-6.0,iter-2-scenario-1217,2,ok,3,118.2,37.5,7.753,30.89
bristol,froxfield,voyager,QPSK,01100001,-5.5,iter-2-scenario-1218,2,ok,3,118.2,37.5,7.74,31.11
bristol,froxfield,voyager,QPSK,01100010,-6.5,iter-2-scenario-325,2,ok,3,118.2,37.5,7.653,30.66
bristol,froxfield,voyager,QPSK,01100010,-6.0,iter-2-scenario-326,2,ok,3,118.2,37.5,7.643,30.89
bristol,froxfield,voyager,QPSK,01100010,-5.5,iter-2-scenario-327,2,ok,3,118.2,37.5,7.633,31.11
bristol,froxfield,voyager,QPSK,01100011,-6.5,iter-2-scenario-4684,2,ok,4,118.2,37.5,6.817,30.66
bristol,froxfield,voyager,QPSK,01100011,-6.0,iter-2-scenario-4685,2,ok,4,118.2,37.5,6.808,30.89
bristol,froxfield,voyager,QPSK,01100011,-5.5,iter-2-scenario-4686,2,ok,4,118.2,37.5,6.797,31.11
bristol,froxfield,voyager,QPSK,01100100,-6.5,iter-2-scenario-3442,2,ok,3,118.2,37.5,7.483,30.66
bristol,froxfield,voyager,QPSK,01100100,-6.0,iter-2-scenario-3443,2,ok,3,118.2,37.5,7.473,30.89
bristol,froxfield,voyager,QPSK,01100100,-5.5,iter-2-scenario-3444,2,ok,3,118.2,37.5,7.46,31.11
bristol,froxfield,voyager,QPSK,01100101,-6.5,iter-2-scenario-4084,2,ok,4,118.2,37.5,7.173,30.66
bristol,froxfield,voyager,QPSK,01100101,-6.0,iter-2-scenario-4085,2,ok,4,118.2,37.5,7.162,30.89
bristol,froxfield,voyager,QPSK,01100101,-5.5,iter-2-scenario-4086,2,ok,4,118.2,37.5,7.147,31.11
bristol,froxfield,voyager,QPSK,01100110,-6.5,iter-2-scenario-3223,2,ok,4,118.2,37.5,6.647,30.66
bristol,froxfield,voyager,QPSK,01100110,-6.0,iter-2-scenario-3224,2,ok,4,118.2,37.5,6.638,30.89
bristol,froxfield,voyager,QPSK,01100110,-5.5,iter-2-scenario-3225,2,ok,4,118.2,37.5,6.622,31.11
bristol,froxfield,voyager,QPSK,01100111,-6.5,iter-2-scenario-5257,2,ok,5,118.2,37.5,5.972,30.66
bristol,froxfield,voyager,QPSK,01100111,-6.0,iter-2-scenario-5258,2,ok,5,118.2,37.5,5.962,30.89
bristol,froxfield,voyager,QPSK,01100111,-5.5,iter-2-scenario-5259,2,ok,5,118.2,37.5,5.946,31.11
bristol,froxfield,voyager,QPSK,01101000,-6.5,iter-2-scenario-1333,2,ok,3,118.2,37.5,7.173,30.66
bristol,froxfield,voyager,QPSK,01101000,-6.0,iter-2-scenario-1334,2,ok,3,118.2,37.5,7.163,30.89
bristol,froxfield,voyager,QPSK,01101000,-5.5,iter-2-scenario-1335,2,ok,3,118.2,37.5,7.15,31.11
bristol,froxfield,voyager,QPSK,01101001,-6.5,iter-2-scenario-1885,2,ok,4,118.2,37.5,7.12,30.66
bristol,froxfield,voyager,QPSK,01101001,-6.0,iter-2-scenario-1886,2,ok,4,118.2,37.5,7.107,30.89
bristol,froxfield,voyager,QPSK,01101001,-5.5,iter-2-scenario-1887,2,ok,4,118.2,37.5,7.098,31.11
bristol,froxfield,voyager,QPSK,01101010,-6.5,iter-2-scenario-3937,2,ok,4,118.2,37.5,6.895,30.66
bristol,froxfield,voyager,QPSK,01101010,-6.0,iter-2-scenario-3938,2,ok,4,118.2,37.5,6.883,30.89
bristol,froxfield,voyager,QPSK,01101010,-5.5,iter-2-scenario-3939,2,ok,4,118.2,37.5,6.87,31.11
bristol,froxfield,voyager,QPSK,01101011,-6.5,iter-2-scenario-1795,2,ok,5,118.2,37.5,6.224,30.66
bristol,froxfield,voyager,QPSK,01101011,-6.0,iter-2-scenario-1796,2,ok,5,118.2,37.5,6.214,30.89
bristol,froxfield,voyager,QPSK,01101011,-5.5,iter-2-scenario-1797,2,ok,5,118.2,37.5,6.204,31.11
bristol,froxfield,voyager,QPSK,01101100,-6.5,iter-2-scenario-2923,2,ok,4,118.2,37.5,6.348,30.66
bristol,froxfield,voyager,QPSK,01101100,-6.0,iter-2-scenario-2924,2,ok,4,118.2,37.5,6.338,30.89
bristol,froxfield,voyager,QPSK,01101100,-5.5,iter-2-scenario-2925,2,ok,4,118.2,37.5,6.327,31.11
bristol,froxfield,voyager,QPSK,01101101,-6.5,iter-2-scenario-5854,2,ok,5,118.2,37.5,6.168,30.66
bristol,froxfield,voyager,QPSK,01101101,-6.0,iter-2-scenario-5855,2,ok,5,118.2,37.5,6.158,30.89
bristol,froxfield,voyager,QPSK,01101101,-5.5,iter-2-scenario-5856,2,ok,5,118.2,37.5,6.144,31.11
bristol,froxfield,voyager,QPSK,01101110,-6.5,iter-2-scenario-1465,2,ok,5,118.2,37.5,5.706,30.66
bristol,froxfield,voyager,QPSK,01101110,-6.0,iter-2-scenario-1466,2,ok,5,118.2,37.5,5.696,30.89
bristol,froxfield,voyager,QPSK,01101110,-5.5,iter-2-scenario-1467,2,ok,5,118.2,37.5,5.684,31.11
bristol,froxfield,voyager,QPSK,01101111,-6.5,iter-2-scenario-1990,2,ok,6,118.2,37.5,5.2,30.66
bristol,froxfield,voyager,QPSK,01101111,-6.0,iter-2-scenario-1991,2,ok,6,118.2,37.5,5.19,30.89
bristol,froxfield,voyager,QPSK,01101111,-5.5,iter-2-scenario-1992,2,ok,6,118.2,37.5,5.175,31.11
bristol,froxfield,voyager,QPSK,01110000,-6.5,iter-2-scenario-4762,2,ok,3,118.2,37.5,6.407,30.66
bristol,froxfield,voyager,QPSK,01110000,-6.0,iter-2-scenario-4763,2,ok,3,118.2,37.5,6.397,30.89
bristol,froxfield,voyager,QPSK,01110000,-5.5,iter-2-scenario-4764,2,ok,3,118.2,37.5,6.387,31.11
bristol,froxfield,voyager,QPSK,01110001,-6.5,iter-2-scenario-2986,2,ok,4,118.2,37.5,6.657,30.66
bristol,froxfield,voyager,QPSK,01110001,-6.0,iter-2-scenario-2987,2,ok,4,118.2,37.5,6.645,30.89
bristol,froxfield,voyager,QPSK,01110001,-5.5,iter-2-scenario-2988,2,ok,4,118.2,37.5,6.633,31.11
bristol,froxfield,voyager,QPSK,01110010,-6.5,iter-2-scenario-655,2,ok,4,118.2,37.5,6.513,30.66
bristol,froxfield,voyager,QPSK,01110010,-6.0,iter-2-scenario-656,2,ok,4,118.2,37.5,6.503,30.89
bristol,froxfield,voyager,QPSK,01110010,-5.5,iter-2-scenario-657,2,ok,4,118.2,37.5,6.485,31.11
bristol,froxfield,voyager,QPSK,01110011,-6.5,iter-2-scenario-2107,2,ok,5,118.2,37.5,5.974,30.66
bristol,froxfield,voyager,QPSK,01110011,-6.0,iter-2-scenario-2108,2,ok,5,118.2,37.5,5.964,30.89
bristol,froxfield,voyager,QPSK,01110011,-5.5,iter-2-scenario-2109,2,ok,5,118.2,37.5,5.952,31.11
bristol,froxfield,voyager,QPSK,01110100,-6.5,iter-2-scenario-211,2,ok,4,118.2,37.5,6.258,30.66
bristol,froxfield,voyager,QPSK,01110100,-6.0,iter-2-scenario-212,2,ok,4,118.2,37.5,6.248,30.89
bristol,froxfield,voyager,QPSK,01110100,-5.5,iter-2-scenario-213,2,ok,4,118.2,37.5,6.237,31.11
bristol,froxfield,voyager,QPSK,01110101,-6.5,iter-2-scenario-4519,2,ok,5,118.2,37.5,6.14,30.66
bristol,froxfield,voyager,QPSK,01110101,-6.0,iter-2-scenario-4520,2,ok,5,118.2,37.5,6.13,30.89
bristol,froxfield,voyager,QPSK,01110101,-5.5,iter-2-scenario-4521,2,ok,5,118.2,37.5,6.114,31.11
bristol,froxfield,voyager,QPSK,01110110,-6.5,iter-2-scenario-586,2,ok,5,118.2,37.5,5.71,30.66
bristol,froxfield,voyager,QPSK,01110110,-6.0,iter-2-scenario-587,2,ok,5,118.2,37.5,5.7,30.89
bristol,froxfield,voyager,QPSK,01110110,-5.5,iter-2-scenario-588,2,ok,5,118.2,37.5,5.682,31.11
bristol,froxfield,voyager,QPSK,01110111,-6.5,iter-2-scenario-3814,2,ok,6,118.2,37.5,5.227,30.66
bristol,froxfield,voyager,QPSK,01110111,-6.0,iter-2-scenario-3815,2,ok,6,118.2,37.5,5.217,30.89
bristol,froxfield,voyager,QPSK,01110111,-5.5,iter-2-scenario-3816,2,ok,6,118.2,37.5,5.203,31.11
bristol,froxfield,voyager,QPSK,01111000,-6.5,iter-2-scenario-3373,2,ok,4,118.2,37.5,5.675,30.66
bristol,froxfield,voyager,QPSK,01111000,-6.0,iter-2-scenario-3374,2,ok,4,118.2,37.5,5.662,30.89
bristol,froxfield,voyager,QPSK,01111000,-5.5,iter-2-scenario-3375,2,ok,4,118.2,37.5,5.65,31.11
bristol,froxfield,voyager,QPSK,01111001,-6.5,iter-2-scenario-643,2,ok,5,118.2,37.5,5.814,30.66
bristol,froxfield,voyager,QPSK,01111001,-6.0,iter-2-scenario-644,2,ok,5,118.2,37.5,5.804,30.89
bristol,froxfield,voyager,QPSK,01111001,-5.5,iter-2-scenario-645,2,ok,5,118.2,37.5,5.788,31.11
bristol,froxfield,voyager,QPSK,01111010,-6.5,iter-2-scenario-3319,2,ok,5,118.2,37.5,5.604,30.66
bristol,froxfield,voyager,QPSK,01111010,-6.0,iter-2-scenario-3320,2,ok,5,118.2,37.5,5.594,30.89
bristol,froxfield,voyager,QPSK,01111010,-5.5,iter-2-scenario-3321,2,ok,5,118.2,37.5,5.582,31.11
bristol,froxfield,voyager,QPSK,01111011,-6.5,iter-2-scenario-3679,2,ok,6,118.2,37.5,5.205,30.66
bristol,froxfield,voyager,QPSK,01111011,-6.0,iter-2-scenario-3680,2,ok,6,118.2,37.5,5.192,30.89
bristol,froxfield,voyager,QPSK,01111011,-5.5,iter-2-scenario-3681,2,ok,6,118.2,37.5,5.177,31.11
bristol,froxfield,voyager,QPSK,01111100,-6.5,iter-2-scenario-505,2,ok,5,118.2,37.5,5.136,30.66
bristol,froxfield,voyager,QPSK,01111100,-6.0,iter-2-scenario-506,2,ok,5,118.2,37.5,5.126,30.89
bristol,froxfield,voyager,QPSK,01111100,-5.5,iter-2-scenario-507,2,ok,5,118.2,37.5,5.108,31.11
bristol,froxfield,voyager,QPSK,01111101,-6.5,iter-2-scenario-5035,2,ok,6,118.2,37.5,5.102,30.66
bristol,froxfield,voyager,QPSK,01111101,-6.0,iter-2-scenario-5036,2,ok,6,118.2,37.5,5.092,30.89
bristol,froxfield,voyager,QPSK,01111101,-5.5,iter-2-scenario-5037,2,ok,6,118.2,37.5,5.075,31.11
bristol,froxfield,voyager,QPSK,01111110,-6.5,iter-2-scenario-2497,2,ok,6,118.2,37.5,4.71,30.66
bristol,froxfield,voyager,QPSK,01111110,-6.0,iter-2-scenario-2498,2,ok,6,118.2,37.5,4.698,30.89
bristol,froxfield,voyager,QPSK,01111110,-5.5,iter-2-scenario-2499,2,ok,6,118.2,37.5,4.687,31.11
bristol,froxfield,voyager,QPSK,01111111,-6.5,iter-2-scenario-3538,2,ok,7,118.2,37.5,4.364,30.66
bristol,froxfield,voyager,QPSK,01111111,-6.0,iter-2-scenario-3539,2,ok,7,118.2,37.5,4.351,30.89
bristol,froxfield,voyager,QPSK,01111111,-5.5,iter-2-scenario-3540,2,ok,7,118.2,37.5,4.336,31.11
bristol,froxfield,voyager,QPSK,10000000,-6.5,iter-2-scenario-3388,2,ok,1,118.2,37.5,9.82,30.66
bristol,froxfield,voyager,QPSK,10000000,-6.0,iter-2-scenario-3389,2,ok,1,118.2,37.5,9.81,30.9
bristol,froxfield,voyager,QPSK,10000000,-5.5,iter-2-scenario-3390,2,ok,1,118.2,37.5,9.79,31.11
bristol,froxfield,voyager,QPSK,10000001,-6.5,iter-2-scenario-3112,2,ok,2,118.2,37.5,9.425,30.66
bristol,froxfield,voyager,QPSK,10000001,-6.0,iter-2-scenario-3113,2,ok,2,118.2,37.5,9.415,30.895
bristol,froxfield,voyager,QPSK,10000001,-5.5,iter-2-scenario-3114,2,ok,2,118.2,37.5,9.405,31.11
bristol,froxfield,voyager,QPSK,10000010,-6.5,iter-2-scenario-2410,2,ok,2,118.2,37.5,9.37,30.66
bristol,froxfield,voyager,QPSK,10000010,-6.0,iter-2-scenario-2411,2,ok,2,118.2,37.5,9.36,30.895
bristol,froxfield,voyager,QPSK,10000010,-5.5,iter-2-scenario-2412,2,ok,2,118.2,37.5,9.345,31.11
bristol,froxfield,voyager,QPSK,10000011,-6.5,iter-2-scenario-4729,2,ok,3,118.2,37.5,7.837,30.66
bristol,froxfield,voyager,QPSK,10000011,-6.0,iter-2-scenario-4730,2,ok,3,118.2,37.5,7.823,30.893
bristol,froxfield,voyager,QPSK,10000011,-5.5,iter-2-scenario-4731,2,ok,3,118.2,37.5,7.813,31.11
bristol,froxfield,voyager,QPSK,10000100,-6.5,iter-2-scenario-697,2,ok,2,118.2,37.5,9.29,30.66
bristol,froxfield,voyager,QPSK,10000100,-6.0,iter-2-scenario-698,2,ok,2,118.2,37.5,9.28,30.895
bristol,froxfield,voyager,QPSK,10000100,-5.5,iter-2-scenario-699,2,ok,2,118.2,37.5,9.265,31.11
bristol,froxfield,voyager,QPSK,10000101,-6.5,iter-2-scenario-1738,2,ok,3,118.2,37.5,8.46,30.66
bristol,froxfield,voyager,QPSK,10000101,-6.0,iter-2-scenario-1739,2,ok,3,118.2,37.5,8.45,30.893
bristol,froxfield,voyager,QPSK,10000101,-5.5,iter-2-scenario-1740,2,ok,3,118.2,37.5,8.437,31.11
bristol,froxfield,voyager,QPSK,10000110,-6.5,iter-2-scenario-2161,2,ok,3,118.2,37.5,7.763,30.66
bristol,froxfield,voyager,QPSK,10000110,-6.0,iter-2-scenario-2162,2,ok,3,118.2,37.5,7.75,30.893
bristol,froxfield,voyager,QPSK,10000110,-5.5,iter-2-scenario-2163,2,ok,3,118.2,37.5,7.737,31.11
bristol,froxfield,voyager,QPSK,10000111,-6.5,iter-2-scenario-3064,2,ok,4,118.2,37.5,6.747,30.66
bristol,froxfield,voyager,QPSK,10000111,-6.0,iter-2-scenario-3065,2,ok,4,118.2,37.5,6.737,30.892
bristol,froxfield,voyager,QPSK,10000111,-5.5,iter-2-scenario-3066,2,ok,4,118.2,37.5,6.72,31.11
bristol,froxfield,voyager,QPSK,10001000,-6.5,iter-2-scenario-2623,2,ok,2,118.2,37.5,9.17,30.66
bristol,froxfield,voyager,QPSK,10001000,-6.0,iter-2-scenario-2624,2,ok,2,118.2,37.5,9.16,30.895
bristol,froxfield,voyager,QPSK,10001000,-5.5,iter-2-scenario-2625,2,ok,2,118.2,37.5,9.15,31.11
bristol,froxfield,voyager,QPSK,10001001,-6.5,iter-2-scenario-6037,2,ok,3,118.2,37.5,8.627,30.66
bristol,froxfield,voyager,QPSK,10001001,-6.0,iter-2-scenario-6038,2,ok,3,118.2,37.5,8.617,30.893
bristol,froxfield,voyager,QPSK,10001001,-5.5,iter-2-scenario-6039,2,ok,3,118.2,37.5,8.6,31.11
bristol,froxfield,voyager,QPSK,10001010,-6.5,iter-2-scenario-265,2,ok,3,118.2,37.5,8.357,30.66
bristol,froxfield,voyager,QPSK,10001010,-6.0,iter-2-scenario-266,2,ok,3,118.2,37.5,8.347,30.893
bristol,froxfield,voyager,QPSK,10001010,-5.5,iter-2-scenario-267,2,ok,3,118.2,37.5,8.337,31.11
bristol,froxfield,voyager,QPSK,10001011,-6.5,iter-2-scenario-1432,2,ok,4,118.2,37.5,7.248,30.66
bristol,froxfield,voyager,QPSK,10001011,-6.0,iter-2-scenario-1433,2,ok,4,118.2,37.5,7.237,30.89
bristol,froxfield,voyager,QPSK,10001011,-5.5,iter-2-scenario-1434,2,ok,4,118.2,37.5,7.228,31.11
bristol,froxfield,voyager,QPSK,10001100,-6.5,iter-2-scenario-850,2,ok,3,118.2,37.5,7.653,30.66
bristol,froxfield,voyager,QPSK,10001100,-6.0,iter-2-scenario-851,2,ok,3,118.2,37.5,7.643,30.893
bristol,froxfield,voyager,QPSK,10001100,-5.5,iter-2-scenario-852,2,ok,3,118.2,37.5,7.63,31.11
bristol,froxfield,voyager,QPSK,10001101,-6.5,iter-2-scenario-4966,2,ok,4,118.2,37.5,7.228,30.66
bristol,froxfield,voyager,QPSK,10001101,-6.0,iter-2-scenario-4967,2,ok,4,118.2,37.5,7.218,30.89
bristol,froxfield,voyager,QPSK,10001101,-5.5,iter-2-scenario-4968,2,ok,4,118.2,37.5,7.203,31.11
bristol,froxfield,voyager,QPSK,10001110,-6.5,iter-2-scenario-2956,2,ok,4,118.2,37.5,6.652,30.66
bristol,froxfield,voyager,QPSK,10001110,-6.0,iter-2-scenario-2957,2,ok,4,118.2,37.5,6.643,30.89
bristol,froxfield,voyager,QPSK,10001110,-5.5,iter-2-scenario-2958,2,ok,4,118.2,37.5,6.627,31.11
bristol,froxfield,voyager,QPSK,10001111,-6.5,iter-2-scenario-4390,2,ok,5,118.2,37.5,5.934,30.66
bristol,froxfield,voyager,QPSK,10001111,-6.0,iter-2-scenario-4391,2,ok,5,118.2,37.5,5.922,30.89
bristol,froxfield,voyager,QPSK,10001111,-5.5,iter-2-scenario-4392,2,ok,5,118.2,37.5,5.908,31.11
bristol,froxfield,voyager,QPSK,10010000,-6.5,iter-2-scenario-1633,2,ok,2,118.2,37.5,8.975,30.66
bristol,froxfield,voyager,QPSK,10010000,-6.0,iter-2-scenario-1634,2,ok,2,118.2,37.5,8.965,30.895
bristol,froxfield,voyager,QPSK,10010000,-5.5,iter-2-scenario-1635,2,ok,2,118.2,37.5,8.95,31.11
bristol,froxfield,voyager,QPSK,10010001,-6.5,iter-2-scenario-1318,2,ok,3,118.2,37.5,8.627,30.66
bristol,froxfield,voyager,QPSK,10010001,-6.0,iter-2-scenario-1319,2,ok,3,118.2,37.5,8.617,30.893
bristol,froxfield,voyager,QPSK,10010001,-5.5,iter-2-scenario-1320,2,ok,3,118.2,37.5,8.603,31.11
bristol,froxfield,voyager,QPSK,10010010,-6.5,iter-2-scenario-4,2,ok,3,118.2,37.5,8.477,30.66
bristol,froxfield,voyager,QPSK,10010010,-6.0,iter-2-scenario-5,2,ok,3,118.2,37.5,8.467,30.893
bristol,froxfield,voyager,QPSK,10010010,-5.5,iter-2-scenario-6,2,ok,3,118.2,37.5,8.447,31.11
bristol,froxfield,voyager,QPSK,10010011,-6.5,iter-2-scenario-619,2,ok,4,118.2,37.5,7.385,30.66
bristol,froxfield,voyager,QPSK,10010011,-6.0,iter-2-scenario-620,2,ok,4,118.2,37.5,7.375,30.89
bristol,froxfield,voyager,QPSK,10010011,-5.5,iter-2-scenario-621,2,ok,4,118.2,37.5,7.36,31.11
bristol,froxfield,voyager,QPSK,10010100,-6.5,iter-2-scenario-2005,2,ok,3,118.2,37.5,8.197,30.66
bristol,froxfield,voyager,QPSK,10010100,-6.0,iter-2-scenario-2006,2,ok,3,118.2,37.5,8.187,30.89
bristol,froxfield,voyager,QPSK,10010100,-5.5,iter-2-scenario-2007,2,ok,3,118.2,37.5,8.173,31.11
bristol,froxfield,voyager,QPSK,10010101,-6.5,iter-2-scenario-2266,2,ok,4,118.2,37.5,7.66,30.66
bristol,froxfield,voyager,QPSK,10010101,-6.0,iter-2-scenario-2267,2,ok,4,118.2,37.5,7.65,30.89
bristol,froxfield,voyager,QPSK,10010101,-5.5,iter-2-scenario-2268,2,ok,4,118.2,37.5,7.638,31.11
bristol,froxfield,voyager,QPSK,10010110,-6.5,iter-2-scenario-5485,2,ok,4,118.2,37.5,7.122,30.66
bristol,froxfield,voyager,QPSK,10010110,-6.0,iter-2-scenario-5486,2,ok,4,118.2,37.5,7.112,30.89
bristol,froxfield,voyager,QPSK,10010110,-5.5,iter-2-scenario-5487,2,ok,4,118.2,37.5,7.095,31.11
bristol,froxfield,voyager,QPSK,10010111,-6.5,iter-2-scenario-5596,2,ok,5,118.2,37.5,6.32,30.66
bristol,froxfield,voyager,QPSK,10010111,-6.0,iter-2-scenario-5597,2,ok,5,118.2,37.5,6.31,30.89
bristol,froxfield,voyager,QPSK,10010111,-5.5,iter-2-scenario-5598,2,ok,5,118.2,37.5,6.3,31.11
bristol,froxfield,voyager,QPSK,10011000,-6.5,iter-2-scenario-4711,2,ok,3,118.2,37.5,7.487,30.66
bristol,froxfield,voyager,QPSK,10011000,-6.0,iter-2-scenario-4712,2,ok,3,118.2,37.5,7.477,30.89
bristol,froxfield,voyager,QPSK,10011000,-5.5,iter-2-scenario-4713,2,ok,3,118.2,37.5,7.46,31.11
bristol,froxfield,voyager,QPSK,10011001,-6.5,iter-2-scenario-448,2,ok,4,118.2,37.5,7.328,30.66
bristol,froxfield,voyager,QPSK,10011001,-6.0,iter-2-scenario-449,2,ok,4,118.2,37.5,7.317,30.89
bristol,froxfield,voyager,QPSK,10011001,-5.5,iter-2-scenario-450,2,ok,4,118.2,37.5,7.305,31.11
bristol,froxfield,voyager,QPSK,10011010,-6.5,iter-2-scenario-4660,2,ok,4,118.2,37.5,7.088,30.66
bristol,froxfield,voyager,QPSK,10011010,-6.0,iter-2-scenario-4661,2,ok,4,118.2,37.5,7.077,30.89
bristol,froxfield,voyager,QPSK,10011010,-5.5,iter-2-scenario-4662,2,ok,4,118.2,37.5,7.062,31.11
bristol,froxfield,voyager,QPSK,10011011,-6.5,iter-2-scenario-886,2,ok,5,118.2,37.5,6.368,30.66
bristol,froxfield,voyager,QPSK,10011011,-6.0,iter-2-scenario-887,2,ok,5,118.2,37.5,6.358,30.89
bristol,froxfield,voyager,QPSK,10011011,-5.5,iter-2-scenario-888,2,ok,5,118.2,37.5,6.346,31.11
bristol,froxfield,voyager,QPSK,10011100,-6.5,iter-2-scenario-5071,2,ok,4,118.2,37.5,6.512,30.66
bristol,froxfield,voyager,QPSK,10011100,-6.0,iter-2-scenario-5072,2,ok,4,118.2,37.5,6.502,30.89
bristol,froxfield,voyager,QPSK,10011100,-5.5,iter-2-scenario-5073,2,ok,4,118.2,37.5,6.485,31.11
bristol,froxfield,voyager,QPSK,10011101,-6.5,iter-2-scenario-6004,2,ok,5,118.2,37.5,6.282,30.66
bristol,froxfield,voyager,QPSK,10011101,-6.0,iter-2-scenario-6005,2,ok,5,118.2,37.5,6.27,30.89
bristol,froxfield,voyager,QPSK,10011101,-5.5,iter-2-scenario-6006,2,ok,5,118.2,37.5,6.256,31.11
bristol,froxfield,voyager,QPSK,10011110,-6.5,iter-2-scenario-5689,2,ok,5,118.2,37.5,5.812,30.66
bristol,froxfield,voyager,QPSK,10011110,-6.0,iter-2-scenario-5690,2,ok,5,118.2,37.5,5.802,30.89
bristol,froxfield,voyager,QPSK,10011110,-5.5,iter-2-scenario-5691,2,ok,5,118.2,37.5,5.79,31.11
bristol,froxfield,voyager,QPSK,10011111,-6.5,iter-2-scenario-5131,2,ok,6,118.2,37.5,5.277,30.66
bristol,froxfield,voyager,QPSK,10011111,-6.0,iter-2-scenario-5132,2,ok,6,118.2,37.5,5.265,30.89
bristol,froxfield,voyager,QPSK,10011111,-5.5,iter-2-scenario-5133,2,ok,6,118.2,37.5,5.253,31.11
bristol,froxfield,voyager,QPSK,10100000,-6.5,iter-2-scenario-955,2,ok,2,118.2,37.5,8.595,30.66
bristol,froxfield,voyager,QPSK,10100000,-6.0,iter-2-scenario-956,2,ok,2,118.2,37.5,8.585,30.895
bristol,froxfield,voyager,QPSK,10100000,-5.5,iter-2-scenario-957,2,ok,2,118.2,37.5,8.57,31.11
bristol,froxfield,voyager,QPSK,10100001,-6.5,iter-2-scenario-412,2,ok,3,118.2,37.5,8.467,30.66
bristol,froxfield,voyager,QPSK,10100001,-6.0,iter-2-scenario-413,2,ok,3,118.2,37.5,8.457,30.89
bristol,froxfield,voyager,QPSK,10100001,-5.5,iter-2-scenario-414,2,ok,3,118.2,37.5,8.44,31.11
bristol,froxfield,voyager,QPSK,10100010,-6.5,iter-2-scenario-4075,2,ok,3,118.2,37.5,8.36,30.66
bristol,froxfield,voyager,QPSK,10100010,-6.0,iter-2-scenario-4076,2,ok,3,118.2,37.5,8.35,30.89
bristol,froxfield,voyager,QPSK,10100010,-5.5,iter-2-scenario-4077,2,ok,3,118.2,37.5,8.337,31.11
bristol,froxfield,voyager,QPSK,10100011,-6.5,iter-2-scenario-5857,2,ok,4,118.2,37.5,7.338,30.66
bristol,froxfield,voyager,QPSK,10100011,-6.0,iter-2-scenario-5858,2,ok,4,118.2,37.5,7.325,30.89
bristol,froxfield,voyager,QPSK,10100011,-5.5,iter-2-scenario-5859,2,ok,4,118.2,37.5,7.315,31.11
bristol,froxfield,voyager,QPSK,10100100,-6.5,iter-2-scenario-3784,2,ok,3,118.2,37.5,8.197,30.66
bristol,froxfield,voyager,QPSK,10100100,-6.0,iter-2-scenario-3785,2,ok,3,118.2,37.5,8.187,30.89
bristol,froxfield,voyager,QPSK,10100100,-5.5,iter-2-scenario-3786,2,ok,3,118.2,37.5,8.177,31.11
bristol,froxfield,voyager,QPSK,10100101,-6.5,iter-2-scenario-5014,2,ok,4,118.2,37.5,7.703,30.66
bristol,froxfield,voyager,QPSK,10100101,-6.0,iter-2-scenario-5015,2,ok,4,118.2,37.5,7.69,30.89
bristol,froxfield,voyager,QPSK,10100101,-5.5,iter-2-scenario-5016,2,ok,4,118.2,37.5,7.678,31.11
bristol,froxfield,voyager,QPSK,10100110,-6.5,iter-2-scenario-1834,2,ok,4,118.2,37.5,7.175,30.66
bristol,froxfield,voyager,QPSK,10100110,-6.0,iter-2-scenario-1835,2,ok,4,118.2,37.5,7.162,30.89
bristol,froxfield,voyager,QPSK,10100110,-5.5,iter-2-scenario-1836,2,ok,4,118.2,37.5,7.152,31.11
bristol,froxfield,voyager,QPSK,10100111,-6.5,iter-2-scenario-3190,2,ok,5,118.2,37.5,6.388,30.66
bristol,froxfield,voyager,QPSK,10100111,-6.0,iter-2-scenario-3191,2,ok,5,118.2,37.5,6.376,30.89
bristol,froxfield,voyager,QPSK,10100111,-5.5,iter-2-scenario-3192,2,ok,5,118.2,37.5,6.364,31.11
bristol,froxfield,voyager,QPSK,10101000,-6.5,iter-2-scenario-4546,2,ok,3,118.2,37.5,7.907,30.66
bristol,froxfield,voyager,QPSK,10101000,-6.0,iter-2-scenario-4547,2,ok,3,118.2,37.5,7.897,30.89
bristol,froxfield,voyager,QPSK,10101000,-5.5,iter-2-scenario-4548,2,ok,3,118.2,37.5,7.887,31.11
bristol,froxfield,voyager,QPSK,10101001,-6.5,iter-2-scenario-1630,2,ok,4,118.2,37.5,7.665,30.66
bristol,froxfield,voyager,QPSK,10101001,-6.0,iter-2-scenario-1631,2,ok,4,118.2,37.5,7.655,30.89
bristol,froxfield,voyager,QPSK,10101001,-5.5,iter-2-scenario-1632,2,ok,4,118.2,37.5,7.643,31.11
bristol,froxfield,voyager,QPSK,10101010,-6.5,iter-2-scenario-238,2,ok,4,118.2,37.5,7.44,30.66
bristol,froxfield,voyager,QPSK,10101010,-6.0,iter-2-scenario-239,2,ok,4,118.2,37.5,7.43,30.89
bristol,froxfield,voyager,QPSK,10101010,-5.5,iter-2-scenario-240,2,ok,4,118.2,37.5,7.415,31.11
bristol,froxfield,voyager,QPSK,10101011,-6.5,iter-2-scenario-4648,2,ok,5,118.2,37.5,6.656,30.66
bristol,froxfield,voyager,QPSK,10101011,-6.0,iter-2-scenario-4649,2,ok,5,118.2,37.5,6.646,30.89
bristol,froxfield,voyager,QPSK,10101011,-5.5,iter-2-scenario-4650,2,ok,5,118.2,37.5,6.634,31.11
bristol,froxfield,voyager,QPSK,10101100,-6.5,iter-2-scenario-2344,2,ok,4,118.2,37.5,6.895,30.66
bristol,froxfield,voyager,QPSK,10101100,-6.0,iter-2-scenario-2345,2,ok,4,118.2,37.5,6.885,30.89
bristol,froxfield,voyager,QPSK,10101100,-5.5,iter-2-scenario-2346,2,ok,4,118.2,37.5,6.873,31.11
bristol,froxfield,voyager,QPSK,10101101,-6.5,iter-2-scenario-4924,2,ok,5,118.2,37.5,6.6,30.66
bristol,froxfield,voyager,QPSK,10101101,-6.0,iter-2-scenario-4925,2,ok,5,118.2,37.5,6.59,30.89
bristol,froxfield,voyager,QPSK,10101101,-5.5,iter-2-scenario-4926,2,ok,5,118.2,37.5,6.578,31.11
bristol,froxfield,voyager,QPSK,10101110,-6.5,iter-2-scenario-1540,2,ok,5,118.2,37.5,6.14,30.66
bristol,froxfield,voyager,QPSK,10101110,-6.0,iter-2-scenario-1541,2,ok,5,118.2,37.5,6.128,30.89
bristol,froxfield,voyager,QPSK,10101110,-5.5,iter-2-scenario-1542,2,ok,5,118.2,37.5,6.116,31.11
bristol,froxfield,voyager,QPSK,10101111,-6.5,iter-2-scenario-3490,2,ok,6,118.2,37.5,5.557,30.66
bristol,froxfield,voyager,QPSK,10101111,-6.0,iter-2-scenario-3491,2,ok,6,118.2,37.5,5.547,30.89
bristol,froxfield,voyager,QPSK,10101111,-5.5,iter-2-scenario-3492,2,ok,6,118.2,37.5,5.532,31.11
bristol,froxfield,voyager,QPSK,10110000,-6.5,iter-2-scenario-5674,2,ok,3,118.2,37.5,7.177,30.66
bristol,froxfield,voyager,QPSK,10110000,-6.0,iter-2-scenario-5675,2,ok,3,118.2,37.5,7.167,30.89
bristol,froxfield,voyager,QPSK,10110000,-5.5,iter-2-scenario-5676,2,ok,3,118.2,37.5,7.153,31.11
bristol,froxfield,voyager,QPSK,10110001,-6.5,iter-2-scenario-5164,2,ok,4,118.2,37.5,7.23,30.66
bristol,froxfield,voyager,QPSK,10110001,-6.0,iter-2-scenario-5165,2,ok,4,118.2,37.5,7.22,30.89
bristol,froxfield,voyager,QPSK,10110001,-5.5,iter-2-scenario-5166,2,ok,4,118.2,37.5,7.207,31.11
bristol,froxfield,voyager,QPSK,10110010,-6.5,iter-2-scenario-2710,2,ok,4,118.2,37.5,7.09,30.66
bristol,froxfield,voyager,QPSK,10110010,-6.0,iter-2-scenario-2711,2,ok,4,118.2,37.5,7.08,30.89
bristol,froxfield,voyager,QPSK,10110010,-5.5,iter-2-scenario-2712,2,ok,4,118.2,37.5,7.065,31.11
bristol,froxfield,voyager,QPSK,10110011,-6.5,iter-2-scenario-3934,2,ok,5,118.2,37.5,6.43,30.66
bristol,froxfield,voyager,QPSK,10110011,-6.0,iter-2-scenario-3935,2,ok,5,118.2,37.5,6.42,30.89
bristol,froxfield,voyager,QPSK,10110011,-5.5,iter-2-scenario-3936,2,ok,5,118.2,37.5,6.41,31.11
bristol,froxfield,voyager,QPSK,10110100,-6.5,iter-2-scenario-4009,2,ok,4,118.2,37.5,6.845,30.66
bristol,froxfield,voyager,QPSK,10110100,-6.0,iter-2-scenario-4010,2,ok,4,118.2,37.5,6.833,30.89
bristol,froxfield,voyager,QPSK,10110100,-5.5,iter-2-scenario-4011,2,ok,4,118.2,37.5,6.82,31.11
bristol,froxfield,voyager,QPSK,10110101,-6.5,iter-2-scenario-2359,2,ok,5,118.2,37.5,6.604,30.66
bristol,froxfield,voyager,QPSK,10110101,-6.0,iter-2-scenario-2360,2,ok,5,118.2,37.5,6.594,30.89
bristol,froxfield,voyager,QPSK,10110101,-5.5,iter-2-scenario-2361,2,ok,5,118.2,37.5,6.578,31.11
bristol,froxfield,voyager,QPSK,10110110,-6.5,iter-2-scenario-1360,2,ok,5,118.2,37.5,6.17,30.66
bristol,froxfield,voyager,QPSK,10110110,-6.0,iter-2-scenario-1361,2,ok,5,118.2,37.5,6.16,30.89
bristol,froxfield,voyager,QPSK,10110110,-5.5,iter-2-scenario-1362,2,ok,5,118.2,37.5,6.148,31.11
bristol,froxfield,voyager,QPSK,10110111,-6.5,iter-2-scenario-4873,2,ok,6,118.2,37.5,5.608,30.66
bristol,froxfield,voyager,QPSK,10110111,-6.0,iter-2-scenario-4874,2,ok,6,118.2,37.5,5.598,30.89
bristol,froxfield,voyager,QPSK,10110111,-5.5,iter-2-scenario-4875,2,ok,6,118.2,37.5,5.587,31.11
bristol,froxfield,voyager,QPSK,10111000,-6.5,iter-2-scenario-922,2,ok,4,118.2,37.5,6.265,30.66
bristol,froxfield,voyager,QPSK,10111000,-6.0,iter-2-scenario-923,2,ok,4,118.2,37.5,6.255,30.89
bristol,froxfield,voyager,QPSK,10111000,-5.5,iter-2-scenario-924,2,ok,4,118.2,37.5,6.235,31.11
bristol,froxfield,voyager,QPSK,10111001,-6.5,iter-2-scenario-5773,2,ok,5,118.2,37.5,6.284,30.66
bristol,froxfield,voyager,QPSK,10111001,-6.0,iter-2-scenario-5774,2,ok,5,118.2,37.5,6.274,30.89
bristol,froxfield,voyager,QPSK,10111001,-5.5,iter-2-scenario-5775,2,ok,5,118.2,37.5,6.26,31.11
bristol,froxfield,voyager,QPSK,10111010,-6.5,iter-2-scenario-3505,2,ok,5,118.2,37.5,6.078,30.66
bristol,froxfield,voyager,QPSK,10111010,-6.0,iter-2-scenario-3506,2,ok,5,118.2,37.5,6.068,30.89
bristol,froxfield,voyager,QPSK,10111010,-5.5,iter-2-scenario-3507,2,ok,5,118.2,37.5,6.05,31.11
bristol,froxfield,voyager,QPSK,10111011,-6.5,iter-2-scenario-3862,2,ok,6,118.2,37.5,5.592,30.66
bristol,froxfield,voyager,QPSK,10111011,-6.0,iter-2-scenario-3863,2,ok,6,118.2,37.5,5.582,30.89
bristol,froxfield,voyager,QPSK,10111011,-5.5,iter-2-scenario-3864,2,ok,6,118.2,37.5,5.567,31.11
bristol,froxfield,voyager,QPSK,10111100,-6.5,iter-2-scenario-1132,2,ok,5,118.2,37.5,5.606,30.66
bristol,froxfield,voyager,QPSK,10111100,-6.0,iter-2-scenario-1133,2,ok,5,118.2,37.5,5.596,30.89
bristol,froxfield,voyager,QPSK,10111100,-5.5,iter-2-scenario-1134,2,ok,5,118.2,37.5,5.584,31.11
bristol,froxfield,voyager,QPSK,10111101,-6.5,iter-2-scenario-85,2,ok,6,118.2,37.5,5.493,30.66
bristol,froxfield,voyager,QPSK,10111101,-6.0,iter-2-scenario-86,2,ok,6,118.2,37.5,5.483,30.89
bristol,froxfield,voyager,QPSK,10111101,-5.5,iter-2-scenario-87,2,ok,6,118.2,37.5,5.468,31.11
bristol,froxfield,voyager,QPSK,10111110,-6.5,iter-2-scenario-4630,2,ok,6,118.2,37.5,5.102,30.66
bristol,froxfield,voyager,QPSK,10111110,-6.0,iter-2-scenario-4631,2,ok,6,118.2,37.5,5.092,30.89
bristol,froxfield,voyager,QPSK,10111110,-5.5,iter-2-scenario-4632,2,ok,6,118.2,37.5,5.078,31.11
bristol,froxfield,voyager,QPSK,10111111,-6.5,iter-2-scenario-4177,2,ok,7,118.2,37.5,4.697,30.66
bristol,froxfield,voyager,QPSK,10111111,-6.0,iter-2-scenario-4178,2,ok,7,118.2,37.5,4.687,30.89
bristol,froxfield,voyager,QPSK,10111111,-5.5,iter-2-scenario-4179,2,ok,7,118.2,37.5,4.671,31.11
bristol,froxfield,voyager,QPSK,11000000,-6.5,iter-2-scenario-2893,2,ok,2,118.2,37.5,7.54,30.66
bristol,froxfield,voyager,QPSK,11000000,-6.0,iter-2-scenario-2894,2,ok,2,118.2,37.5,7.53,30.89
bristol,froxfield,voyager,QPSK,11000000,-5.5,iter-2-scenario-2895,2,ok,2,118.2,37.5,7.515,31.11
bristol,froxfield,voyager,QPSK,11000001,-6.5,iter-2-scenario-1024,2,ok,3,118.2,37.5,7.847,30.66
bristol,froxfield,voyager,QPSK,11000001,-6.0,iter-2-scenario-1025,2,ok,3,118.2,37.5,7.837,30.89
bristol,froxfield,voyager,QPSK,11000001,-5.5,iter-2-scenario-1026,2,ok,3,118.2,37.5,7.82,31.11
bristol,froxfield,voyager,QPSK,11000010,-6.5,iter-2-scenario-2746,2,ok,3,118.2,37.5,7.767,30.66
bristol,froxfield,voyager,QPSK,11000010,-6.0,iter-2-scenario-2747,2,ok,3,118.2,37.5,7.757,30.89
bristol,froxfield,voyager,QPSK,11000010,-5.5,iter-2-scenario-2748,2,ok,3,118.2,37.5,7.743,31.11
bristol,froxfield,voyager,QPSK,11000011,-6.5,iter-2-scenario-4267,2,ok,4,118.2,37.5,6.938,30.66
bristol,froxfield,voyager,QPSK,11000011,-6.0,iter-2-scenario-4268,2,ok,4,118.2,37.5,6.928,30.89
bristol,froxfield,voyager,QPSK,11000011,-5.5,iter-2-scenario-4269,2,ok,4,118.2,37.5,6.912,31.11
bristol,froxfield,voyager,QPSK,11000100,-6.5,iter-2-scenario-3268,2,ok,3,118.2,37.5,7.66,30.66
bristol,froxfield,voyager,QPSK,11000100,-6.0,iter-2-scenario-3269,2,ok,3,118.2,37.5,7.65,30.89
bristol,froxfield,voyager,QPSK,11000100,-5.5,iter-2-scenario-3270,2,ok,3,118.2,37.5,7.633,31.11
bristol,froxfield,voyager,QPSK,11000101,-6.5,iter-2-scenario-895,2,ok,4,118.2,37.5,7.343,30.66
bristol,froxfield,voyager,QPSK,11000101,-6.0,iter-2-scenario-896,2,ok,4,118.2,37.5,7.332,30.89
bristol,froxfield,voyager,QPSK,11000101,-5.5,iter-2-scenario-897,2,ok,4,118.2,37.5,7.32,31.11
bristol,froxfield,voyager,QPSK,11000110,-6.5,iter-2-scenario-2944,2,ok,4,118.2,37.5,6.827,30.66
bristol,froxfield,voyager,QPSK,11000110,-6.0,iter-2-scenario-2945,2,ok,4,118.2,37.5,6.817,30.89
bristol,froxfield,voyager,QPSK,11000110,-5.5,iter-2-scenario-2946,2,ok,4,118.2,37.5,6.797,31.11
bristol,froxfield,voyager,QPSK,11000111,-6.5,iter-2-scenario-4870,2,ok,5,118.2,37.5,6.136,30.66
bristol,froxfield,voyager,QPSK,11000111,-6.0,iter-2-scenario-4871,2,ok,5,118.2,37.5,6.126,30.89
bristol,froxfield,voyager,QPSK,11000111,-5.5,iter-2-scenario-4872,2,ok,5,118.2,37.5,6.11,31.11
bristol,froxfield,voyager,QPSK,11001000,-6.5,iter-2-scenario-2047,2,ok,3,118.2,37.5,7.49,30.66
bristol,froxfield,voyager,QPSK,11001000,-6.0,iter-2-scenario-2048,2,ok,3,118.2,37.5,7.48,30.89
bristol,froxfield,voyager,QPSK,11001000,-5.5,iter-2-scenario-2049,2,ok,3,118.2,37.5,7.463,31.11
bristol,froxfield,voyager,QPSK,11001001,-6.5,iter-2-scenario-1513,2,ok,4,118.2,37.5,7.39,30.66
bristol,froxfield,voyager,QPSK,11001001,-6.0,iter-2-scenario-1514,2,ok,4,118.2,37.5,7.377,30.89
bristol,froxfield,voyager,QPSK,11001001,-5.5,iter-2-scenario-1515,2,ok,4,118.2,37.5,7.367,31.11
bristol,froxfield,voyager,QPSK,11001010,-6.5,iter-2-scenario-61,2,ok,4,118.2,37.5,7.178,30.66
bristol,froxfield,voyager,QPSK,11001010,-6.0,iter-2-scenario-62,2,ok,4,118.2,37.5,7.165,30.89
bristol,froxfield,voyager,QPSK,11001010,-5.5,iter-2-scenario-63,2,ok,4,118.2,37.5,7.155,31.11
bristol,froxfield,voyager,QPSK,11001011,-6.5,iter-2-scenario-556,2,ok,5,118.2,37.5,6.47,30.66
bristol,froxfield,voyager,QPSK,11001011,-6.0,iter-2-scenario-557,2,ok,5,118.2,37.5,6.46,30.89
bristol,froxfield,voyager,QPSK,11001011,-5.5,iter-2-scenario-558,2,ok,5,118.2,37.5,6.446,31.11
bristol,froxfield,voyager,QPSK,11001100,-6.5,iter-2-scenario-4498,2,ok,4,118.2,37.5,6.652,30.66
bristol,froxfield,voyager,QPSK,11001100,-6.0,iter-2-scenario-4499,2,ok,4,118.2,37.5,6.643,30.89
bristol,froxfield,voyager,QPSK,11001100,-5.5,iter-2-scenario-4500,2,ok,4,118.2,37.5,6.627,31.11
bristol,froxfield,voyager,QPSK,11001101,-6.5,iter-2-scenario-3895,2,ok,5,118.2,37.5,6.434,30.66
bristol,froxfield,voyager,QPSK,11001101,-6.0,iter-2-scenario-3896,2,ok,5,118.2,37.5,6.422,30.89
bristol,froxfield,voyager,QPSK,11001101,-5.5,iter-2-scenario-3897,2,ok,5,118.2,37.5,6.408,31.11
bristol,froxfield,voyager,QPSK,11001110,-6.5,iter-2-scenario-3583,2,ok,5,118.2,37.5,5.976,30.66
bristol,froxfield,voyager,QPSK,11001110,-6.0,iter-2-scenario-3584,2,ok,5,118.2,37.5,5.966,30.89
bristol,froxfield,voyager,QPSK,11001110,-5.5,iter-2-scenario-3585,2,ok,5,118.2,37.5,5.952,31.11
bristol,froxfield,voyager,QPSK,11001111,-6.5,iter-2-scenario-2479,2,ok,6,118.2,37.5,5.44,30.66
bristol,froxfield,voyager,QPSK,11001111,-6.0,iter-2-scenario-2480,2,ok,6,118.2,37.5,5.428,30.89
bristol,froxfield,voyager,QPSK,11001111,-5.5,iter-2-scenario-2481,2,ok,6,118.2,37.5,5.415,31.11
bristol,froxfield,voyager,QPSK,11010000,-6.5,iter-2-scenario-5935,2,ok,3,118.2,37.5,7.18,30.66
bristol,froxfield,voyager,QPSK,11010000,-6.0,iter-2-scenario-5936,2,ok,3,118.2,37.5,7.17,30.89
bristol,froxfield,voyager,QPSK,11010000,-5.5,iter-2-scenario-5937,2,ok,3,118.2,37.5,7.16,31.11
bristol,froxfield,voyager,QPSK,11010001,-6.5,iter-2-scenario-2446,2,ok,4,118.2,37.5,7.258,30.66
bristol,froxfield,voyager,QPSK,11010001,-6.0,iter-2-scenario-2447,2,ok,4,118.2,37.5,7.247,30.89
bristol,froxfield,voyager,QPSK,11010001,-5.5,iter-2-scenario-2448,2,ok,4,118.2,37.5,7.232,31.11
bristol,froxfield,voyager,QPSK,11010010,-6.5,iter-2-scenario-4579,2,ok,4,118.2,37.5,7.128,30.66
bristol,froxfield,voyager,QPSK,11010010,-6.0,iter-2-scenario-4580,2,ok,4,118.2,37.5,7.117,30.89
bristol,froxfield,voyager,QPSK,11010010,-5.5,iter-2-scenario-4581,2,ok,4,118.2,37.5,7.1,31.11
bristol,froxfield,voyager,QPSK,11010011,-6.5,iter-2-scenario-5422,2,ok,5,118.2,37.5,6.472,30.66
bristol,froxfield,voyager,QPSK,11010011,-6.0,iter-2-scenario-5423,2,ok,5,118.2,37.5,6.462,30.89
bristol,froxfield,voyager,QPSK,11010011,-5.5,iter-2-scenario-5424,2,ok,5,118.2,37.5,6.448,31.11
bristol,froxfield,voyager,QPSK,11010100,-6.5,iter-2-scenario-4603,2,ok,4,118.2,37.5,6.897,30.66
bristol,froxfield,voyager,QPSK,11010100,-6.0,iter-2-scenario-4604,2,ok,4,118.2,37.5,6.888,30.89
bristol,froxfield,voyager,QPSK,11010100,-5.5,iter-2-scenario-4605,2,ok,4,118.2,37.5,6.875,31.11
bristol,froxfield,voyager,QPSK,11010101,-6.5,iter-2-scenario-757,2,ok,5,118.2,37.5,6.662,30.66
bristol,froxfield,voyager,QPSK,11010101,-6.0,iter-2-scenario-758,2,ok,5,118.2,37.5,6.65,30.89
bristol,froxfield,voyager,QPSK,11010101,-5.5,iter-2-scenario-759,2,ok,5,118.2,37.5,6.636,31.11
bristol,froxfield,voyager,QPSK,11010110,-6.5,iter-2-scenario-3979,2,ok,5,118.2,37.5,6.234,30.66
bristol,froxfield,voyager,QPSK,11010110,-6.0,iter-2-scenario-3980,2,ok,5,118.2,37.5,6.224,30.89
bristol,froxfield,voyager,QPSK,11010110,-5.5,iter-2-scenario-3981,2,ok,5,118.2,37.5,6.204,31.11
bristol,froxfield,voyager,QPSK,11010111,-6.5,iter-2-scenario-2380,2,ok,6,118.2,37.5,5.67,30.66
bristol,froxfield,voyager,QPSK,11010111,-6.0,iter-2-scenario-2381,2,ok,6,118.2,37.5,5.658,30.89
bristol,froxfield,voyager,QPSK,11010111,-5.5,iter-2-scenario-2382,2,ok,6,118.2,37.5,5.647,31.11
bristol,froxfield,voyager,QPSK,11011000,-6.5,iter-2-scenario-547,2,ok,4,118.2,37.5,6.357,30.66
bristol,froxfield,voyager,QPSK,11011000,-6.0,iter-2-scenario-548,2,ok,4,118.2,37.5,6.348,30.89
bristol,froxfield,voyager,QPSK,11011000,-5.5,iter-2-scenario-549,2,ok,4,118.2,37.5,6.327,31.11
bristol,froxfield,voyager,QPSK,11011001,-6.5,iter-2-scenario-2773,2,ok,5,118.2,37.5,6.374,30.66
bristol,froxfield,voyager,QPSK,11011001,-6.0,iter-2-scenario-2774,2,ok,5,118.2,37.5,6.364,30.89
bristol,froxfield,voyager,QPSK,11011001,-5.5,iter-2-scenario-2775,2,ok,5,118.2,37.5,6.348,31.11
bristol,froxfield,voyager,QPSK,11011010,-6.5,iter-2-scenario-4201,2,ok,5,118.2,37.5,6.172,30.66
bristol,froxfield,voyager,QPSK,11011010,-6.0,iter-2-scenario-4202,2,ok,5,118.2,37.5,6.162,30.89
bristol,froxfield,voyager,QPSK,11011010,-5.5,iter-2-scenario-4203,2,ok,5,118.2,37.5,6.15,31.11
bristol,froxfield,voyager,QPSK,11011011,-6.5,iter-2-scenario-4471,2,ok,6,118.2,37.5,5.683,30.66
bristol,froxfield,voyager,QPSK,11011011,-6.0,iter-2-scenario-4472,2,ok,6,118.2,37.5,5.672,30.89
bristol,froxfield,voyager,QPSK,11011011,-5.5,iter-2-scenario-4473,2,ok,6,118.2,37.5,5.657,31.11
bristol,froxfield,voyager,QPSK,11011100,-6.5,iter-2-scenario-4324,2,ok,5,118.2,37.5,5.714,30.66
bristol,froxfield,voyager,QPSK,11011100,-6.0,iter-2-scenario-4325,2,ok,5,118.2,37.5,5.704,30.89
bristol,froxfield,voyager,QPSK,11011100,-5.5,iter-2-scenario-4326,2,ok,5,118.2,37.5,5.686,31.11
bristol,froxfield,voyager,QPSK,11011101,-6.5,iter-2-scenario-6136,2,ok,6,118.2,37.5,5.593,30.66
bristol,froxfield,voyager,QPSK,11011101,-6.0,iter-2-scenario-6137,2,ok,6,118.2,37.5,5.583,30.89
bristol,froxfield,voyager,QPSK,11011101,-5.5,iter-2-scenario-6138,2,ok,6,118.2,37.5,5.568,31.11
bristol,froxfield,voyager,QPSK,11011110,-6.5,iter-2-scenario-4174,2,ok,6,118.2,37.5,5.205,30.66
bristol,froxfield,voyager,QPSK,11011110,-6.0,iter-2-scenario-4175,2,ok,6,118.2,37.5,5.195,30.89
bristol,froxfield,voyager,QPSK,11011110,-5.5,iter-2-scenario-4176,2,ok,6,118.2,37.5,5.18,31.11
bristol,froxfield,voyager,QPSK,11011111,-6.5,iter-2-scenario-28,2,ok,7,118.2,37.5,4.793,30.66
bristol,froxfield,voyager,QPSK,11011111,-6.0,iter-2-scenario-29,2,ok,7,118.2,37.5,4.781,30.89
bristol,froxfield,voyager,QPSK,11011111,-5.5,iter-2-scenario-30,2,ok,7,118.2,37.5,4.767,31.11
bristol,froxfield,voyager,QPSK,11100000,-6.5,iter-2-scenario-790,2,ok,3,118.2,37.5,6.41,30.66
bristol,froxfield,voyager,QPSK,11100000,-6.0,iter-2-scenario-791,2,ok,3,118.2,37.5,6.4,30.89
bristol,froxfield,voyager,QPSK,11100000,-5.5,iter-2-scenario-792,2,ok,3,118.2,37.5,6.387,31.11
bristol,froxfield,voyager,QPSK,11100001,-6.5,iter-2-scenario-3247,2,ok,4,118.2,37.5,6.755,30.66
bristol,froxfield,voyager,QPSK,11100001,-6.0,iter-2-scenario-3248,2,ok,4,118.2,37.5,6.745,30.89
bristol,froxfield,voyager,QPSK,11100001,-5.5,iter-2-scenario-3249,2,ok,4,118.2,37.5,6.732,31.11
bristol,froxfield,voyager,QPSK,11100010,-6.5,iter-2-scenario-5287,2,ok,4,118.2,37.5,6.66,30.66
bristol,froxfield,voyager,QPSK,11100010,-6.0,iter-2-scenario-5288,2,ok,4,118.2,37.5,6.65,30.89
bristol,froxfield,voyager,QPSK,11100010,-5.5,iter-2-scenario-5289,2,ok,4,118.2,37.5,6.638,31.11
bristol,froxfield,voyager,QPSK,11100011,-6.5,iter-2-scenario-4984,2,ok,5,118.2,37.5,6.14,30.66
bristol,froxfield,voyager,QPSK,11100011,-6.0,iter-2-scenario-4985,2,ok,5,118.2,37.5,6.13,30.89
bristol,froxfield,voyager,QPSK,11100011,-5.5,iter-2-scenario-4986,2,ok,5,118.2,37.5,6.116,31.11
bristol,froxfield,voyager,QPSK,11100100,-6.5,iter-2-scenario-1963,2,ok,4,118.2,37.5,6.515,30.66
bristol,froxfield,voyager,QPSK,11100100,-6.0,iter-2-scenario-1964,2,ok,4,118.2,37.5,6.505,30.89
bristol,froxfield,voyager,QPSK,11100100,-5.5,iter-2-scenario-1965,2,ok,4,118.2,37.5,6.492,31.11
bristol,froxfield,voyager,QPSK,11100101,-6.5,iter-2-scenario-5548,2,ok,5,118.2,37.5,6.394,30.66
bristol,froxfield,voyager,QPSK,11100101,-6.0,iter-2-scenario-5549,2,ok,5,118.2,37.5,6.384,30.89
bristol,froxfield,voyager,QPSK,11100101,-5.5,iter-2-scenario-5550,2,ok,5,118.2,37.5,6.372,31.11
bristol,froxfield,voyager,QPSK,11100110,-6.5,iter-2-scenario-4228,2,ok,5,118.2,37.5,5.982,30.66
bristol,froxfield,voyager,QPSK,11100110,-6.0,iter-2-scenario-4229,2,ok,5,118.2,37.5,5.97,30.89
bristol,froxfield,voyager,QPSK,11100110,-5.5,iter-2-scenario-4230,2,ok,5,118.2,37.5,5.954,31.11
bristol,froxfield,voyager,QPSK,11100111,-6.5,iter-2-scenario-2794,2,ok,6,118.2,37.5,5.485,30.66
bristol,froxfield,voyager,QPSK,11100111,-6.0,iter-2-scenario-2795,2,ok,6,118.2,37.5,5.475,30.89
bristol,froxfield,voyager,QPSK,11100111,-5.5,iter-2-scenario-2796,2,ok,6,118.2,37.5,5.462,31.11
bristol,froxfield,voyager,QPSK,11101000,-6.5,iter-2-scenario-2212,2,ok,4,118.2,37.5,6.268,30.66
bristol,froxfield,voyager,QPSK,11101000,-6.0,iter-2-scenario-2213,2,ok,4,118.2,37.5,6.258,30.89
bristol,froxfield,voyager,QPSK,11101000,-5.5,iter-2-scenario-2214,2,ok,4,118.2,37.5,6.24,31.11
bristol,froxfield,voyager,QPSK,11101001,-6.5,iter-2-scenario-2833,2,ok,5,118.2,37.5,6.332,30.66
bristol,froxfield,voyager,QPSK,11101001,-6.0,iter-2-scenario-2834,2,ok,5,118.2,37.5,6.322,30.89
bristol,froxfield,voyager,QPSK,11101001,-5.5,iter-2-scenario-2835,2,ok,5,118.2,37.5,6.306,31.11
bristol,froxfield,voyager,QPSK,11101010,-6.5,iter-2-scenario-4444,2,ok,5,118.2,37.5,6.144,30.66
bristol,froxfield,voyager,QPSK,11101010,-6.0,iter-2-scenario-4445,2,ok,5,118.2,37.5,6.134,30.89
bristol,froxfield,voyager,QPSK,11101010,-5.5,iter-2-scenario-4446,2,ok,5,118.2,37.5,6.12,31.11
bristol,froxfield,voyager,QPSK,11101011,-6.5,iter-2-scenario-2713,2,ok,6,118.2,37.5,5.673,30.66
bristol,froxfield,voyager,QPSK,11101011,-6.0,iter-2-scenario-2714,2,ok,6,118.2,37.5,5.663,30.89
bristol,froxfield,voyager,QPSK,11101011,-5.5,iter-2-scenario-2715,2,ok,6,118.2,37.5,5.645,31.11
bristol,froxfield,voyager,QPSK,11101100,-6.5,iter-2-scenario-5647,2,ok,5,118.2,37.5,5.712,30.66
bristol,froxfield,voyager,QPSK,11101100,-6.0,iter-2-scenario-5648,2,ok,5,118.2,37.5,5.702,30.89
bristol,froxfield,voyager,QPSK,11101100,-5.5,iter-2-scenario-5649,2,ok,5,118.2,37.5,5.69,31.11
bristol,froxfield,voyager,QPSK,11101101,-6.5,iter-2-scenario-5887,2,ok,6,118.2,37.5,5.615,30.66
bristol,froxfield,voyager,QPSK,11101101,-6.0,iter-2-scenario-5888,2,ok,6,118.2,37.5,5.605,30.89
bristol,froxfield,voyager,QPSK,11101101,-5.5,iter-2-scenario-5889,2,ok,6,118.2,37.5,5.59,31.11
bristol,froxfield,voyager,QPSK,11101110,-6.5,iter-2-scenario-5590,2,ok,6,118.2,37.5,5.233,30.66
bristol,froxfield,voyager,QPSK,11101110,-6.0,iter-2-scenario-5591,2,ok,6,118.2,37.5,5.223,30.89
bristol,froxfield,voyager,QPSK,11101110,-5.5,iter-2-scenario-5592,2,ok,6,118.2,37.5,5.208,31.11
bristol,froxfield,voyager,QPSK,11101111,-6.5,iter-2-scenario-820,2,ok,7,118.2,37.5,4.829,30.66
bristol,froxfield,voyager,QPSK,11101111,-6.0,iter-2-scenario-821,2,ok,7,118.2,37.5,4.817,30.89
bristol,froxfield,voyager,QPSK,11101111,-5.5,iter-2-scenario-822,2,ok,7,118.2,37.5,4.807,31.11
bristol,froxfield,voyager,QPSK,11110000,-6.5,iter-2-scenario-3622,2,ok,4,118.2,37.5,5.68,30.66
bristol,froxfield,voyager,QPSK,11110000,-6.0,iter-2-scenario-3623,2,ok,4,118.2,37.5,5.67,30.89
bristol,froxfield,voyager,QPSK,11110000,-5.5,iter-2-scenario-3624,2,ok,4,118.2,37.5,5.655,31.11
bristol,froxfield,voyager,QPSK,11110001,-6.5,iter-2-scenario-1369,2,ok,5,118.2,37.5,5.944,30.66
bristol,froxfield,voyager,QPSK,11110001,-6.0,iter-2-scenario-1370,2,ok,5,118.2,37.5,5.93,30.89
bristol,froxfield,voyager,QPSK,11110001,-5.5,iter-2-scenario-1371,2,ok,5,118.2,37.5,5.918,31.11
bristol,froxfield,voyager,QPSK,11110010,-6.5,iter-2-scenario-2590,2,ok,5,118.2,37.5,5.818,30.66
bristol,froxfield,voyager,QPSK,11110010,-6.0,iter-2-scenario-2591,2,ok,5,118.2,37.5,5.808,30.89
bristol,froxfield,voyager,QPSK,11110010,-5.5,iter-2-scenario-2592,2,ok,5,118.2,37.5,5.798,31.11
bristol,froxfield,voyager,QPSK,11110011,-6.5,iter-2-scenario-5215,2,ok,6,118.2,37.5,5.443,30.66
bristol,froxfield,voyager,QPSK,11110011,-6.0,iter-2-scenario-5216,2,ok,6,118.2,37.5,5.432,30.89
bristol,froxfield,voyager,QPSK,11110011,-5.5,iter-2-scenario-5217,2,ok,6,118.2,37.5,5.42,31.11
bristol,froxfield,voyager,QPSK,11110100,-6.5,iter-2-scenario-4912,2,ok,5,118.2,37.5,5.612,30.66
bristol,froxfield,voyager,QPSK,11110100,-6.0,iter-2-scenario-4913,2,ok,5,118.2,37.5,5.602,30.89
bristol,froxfield,voyager,QPSK,11110100,-5.5,iter-2-scenario-4914,2,ok,5,118.2,37.5,5.584,31.11
bristol,froxfield,voyager,QPSK,11110101,-6.5,iter-2-scenario-4405,2,ok,6,118.2,37.5,5.562,30.66
bristol,froxfield,voyager,QPSK,11110101,-6.0,iter-2-scenario-4406,2,ok,6,118.2,37.5,5.552,30.89
bristol,froxfield,voyager,QPSK,11110101,-5.5,iter-2-scenario-4407,2,ok,6,118.2,37.5,5.538,31.11
bristol,froxfield,voyager,QPSK,11110110,-6.5,iter-2-scenario-5818,2,ok,6,118.2,37.5,5.207,30.66
bristol,froxfield,voyager,QPSK,11110110,-6.0,iter-2-scenario-5819,2,ok,6,118.2,37.5,5.197,30.89
bristol,froxfield,voyager,QPSK,11110110,-5.5,iter-2-scenario-5820,2,ok,6,118.2,37.5,5.185,31.11
bristol,froxfield,voyager,QPSK,11110111,-6.5,iter-2-scenario-5797,2,ok,7,118.2,37.5,4.83,30.66
bristol,froxfield,voyager,QPSK,11110111,-6.0,iter-2-scenario-5798,2,ok,7,118.2,37.5,4.82,30.89
bristol,froxfield,voyager,QPSK,11110111,-5.5,iter-2-scenario-5799,2,ok,7,118.2,37.5,4.804,31.11
bristol,froxfield,voyager,QPSK,11111000,-6.5,iter-2-scenario-3157,2,ok,5,118.2,37.5,5.138,30.66
bristol,froxfield,voyager,QPSK,11111000,-6.0,iter-2-scenario-3158,2,ok,5,118.2,37.5,5.128,30.89
bristol,froxfield,voyager,QPSK,11111000,-5.5,iter-2-scenario-3159,2,ok,5,118.2,37.5,5.118,31.11
bristol,froxfield,voyager,QPSK,11111001,-6.5,iter-2-scenario-5755,2,ok,6,118.2,37.5,5.285,30.66
bristol,froxfield,voyager,QPSK,11111001,-6.0,iter-2-scenario-5756,2,ok,6,118.2,37.5,5.275,30.89
bristol,froxfield,voyager,QPSK,11111001,-5.5,iter-2-scenario-5757,2,ok,6,118.2,37.5,5.26,31.11
bristol,froxfield,voyager,QPSK,11111010,-6.5,iter-2-scenario-985,2,ok,6,118.2,37.5,5.105,30.66
bristol,froxfield,voyager,QPSK,11111010,-6.0,iter-2-scenario-986,2,ok,6,118.2,37.5,5.095,30.89
bristol,froxfield,voyager,QPSK,11111010,-5.5,iter-2-scenario-987,2,ok,6,118.2,37.5,5.082,31.11
bristol,froxfield,voyager,QPSK,11111011,-6.5,iter-2-scenario-1033,2,ok,7,118.2,37.5,4.794,30.66
bristol,froxfield,voyager,QPSK,11111011,-6.0,iter-2-scenario-1034,2,ok,7,118.2,37.5,4.784,30.89
bristol,froxfield,voyager,QPSK,11111011,-5.5,iter-2-scenario-1035,2,ok,7,118.2,37.5,4.771,31.11
bristol,froxfield,voyager,QPSK,11111100,-6.5,iter-2-scenario-376,2,ok,6,118.2,37.5,4.717,30.66
bristol,froxfield,voyager,QPSK,11111100,-6.0,iter-2-scenario-377,2,ok,6,118.2,37.5,4.707,30.89
bristol,froxfield,voyager,QPSK,11111100,-5.5,iter-2-scenario-378,2,ok,6,118.2,37.5,4.692,31.11
bristol,froxfield,voyager,QPSK,11111101,-6.5,iter-2-scenario-478,2,ok,7,118.2,37.5,4.701,30.66
bristol,froxfield,voyager,QPSK,11111101,-6.0,iter-2-scenario-479,2,ok,7,118.2,37.5,4.69,30.89
bristol,froxfield,voyager,QPSK,11111101,-5.5,iter-2-scenario-480,2,ok,7,118.2,37.5,4.677,31.11
bristol,froxfield,voyager,QPSK,11111110,-6.5,iter-2-scenario-118,2,ok,7,118.2,37.5,4.366,30.66
bristol,froxfield,voyager,QPSK,11111110,-6.0,iter-2-scenario-119,2,ok,7,118.2,37.5,4.356,30.89
bristol,froxfield,voyager,QPSK,11111110,-5.5,iter-2-scenario-120,2,ok,7,118.2,37.5,4.344,31.11
bristol,froxfield,voyager,QPSK,11111111,-6.5,iter-2-scenario-1489,2,ok,8,118.2,37.5,4.072,30.66
bristol,froxfield,voyager,QPSK,11111111,-6.0,iter-2-scenario-1490,2,ok,8,118.2,37.5,4.062,30.89
bristol,froxfield,voyager,QPSK,11111111,-5.5,iter-2-scenario-1491,2,ok,8,118.2,37.5,4.049,31.11
bristol,powergate,voyager,16QAM,00000000,-6.5,iter-2-scenario-5719,2,no_signal,0,246.5,50.0,,
bristol,powergate,voyager,16QAM,00000000,-6.0,iter-2-scenario-5720,2,no_signal,0,246.5,50.0,,
bristol,powergate,voyager,16QAM,00000000,-5.5,iter-2-scenario-5721,2,no_signal,0,246.5,50.0,,
bristol,powergate,voyager,16QAM,00000001,-6.5,iter-2-scenario-3835,2,ok,1,246.5,50.0,9.26,28.39
bristol,powergate,voyager,16QAM,00000001,-6.0,iter-2-scenario-3836,2,ok,1,246.5,50.0,9.4,28.22
bristol,powergate,voyager,16QAM,00000001,-5.5,iter-2-scenario-3837,2,ok,1,246.5,50.0,9.49,27.99
bristol,powergate,voyager,16QAM,00000010,-6.5,iter-2-scenario-2035,2,ok,1,246.5,50.0,9.27,28.39
bristol,powergate,voyager,16QAM,00000010,-6.0,iter-2-scenario-2036,2,ok,1,246.5,50.0,9.41,28.22
bristol,powergate,voyager,16QAM,00000010,-5.5,iter-2-scenario-2037,2,ok,1,246.5,50.0,9.5,27.99
bristol,powergate,voyager,16QAM,00000011,-6.5,iter-2-scenario-460,2,ok,2,246.5,50.0,7.505,28.31
bristol,powergate,voyager,16QAM,00000011,-6.0,iter-2-scenario-461,2,ok,2,246.5,50.0,7.65,28.13
bristol,powergate,voyager,16QAM,00000011,-5.5,iter-2-scenario-462,2,ok,2,246.5,50.0,7.74,27.88
bristol,powergate,voyager,16QAM,00000100,-6.5,iter-2-scenario-1507,2,ok,1,246.5,50.0,9.27,28.39
bristol,powergate,voyager,16QAM,00000100,-6.0,iter-2-scenario-1508,2,ok,1,246.5,50.0,9.42,28.22
bristol,powergate,voyager,16QAM,00000100,-5.5,iter-2-scenario-1509,2,ok,1,246.5,50.0,9.5,27.99
bristol,powergate,voyager,16QAM,00000101,-6.5,iter-2-scenario-4816,2,ok,2,246.5,50.0,8.335,28.35
bristol,powergate,voyager,16QAM,00000101,-6.0,iter-2-scenario-4817,2,ok,2,246.5,50.0,8.475,28.18
bristol,powergate,voyager,16QAM,00000101,-5.5,iter-2-scenario-4818,2,ok,2,246.5,50.0,8.565,27.94
bristol,powergate,voyager,16QAM,00000110,-6.5,iter-2-scenario-4657,2,ok,2,246.5,50.0,7.51,28.31
bristol,powergate,voyager,16QAM,00000110,-6.0,iter-2-scenario-4658,2,ok,2,246.5,50.0,7.655,28.13
bristol,powergate,voyager,16QAM,00000110,-5.5,iter-2-scenario-4659,2,ok,2,246.5,50.0,7.745,27.885
bristol,powergate,voyager,16QAM,00000111,-6.5,iter-2-scenario-3805,2,ok,3,246.5,50.0,6.587,28.247
bristol,powergate,voyager,16QAM,00000111,-6.0,iter-2-scenario-3806,2,ok,3,246.5,50.0,6.733,28.063
bristol,powergate,voyager,16QAM,00000111,-5.5,iter-2-scenario-3807,2,ok,3,246.5,50.0,6.823,27.81
bristol,powergate,voyager,16QAM,00001000,-6.5,iter-2-scenario-1480,2,ok,1,246.5,50.0,9.28,28.39
bristol,powergate,voyager,16QAM,00001000,-6.0,iter-2-scenario-1481,2,ok,1,246.5,50.0,9.42,28.23
bristol,powergate,voyager,16QAM,00001000,-5.5,iter-2-scenario-1482,2,ok,1,246.5,50.0,9.51,27.99
bristol,powergate,voyager,16QAM,00001001,-6.5,iter-2-scenario-3085,2,ok,2,246.5,50.0,8.63,28.365
bristol,powergate,voyager,16QAM,00001001,-6.0,iter-2-scenario-3086,2,ok,2,246.5,50.0,8.775,28.19
bristol,powergate,voyager,16QAM,00001001,-5.5,iter-2-scenario-3087,2,ok,2,246.5,50.0,8.86,27.96
bristol,powergate,voyager,16QAM,00001010,-6.5,iter-2-scenario-5581,2,ok,2,246.5,50.0,8.335,28.35
bristol,powergate,voyager,16QAM,00001010,-6.0,iter-2-scenario-5582,2,ok,2,246.5,50.0,8.485,28.18
bristol,powergate,voyager,16QAM,00001010,-5.5,iter-2-scenario-5583,2,ok,2,246.5,50.0,8.575,27.94
bristol,powergate,voyager,16QAM,00001011,-6.5,iter-2-scenario-4921,2,ok,3,246.5,50.0,7.207,28.29
bristol,powergate,voyager,16QAM,00001011,-6.0,iter-2-scenario-4922,2,ok,3,246.5,50.0,7.357,28.107
bristol,powergate,voyager,16QAM,00001011,-5.5,iter-2-scenario-4923,2,ok,3,246.5,50.0,7.447,27.863
bristol,powergate,voyager,16QAM,00001100,-6.5,iter-2-scenario-4438,2,ok,2,246.5,50.0,7.515,28.31
bristol,powergate,voyager,16QAM,00001100,-6.0,iter-2-scenario-4439,2,ok,2,246.5,50.0,7.66,28.13
bristol,powergate,voyager,16QAM,00001100,-5.5,iter-2-scenario-4440,2,ok,2,246.5,50.0,7.75,27.89
bristol,powergate,voyager,16QAM,00001101,-6.5,iter-2-scenario-2482,2,ok,3,246.5,50.0,7.21,28.287
bristol,powergate,voyager,16QAM,00001101,-6.0,iter-2-scenario-2483,2,ok,3,246.5,50.0,7.36,28.107
bristol,powergate,voyager,16QAM,00001101,-5.5,iter-2-scenario-2484,2,ok,3,246.5,50.0,7.45,27.86
bristol,powergate,voyager,16QAM,00001110,-6.5,iter-2-scenario-5185,2,ok,3,246.5,50.0,6.593,28.25
bristol,powergate,voyager,16QAM,00001110,-6.0,iter-2-scenario-5186,2,ok,3,246.5,50.0,6.737,28.063
bristol,powergate,voyager,16QAM,00001110,-5.5,iter-2-scenario-5187,2,ok,3,246.5,50.0,6.83,27.81
bristol,powergate,voyager,16QAM,00001111,-6.5,iter-2-scenario-1171,2,ok,4,246.5,50.0,5.978,28.203
bristol,powergate,voyager,16QAM,00001111,-6.0,iter-2-scenario-1172,2,ok,4,246.5,50.0,6.127,28.008
bristol,powergate,voyager,16QAM,00001111,-5.5,iter-2-scenario-1173,2,ok,4,246.5,50.0,6.218,27.753
bristol,powergate,voyager,16QAM,00010000,-6.5,iter-2-scenario-775,2,ok,1,246.5,50.0,9.28,28.39
bristol,powergate,voyager,16QAM,00010000,-6.0,iter-2-scenario-776,2,ok,1,246.5,50.0,9.43,28.23
bristol,powergate,voyager,16QAM,00010000,-5.5,iter-2-scenario-777,2,ok,1,246.5,50.0,9.52,27.99
bristol,powergate,voyager,16QAM,00010001,-6.5,iter-2-scenario-2236,2,ok,2,246.5,50.0,8.785,28.37
bristol,powergate,voyager,16QAM,00010001,-6.0,iter-2-scenario-2237,2,ok,2,246.5,50.0,8.93,28.2
bristol,powergate,voyager,16QAM,00010001,-5.5,iter-2-scenario-2238,2,ok,2,246.5,50.0,9.02,27.965
bristol,powergate,voyager,16QAM,00010010,-6.5,iter-2-scenario-5905,2,ok,2,246.5,50.0,8.64,28.365
bristol,powergate,voyager,16QAM,00010010,-6.0,iter-2-scenario-5906,2,ok,2,246.5,50.0,8.78,28.195
bristol,powergate,voyager,16QAM,00010010,-5.5,iter-2-scenario-5907,2,ok,2,246.5,50.0,8.87,27.96
bristol,powergate,voyager,16QAM,00010011,-6.5,iter-2-scenario-5668,2,ok,3,246.5,50.0,7.46,28.303
bristol,powergate,voyager,16QAM,00010011,-6.0,iter-2-scenario-5669,2,ok,3,246.5,50.0,7.61,28.123
bristol,powergate,voyager,16QAM,00010011,-5.5,iter-2-scenario-5670,2,ok,3,246.5,50.0,7.7,27.88
bristol,powergate,voyager,16QAM,00010100,-6.5,iter-2-scenario-5179,2,ok,2,246.5,50.0,8.345,28.35
bristol,powergate,voyager,16QAM,00010100,-6.0,iter-2-scenario-5180,2,ok,2,246.5,50.0,8.49,28.18
bristol,powergate,voyager,16QAM,00010100,-5.5,iter-2-scenario-5181,2,ok,2,246.5,50.0,8.575,27.94
bristol,powergate,voyager,16QAM,00010101,-6.5,iter-2-scenario-1264,2,ok,3,246.5,50.0,7.797,28.323
bristol,powergate,voyager,16QAM,00010101,-6.0,iter-2-scenario-1265,2,ok,3,246.5,50.0,7.94,28.147
bristol,powergate,voyager,16QAM,00010101,-5.5,iter-2-scenario-1266,2,ok,3,246.5,50.0,8.03,27.907
bristol,powergate,voyager,16QAM,00010110,-6.5,iter-2-scenario-2122,2,ok,3,246.5,50.0,7.217,28.29
bristol,powergate,voyager,16QAM,00010110,-6.0,iter-2-scenario-2123,2,ok,3,246.5,50.0,7.363,28.11
bristol,powergate,voyager,16QAM,00010110,-5.5,iter-2-scenario-2124,2,ok,3,246.5,50.0,7.453,27.863
bristol,powergate,voyager,16QAM,00010111,-6.5,iter-2-scenario-2665,2,ok,4,246.5,50.0,6.46,28.24
bristol,powergate,voyager,16QAM,00010111,-6.0,iter-2-scenario-2666,2,ok,4,246.5,50.0,6.607,28.05
bristol,powergate,voyager,16QAM,00010111,-5.5,iter-2-scenario-2667,2,ok,4,246.5,50.0,6.7,27.795
bristol,powergate,voyager,16QAM,00011000,-6.5,iter-2-scenario-1342,2,ok,2,246.5,50.0,7.52,28.31
bristol,powergate,voyager,16QAM,00011000,-6.0,iter-2-scenario-1343,2,ok,2,246.5,50.0,7.665,28.13
bristol,powergate,voyager,16QAM,00011000,-5.5,iter-2-scenario-1344,2,ok,2,246.5,50.0,7.755,27.89
bristol,powergate,voyager,16QAM,00011001,-6.5,iter-2-scenario-4411,2,ok,3,246.5,50.0,7.467,28.303
bristol,powergate,voyager,16QAM,00011001,-6.0,iter-2-scenario-4412,2,ok,3,246.5,50.0,7.61,28.127
bristol,powergate,voyager,16QAM,00011001,-5.5,iter-2-scenario-4413,2,ok,3,246.5,50.0,7.7,27.88
bristol,powergate,voyager,16QAM,00011010,-6.5,iter-2-scenario-1303,2,ok,3,246.5,50.0,7.22,28.29
bristol,powergate,voyager,16QAM,00011010,-6.0,iter-2-scenario-1304,2,ok,3,246.5,50.0,7.363,28.11
bristol,powergate,voyager,16QAM,00011010,-5.5,iter-2-scenario-1305,2,ok,3,246.5,50.0,7.453,27.86
bristol,powergate,voyager,16QAM,00011011,-6.5,iter-2-scenario-2200,2,ok,4,246.5,50.0,6.545,28.245
bristol,powergate,voyager,16QAM,00011011,-6.0,iter-2-scenario-2201,2,ok,4,246.5,50.0,6.69,28.058
bristol,powergate,voyager,16QAM,00011011,-5.5,iter-2-scenario-2202,2,ok,4,246.5,50.0,6.78,27.808
bristol,powergate,voyager,16QAM,00011100,-6.5,iter-2-scenario-4591,2,ok,3,246.5,50.0,6.597,28.25
bristol,powergate,voyager,16QAM,00011100,-6.0,iter-2-scenario-4592,2,ok,3,246.5,50.0,6.747,28.063
bristol,powergate,voyager,16QAM,00011100,-5.5,iter-2-scenario-4593,2,ok,3,246.5,50.0,6.837,27.81
bristol,powergate,voyager,16QAM,00011101,-6.5,iter-2-scenario-5692,2,ok,4,246.5,50.0,6.465,28.238
bristol,powergate,voyager,16QAM,00011101,-6.0,iter-2-scenario-5693,2,ok,4,246.5,50.0,6.61,28.05
bristol,powergate,voyager,16QAM,00011101,-5.5,iter-2-scenario-5694,2,ok,4,246.5,50.0,6.702,27.8
bristol,powergate,voyager,16QAM,00011110,-6.5,iter-2-scenario-406,2,ok,4,246.5,50.0,5.987,28.203
bristol,powergate,voyager,16QAM,00011110,-6.0,iter-2-scenario-407,2,ok,4,246.5,50.0,6.133,28.01
bristol,powergate,voyager,16QAM,00011110,-5.5,iter-2-scenario-408,2,ok,4,246.5,50.0,6.223,27.755
bristol,powergate,voyager,16QAM,00011111,-6.5,iter-2-scenario-727,2,ok,5,246.5,50.0,5.53,28.164
bristol,powergate,voyager,16QAM,00011111,-6.0,iter-2-scenario-728,2,ok,5,246.5,50.0,5.678,27.968
bristol,powergate,voyager,16QAM,00011111,-5.5,iter-2-scenario-729,2,ok,5,246.5,50.0,5.772,27.704
bristol,powergate,voyager,16QAM,00100000,-6.5,iter-2-scenario-5503,2,ok,1,246.5,50.0,9.29,28.4
bristol,powergate,voyager,16QAM,00100000,-6.0,iter-2-scenario-5504,2,ok,1,246.5,50.0,9.43,28.23
bristol,powergate,voyager,16QAM,00100000,-5.5,iter-2-scenario-5505,2,ok,1,246.5,50.0,9.52,28.0
bristol,powergate,voyager,16QAM,00100001,-6.5,iter-2-scenario-4270,2,ok,2,246.5,50.0,8.885,28.375
bristol,powergate,voyager,16QAM,00100001,-6.0,iter-2-scenario-4271,2,ok,2,246.5,50.0,9.025,28.205
bristol,powergate,voyager,16QAM,00100001,-5.5,iter-2-scenario-4272,2,ok,2,246.5,50.0,9.115,27.975
bristol,powergate,voyager,16QAM,00100010,-6.5,iter-2-scenario-3565,2,ok,2,246.5,50.0,8.795,28.375
bristol,powergate,voyager,16QAM,00100010,-6.0,iter-2-scenario-3566,2,ok,2,246.5,50.0,8.94,28.2
bristol,powergate,voyager,16QAM,00100010,-5.5,iter-2-scenario-3567,2,ok,2,246.5,50.0,9.025,27.97
bristol,powergate,voyager,16QAM,00100011,-6.5,iter-2-scenario-3487,2,ok,3,246.5,50.0,7.603,28.313
bristol,powergate,voyager,16QAM,00100011,-6.0,iter-2-scenario-3488,2,ok,3,246.5,50.0,7.747,28.133
bristol,powergate,voyager,16QAM,00100011,-5.5,iter-2-scenario-3489,2,ok,3,246.5,50.0,7.837,27.89
bristol,powergate,voyager,16QAM,00100100,-6.5,iter-2-scenario-3331,2,ok,2,246.5,50.0,8.64,28.37
bristol,powergate,voyager,16QAM,00100100,-6.0,iter-2-scenario-3332,2,ok,2,246.5,50.0,8.79,28.195
bristol,powergate,voyager,16QAM,00100100,-5.5,iter-2-scenario-3333,2,ok,2,246.5,50.0,8.88,27.96
bristol,powergate,voyager,16QAM,00100101,-6.5,iter-2-scenario-5893,2,ok,3,246.5,50.0,8.027,28.333
bristol,powergate,voyager,16QAM,00100101,-6.0,iter-2-scenario-5894,2,ok,3,246.5,50.0,8.177,28.163
bristol,powergate,voyager,16QAM,00100101,-5.5,iter-2-scenario-5895,2,ok,3,246.5,50.0,8.267,27.923
bristol,powergate,voyager,16QAM,00100110,-6.5,iter-2-scenario-4162,2,ok,3,246.5,50.0,7.47,28.307
bristol,powergate,voyager,16QAM,00100110,-6.0,iter-2-scenario-4163,2,ok,3,246.5,50.0,7.61,28.123
bristol,powergate,voyager,16QAM,00100110,-5.5,iter-2-scenario-4164,2,ok,3,246.5,50.0,7.7,27.883
bristol,powergate,voyager,16QAM,00100111,-6.5,iter-2-scenario-3355,2,ok,4,246.5,50.0,6.668,28.247
bristol,powergate,voyager,16QAM,00100111,-6.0,iter-2-scenario-3356,2,ok,4,246.5,50.0,6.815,28.067
bristol,powergate,voyager,16QAM,00100111,-5.5,iter-2-scenario-3357,2,ok,4,246.5,50.0,6.905,27.815
bristol,powergate,voyager,16QAM,00101000,-6.5,iter-2-scenario-4564,2,ok,2,246.5,50.0,8.35,28.355
bristol,powergate,voyager,16QAM,00101000,-6.0,iter-2-scenario-4565,2,ok,2,246.5,50.0,8.495,28.18
bristol,powergate,voyager,16QAM,00101000,-5.5,iter-2-scenario-4566,2,ok,2,246.5,50.0,8.585,27.94
bristol,powergate,voyager,16QAM,00101001,-6.5,iter-2-scenario-3415,2,ok,3,246.5,50.0,8.03,28.34
bristol,powergate,voyager,16QAM,00101001,-6.0,iter-2-scenario-3416,2,ok,3,246.5,50.0,8.18,28.16
bristol,powergate,voyager,16QAM,00101001,-5.5,iter-2-scenario-3417,2,ok,3,246.5,50.0,8.27,27.923
bristol,powergate,voyager,16QAM,00101010,-6.5,iter-2-scenario-1831,2,ok,3,246.5,50.0,7.8,28.323
bristol,powergate,voyager,16QAM,00101010,-6.0,iter-2-scenario-1832,2,ok,3,246.5,50.0,7.947,28.147
bristol,powergate,voyager,16QAM,00101010,-5.5,iter-2-scenario-1833,2,ok,3,246.5,50.0,8.037,27.907
bristol,powergate,voyager,16QAM,00101011,-6.5,iter-2-scenario-3913,2,ok,4,246.5,50.0,6.982,28.275
bristol,powergate,voyager,16QAM,00101011,-6.0,iter-2-scenario-3914,2,ok,4,246.5,50.0,7.13,28.09
bristol,powergate,voyager,16QAM,00101011,-5.5,iter-2-scenario-3915,2,ok,4,246.5,50.0,7.22,27.843
bristol,powergate,voyager,16QAM,00101100,-6.5,iter-2-scenario-3874,2,ok,3,246.5,50.0,7.223,28.293
bristol,powergate,voyager,16QAM,00101100,-6.0,iter-2-scenario-3875,2,ok,3,246.5,50.0,7.367,28.11
bristol,powergate,voyager,16QAM,00101100,-5.5,iter-2-scenario-3876,2,ok,3,246.5,50.0,7.457,27.863
bristol,powergate,voyager,16QAM,00101101,-6.5,iter-2-scenario-55,2,ok,4,246.5,50.0,6.94,28.27
bristol,powergate,voyager,16QAM,00101101,-6.0,iter-2-scenario-56,2,ok,4,246.5,50.0,7.088,28.09
bristol,powergate,voyager,16QAM,00101101,-5.5,iter-2-scenario-57,2,ok,4,246.5,50.0,7.178,27.84
bristol,powergate,voyager,16QAM,00101110,-6.5,iter-2-scenario-3286,2,ok,4,246.5,50.0,6.468,28.24
bristol,powergate,voyager,16QAM,00101110,-6.0,iter-2-scenario-3287,2,ok,4,246.5,50.0,6.615,28.05
bristol,powergate,voyager,16QAM,00101110,-5.5,iter-2-scenario-3288,2,ok,4,246.5,50.0,6.705,27.797
bristol,powergate,voyager,16QAM,00101111,-6.5,iter-2-scenario-5809,2,ok,5,246.5,50.0,5.918,28.194
bristol,powergate,voyager,16QAM,00101111,-6.0,iter-2-scenario-5810,2,ok,5,246.5,50.0,6.066,28.004
bristol,powergate,voyager,16QAM,00101111,-5.5,iter-2-scenario-5811,2,ok,5,246.5,50.0,6.156,27.744
bristol,powergate,voyager,16QAM,00110000,-6.5,iter-2-scenario-1288,2,ok,2,246.5,50.0,7.525,28.31
bristol,powergate,voyager,16QAM,00110000,-6.0,iter-2-scenario-1289,2,ok,2,246.5,50.0,7.675,28.13
bristol,powergate,voyager,16QAM,00110000,-5.5,iter-2-scenario-1290,2,ok,2,246.5,50.0,7.765,27.89
bristol,powergate,voyager,16QAM,00110001,-6.5,iter-2-scenario-1522,2,ok,3,246.5,50.0,7.61,28.31
bristol,powergate,voyager,16QAM,00110001,-6.0,iter-2-scenario-1523,2,ok,3,246.5,50.0,7.753,28.133
bristol,powergate,voyager,16QAM,00110001,-5.5,iter-2-scenario-1524,2,ok,3,246.5,50.0,7.843,27.89
bristol,powergate,voyager,16QAM,00110010,-6.5,iter-2-scenario-5944,2,ok,3,246.5,50.0,7.47,28.303
bristol,powergate,voyager,16QAM,00110010,-6.0,iter-2-scenario-5945,2,ok,3,246.5,50.0,7.62,28.127
bristol,powergate,voyager,16QAM,00110010,-5.5,iter-2-scenario-5946,2,ok,3,246.5,50.0,7.71,27.88
bristol,powergate,voyager,16QAM,00110011,-6.5,iter-2-scenario-1624,2,ok,4,246.5,50.0,6.798,28.265
bristol,powergate,voyager,16QAM,00110011,-6.0,iter-2-scenario-1625,2,ok,4,246.5,50.0,6.94,28.078
bristol,powergate,voyager,16QAM,00110011,-5.5,iter-2-scenario-1626,2,ok,4,246.5,50.0,7.03,27.828
bristol,powergate,voyager,16QAM,00110100,-6.5,iter-2-scenario-4216,2,ok,3,246.5,50.0,7.223,28.29
bristol,powergate,voyager,16QAM,00110100,-6.0,iter-2-scenario-4217,2,ok,3,246.5,50.0,7.37,28.11
bristol,powergate,voyager,16QAM,00110100,-5.5,iter-2-scenario-4218,2,ok,3,246.5,50.0,7.46,27.863
bristol,powergate,voyager,16QAM,00110101,-6.5,iter-2-scenario-2872,2,ok,4,246.5,50.0,6.987,28.275
bristol,powergate,voyager,16QAM,00110101,-6.0,iter-2-scenario-2873,2,ok,4,246.5,50.0,7.135,28.093
bristol,powergate,voyager,16QAM,00110101,-5.5,iter-2-scenario-2874,2,ok,4,246.5,50.0,7.225,27.845
bristol,powergate,voyager,16QAM,00110110,-6.5,iter-2-scenario-4957,2,ok,4,246.5,50.0,6.55,28.248
bristol,powergate,voyager,16QAM,00110110,-6.0,iter-2-scenario-4958,2,ok,4,246.5,50.0,6.695,28.062
bristol,powergate,voyager,16QAM,00110110,-5.5,iter-2-scenario-4959,2,ok,4,246.5,50.0,6.785,27.81
bristol,powergate,voyager,16QAM,00110111,-6.5,iter-2-scenario-532,2,ok,5,246.5,50.0,6.012,28.204
bristol,powergate,voyager,16QAM,00110111,-6.0,iter-2-scenario-533,2,ok,5,246.5,50.0,6.158,28.012
bristol,powergate,voyager,16QAM,00110111,-5.5,iter-2-scenario-534,2,ok,5,246.5,50.0,6.252,27.758
bristol,powergate,voyager,16QAM,00111000,-6.5,iter-2-scenario-3145,2,ok,3,246.5,50.0,6.607,28.253
bristol,powergate,voyager,16QAM,00111000,-6.0,iter-2-scenario-3146,2,ok,3,246.5,50.0,6.753,28.063
bristol,powergate,voyager,16QAM,00111000,-5.5,iter-2-scenario-3147,2,ok,3,246.5,50.0,6.843,27.817
bristol,powergate,voyager,16QAM,00111001,-6.5,iter-2-scenario-4492,2,ok,4,246.5,50.0,6.675,28.255
bristol,powergate,voyager,16QAM,00111001,-6.0,iter-2-scenario-4493,2,ok,4,246.5,50.0,6.825,28.065
bristol,powergate,voyager,16QAM,00111001,-5.5,iter-2-scenario-4494,2,ok,4,246.5,50.0,6.915,27.817
bristol,powergate,voyager,16QAM,00111010,-6.5,iter-2-scenario-5791,2,ok,4,246.5,50.0,6.47,28.24
bristol,powergate,voyager,16QAM,00111010,-6.0,iter-2-scenario-5792,2,ok,4,246.5,50.0,6.617,28.053
bristol,powergate,voyager,16QAM,00111010,-5.5,iter-2-scenario-5793,2,ok,4,246.5,50.0,6.707,27.802
bristol,powergate,voyager,16QAM,00111011,-6.5,iter-2-scenario-454,2,ok,5,246.5,50.0,6.01,28.208
bristol,powergate,voyager,16QAM,00111011,-6.0,iter-2-scenario-455,2,ok,5,246.5,50.0,6.16,28.016
bristol,powergate,voyager,16QAM,00111011,-5.5,iter-2-scenario-456,2,ok,5,246.5,50.0,6.252,27.758
bristol,powergate,voyager,16QAM,00111100,-6.5,iter-2-scenario-4300,2,ok,4,246.5,50.0,5.99,28.203
bristol,powergate,voyager,16QAM,00111100,-6.0,iter-2-scenario-4301,2,ok,4,246.5,50.0,6.14,28.015
bristol,powergate,voyager,16QAM,00111100,-5.5,iter-2-scenario-4302,2,ok,4,246.5,50.0,6.23,27.758
bristol,powergate,voyager,16QAM,00111101,-6.5,iter-2-scenario-2917,2,ok,5,246.5,50.0,5.924,28.196
bristol,powergate,voyager,16QAM,00111101,-6.0,iter-2-scenario-2918,2,ok,5,246.5,50.0,6.074,28.002
bristol,powergate,voyager,16QAM,00111101,-5.5,iter-2-scenario-2919,2,ok,5,246.5,50.0,6.164,27.746
bristol,powergate,voyager,16QAM,00111110,-6.5,iter-2-scenario-2419,2,ok,5,246.5,50.0,5.536,28.166
bristol,powergate,voyager,16QAM,00111110,-6.0,iter-2-scenario-2420,2,ok,5,246.5,50.0,5.684,27.968
bristol,powergate,voyager,16QAM,00111110,-5.5,iter-2-scenario-2421,2,ok,5,246.5,50.0,5.778,27.706
bristol,powergate,voyager,16QAM,00111111,-6.5,iter-2-scenario-2749,2,ok,6,246.5,50.0,5.178,28.133
bristol,powergate,voyager,16QAM,00111111,-6.0,iter-2-scenario-2750,2,ok,6,246.5,50.0,5.328,27.93
bristol,powergate,voyager,16QAM,00111111,-5.5,iter-2-scenario-2751,2,ok,6,246.5,50.0,5.418,27.667
bristol,powergate,voyager,16QAM,01000000,-6.5,iter-2-scenario-316,2,ok,1,246.5,50.0,9.3,28.4
bristol,powergate,voyager,16QAM,01000000,-6.0,iter-2-scenario-317,2,ok,1,246.5,50.0,9.44,28.23
bristol,powergate,voyager,16QAM,01000000,-5.5,iter-2-scenario-318,2,ok,1,246.5,50.0,9.53,28.0
bristol,powergate,voyager,16QAM,01000001,-6.5,iter-2-scenario-880,2,ok,2,246.5,50.0,8.95,28.38
bristol,powergate,voyager,16QAM,01000001,-6.0,iter-2-scenario-881,2,ok,2,246.5,50.0,9.095,28.21
bristol,powergate,voyager,16QAM,01000001,-5.5,iter-2-scenario-882,2,ok,2,246.5,50.0,9.18,27.975
bristol,powergate,voyager,16QAM,01000010,-6.5,iter-2-scenario-4042,2,ok,2,246.5,50.0,8.89,28.38
bristol,powergate,voyager,16QAM,01000010,-6.0,iter-2-scenario-4043,2,ok,2,246.5,50.0,9.035,28.205
bristol,powergate,voyager,16QAM,01000010,-5.5,iter-2-scenario-4044,2,ok,2,246.5,50.0,9.125,27.975
bristol,powergate,voyager,16QAM,01000011,-6.5,iter-2-scenario-4702,2,ok,3,246.5,50.0,7.693,28.317
bristol,powergate,voyager,16QAM,01000011,-6.0,iter-2-scenario-4703,2,ok,3,246.5,50.0,7.833,28.14
bristol,powergate,voyager,16QAM,01000011,-5.5,iter-2-scenario-4704,2,ok,3,246.5,50.0,7.923,27.897
bristol,powergate,voyager,16QAM,01000100,-6.5,iter-2-scenario-3457,2,ok,2,246.5,50.0,8.8,28.375
bristol,powergate,voyager,16QAM,01000100,-6.0,iter-2-scenario-3458,2,ok,2,246.5,50.0,8.945,28.205
bristol,powergate,voyager,16QAM,01000100,-5.5,iter-2-scenario-3459,2,ok,2,246.5,50.0,9.03,27.97
bristol,powergate,voyager,16QAM,01000101,-6.5,iter-2-scenario-5473,2,ok,3,246.5,50.0,8.163,28.343
bristol,powergate,voyager,16QAM,01000101,-6.0,iter-2-scenario-5474,2,ok,3,246.5,50.0,8.307,28.167
bristol,powergate,voyager,16QAM,01000101,-5.5,iter-2-scenario-5475,2,ok,3,246.5,50.0,8.393,27.927
bristol,powergate,voyager,16QAM,01000110,-6.5,iter-2-scenario-2845,2,ok,3,246.5,50.0,7.607,28.313
bristol,powergate,voyager,16QAM,01000110,-6.0,iter-2-scenario-2846,2,ok,3,246.5,50.0,7.753,28.133
bristol,powergate,voyager,16QAM,01000110,-5.5,iter-2-scenario-2847,2,ok,3,246.5,50.0,7.843,27.89
bristol,powergate,voyager,16QAM,01000111,-6.5,iter-2-scenario-6109,2,ok,4,246.5,50.0,6.787,28.26
bristol,powergate,voyager,16QAM,01000111,-6.0,iter-2-scenario-6110,2,ok,4,246.5,50.0,6.935,28.07
bristol,powergate,voyager,16QAM,01000111,-5.5,iter-2-scenario-6111,2,ok,4,246.5,50.0,7.025,27.822
bristol,powergate,voyager,16QAM,01001000,-6.5,iter-2-scenario-3958,2,ok,2,246.5,50.0,8.65,28.37
bristol,powergate,voyager,16QAM,01001000,-6.0,iter-2-scenario-3959,2,ok,2,246.5,50.0,8.79,28.195
bristol,powergate,voyager,16QAM,01001000,-5.5,iter-2-scenario-3960,2,ok,2,246.5,50.0,8.88,27.96
bristol,powergate,voyager,16QAM,01001001,-6.5,iter-2-scenario-4087,2,ok,3,246.5,50.0,8.257,28.35
bristol,powergate,voyager,16QAM,01001001,-6.0,iter-2-scenario-4088,2,ok,3,246.5,50.0,8.397,28.173
bristol,powergate,voyager,16QAM,01001001,-5.5,iter-2-scenario-4089,2,ok,3,246.5,50.0,8.487,27.937
bristol,powergate,voyager,16QAM,01001010,-6.5,iter-2-scenario-898,2,ok,3,246.5,50.0,8.037,28.337
bristol,powergate,voyager,16QAM,01001010,-6.0,iter-2-scenario-899,2,ok,3,246.5,50.0,8.18,28.163
bristol,powergate,voyager,16QAM,01001010,-5.5,iter-2-scenario-900,2,ok,3,246.5,50.0,8.27,27.923
bristol,powergate,voyager,16QAM,01001011,-6.5,iter-2-scenario-106,2,ok,4,246.5,50.0,7.167,28.288
bristol,powergate,voyager,16QAM,01001011,-6.0,iter-2-scenario-107,2,ok,4,246.5,50.0,7.317,28.105
bristol,powergate,voyager,16QAM,01001011,-5.5,iter-2-scenario-108,2,ok,4,246.5,50.0,7.407,27.86
bristol,powergate,voyager,16QAM,01001100,-6.5,iter-2-scenario-517,2,ok,3,246.5,50.0,7.473,28.307
bristol,powergate,voyager,16QAM,01001100,-6.0,iter-2-scenario-518,2,ok,3,246.5,50.0,7.62,28.127
bristol,powergate,voyager,16QAM,01001100,-5.5,iter-2-scenario-519,2,ok,3,246.5,50.0,7.71,27.883
bristol,powergate,voyager,16QAM,01001101,-6.5,iter-2-scenario-5833,2,ok,4,246.5,50.0,7.143,28.285
bristol,powergate,voyager,16QAM,01001101,-6.0,iter-2-scenario-5834,2,ok,4,246.5,50.0,7.287,28.1
bristol,powergate,voyager,16QAM,01001101,-5.5,iter-2-scenario-5835,2,ok,4,246.5,50.0,7.377,27.855
bristol,powergate,voyager,16QAM,01001110,-6.5,iter-2-scenario-1039,2,ok,4,246.5,50.0,6.673,28.252
bristol,powergate,voyager,16QAM,01001110,-6.0,iter-2-scenario-1040,2,ok,4,246.5,50.0,6.822,28.067
bristol,powergate,voyager,16QAM,01001110,-5.5,iter-2-scenario-1041,2,ok,4,246.5,50.0,6.912,27.817
bristol,powergate,voyager,16QAM,01001111,-6.5,iter-2-scenario-3991,2,ok,5,246.5,50.0,6.094,28.21
bristol,powergate,voyager,16QAM,01001111,-6.0,iter-2-scenario-3992,2,ok,5,246.5,50.0,6.242,28.016
bristol,powergate,voyager,16QAM,01001111,-5.5,iter-2-scenario-3993,2,ok,5,246.5,50.0,6.332,27.76
bristol,powergate,voyager,16QAM,01010000,-6.5,iter-2-scenario-3748,2,ok,2,246.5,50.0,8.355,28.355
bristol,powergate,voyager,16QAM,01010000,-6.0,iter-2-scenario-3749,2,ok,2,246.5,50.0,8.505,28.18
bristol,powergate,voyager,16QAM,01010000,-5.5,iter-2-scenario-3750,2,ok,2,246.5,50.0,8.59,27.945
bristol,powergate,voyager,16QAM,01010001,-6.5,iter-2-scenario-4996,2,ok,3,246.5,50.0,8.167,28.343
bristol,powergate,voyager,16QAM,01010001,-6.0,iter-2-scenario-4997,2,ok,3,246.5,50.0,8.31,28.17
bristol,powergate,voyager,16QAM,01010001,-5.5,iter-2-scenario-4998,2,ok,3,246.5,50.0,8.4,27.933
bristol,powergate,voyager,16QAM,01010010,-6.5,iter-2-scenario-1411,2,ok,3,246.5,50.0,8.04,28.34
bristol,powergate,voyager,16QAM,01010010,-6.0,iter-2-scenario-1412,2,ok,3,246.5,50.0,8.183,28.16
bristol,powergate,voyager,16QAM,01010010,-5.5,iter-2-scenario-1413,2,ok,3,246.5,50.0,8.273,27.927
bristol,powergate,voyager,16QAM,01010011,-6.5,iter-2-scenario-1816,2,ok,4,246.5,50.0,7.217,28.293
bristol,powergate,voyager,16QAM,01010011,-6.0,iter-2-scenario-1817,2,ok,4,246.5,50.0,7.365,28.112
bristol,powergate,voyager,16QAM,01010011,-5.5,iter-2-scenario-1818,2,ok,4,246.5,50.0,7.455,27.865
bristol,powergate,voyager,16QAM,01010100,-6.5,iter-2-scenario-3769,2,ok,3,246.5,50.0,7.81,28.327
bristol,powergate,voyager,16QAM,01010100,-6.0,iter-2-scenario-3770,2,ok,3,246.5,50.0,7.957,28.147
bristol,powergate,voyager,16QAM,01010100,-5.5,iter-2-scenario-3771,2,ok,3,246.5,50.0,8.047,27.907
bristol,powergate,voyager,16QAM,01010101,-6.5,iter-2-scenario-2830,2,ok,4,246.5,50.0,7.428,28.302
bristol,powergate,voyager,16QAM,01010101,-6.0,iter-2-scenario-2831,2,ok,4,246.5,50.0,7.575,28.125
bristol,powergate,voyager,16QAM,01010101,-5.5,iter-2-scenario-2832,2,ok,4,246.5,50.0,7.665,27.877
bristol,powergate,voyager,16QAM,01010110,-6.5,iter-2-scenario-2701,2,ok,4,246.5,50.0,6.99,28.275
bristol,powergate,voyager,16QAM,01010110,-6.0,iter-2-scenario-2702,2,ok,4,246.5,50.0,7.138,28.093
bristol,powergate,voyager,16QAM,01010110,-5.5,iter-2-scenario-2703,2,ok,4,246.5,50.0,7.228,27.845
bristol,powergate,voyager,16QAM,01010111,-6.5,iter-2-scenario-3175,2,ok,5,246.5,50.0,6.366,28.23
bristol,powergate,voyager,16QAM,01010111,-6.0,iter-2-scenario-3176,2,ok,5,246.5,50.0,6.51,28.04
bristol,powergate,voyager,16QAM,01010111,-5.5,iter-2-scenario-3177,2,ok,5,246.5,50.0,6.602,27.79
bristol,powergate,voyager,16QAM,01011000,-6.5,iter-2-scenario-1195,2,ok,3,246.5,50.0,7.227,28.293
bristol,powergate,voyager,16QAM,01011000,-6.0,iter-2-scenario-1196,2,ok,3,246.5,50.0,7.373,28.11
bristol,powergate,voyager,16QAM,01011000,-5.5,iter-2-scenario-1197,2,ok,3,246.5,50.0,7.463,27.863
bristol,powergate,voyager,16QAM,01011001,-6.5,iter-2-scenario-1645,2,ok,4,246.5,50.0,7.147,28.282
bristol,powergate,voyager,16QAM,01011001,-6.0,iter-2-scenario-1646,2,ok,4,246.5,50.0,7.293,28.102
bristol,powergate,voyager,16QAM,01011001,-5.5,iter-2-scenario-1647,2,ok,4,246.5,50.0,7.383,27.855
bristol,powergate,voyager,16QAM,01011010,-6.5,iter-2-scenario-3040,2,ok,4,246.5,50.0,6.947,28.275
bristol,powergate,voyager,16QAM,01011010,-6.0,iter-2-scenario-3041,2,ok,4,246.5,50.0,7.093,28.09
bristol,powergate,voyager,16QAM,01011010,-5.5,iter-2-scenario-3042,2,ok,4,246.5,50.0,7.183,27.843
bristol,powergate,voyager,16QAM,01011011,-6.5,iter-2-scenario-2179,2,ok,5,246.5,50.0,6.394,28.234
bristol,powergate,voyager,16QAM,01011011,-6.0,iter-2-scenario-2180,2,ok,5,246.5,50.0,6.54,28.044
bristol,powergate,voyager,16QAM,01011011,-5.5,iter-2-scenario-2181,2,ok,5,246.5,50.0,6.63,27.794
bristol,powergate,voyager,16QAM,01011100,-6.5,iter-2-scenario-124,2,ok,4,246.5,50.0,6.475,28.24
bristol,powergate,voyager,16QAM,01011100,-6.0,iter-2-scenario-125,2,ok,4,246.5,50.0,6.62,28.05
bristol,powergate,voyager,16QAM,01011100,-5.5,iter-2-scenario-126,2,ok,4,246.5,50.0,6.71,27.8
bristol,powergate,voyager,16QAM,01011101,-6.5,iter-2-scenario-988,2,ok,5,246.5,50.0,6.312,28.228
bristol,powergate,voyager,16QAM,01011101,-6.0,iter-2-scenario-989,2,ok,5,246.5,50.0,6.458,28.036
bristol,powergate,voyager,16QAM,01011101,-5.5,iter-2-scenario-990,2,ok,5,246.5,50.0,6.55,27.786
bristol,powergate,voyager,16QAM,01011110,-6.5,iter-2-scenario-1708,2,ok,5,246.5,50.0,5.926,28.196
bristol,powergate,voyager,16QAM,01011110,-6.0,iter-2-scenario-1709,2,ok,5,246.5,50.0,6.074,28.004
bristol,powergate,voyager,16QAM,01011110,-5.5,iter-2-scenario-1710,2,ok,5,246.5,50.0,6.164,27.744
bristol,powergate,voyager,16QAM,01011111,-6.5,iter-2-scenario-3070,2,ok,6,246.5,50.0,5.502,28.162
bristol,powergate,voyager,16QAM,01011111,-6.0,iter-2-scenario-3071,2,ok,6,246.5,50.0,5.652,27.96
bristol,powergate,voyager,16QAM,01011111,-5.5,iter-2-scenario-3072,2,ok,6,246.5,50.0,5.743,27.698
bristol,powergate,voyager,16QAM,01100000,-6.5,iter-2-scenario-2341,2,ok,2,246.5,50.0,7.535,28.31
bristol,powergate,voyager,16QAM,01100000,-6.0,iter-2-scenario-2342,2,ok,2,246.5,50.0,7.68,28.13
bristol,powergate,voyager,16QAM,01100000,-5.5,iter-2-scenario-2343,2,ok,2,246.5,50.0,7.77,27.89
bristol,powergate,voyager,16QAM,01100001,-6.5,iter-2-scenario-1438,2,ok,3,246.5,50.0,7.7,28.317
bristol,powergate,voyager,16QAM,01100001,-6.0,iter-2-scenario-1439,2,ok,3,246.5,50.0,7.847,28.14
bristol,powergate,voyager,16QAM,01100001,-5.5,iter-2-scenario-1440,2,ok,3,246.5,50.0,7.937,27.897
bristol,powergate,voyager,16QAM,01100010,-6.5,iter-2-scenario-2626,2,ok,3,246.5,50.0,7.613,28.313
bristol,powergate,voyager,16QAM,01100010,-6.0,iter-2-scenario-2627,2,ok,3,246.5,50.0,7.76,28.133
bristol,powergate,voyager,16QAM,01100010,-5.5,iter-2-scenario-2628,2,ok,3,246.5,50.0,7.85,27.893
bristol,powergate,voyager,16QAM,01100011,-6.5,iter-2-scenario-5539,2,ok,4,246.5,50.0,6.942,28.273
bristol,powergate,voyager,16QAM,01100011,-6.0,iter-2-scenario-5540,2,ok,4,246.5,50.0,7.09,28.09
bristol,powergate,voyager,16QAM,01100011,-5.5,iter-2-scenario-5541,2,ok,4,246.5,50.0,7.18,27.843
bristol,powergate,voyager,16QAM,01100100,-6.5,iter-2-scenario-5638,2,ok,3,246.5,50.0,7.48,28.307
bristol,powergate,voyager,16QAM,01100100,-6.0,iter-2-scenario-5639,2,ok,3,246.5,50.0,7.623,28.127
bristol,powergate,voyager,16QAM,01100100,-5.5,iter-2-scenario-5640,2,ok,3,246.5,50.0,7.71,27.88
bristol,powergate,voyager,16QAM,01100101,-6.5,iter-2-scenario-1984,2,ok,4,246.5,50.0,7.223,28.293
bristol,powergate,voyager,16QAM,01100101,-6.0,iter-2-scenario-1985,2,ok,4,246.5,50.0,7.367,28.108
bristol,powergate,voyager,16QAM,01100101,-5.5,iter-2-scenario-1986,2,ok,4,246.5,50.0,7.457,27.865
bristol,powergate,voyager,16QAM,01100110,-6.5,iter-2-scenario-352,2,ok,4,246.5,50.0,6.798,28.265
bristol,powergate,voyager,16QAM,01100110,-6.0,iter-2-scenario-353,2,ok,4,246.5,50.0,6.947,28.08
bristol,powergate,voyager,16QAM,01100110,-5.5,iter-2-scenario-354,2,ok,4,246.5,50.0,7.037,27.832
bristol,powergate,voyager,16QAM,01100111,-6.5,iter-2-scenario-1021,2,ok,5,246.5,50.0,6.24,28.222
bristol,powergate,voyager,16QAM,01100111,-6.0,iter-2-scenario-1022,2,ok,5,246.5,50.0,6.386,28.034
bristol,powergate,voyager,16QAM,01100111,-5.5,iter-2-scenario-1023,2,ok,5,246.5,50.0,6.478,27.778
bristol,powergate,voyager,16QAM,01101000,-6.5,iter-2-scenario-4285,2,ok,3,246.5,50.0,7.23,28.293
bristol,powergate,voyager,16QAM,01101000,-6.0,iter-2-scenario-4286,2,ok,3,246.5,50.0,7.38,28.11
bristol,powergate,voyager,16QAM,01101000,-5.5,iter-2-scenario-4287,2,ok,3,246.5,50.0,7.47,27.87
bristol,powergate,voyager,16QAM,01101001,-6.5,iter-2-scenario-310,2,ok,4,246.5,50.0,7.178,28.288
bristol,powergate,voyager,16QAM,01101001,-6.0,iter-2-scenario-311,2,ok,4,246.5,50.0,7.322,28.108
bristol,powergate,voyager,16QAM,01101001,-5.5,iter-2-scenario-312,2,ok,4,246.5,50.0,7.415,27.86
bristol,powergate,voyager,16QAM,01101010,-6.5,iter-2-scenario-4351,2,ok,4,246.5,50.0,6.995,28.277
bristol,powergate,voyager,16QAM,01101010,-6.0,iter-2-scenario-4352,2,ok,4,246.5,50.0,7.14,28.093
bristol,powergate,voyager,16QAM,01101010,-5.5,iter-2-scenario-4353,2,ok,4,246.5,50.0,7.228,27.845
bristol,powergate,voyager,16QAM,01101011,-6.5,iter-2-scenario-3016,2,ok,5,246.5,50.0,6.446,28.238
bristol,powergate,voyager,16QAM,01101011,-6.0,iter-2-scenario-3017,2,ok,5,246.5,50.0,6.596,28.054
bristol,powergate,voyager,16QAM,01101011,-5.5,iter-2-scenario-3018,2,ok,5,246.5,50.0,6.686,27.8
bristol,powergate,voyager,16QAM,01101100,-6.5,iter-2-scenario-2548,2,ok,4,246.5,50.0,6.555,28.25
bristol,powergate,voyager,16QAM,01101100,-6.0,iter-2-scenario-2549,2,ok,4,246.5,50.0,6.705,28.062
bristol,powergate,voyager,16QAM,01101100,-5.5,iter-2-scenario-2550,2,ok,4,246.5,50.0,6.795,27.812
bristol,powergate,voyager,16QAM,01101101,-6.5,iter-2-scenario-1669,2,ok,5,246.5,50.0,6.398,28.236
bristol,powergate,voyager,16QAM,01101101,-6.0,iter-2-scenario-1670,2,ok,5,246.5,50.0,6.544,28.046
bristol,powergate,voyager,16QAM,01101101,-5.5,iter-2-scenario-1671,2,ok,5,246.5,50.0,6.634,27.794
bristol,powergate,voyager,16QAM,01101110,-6.5,iter-2-scenario-3892,2,ok,5,246.5,50.0,6.016,28.206
bristol,powergate,voyager,16QAM,01101110,-6.0,iter-2-scenario-3893,2,ok,5,246.5,50.0,6.166,28.016
bristol,powergate,voyager,16QAM,01101110,-5.5,iter-2-scenario-3894,2,ok,5,246.5,50.0,6.256,27.76
bristol,powergate,voyager,16QAM,01101111,-6.5,iter-2-scenario-4867,2,ok,6,246.5,50.0,5.592,28.172
bristol,powergate,voyager,16QAM,01101111,-6.0,iter-2-scenario-4868,2,ok,6,246.5,50.0,5.74,27.973
bristol,powergate,voyager,16QAM,01101111,-5.5,iter-2-scenario-4869,2,ok,6,246.5,50.0,5.833,27.715
bristol,powergate,voyager,16QAM,01110000,-6.5,iter-2-scenario-1363,2,ok,3,246.5,50.0,6.613,28.253
bristol,powergate,voyager,16QAM,01110000,-6.0,iter-2-scenario-1364,2,ok,3,246.5,50.0,6.757,28.067
bristol,powergate,voyager,16QAM,01110000,-5.5,iter-2-scenario-1365,2,ok,3,246.5,50.0,6.85,27.817
bristol,powergate,voyager,16QAM,01110001,-6.5,iter-2-scenario-5110,2,ok,4,246.5,50.0,6.798,28.258
bristol,powergate,voyager,16QAM,01110001,-6.0,iter-2-scenario-5111,2,ok,4,246.5,50.0,6.947,28.078
bristol,powergate,voyager,16QAM,01110001,-5.5,iter-2-scenario-5112,2,ok,4,246.5,50.0,7.037,27.828
bristol,powergate,voyager,16QAM,01110010,-6.5,iter-2-scenario-1891,2,ok,4,246.5,50.0,6.683,28.255
bristol,powergate,voyager,16QAM,01110010,-6.0,iter-2-scenario-1892,2,ok,4,246.5,50.0,6.825,28.07
bristol,powergate,voyager,16QAM,01110010,-5.5,iter-2-scenario-1893,2,ok,4,246.5,50.0,6.915,27.817
bristol,powergate,voyager,16QAM,01110011,-6.5,iter-2-scenario-1087,2,ok,5,246.5,50.0,6.242,28.224
bristol,powergate,voyager,16QAM,01110011,-6.0,iter-2-scenario-1088,2,ok,5,246.5,50.0,6.39,28.034
bristol,powergate,voyager,16QAM,01110011,-5.5,iter-2-scenario-1089,2,ok,5,246.5,50.0,6.48,27.782
bristol,powergate,voyager,16QAM,01110100,-6.5,iter-2-scenario-2257,2,ok,4,246.5,50.0,6.478,28.24
bristol,powergate,voyager,16QAM,01110100,-6.0,iter-2-scenario-2258,2,ok,4,246.5,50.0,6.625,28.053
bristol,powergate,voyager,16QAM,01110100,-5.5,iter-2-scenario-2259,2,ok,4,246.5,50.0,6.715,27.802
bristol,powergate,voyager,16QAM,01110101,-6.5,iter-2-scenario-3610,2,ok,5,246.5,50.0,6.372,28.232
bristol,powergate,voyager,16QAM,01110101,-6.0,iter-2-scenario-3611,2,ok,5,246.5,50.0,6.516,28.044
bristol,powergate,voyager,16QAM,01110101,-5.5,iter-2-scenario-3612,2,ok,5,246.5,50.0,6.61,27.788
bristol,powergate,voyager,16QAM,01110110,-6.5,iter-2-scenario-6130,2,ok,5,246.5,50.0,6.02,28.208
bristol,powergate,voyager,16QAM,01110110,-6.0,iter-2-scenario-6131,2,ok,5,246.5,50.0,6.168,28.016
bristol,powergate,voyager,16QAM,01110110,-5.5,iter-2-scenario-6132,2,ok,5,246.5,50.0,6.26,27.76
bristol,powergate,voyager,16QAM,01110111,-6.5,iter-2-scenario-2062,2,ok,6,246.5,50.0,5.617,28.173
bristol,powergate,voyager,16QAM,01110111,-6.0,iter-2-scenario-2063,2,ok,6,246.5,50.0,5.767,27.977
bristol,powergate,voyager,16QAM,01110111,-5.5,iter-2-scenario-2064,2,ok,6,246.5,50.0,5.857,27.718
bristol,powergate,voyager,16QAM,01111000,-6.5,iter-2-scenario-3631,2,ok,4,246.5,50.0,5.997,28.205
bristol,powergate,voyager,16QAM,01111000,-6.0,iter-2-scenario-3632,2,ok,4,246.5,50.0,6.147,28.015
bristol,powergate,voyager,16QAM,01111000,-5.5,iter-2-scenario-3633,2,ok,4,246.5,50.0,6.237,27.76
bristol,powergate,voyager,16QAM,01111001,-6.5,iter-2-scenario-3211,2,ok,5,246.5,50.0,6.102,28.21
bristol,powergate,voyager,16QAM,01111001,-6.0,iter-2-scenario-3212,2,ok,5,246.5,50.0,6.248,28.016
bristol,powergate,voyager,16QAM,01111001,-5.5,iter-2-scenario-3213,2,ok,5,246.5,50.0,6.338,27.762
bristol,powergate,voyager,16QAM,01111010,-6.5,iter-2-scenario-3361,2,ok,5,246.5,50.0,5.932,28.196
bristol,powergate,voyager,16QAM,01111010,-6.0,iter-2-scenario-3362,2,ok,5,246.5,50.0,6.076,28.004
bristol,powergate,voyager,16QAM,01111010,-5.5,iter-2-scenario-3363,2,ok,5,246.5,50.0,6.168,27.75
bristol,powergate,voyager,16QAM,01111011,-6.5,iter-2-scenario-1246,2,ok,6,246.5,50.0,5.595,28.172
bristol,powergate,voyager,16QAM,01111011,-6.0,iter-2-scenario-1247,2,ok,6,246.5,50.0,5.743,27.973
bristol,powergate,voyager,16QAM,01111011,-5.5,iter-2-scenario-1248,2,ok,6,246.5,50.0,5.835,27.715
bristol,powergate,voyager,16QAM,01111100,-6.5,iter-2-scenario-4480,2,ok,5,246.5,50.0,5.544,28.166
bristol,powergate,voyager,16QAM,01111100,-6.0,iter-2-scenario-4481,2,ok,5,246.5,50.0,5.692,27.97
bristol,powergate,voyager,16QAM,01111100,-5.5,iter-2-scenario-4482,2,ok,5,246.5,50.0,5.784,27.708
bristol,powergate,voyager,16QAM,01111101,-6.5,iter-2-scenario-1735,2,ok,6,246.5,50.0,5.508,28.16
bristol,powergate,voyager,16QAM,01111101,-6.0,iter-2-scenario-1736,2,ok,6,246.5,50.0,5.658,27.962
bristol,powergate,voyager,16QAM,01111101,-5.5,iter-2-scenario-1737,2,ok,6,246.5,50.0,5.748,27.7
bristol,powergate,voyager,16QAM,01111110,-6.5,iter-2-scenario-418,2,ok,6,246.5,50.0,5.185,28.133
bristol,powergate,voyager,16QAM,01111110,-6.0,iter-2-scenario-419,2,ok,6,246.5,50.0,5.333,27.932
bristol,powergate,voyager,16QAM,01111110,-5.5,iter-2-scenario-420,2,ok,6,246.5,50.0,5.427,27.667
bristol,powergate,voyager,16QAM,01111111,-6.5,iter-2-scenario-2782,2,ok,7,246.5,50.0,4.891,28.103
bristol,powergate,voyager,16QAM,01111111,-6.0,iter-2-scenario-2783,2,ok,7,246.5,50.0,5.037,27.9
bristol,powergate,voyager,16QAM,01111111,-5.5,iter-2-scenario-2784,2,ok,7,246.5,50.0,5.133,27.631
bristol,powergate,voyager,16QAM,10000000,-6.5,iter-2-scenario-3511,2,ok,1,246.5,50.0,9.3,28.4
bristol,powergate,voyager,16QAM,10000000,-6.0,iter-2-scenario-3512,2,ok,1,246.5,50.0,9.45,28.23
bristol,powergate,voyager,16QAM,10000000,-5.5,iter-2-scenario-3513,2,ok,1,246.5,50.0,9.53,28.0
bristol,powergate,voyager,16QAM,10000001,-6.5,iter-2-scenario-2587,2,ok,2,246.5,50.0,9.0,28.385
bristol,powergate,voyager,16QAM,10000001,-6.0,iter-2-scenario-2588,2,ok,2,246.5,50.0,9.14,28.215
bristol,powergate,voyager,16QAM,10000001,-5.5,iter-2-scenario-2589,2,ok,2,246.5,50.0,9.23,27.98
bristol,powergate,voyager,16QAM,10000010,-6.5,iter-2-scenario-1207,2,ok,2,246.5,50.0,8.955,28.38
bristol,powergate,voyager,16QAM,10000010,-6.0,iter-2-scenario-1208,2,ok,2,246.5,50.0,9.1,28.21
bristol,powergate,voyager,16QAM,10000010,-5.5,iter-2-scenario-1209,2,ok,2,246.5,50.0,9.19,27.975
bristol,powergate,voyager,16QAM,10000011,-6.5,iter-2-scenario-4540,2,ok,3,246.5,50.0,7.753,28.317
bristol,powergate,voyager,16QAM,10000011,-6.0,iter-2-scenario-4541,2,ok,3,246.5,50.0,7.9,28.14
bristol,powergate,voyager,16QAM,10000011,-5.5,iter-2-scenario-4542,2,ok,3,246.5,50.0,7.99,27.903
bristol,powergate,voyager,16QAM,10000100,-6.5,iter-2-scenario-5272,2,ok,2,246.5,50.0,8.895,28.38
bristol,powergate,voyager,16QAM,10000100,-6.0,iter-2-scenario-5273,2,ok,2,246.5,50.0,9.04,28.21
bristol,powergate,voyager,16QAM,10000100,-5.5,iter-2-scenario-5274,2,ok,2,246.5,50.0,9.125,27.975
bristol,powergate,voyager,16QAM,10000101,-6.5,iter-2-scenario-3235,2,ok,3,246.5,50.0,8.25,28.35
bristol,powergate,voyager,16QAM,10000101,-6.0,iter-2-scenario-3236,2,ok,3,246.5,50.0,8.39,28.173
bristol,powergate,voyager,16QAM,10000101,-5.5,iter-2-scenario-3237,2,ok,3,246.5,50.0,8.48,27.933
bristol,powergate,voyager,16QAM,10000110,-6.5,iter-2-scenario-4387,2,ok,3,246.5,50.0,7.697,28.317
bristol,powergate,voyager,16QAM,10000110,-6.0,iter-2-scenario-4388,2,ok,3,246.5,50.0,7.843,28.14
bristol,powergate,voyager,16QAM,10000110,-5.5,iter-2-scenario-4389,2,ok,3,246.5,50.0,7.933,27.897
bristol,powergate,voyager,16QAM,10000111,-6.5,iter-2-scenario-568,2,ok,4,246.5,50.0,6.867,28.265
bristol,powergate,voyager,16QAM,10000111,-6.0,iter-2-scenario-569,2,ok,4,246.5,50.0,7.015,28.078
bristol,powergate,voyager,16QAM,10000111,-5.5,iter-2-scenario-570,2,ok,4,246.5,50.0,7.105,27.83
bristol,powergate,voyager,16QAM,10001000,-6.5,iter-2-scenario-1759,2,ok,2,246.5,50.0,8.805,28.375
bristol,powergate,voyager,16QAM,10001000,-6.0,iter-2-scenario-1760,2,ok,2,246.5,50.0,8.95,28.205
bristol,powergate,voyager,16QAM,10001000,-5.5,iter-2-scenario-1761,2,ok,2,246.5,50.0,9.04,27.97
bristol,powergate,voyager,16QAM,10001001,-6.5,iter-2-scenario-649,2,ok,3,246.5,50.0,8.38,28.357
bristol,powergate,voyager,16QAM,10001001,-6.0,iter-2-scenario-650,2,ok,3,246.5,50.0,8.52,28.18
bristol,powergate,voyager,16QAM,10001001,-5.5,iter-2-scenario-651,2,ok,3,246.5,50.0,8.61,27.943
bristol,powergate,voyager,16QAM,10001010,-6.5,iter-2-scenario-3661,2,ok,3,246.5,50.0,8.167,28.343
bristol,powergate,voyager,16QAM,10001010,-6.0,iter-2-scenario-3662,2,ok,3,246.5,50.0,8.313,28.17
bristol,powergate,voyager,16QAM,10001010,-5.5,iter-2-scenario-3663,2,ok,3,246.5,50.0,8.403,27.933
bristol,powergate,voyager,16QAM,10001011,-6.5,iter-2-scenario-3592,2,ok,4,246.5,50.0,7.277,28.29
bristol,powergate,voyager,16QAM,10001011,-6.0,iter-2-scenario-3593,2,ok,4,246.5,50.0,7.425,28.11
bristol,powergate,voyager,16QAM,10001011,-5.5,iter-2-scenario-3594,2,ok,4,246.5,50.0,7.515,27.865
bristol,powergate,voyager,16QAM,10001100,-6.5,iter-2-scenario-178,2,ok,3,246.5,50.0,7.613,28.313
bristol,powergate,voyager,16QAM,10001100,-6.0,iter-2-scenario-179,2,ok,3,246.5,50.0,7.76,28.137
bristol,powergate,voyager,16QAM,10001100,-5.5,iter-2-scenario-180,2,ok,3,246.5,50.0,7.85,27.89
bristol,powergate,voyager,16QAM,10001101,-6.5,iter-2-scenario-1066,2,ok,4,246.5,50.0,7.26,28.293
bristol,powergate,voyager,16QAM,10001101,-6.0,iter-2-scenario-1067,2,ok,4,246.5,50.0,7.407,28.11
bristol,powergate,voyager,16QAM,10001101,-5.5,iter-2-scenario-1068,2,ok,4,246.5,50.0,7.497,27.865
bristol,powergate,voyager,16QAM,10001110,-6.5,iter-2-scenario-151,2,ok,4,246.5,50.0,6.795,28.26
bristol,powergate,voyager,16QAM,10001110,-6.0,iter-2-scenario-152,2,ok,4,246.5,50.0,6.94,28.075
bristol,powergate,voyager,16QAM,10001110,-5.5,iter-2-scenario-153,2,ok,4,246.5,50.0,7.03,27.825
bristol,powergate,voyager,16QAM,10001111,-6.5,iter-2-scenario-5227,2,ok,5,246.5,50.0,6.196,28.214
bristol,powergate,voyager,16QAM,10001111,-6.0,iter-2-scenario-5228,2,ok,5,246.5,50.0,6.342,28.022
bristol,powergate,voyager,16QAM,10001111,-5.5,iter-2-scenario-5229,2,ok,5,246.5,50.0,6.434,27.768
bristol,powergate,voyager,16QAM,10010000,-6.5,iter-2-scenario-2647,2,ok,2,246.5,50.0,8.655,28.37
bristol,powergate,voyager,16QAM,10010000,-6.0,iter-2-scenario-2648,2,ok,2,246.5,50.0,8.8,28.2
bristol,powergate,voyager,16QAM,10010000,-5.5,iter-2-scenario-2649,2,ok,2,246.5,50.0,8.89,27.96
bristol,powergate,voyager,16QAM,10010001,-6.5,iter-2-scenario-5455,2,ok,3,246.5,50.0,8.38,28.357
bristol,powergate,voyager,16QAM,10010001,-6.0,iter-2-scenario-5456,2,ok,3,246.5,50.0,8.527,28.183
bristol,powergate,voyager,16QAM,10010001,-5.5,iter-2-scenario-5457,2,ok,3,246.5,50.0,8.617,27.943
bristol,powergate,voyager,16QAM,10010010,-6.5,iter-2-scenario-4651,2,ok,3,246.5,50.0,8.257,28.35
bristol,powergate,voyager,16QAM,10010010,-6.0,iter-2-scenario-4652,2,ok,3,246.5,50.0,8.407,28.177
bristol,powergate,voyager,16QAM,10010010,-5.5,iter-2-scenario-4653,2,ok,3,246.5,50.0,8.497,27.94
bristol,powergate,voyager,16QAM,10010011,-6.5,iter-2-scenario-5137,2,ok,4,246.5,50.0,7.39,28.3
bristol,powergate,voyager,16QAM,10010011,-6.0,iter-2-scenario-5138,2,ok,4,246.5,50.0,7.537,28.12
bristol,powergate,voyager,16QAM,10010011,-5.5,iter-2-scenario-5139,2,ok,4,246.5,50.0,7.627,27.875
bristol,powergate,voyager,16QAM,10010100,-6.5,iter-2-scenario-3133,2,ok,3,246.5,50.0,8.047,28.34
bristol,powergate,voyager,16QAM,10010100,-6.0,iter-2-scenario-3134,2,ok,3,246.5,50.0,8.187,28.163
bristol,powergate,voyager,16QAM,10010100,-5.5,iter-2-scenario-3135,2,ok,3,246.5,50.0,8.277,27.923
bristol,powergate,voyager,16QAM,10010101,-6.5,iter-2-scenario-3406,2,ok,4,246.5,50.0,7.612,28.315
bristol,powergate,voyager,16QAM,10010101,-6.0,iter-2-scenario-3407,2,ok,4,246.5,50.0,7.758,28.137
bristol,powergate,voyager,16QAM,10010101,-5.5,iter-2-scenario-3408,2,ok,4,246.5,50.0,7.848,27.895
bristol,powergate,voyager,16QAM,10010110,-6.5,iter-2-scenario-4192,2,ok,4,246.5,50.0,7.177,28.288
bristol,powergate,voyager,16QAM,10010110,-6.0,iter-2-scenario-4193,2,ok,4,246.5,50.0,7.325,28.108
bristol,powergate,voyager,16QAM,10010110,-5.5,iter-2-scenario-4194,2,ok,4,246.5,50.0,7.415,27.86
bristol,powergate,voyager,16QAM,10010111,-6.5,iter-2-scenario-91,2,ok,5,246.5,50.0,6.518,28.242
bristol,powergate,voyager,16QAM,10010111,-6.0,iter-2-scenario-92,2,ok,5,246.5,50.0,6.664,28.052
bristol,powergate,voyager,16QAM,10010111,-5.5,iter-2-scenario-93,2,ok,5,246.5,50.0,6.756,27.8
bristol,powergate,voyager,16QAM,10011000,-6.5,iter-2-scenario-751,2,ok,3,246.5,50.0,7.48,28.307
bristol,powergate,voyager,16QAM,10011000,-6.0,iter-2-scenario-752,2,ok,3,246.5,50.0,7.63,28.13
bristol,powergate,voyager,16QAM,10011000,-5.5,iter-2-scenario-753,2,ok,3,246.5,50.0,7.72,27.883
bristol,powergate,voyager,16QAM,10011001,-6.5,iter-2-scenario-241,2,ok,4,246.5,50.0,7.345,28.297
bristol,powergate,voyager,16QAM,10011001,-6.0,iter-2-scenario-242,2,ok,4,246.5,50.0,7.49,28.113
bristol,powergate,voyager,16QAM,10011001,-5.5,iter-2-scenario-243,2,ok,4,246.5,50.0,7.58,27.867
bristol,powergate,voyager,16QAM,10011010,-6.5,iter-2-scenario-4525,2,ok,4,246.5,50.0,7.147,28.285
bristol,powergate,voyager,16QAM,10011010,-6.0,iter-2-scenario-4526,2,ok,4,246.5,50.0,7.295,28.105
bristol,powergate,voyager,16QAM,10011010,-5.5,iter-2-scenario-4527,2,ok,4,246.5,50.0,7.385,27.858
bristol,powergate,voyager,16QAM,10011011,-6.5,iter-2-scenario-2065,2,ok,5,246.5,50.0,6.562,28.246
bristol,powergate,voyager,16QAM,10011011,-6.0,iter-2-scenario-2066,2,ok,5,246.5,50.0,6.704,28.058
bristol,powergate,voyager,16QAM,10011011,-5.5,iter-2-scenario-2067,2,ok,5,246.5,50.0,6.796,27.808
bristol,powergate,voyager,16QAM,10011100,-6.5,iter-2-scenario-4225,2,ok,4,246.5,50.0,6.683,28.255
bristol,powergate,voyager,16QAM,10011100,-6.0,iter-2-scenario-4226,2,ok,4,246.5,50.0,6.828,28.067
bristol,powergate,voyager,16QAM,10011100,-5.5,iter-2-scenario-4227,2,ok,4,246.5,50.0,6.918,27.817
bristol,powergate,voyager,16QAM,10011101,-6.5,iter-2-scenario-5962,2,ok,5,246.5,50.0,6.484,28.236
bristol,powergate,voyager,16QAM,10011101,-6.0,iter-2-scenario-5963,2,ok,5,246.5,50.0,6.632,28.05
bristol,powergate,voyager,16QAM,10011101,-5.5,iter-2-scenario-5964,2,ok,5,246.5,50.0,6.722,27.798
bristol,powergate,voyager,16QAM,10011110,-6.5,iter-2-scenario-5296,2,ok,5,246.5,50.0,6.098,28.21
bristol,powergate,voyager,16QAM,10011110,-6.0,iter-2-scenario-5297,2,ok,5,246.5,50.0,6.248,28.016
bristol,powergate,voyager,16QAM,10011110,-5.5,iter-2-scenario-5298,2,ok,5,246.5,50.0,6.338,27.762
bristol,powergate,voyager,16QAM,10011111,-6.5,iter-2-scenario-2791,2,ok,6,246.5,50.0,5.65,28.17
bristol,powergate,voyager,16QAM,10011111,-6.0,iter-2-scenario-2792,2,ok,6,246.5,50.0,5.798,27.975
bristol,powergate,voyager,16QAM,10011111,-5.5,iter-2-scenario-2793,2,ok,6,246.5,50.0,5.89,27.713
bristol,powergate,voyager,16QAM,10100000,-6.5,iter-2-scenario-2218,2,ok,2,246.5,50.0,8.365,28.36
bristol,powergate,voyager,16QAM,10100000,-6.0,iter-2-scenario-2219,2,ok,2,246.5,50.0,8.505,28.18
bristol,powergate,voyager,16QAM,10100000,-5.5,iter-2-scenario-2220,2,ok,2,246.5,50.0,8.595,27.945
bristol,powergate,voyager,16QAM,10100001,-6.5,iter-2-scenario-5656,2,ok,3,246.5,50.0,8.253,28.35
bristol,powergate,voyager,16QAM,10100001,-6.0,iter-2-scenario-5657,2,ok,3,246.5,50.0,8.4,28.173
bristol,powergate,voyager,16QAM,10100001,-5.5,iter-2-scenario-5658,2,ok,3,246.5,50.0,8.487,27.933
bristol,powergate,voyager,16QAM,10100010,-6.5,iter-2-scenario-2983,2,ok,3,246.5,50.0,8.17,28.343
bristol,powergate,voyager,16QAM,10100010,-6.0,iter-2-scenario-2984,2,ok,3,246.5,50.0,8.317,28.17
bristol,powergate,voyager,16QAM,10100010,-5.5,iter-2-scenario-2985,2,ok,3,246.5,50.0,8.407,27.933
bristol,powergate,voyager,16QAM,10100011,-6.5,iter-2-scenario-364,2,ok,4,246.5,50.0,7.355,28.3
bristol,powergate,voyager,16QAM,10100011,-6.0,iter-2-scenario-365,2,ok,4,246.5,50.0,7.502,28.12
bristol,powergate,voyager,16QAM,10100011,-5.5,iter-2-scenario-366,2,ok,4,246.5,50.0,7.593,27.875
bristol,powergate,voyager,16QAM,10100100,-6.5,iter-2-scenario-6010,2,ok,3,246.5,50.0,8.043,28.34
bristol,powergate,voyager,16QAM,10100100,-6.0,iter-2-scenario-6011,2,ok,3,246.5,50.0,8.19,28.167
bristol,powergate,voyager,16QAM,10100100,-5.5,iter-2-scenario-6012,2,ok,3,246.5,50.0,8.28,27.927
bristol,powergate,voyager,16QAM,10100101,-6.5,iter-2-scenario-3847,2,ok,4,246.5,50.0,7.645,28.317
bristol,powergate,voyager,16QAM,10100101,-6.0,iter-2-scenario-3848,2,ok,4,246.5,50.0,7.793,28.137
bristol,powergate,voyager,16QAM,10100101,-5.5,iter-2-scenario-3849,2,ok,4,246.5,50.0,7.883,27.895
bristol,powergate,voyager,16QAM,10100110,-6.5,iter-2-scenario-2386,2,ok,4,246.5,50.0,7.225,28.293
bristol,powergate,voyager,16QAM,10100110,-6.0,iter-2-scenario-2387,2,ok,4,246.5,50.0,7.367,28.112
bristol,powergate,voyager,16QAM,10100110,-5.5,iter-2-scenario-2388,2,ok,4,246.5,50.0,7.46,27.865
bristol,powergate,voyager,16QAM,10100111,-6.5,iter-2-scenario-4720,2,ok,5,246.5,50.0,6.576,28.248
bristol,powergate,voyager,16QAM,10100111,-6.0,iter-2-scenario-4721,2,ok,5,246.5,50.0,6.724,28.06
bristol,powergate,voyager,16QAM,10100111,-5.5,iter-2-scenario-4722,2,ok,5,246.5,50.0,6.814,27.806
bristol,powergate,voyager,16QAM,10101000,-6.5,iter-2-scenario-1567,2,ok,3,246.5,50.0,7.817,28.327
bristol,powergate,voyager,16QAM,10101000,-6.0,iter-2-scenario-1568,2,ok,3,246.5,50.0,7.96,28.15
bristol,powergate,voyager,16QAM,10101000,-5.5,iter-2-scenario-1569,2,ok,3,246.5,50.0,8.05,27.91
bristol,powergate,voyager,16QAM,10101001,-6.5,iter-2-scenario-4843,2,ok,4,246.5,50.0,7.612,28.315
bristol,powergate,voyager,16QAM,10101001,-6.0,iter-2-scenario-4844,2,ok,4,246.5,50.0,7.76,28.137
bristol,powergate,voyager,16QAM,10101001,-5.5,iter-2-scenario-4845,2,ok,4,246.5,50.0,7.85,27.895
bristol,powergate,voyager,16QAM,10101010,-6.5,iter-2-scenario-5992,2,ok,4,246.5,50.0,7.435,28.305
bristol,powergate,voyager,16QAM,10101010,-6.0,iter-2-scenario-5993,2,ok,4,246.5,50.0,7.58,28.127
bristol,powergate,voyager,16QAM,10101010,-5.5,iter-2-scenario-5994,2,ok,4,246.5,50.0,7.67,27.88
bristol,powergate,voyager,16QAM,10101011,-6.5,iter-2-scenario-844,2,ok,5,246.5,50.0,6.794,28.264
bristol,powergate,voyager,16QAM,10101011,-6.0,iter-2-scenario-845,2,ok,5,246.5,50.0,6.944,28.078
bristol,powergate,voyager,16QAM,10101011,-5.5,iter-2-scenario-846,2,ok,5,246.5,50.0,7.034,27.83
bristol,powergate,voyager,16QAM,10101100,-6.5,iter-2-scenario-2089,2,ok,4,246.5,50.0,6.998,28.275
bristol,powergate,voyager,16QAM,10101100,-6.0,iter-2-scenario-2090,2,ok,4,246.5,50.0,7.143,28.095
bristol,powergate,voyager,16QAM,10101100,-5.5,iter-2-scenario-2091,2,ok,4,246.5,50.0,7.235,27.848
bristol,powergate,voyager,16QAM,10101101,-6.5,iter-2-scenario-3973,2,ok,5,246.5,50.0,6.75,28.26
bristol,powergate,voyager,16QAM,10101101,-6.0,iter-2-scenario-3974,2,ok,5,246.5,50.0,6.896,28.074
bristol,powergate,voyager,16QAM,10101101,-5.5,iter-2-scenario-3975,2,ok,5,246.5,50.0,6.988,27.824
bristol,powergate,voyager,16QAM,10101110,-6.5,iter-2-scenario-4450,2,ok,5,246.5,50.0,6.37,28.234
bristol,powergate,voyager,16QAM,10101110,-6.0,iter-2-scenario-4451,2,ok,5,246.5,50.0,6.518,28.044
bristol,powergate,voyager,16QAM,10101110,-5.5,iter-2-scenario-4452,2,ok,5,246.5,50.0,6.61,27.79
bristol,powergate,voyager,16QAM,10101111,-6.5,iter-2-scenario-2509,2,ok,6,246.5,50.0,5.885,28.192
bristol,powergate,voyager,16QAM,10101111,-6.0,iter-2-scenario-2510,2,ok,6,246.5,50.0,6.033,28.0
bristol,powergate,voyager,16QAM,10101111,-5.5,iter-2-scenario-2511,2,ok,6,246.5,50.0,6.125,27.742
bristol,powergate,voyager,16QAM,10110000,-6.5,iter-2-scenario-2464,2,ok,3,246.5,50.0,7.237,28.293
bristol,powergate,voyager,16QAM,10110000,-6.0,iter-2-scenario-2465,2,ok,3,246.5,50.0,7.383,28.11
bristol,powergate,voyager,16QAM,10110000,-5.5,iter-2-scenario-2466,2,ok,3,246.5,50.0,7.473,27.867
bristol,powergate,voyager,16QAM,10110001,-6.5,iter-2-scenario-7,2,ok,4,246.5,50.0,7.268,28.293
bristol,powergate,voyager,16QAM,10110001,-6.0,iter-2-scenario-8,2,ok,4,246.5,50.0,7.412,28.11
bristol,powergate,voyager,16QAM,10110001,-5.5,iter-2-scenario-9,2,ok,4,246.5,50.0,7.502,27.865
bristol,powergate,voyager,16QAM,10110010,-6.5,iter-2-scenario-4336,2,ok,4,246.5,50.0,7.152,28.288
bristol,powergate,voyager,16QAM,10110010,-6.0,iter-2-scenario-4337,2,ok,4,246.5,50.0,7.298,28.105
bristol,powergate,voyager,16QAM,10110010,-5.5,iter-2-scenario-4338,2,ok,4,246.5,50.0,7.39,27.858
bristol,powergate,voyager,16QAM,10110011,-6.5,iter-2-scenario-1903,2,ok,5,246.5,50.0,6.616,28.25
bristol,powergate,voyager,16QAM,10110011,-6.0,iter-2-scenario-1904,2,ok,5,246.5,50.0,6.762,28.064
bristol,powergate,voyager,16QAM,10110011,-5.5,iter-2-scenario-1905,2,ok,5,246.5,50.0,6.854,27.814
bristol,powergate,voyager,16QAM,10110100,-6.5,iter-2-scenario-3739,2,ok,4,246.5,50.0,6.953,28.275
bristol,powergate,voyager,16QAM,10110100,-6.0,iter-2-scenario-3740,2,ok,4,246.5,50.0,7.1,28.09
bristol,powergate,voyager,16QAM,10110100,-5.5,iter-2-scenario-3741,2,ok,4,246.5,50.0,7.19,27.843
bristol,powergate,voyager,16QAM,10110101,-6.5,iter-2-scenario-1864,2,ok,5,246.5,50.0,6.75,28.258
bristol,powergate,voyager,16QAM,10110101,-6.0,iter-2-scenario-1865,2,ok,5,246.5,50.0,6.898,28.074
bristol,powergate,voyager,16QAM,10110101,-5.5,iter-2-scenario-1866,2,ok,5,246.5,50.0,6.988,27.828
bristol,powergate,voyager,16QAM,10110110,-6.5,iter-2-scenario-3451,2,ok,5,246.5,50.0,6.398,28.238
bristol,powergate,voyager,16QAM,10110110,-6.0,iter-2-scenario-3452,2,ok,5,246.5,50.0,6.548,28.046
bristol,powergate,voyager,16QAM,10110110,-5.5,iter-2-scenario-3453,2,ok,5,246.5,50.0,6.638,27.794
bristol,powergate,voyager,16QAM,10110111,-6.5,iter-2-scenario-5761,2,ok,6,246.5,50.0,5.932,28.2
bristol,powergate,voyager,16QAM,10110111,-6.0,iter-2-scenario-5762,2,ok,6,246.5,50.0,6.078,28.005
bristol,powergate,voyager,16QAM,10110111,-5.5,iter-2-scenario-5763,2,ok,6,246.5,50.0,6.17,27.748
bristol,powergate,voyager,16QAM,10111000,-6.5,iter-2-scenario-916,2,ok,4,246.5,50.0,6.48,28.24
bristol,powergate,voyager,16QAM,10111000,-6.0,iter-2-scenario-917,2,ok,4,246.5,50.0,6.627,28.055
bristol,powergate,voyager,16QAM,10111000,-5.5,iter-2-scenario-918,2,ok,4,246.5,50.0,6.72,27.803
bristol,powergate,voyager,16QAM,10111001,-6.5,iter-2-scenario-3241,2,ok,5,246.5,50.0,6.486,28.238
bristol,powergate,voyager,16QAM,10111001,-6.0,iter-2-scenario-3242,2,ok,5,246.5,50.0,6.634,28.052
bristol,powergate,voyager,16QAM,10111001,-5.5,iter-2-scenario-3243,2,ok,5,246.5,50.0,6.728,27.8
bristol,powergate,voyager,16QAM,10111010,-6.5,iter-2-scenario-952,2,ok,5,246.5,50.0,6.316,28.228
bristol,powergate,voyager,16QAM,10111010,-6.0,iter-2-scenario-953,2,ok,5,246.5,50.0,6.466,28.038
bristol,powergate,voyager,16QAM,10111010,-5.5,iter-2-scenario-954,2,ok,5,246.5,50.0,6.556,27.786
bristol,powergate,voyager,16QAM,10111011,-6.5,iter-2-scenario-5872,2,ok,6,246.5,50.0,5.917,28.195
bristol,powergate,voyager,16QAM,10111011,-6.0,iter-2-scenario-5873,2,ok,6,246.5,50.0,6.067,28.003
bristol,powergate,voyager,16QAM,10111011,-5.5,iter-2-scenario-5874,2,ok,6,246.5,50.0,6.157,27.747
bristol,powergate,voyager,16QAM,10111100,-6.5,iter-2-scenario-5398,2,ok,5,246.5,50.0,5.934,28.198
bristol,powergate,voyager,16QAM,10111100,-6.0,iter-2-scenario-5399,2,ok,5,246.5,50.0,6.082,28.006
bristol,powergate,voyager,16QAM,10111100,-5.5,iter-2-scenario-5400,2,ok,5,246.5,50.0,6.174,27.748
bristol,powergate,voyager,16QAM,10111101,-6.5,iter-2-scenario-4975,2,ok,6,246.5,50.0,5.832,28.187
bristol,powergate,voyager,16QAM,10111101,-6.0,iter-2-scenario-4976,2,ok,6,246.5,50.0,5.98,27.993
bristol,powergate,voyager,16QAM,10111101,-5.5,iter-2-scenario-4977,2,ok,6,246.5,50.0,6.072,27.735
bristol,powergate,voyager,16QAM,10111110,-6.5,iter-2-scenario-3118,2,ok,6,246.5,50.0,5.508,28.162
bristol,powergate,voyager,16QAM,10111110,-6.0,iter-2-scenario-3119,2,ok,6,246.5,50.0,5.657,27.962
bristol,powergate,voyager,16QAM,10111110,-5.5,iter-2-scenario-3120,2,ok,6,246.5,50.0,5.75,27.702
bristol,powergate,voyager,16QAM,10111111,-6.5,iter-2-scenario-703,2,ok,7,246.5,50.0,5.169,28.127
bristol,powergate,voyager,16QAM,10111111,-6.0,iter-2-scenario-704,2,ok,7,246.5,50.0,5.317,27.927
bristol,powergate,voyager,16QAM,10111111,-5.5,iter-2-scenario-705,2,ok,7,246.5,50.0,5.409,27.661
bristol,powergate,voyager,16QAM,11000000,-6.5,iter-2-scenario-4744,2,ok,2,246.5,50.0,7.54,28.31
bristol,powergate,voyager,16QAM,11000000,-6.0,iter-2-scenario-4745,2,ok,2,246.5,50.0,7.685,28.135
bristol,powergate,voyager,16QAM,11000000,-5.5,iter-2-scenario-4746,2,ok,2,246.5,50.0,7.775,27.89
bristol,powergate,voyager,16QAM,11000001,-6.5,iter-2-scenario-205,2,ok,3,246.5,50.0,7.77,28.323
bristol,powergate,voyager,16QAM,11000001,-6.0,iter-2-scenario-206,2,ok,3,246.5,50.0,7.91,28.143
bristol,powergate,voyager,16QAM,11000001,-5.5,iter-2-scenario-207,2,ok,3,246.5,50.0,8.0,27.903
bristol,powergate,voyager,16QAM,11000010,-6.5,iter-2-scenario-2353,2,ok,3,246.5,50.0,7.707,28.32
bristol,powergate,voyager,16QAM,11000010,-6.0,iter-2-scenario-2354,2,ok,3,246.5,50.0,7.85,28.14
bristol,powergate,voyager,16QAM,11000010,-5.5,iter-2-scenario-2355,2,ok,3,246.5,50.0,7.94,27.897
bristol,powergate,voyager,16QAM,11000011,-6.5,iter-2-scenario-5743,2,ok,4,246.5,50.0,7.04,28.282
bristol,powergate,voyager,16QAM,11000011,-6.0,iter-2-scenario-5744,2,ok,4,246.5,50.0,7.185,28.1
bristol,powergate,voyager,16QAM,11000011,-5.5,iter-2-scenario-5745,2,ok,4,246.5,50.0,7.275,27.85
bristol,powergate,voyager,16QAM,11000100,-6.5,iter-2-scenario-4612,2,ok,3,246.5,50.0,7.62,28.317
bristol,powergate,voyager,16QAM,11000100,-6.0,iter-2-scenario-4613,2,ok,3,246.5,50.0,7.763,28.137
bristol,powergate,voyager,16QAM,11000100,-5.5,iter-2-scenario-4614,2,ok,3,246.5,50.0,7.853,27.893
bristol,powergate,voyager,16QAM,11000101,-6.5,iter-2-scenario-589,2,ok,4,246.5,50.0,7.362,28.297
bristol,powergate,voyager,16QAM,11000101,-6.0,iter-2-scenario-590,2,ok,4,246.5,50.0,7.505,28.12
bristol,powergate,voyager,16QAM,11000101,-5.5,iter-2-scenario-591,2,ok,4,246.5,50.0,7.595,27.878
bristol,powergate,voyager,16QAM,11000110,-6.5,iter-2-scenario-226,2,ok,4,246.5,50.0,6.945,28.275
bristol,powergate,voyager,16QAM,11000110,-6.0,iter-2-scenario-227,2,ok,4,246.5,50.0,7.095,28.093
bristol,powergate,voyager,16QAM,11000110,-5.5,iter-2-scenario-228,2,ok,4,246.5,50.0,7.185,27.843
bristol,powergate,voyager,16QAM,11000111,-6.5,iter-2-scenario-2326,2,ok,5,246.5,50.0,6.376,28.232
bristol,powergate,voyager,16QAM,11000111,-6.0,iter-2-scenario-2327,2,ok,5,246.5,50.0,6.524,28.046
bristol,powergate,voyager,16QAM,11000111,-5.5,iter-2-scenario-2328,2,ok,5,246.5,50.0,6.614,27.792
bristol,powergate,voyager,16QAM,11001000,-6.5,iter-2-scenario-4105,2,ok,3,246.5,50.0,7.483,28.307
bristol,powergate,voyager,16QAM,11001000,-6.0,iter-2-scenario-4106,2,ok,3,246.5,50.0,7.63,28.127
bristol,powergate,voyager,16QAM,11001000,-5.5,iter-2-scenario-4107,2,ok,3,246.5,50.0,7.72,27.887
bristol,powergate,voyager,16QAM,11001001,-6.5,iter-2-scenario-4012,2,ok,4,246.5,50.0,7.397,28.303
bristol,powergate,voyager,16QAM,11001001,-6.0,iter-2-scenario-4013,2,ok,4,246.5,50.0,7.543,28.123
bristol,powergate,voyager,16QAM,11001001,-5.5,iter-2-scenario-4014,2,ok,4,246.5,50.0,7.635,27.878
bristol,powergate,voyager,16QAM,11001010,-6.5,iter-2-scenario-1594,2,ok,4,246.5,50.0,7.228,28.293
bristol,powergate,voyager,16QAM,11001010,-6.0,iter-2-scenario-1595,2,ok,4,246.5,50.0,7.373,28.108
bristol,powergate,voyager,16QAM,11001010,-5.5,iter-2-scenario-1596,2,ok,4,246.5,50.0,7.463,27.865
bristol,powergate,voyager,16QAM,11001011,-6.5,iter-2-scenario-970,2,ok,5,246.5,50.0,6.65,28.254
bristol,powergate,voyager,16QAM,11001011,-6.0,iter-2-scenario-971,2,ok,5,246.5,50.0,6.796,28.068
bristol,powergate,voyager,16QAM,11001011,-5.5,iter-2-scenario-972,2,ok,5,246.5,50.0,6.886,27.816
bristol,powergate,voyager,16QAM,11001100,-6.5,iter-2-scenario-601,2,ok,4,246.5,50.0,6.808,28.268
bristol,powergate,voyager,16QAM,11001100,-6.0,iter-2-scenario-602,2,ok,4,246.5,50.0,6.957,28.082
bristol,powergate,voyager,16QAM,11001100,-5.5,iter-2-scenario-603,2,ok,4,246.5,50.0,7.048,27.832
bristol,powergate,voyager,16QAM,11001101,-6.5,iter-2-scenario-1687,2,ok,5,246.5,50.0,6.618,28.252
bristol,powergate,voyager,16QAM,11001101,-6.0,iter-2-scenario-1688,2,ok,5,246.5,50.0,6.764,28.064
bristol,powergate,voyager,16QAM,11001101,-5.5,iter-2-scenario-1689,2,ok,5,246.5,50.0,6.854,27.816
bristol,powergate,voyager,16QAM,11001110,-6.5,iter-2-scenario-817,2,ok,5,246.5,50.0,6.246,28.224
bristol,powergate,voyager,16QAM,11001110,-6.0,iter-2-scenario-818,2,ok,5,246.5,50.0,6.392,28.036
bristol,powergate,voyager,16QAM,11001110,-5.5,iter-2-scenario-819,2,ok,5,246.5,50.0,6.484,27.784
bristol,powergate,voyager,16QAM,11001111,-6.5,iter-2-scenario-805,2,ok,6,246.5,50.0,5.793,28.187
bristol,powergate,voyager,16QAM,11001111,-6.0,iter-2-scenario-806,2,ok,6,246.5,50.0,5.942,27.992
bristol,powergate,voyager,16QAM,11001111,-5.5,iter-2-scenario-807,2,ok,6,246.5,50.0,6.033,27.737
bristol,powergate,voyager,16QAM,11010000,-6.5,iter-2-scenario-1966,2,ok,3,246.5,50.0,7.24,28.297
bristol,powergate,voyager,16QAM,11010000,-6.0,iter-2-scenario-1967,2,ok,3,246.5,50.0,7.383,28.113
bristol,powergate,voyager,16QAM,11010000,-5.5,iter-2-scenario-1968,2,ok,3,246.5,50.0,7.473,27.87
bristol,powergate,voyager,16QAM,11010001,-6.5,iter-2-scenario-2425,2,ok,4,246.5,50.0,7.29,28.293
bristol,powergate,voyager,16QAM,11010001,-6.0,iter-2-scenario-2426,2,ok,4,246.5,50.0,7.435,28.115
bristol,powergate,voyager,16QAM,11010001,-5.5,iter-2-scenario-2427,2,ok,4,246.5,50.0,7.525,27.867
bristol,powergate,voyager,16QAM,11010010,-6.5,iter-2-scenario-3676,2,ok,4,246.5,50.0,7.183,28.288
bristol,powergate,voyager,16QAM,11010010,-6.0,iter-2-scenario-3677,2,ok,4,246.5,50.0,7.33,28.11
bristol,powergate,voyager,16QAM,11010010,-5.5,iter-2-scenario-3678,2,ok,4,246.5,50.0,7.42,27.86
bristol,powergate,voyager,16QAM,11010011,-6.5,iter-2-scenario-1939,2,ok,5,246.5,50.0,6.652,28.258
bristol,powergate,voyager,16QAM,11010011,-6.0,iter-2-scenario-1940,2,ok,5,246.5,50.0,6.8,28.068
bristol,powergate,voyager,16QAM,11010011,-5.5,iter-2-scenario-1941,2,ok,5,246.5,50.0,6.89,27.82
bristol,powergate,voyager,16QAM,11010100,-6.5,iter-2-scenario-5401,2,ok,4,246.5,50.0,7.0,28.277
bristol,powergate,voyager,16QAM,11010100,-6.0,iter-2-scenario-5402,2,ok,4,246.5,50.0,7.147,28.095
bristol,powergate,voyager,16QAM,11010100,-5.5,iter-2-scenario-5403,2,ok,4,246.5,50.0,7.237,27.845
bristol,powergate,voyager,16QAM,11010101,-6.5,iter-2-scenario-4129,2,ok,5,246.5,50.0,6.802,28.264
bristol,powergate,voyager,16QAM,11010101,-6.0,iter-2-scenario-4130,2,ok,5,246.5,50.0,6.946,28.08
bristol,powergate,voyager,16QAM,11010101,-5.5,iter-2-scenario-4131,2,ok,5,246.5,50.0,7.038,27.832
bristol,powergate,voyager,16QAM,11010110,-6.5,iter-2-scenario-5245,2,ok,5,246.5,50.0,6.456,28.24
bristol,powergate,voyager,16QAM,11010110,-6.0,iter-2-scenario-5246,2,ok,5,246.5,50.0,6.6,28.054
bristol,powergate,voyager,16QAM,11010110,-5.5,iter-2-scenario-5247,2,ok,5,246.5,50.0,6.692,27.804
bristol,powergate,voyager,16QAM,11010111,-6.5,iter-2-scenario-493,2,ok,6,246.5,50.0,5.987,28.203
bristol,powergate,voyager,16QAM,11010111,-6.0,iter-2-scenario-494,2,ok,6,246.5,50.0,6.132,28.01
bristol,powergate,voyager,16QAM,11010111,-5.5,iter-2-scenario-495,2,ok,6,246.5,50.0,6.223,27.755
bristol,powergate,voyager,16QAM,11011000,-6.5,iter-2-scenario-5026,2,ok,4,246.5,50.0,6.565,28.25
bristol,powergate,voyager,16QAM,11011000,-6.0,iter-2-scenario-5027,2,ok,4,246.5,50.0,6.71,28.062
bristol,powergate,voyager,16QAM,11011000,-5.5,iter-2-scenario-5028,2,ok,4,246.5,50.0,6.8,27.812
bristol,powergate,voyager,16QAM,11011001,-6.5,iter-2-scenario-4882,2,ok,5,246.5,50.0,6.566,28.246
bristol,powergate,voyager,16QAM,11011001,-6.0,iter-2-scenario-4883,2,ok,5,246.5,50.0,6.714,28.058
bristol,powergate,voyager,16QAM,11011001,-5.5,iter-2-scenario-4884,2,ok,5,246.5,50.0,6.804,27.81
bristol,powergate,voyager,16QAM,11011010,-6.5,iter-2-scenario-2959,2,ok,5,246.5,50.0,6.402,28.236
bristol,powergate,voyager,16QAM,11011010,-6.0,iter-2-scenario-2960,2,ok,5,246.5,50.0,6.548,28.046
bristol,powergate,voyager,16QAM,11011010,-5.5,iter-2-scenario-2961,2,ok,5,246.5,50.0,6.64,27.798
bristol,powergate,voyager,16QAM,11011011,-6.5,iter-2-scenario-2728,2,ok,6,246.5,50.0,5.995,28.207
bristol,powergate,voyager,16QAM,11011011,-6.0,iter-2-scenario-2729,2,ok,6,246.5,50.0,6.142,28.015
bristol,powergate,voyager,16QAM,11011011,-5.5,iter-2-scenario-2730,2,ok,6,246.5,50.0,6.233,27.757
bristol,powergate,voyager,16QAM,11011100,-6.5,iter-2-scenario-4900,2,ok,5,246.5,50.0,6.026,28.208
bristol,powergate,voyager,16QAM,11011100,-6.0,iter-2-scenario-4901,2,ok,5,246.5,50.0,6.174,28.018
bristol,powergate,voyager,16QAM,11011100,-5.5,iter-2-scenario-4902,2,ok,5,246.5,50.0,6.266,27.762
bristol,powergate,voyager,16QAM,11011101,-6.5,iter-2-scenario-1555,2,ok,6,246.5,50.0,5.917,28.197
bristol,powergate,voyager,16QAM,11011101,-6.0,iter-2-scenario-1556,2,ok,6,246.5,50.0,6.067,28.003
bristol,powergate,voyager,16QAM,11011101,-5.5,iter-2-scenario-1557,2,ok,6,246.5,50.0,6.157,27.745
bristol,powergate,voyager,16QAM,11011110,-6.5,iter-2-scenario-1120,2,ok,6,246.5,50.0,5.598,28.172
bristol,powergate,voyager,16QAM,11011110,-6.0,iter-2-scenario-1121,2,ok,6,246.5,50.0,5.745,27.975
bristol,powergate,voyager,16QAM,11011110,-5.5,iter-2-scenario-1122,2,ok,6,246.5,50.0,5.837,27.715
bristol,powergate,voyager,16QAM,11011111,-6.5,iter-2-scenario-5359,2,ok,7,246.5,50.0,5.251,28.139
bristol,powergate,voyager,16QAM,11011111,-6.0,iter-2-scenario-5360,2,ok,7,246.5,50.0,5.399,27.939
bristol,powergate,voyager,16QAM,11011111,-5.5,iter-2-scenario-5361,2,ok,7,246.5,50.0,5.49,27.676
bristol,powergate,voyager,16QAM,11100000,-6.5,iter-2-scenario-5083,2,ok,3,246.5,50.0,6.617,28.253
bristol,powergate,voyager,16QAM,11100000,-6.0,iter-2-scenario-5084,2,ok,3,246.5,50.0,6.767,28.067
bristol,powergate,voyager,16QAM,11100000,-5.5,iter-2-scenario-5085,2,ok,3,246.5,50.0,6.857,27.82
bristol,powergate,voyager,16QAM,11100001,-6.5,iter-2-scenario-2938,2,ok,4,246.5,50.0,6.883,28.268
bristol,powergate,voyager,16QAM,11100001,-6.0,iter-2-scenario-2939,2,ok,4,246.5,50.0,7.03,28.082
bristol,powergate,voyager,16QAM,11100001,-5.5,iter-2-scenario-2940,2,ok,4,246.5,50.0,7.12,27.832
bristol,powergate,voyager,16QAM,11100010,-6.5,iter-2-scenario-2152,2,ok,4,246.5,50.0,6.808,28.262
bristol,powergate,voyager,16QAM,11100010,-6.0,iter-2-scenario-2153,2,ok,4,246.5,50.0,6.95,28.078
bristol,powergate,voyager,16QAM,11100010,-5.5,iter-2-scenario-2154,2,ok,4,246.5,50.0,7.04,27.83
bristol,powergate,voyager,16QAM,11100011,-6.5,iter-2-scenario-31,2,ok,5,246.5,50.0,6.382,28.234
bristol,powergate,voyager,16QAM,11100011,-6.0,iter-2-scenario-32,2,ok,5,246.5,50.0,6.528,28.048
bristol,powergate,voyager,16QAM,11100011,-5.5,iter-2-scenario-33,2,ok,5,246.5,50.0,6.618,27.794
bristol,powergate,voyager,16QAM,11100100,-6.5,iter-2-scenario-4774,2,ok,4,246.5,50.0,6.688,28.255
bristol,powergate,voyager,16QAM,11100100,-6.0,iter-2-scenario-4775,2,ok,4,246.5,50.0,6.835,28.07
bristol,powergate,voyager,16QAM,11100100,-5.5,iter-2-scenario-4776,2,ok,4,246.5,50.0,6.925,27.82
bristol,powergate,voyager,16QAM,11100101,-6.5,iter-2-scenario-4078,2,ok,5,246.5,50.0,6.58,28.248
bristol,powergate,voyager,16QAM,11100101,-6.0,iter-2-scenario-4079,2,ok,5,246.5,50.0,6.73,28.06
bristol,powergate,voyager,16QAM,11100101,-5.5,iter-2-scenario-4080,2,ok,5,246.5,50.0,6.82,27.81
bristol,powergate,voyager,16QAM,11100110,-6.5,iter-2-scenario-2290,2,ok,5,246.5,50.0,6.25,28.226
bristol,powergate,voyager,16QAM,11100110,-6.0,iter-2-scenario-2291,2,ok,5,246.5,50.0,6.394,28.036
bristol,powergate,voyager,16QAM,11100110,-5.5,iter-2-scenario-2292,2,ok,5,246.5,50.0,6.488,27.784
bristol,powergate,voyager,16QAM,11100111,-6.5,iter-2-scenario-1996,2,ok,6,246.5,50.0,5.833,28.195
bristol,powergate,voyager,16QAM,11100111,-6.0,iter-2-scenario-1997,2,ok,6,246.5,50.0,5.983,28.0
bristol,powergate,voyager,16QAM,11100111,-5.5,iter-2-scenario-1998,2,ok,6,246.5,50.0,6.073,27.742
bristol,powergate,voyager,16QAM,11101000,-6.5,iter-2-scenario-6034,2,ok,4,246.5,50.0,6.485,28.24
bristol,powergate,voyager,16QAM,11101000,-6.0,iter-2-scenario-6035,2,ok,4,246.5,50.0,6.63,28.053
bristol,powergate,voyager,16QAM,11101000,-5.5,iter-2-scenario-6036,2,ok,4,246.5,50.0,6.725,27.802
bristol,powergate,voyager,16QAM,11101001,-6.5,iter-2-scenario-5443,2,ok,5,246.5,50.0,6.526,28.242
bristol,powergate,voyager,16QAM,11101001,-6.0,iter-2-scenario-5444,2,ok,5,246.5,50.0,6.676,28.054
bristol,powergate,voyager,16QAM,11101001,-5.5,iter-2-scenario-5445,2,ok,5,246.5,50.0,6.766,27.802
bristol,powergate,voyager,16QAM,11101010,-6.5,iter-2-scenario-2596,2,ok,5,246.5,50.0,6.374,28.232
bristol,powergate,voyager,16QAM,11101010,-6.0,iter-2-scenario-2597,2,ok,5,246.5,50.0,6.524,28.044
bristol,powergate,voyager,16QAM,11101010,-5.5,iter-2-scenario-2598,2,ok,5,246.5,50.0,6.614,27.792
bristol,powergate,voyager,16QAM,11101011,-6.5,iter-2-scenario-1129,2,ok,6,246.5,50.0,5.985,28.205
bristol,powergate,voyager,16QAM,11101011,-6.0,iter-2-scenario-1130,2,ok,6,246.5,50.0,6.135,28.013
bristol,powergate,voyager,16QAM,11101011,-5.5,iter-2-scenario-1131,2,ok,6,246.5,50.0,6.225,27.758
bristol,powergate,voyager,16QAM,11101100,-6.5,iter-2-scenario-634,2,ok,5,246.5,50.0,6.028,28.208
bristol,powergate,voyager,16QAM,11101100,-6.0,iter-2-scenario-635,2,ok,5,246.5,50.0,6.174,28.016
bristol,powergate,voyager,16QAM,11101100,-5.5,iter-2-scenario-636,2,ok,5,246.5,50.0,6.268,27.762
bristol,powergate,voyager,16QAM,11101101,-6.5,iter-2-scenario-3706,2,ok,6,246.5,50.0,5.937,28.198
bristol,powergate,voyager,16QAM,11101101,-6.0,iter-2-scenario-3707,2,ok,6,246.5,50.0,6.083,28.007
bristol,powergate,voyager,16QAM,11101101,-5.5,iter-2-scenario-3708,2,ok,6,246.5,50.0,6.175,27.75
bristol,powergate,voyager,16QAM,11101110,-6.5,iter-2-scenario-1450,2,ok,6,246.5,50.0,5.622,28.177
bristol,powergate,voyager,16QAM,11101110,-6.0,iter-2-scenario-1451,2,ok,6,246.5,50.0,5.772,27.978
bristol,powergate,voyager,16QAM,11101110,-5.5,iter-2-scenario-1452,2,ok,6,246.5,50.0,5.863,27.72
bristol,powergate,voyager,16QAM,11101111,-6.5,iter-2-scenario-5551,2,ok,7,246.5,50.0,5.281,28.141
bristol,powergate,voyager,16QAM,11101111,-6.0,iter-2-scenario-5552,2,ok,7,246.5,50.0,5.429,27.943
bristol,powergate,voyager,16QAM,11101111,-5.5,iter-2-scenario-5553,2,ok,7,246.5,50.0,5.524,27.681
bristol,powergate,voyager,16QAM,11110000,-6.5,iter-2-scenario-5044,2,ok,4,246.5,50.0,6.008,28.207
bristol,powergate,voyager,16QAM,11110000,-6.0,iter-2-scenario-5045,2,ok,4,246.5,50.0,6.152,28.015
bristol,powergate,voyager,16QAM,11110000,-5.5,iter-2-scenario-5046,2,ok,4,246.5,50.0,6.242,27.76
bristol,powergate,voyager,16QAM,11110001,-6.5,iter-2-scenario-5344,2,ok,5,246.5,50.0,6.208,28.218
bristol,powergate,voyager,16QAM,11110001,-6.0,iter-2-scenario-5345,2,ok,5,246.5,50.0,6.358,28.026
bristol,powergate,voyager,16QAM,11110001,-5.5,iter-2-scenario-5346,2,ok,5,246.5,50.0,6.448,27.77
bristol,powergate,voyager,16QAM,11110010,-6.5,iter-2-scenario-676,2,ok,5,246.5,50.0,6.106,28.212
bristol,powergate,voyager,16QAM,11110010,-6.0,iter-2-scenario-677,2,ok,5,246.5,50.0,6.256,28.018
bristol,powergate,voyager,16QAM,11110010,-5.5,iter-2-scenario-678,2,ok,5,246.5,50.0,6.346,27.764
bristol,powergate,voyager,16QAM,11110011,-6.5,iter-2-scenario-1387,2,ok,6,246.5,50.0,5.798,28.187
bristol,powergate,voyager,16QAM,11110011,-6.0,iter-2-scenario-1388,2,ok,6,246.5,50.0,5.945,27.993
bristol,powergate,voyager,16QAM,11110011,-5.5,iter-2-scenario-1389,2,ok,6,246.5,50.0,6.037,27.737
bristol,powergate,voyager,16QAM,11110100,-6.5,iter-2-scenario-6082,2,ok,5,246.5,50.0,5.936,28.198
bristol,powergate,voyager,16QAM,11110100,-6.0,iter-2-scenario-6083,2,ok,5,246.5,50.0,6.086,28.004
bristol,powergate,voyager,16QAM,11110100,-5.5,iter-2-scenario-6084,2,ok,5,246.5,50.0,6.176,27.75
bristol,powergate,voyager,16QAM,11110101,-6.5,iter-2-scenario-2884,2,ok,6,246.5,50.0,5.89,28.195
bristol,powergate,voyager,16QAM,11110101,-6.0,iter-2-scenario-2885,2,ok,6,246.5,50.0,6.04,27.998
bristol,powergate,voyager,16QAM,11110101,-5.5,iter-2-scenario-2886,2,ok,6,246.5,50.0,6.13,27.742
bristol,powergate,voyager,16QAM,11110110,-6.5,iter-2-scenario-1777,2,ok,6,246.5,50.0,5.603,28.172
bristol,powergate,voyager,16QAM,11110110,-6.0,iter-2-scenario-1778,2,ok,6,246.5,50.0,5.75,27.975
bristol,powergate,voyager,16QAM,11110110,-5.5,iter-2-scenario-1779,2,ok,6,246.5,50.0,5.842,27.717
bristol,powergate,voyager,16QAM,11110111,-6.5,iter-2-scenario-3292,2,ok,7,246.5,50.0,5.283,28.143
bristol,powergate,voyager,16QAM,11110111,-6.0,iter-2-scenario-3293,2,ok,7,246.5,50.0,5.43,27.943
bristol,powergate,voyager,16QAM,11110111,-5.5,iter-2-scenario-3294,2,ok,7,246.5,50.0,5.524,27.68
bristol,powergate,voyager,16QAM,11111000,-6.5,iter-2-scenario-6067,2,ok,5,246.5,50.0,5.552,28.168
bristol,powergate,voyager,16QAM,11111000,-6.0,iter-2-scenario-6068,2,ok,5,246.5,50.0,5.698,27.97
bristol,powergate,voyager,16QAM,11111000,-5.5,iter-2-scenario-6069,2,ok,5,246.5,50.0,5.792,27.712
bristol,powergate,voyager,16QAM,11111001,-6.5,iter-2-scenario-5308,2,ok,6,246.5,50.0,5.662,28.175
bristol,powergate,voyager,16QAM,11111001,-6.0,iter-2-scenario-5309,2,ok,6,246.5,50.0,5.81,27.977
bristol,powergate,voyager,16QAM,11111001,-5.5,iter-2-scenario-5310,2,ok,6,246.5,50.0,5.902,27.718
bristol,powergate,voyager,16QAM,11111010,-6.5,iter-2-scenario-268,2,ok,6,246.5,50.0,5.515,28.162
bristol,powergate,voyager,16QAM,11111010,-6.0,iter-2-scenario-269,2,ok,6,246.5,50.0,5.663,27.965
bristol,powergate,voyager,16QAM,11111010,-5.5,iter-2-scenario-270,2,ok,6,246.5,50.0,5.755,27.705
bristol,powergate,voyager,16QAM,11111011,-6.5,iter-2-scenario-5134,2,ok,7,246.5,50.0,5.254,28.14
bristol,powergate,voyager,16QAM,11111011,-6.0,iter-2-scenario-5135,2,ok,7,246.5,50.0,5.403,27.94
bristol,powergate,voyager,16QAM,11111011,-5.5,iter-2-scenario-5136,2,ok,7,246.5,50.0,5.494,27.674
bristol,powergate,voyager,16QAM,11111100,-6.5,iter-2-scenario-4780,2,ok,6,246.5,50.0,5.192,28.133
bristol,powergate,voyager,16QAM,11111100,-6.0,iter-2-scenario-4781,2,ok,6,246.5,50.0,5.342,27.935
bristol,powergate,voyager,16QAM,11111100,-5.5,iter-2-scenario-4782,2,ok,6,246.5,50.0,5.433,27.668
bristol,powergate,voyager,16QAM,11111101,-6.5,iter-2-scenario-5608,2,ok,7,246.5,50.0,5.171,28.13
bristol,powergate,voyager,16QAM,11111101,-6.0,iter-2-scenario-5609,2,ok,7,246.5,50.0,5.32,27.929
bristol,powergate,voyager,16QAM,11111101,-5.5,iter-2-scenario-5610,2,ok,7,246.5,50.0,5.414,27.661
bristol,powergate,voyager,16QAM,11111110,-6.5,iter-2-scenario-2533,2,ok,7,246.5,50.0,4.896,28.106
bristol,powergate,voyager,16QAM,11111110,-6.0,iter-2-scenario-2534,2,ok,7,246.5,50.0,5.046,27.901
bristol,powergate,voyager,16QAM,11111110,-5.5,iter-2-scenario-2535,2,ok,7,246.5,50.0,5.137,27.631
bristol,powergate,voyager,16QAM,11111111,-6.5,iter-2-scenario-3544,2,ok,8,246.5,50.0,4.646,28.079
bristol,powergate,voyager,16QAM,11111111,-6.0,iter-2-scenario-3545,2,ok,8,246.5,50.0,4.796,27.871
bristol,powergate,voyager,16QAM,11111111,-5.5,iter-2-scenario-3546,2,ok,8,246.5,50.0,4.89,27.599
bristol,powergate,voyager,QPSK,00000000,-6.5,iter-2-scenario-4831,2,no_signal,0,246.5,37.5,,
bristol,powergate,voyager,QPSK,00000000,-6.0,iter-2-scenario-4832,2,no_signal,0,246.5,37.5,,
bristol,powergate,voyager,QPSK,00000000,-5.5,iter-2-scenario-4833,2,no_signal,0,246.5,37.5,,
bristol,powergate,voyager,QPSK,00000001,-6.5,iter-2-scenario-4159,2,ok,1,246.5,37.5,9.27,28.39
bristol,powergate,voyager,QPSK,00000001,-6.0,iter-2-scenario-4160,2,ok,1,246.5,37.5,9.41,28.22
bristol,powergate,voyager,QPSK,00000001,-5.5,iter-2-scenario-4161,2,ok,1,246.5,37.5,9.5,27.99
bristol,powergate,voyager,QPSK,00000010,-6.5,iter-2-scenario-526,2,ok,1,246.5,37.5,9.27,28.39
bristol,powergate,voyager,QPSK,00000010,-6.0,iter-2-scenario-527,2,ok,1,246.5,37.5,9.42,28.22
bristol,powergate,voyager,QPSK,00000010,-5.5,iter-2-scenario-528,2,ok,1,246.5,37.5,9.51,27.99
bristol,powergate,voyager,QPSK,00000011,-6.5,iter-2-scenario-5284,2,ok,2,246.5,37.5,6.995,28.28
bristol,powergate,voyager,QPSK,00000011,-6.0,iter-2-scenario-5285,2,ok,2,246.5,37.5,7.145,28.09
bristol,powergate,voyager,QPSK,00000011,-5.5,iter-2-scenario-5286,2,ok,2,246.5,37.5,7.235,27.85
bristol,powergate,voyager,QPSK,00000100,-6.5,iter-2-scenario-1840,2,ok,1,246.5,37.5,9.28,28.39
bristol,powergate,voyager,QPSK,00000100,-6.0,iter-2-scenario-1841,2,ok,1,246.5,37.5,9.42,28.23
bristol,powergate,voyager,QPSK,00000100,-5.5,iter-2-scenario-1842,2,ok,1,246.5,37.5,9.51,27.99
bristol,powergate,voyager,QPSK,00000101,-6.5,iter-2-scenario-4960,2,ok,2,246.5,37.5,8.055,28.34
bristol,powergate,voyager,QPSK,00000101,-6.0,iter-2-scenario-4961,2,ok,2,246.5,37.5,8.205,28.16
bristol,powergate,voyager,QPSK,00000101,-5.5,iter-2-scenario-4962,2,ok,2,246.5,37.5,8.295,27.92
bristol,powergate,voyager,QPSK,00000110,-6.5,iter-2-scenario-1516,2,ok,2,246.5,37.5,7.0,28.28
bristol,powergate,voyager,QPSK,00000110,-6.0,iter-2-scenario-1517,2,ok,2,246.5,37.5,7.15,28.095
bristol,powergate,voyager,QPSK,00000110,-5.5,iter-2-scenario-1518,2,ok,2,246.5,37.5,7.24,27.85
bristol,powergate,voyager,QPSK,00000111,-6.5,iter-2-scenario-4705,2,ok,3,246.5,37.5,5.877,28.197
bristol,powergate,voyager,QPSK,00000111,-6.0,iter-2-scenario-4706,2,ok,3,246.5,37.5,6.027,28.003
bristol,powergate,voyager,QPSK,00000111,-5.5,iter-2-scenario-4707,2,ok,3,246.5,37.5,6.117,27.743
bristol,powergate,voyager,QPSK,00001000,-6.5,iter-2-scenario-1147,2,ok,1,246.5,37.5,9.28,28.39
bristol,powergate,voyager,QPSK,00001000,-6.0,iter-2-scenario-1148,2,ok,1,246.5,37.5,9.43,28.23
bristol,powergate,voyager,QPSK,00001000,-5.5,iter-2-scenario-1149,2,ok,1,246.5,37.5,9.52,27.99
bristol,powergate,voyager,QPSK,00001001,-6.5,iter-2-scenario-2680,2,ok,2,246.5,37.5,8.44,28.36
bristol,powergate,voyager,QPSK,00001001,-6.0,iter-2-scenario-2681,2,ok,2,246.5,37.5,8.585,28.185
bristol,powergate,voyager,QPSK,00001001,-5.5,iter-2-scenario-2682,2,ok,2,246.5,37.5,8.675,27.95
bristol,powergate,voyager,QPSK,00001010,-6.5,iter-2-scenario-2086,2,ok,2,246.5,37.5,8.065,28.34
bristol,powergate,voyager,QPSK,00001010,-6.0,iter-2-scenario-2087,2,ok,2,246.5,37.5,8.205,28.16
bristol,powergate,voyager,QPSK,00001010,-5.5,iter-2-scenario-2088,2,ok,2,246.5,37.5,8.295,27.925
bristol,powergate,voyager,QPSK,00001011,-6.5,iter-2-scenario-2788,2,ok,3,246.5,37.5,6.643,28.253
bristol,powergate,voyager,QPSK,00001011,-6.0,iter-2-scenario-2789,2,ok,3,246.5,37.5,6.793,28.067
bristol,powergate,voyager,QPSK,00001011,-5.5,iter-2-scenario-2790,2,ok,3,246.5,37.5,6.883,27.817
bristol,powergate,voyager,QPSK,00001100,-6.5,iter-2-scenario-40,2,ok,2,246.5,37.5,7.005,28.28
bristol,powergate,voyager,QPSK,00001100,-6.0,iter-2-scenario-41,2,ok,2,246.5,37.5,7.155,28.1
bristol,powergate,voyager,QPSK,00001100,-5.5,iter-2-scenario-42,2,ok,2,246.5,37.5,7.245,27.85
bristol,powergate,voyager,QPSK,00001101,-6.5,iter-2-scenario-3277,2,ok,3,246.5,37.5,6.65,28.253
bristol,powergate,voyager,QPSK,00001101,-6.0,iter-2-scenario-3278,2,ok,3,246.5,37.5,6.797,28.067
bristol,powergate,voyager,QPSK,00001101,-5.5,iter-2-scenario-3279,2,ok,3,246.5,37.5,6.887,27.817
bristol,powergate,voyager,QPSK,00001110,-6.5,iter-2-scenario-3244,2,ok,3,246.5,37.5,5.88,28.197
bristol,powergate,voyager,QPSK,00001110,-6.0,iter-2-scenario-3245,2,ok,3,246.5,37.5,6.03,28.003
bristol,powergate,voyager,QPSK,00001110,-5.5,iter-2-scenario-3246,2,ok,3,246.5,37.5,6.12,27.743
bristol,powergate,voyager,QPSK,00001111,-6.5,iter-2-scenario-5626,2,ok,4,246.5,37.5,5.145,28.127
bristol,powergate,voyager,QPSK,00001111,-6.0,iter-2-scenario-5627,2,ok,4,246.5,37.5,5.295,27.93
bristol,powergate,voyager,QPSK,00001111,-5.5,iter-2-scenario-5628,2,ok,4,246.5,37.5,5.385,27.663
bristol,powergate,voyager,QPSK,00010000,-6.5,iter-2-scenario-1495,2,ok,1,246.5,37.5,9.29,28.4
bristol,powergate,voyager,QPSK,00010000,-6.0,iter-2-scenario-1496,2,ok,1,246.5,37.5,9.43,28.23
bristol,powergate,voyager,QPSK,00010000,-5.5,iter-2-scenario-1497,2,ok,1,246.5,37.5,9.52,28.0
bristol,powergate,voyager,QPSK,00010001,-6.5,iter-2-scenario-6043,2,ok,2,246.5,37.5,8.64,28.37
bristol,powergate,voyager,QPSK,00010001,-6.0,iter-2-scenario-6044,2,ok,2,246.5,37.5,8.79,28.195
bristol,powergate,voyager,QPSK,00010001,-5.5,iter-2-scenario-6045,2,ok,2,246.5,37.5,8.875,27.96
bristol,powergate,voyager,QPSK,00010010,-6.5,iter-2-scenario-1453,2,ok,2,246.5,37.5,8.445,28.36
bristol,powergate,voyager,QPSK,00010010,-6.0,iter-2-scenario-1454,2,ok,2,246.5,37.5,8.59,28.185
bristol,powergate,voyager,QPSK,00010010,-5.5,iter-2-scenario-1455,2,ok,2,246.5,37.5,8.68,27.95
bristol,powergate,voyager,QPSK,00010011,-6.5,iter-2-scenario-2452,2,ok,3,246.5,37.5,6.96,28.273
bristol,powergate,voyager,QPSK,00010011,-6.0,iter-2-scenario-2453,2,ok,3,246.5,37.5,7.103,28.09
bristol,powergate,voyager,QPSK,00010011,-5.5,iter-2-scenario-2454,2,ok,3,246.5,37.5,7.193,27.843
bristol,powergate,voyager,QPSK,00010100,-6.5,iter-2-scenario-2731,2,ok,2,246.5,37.5,8.065,28.34
bristol,powergate,voyager,QPSK,00010100,-6.0,iter-2-scenario-2732,2,ok,2,246.5,37.5,8.215,28.165
bristol,powergate,voyager,QPSK,00010100,-5.5,iter-2-scenario-2733,2,ok,2,246.5,37.5,8.305,27.925
bristol,powergate,voyager,QPSK,00010101,-6.5,iter-2-scenario-5092,2,ok,3,246.5,37.5,7.38,28.3
bristol,powergate,voyager,QPSK,00010101,-6.0,iter-2-scenario-5093,2,ok,3,246.5,37.5,7.527,28.12
bristol,powergate,voyager,QPSK,00010101,-5.5,iter-2-scenario-5094,2,ok,3,246.5,37.5,7.617,27.877
bristol,powergate,voyager,QPSK,00010110,-6.5,iter-2-scenario-76,2,ok,3,246.5,37.5,6.653,28.253
bristol,powergate,voyager,QPSK,00010110,-6.0,iter-2-scenario-77,2,ok,3,246.5,37.5,6.8,28.067
bristol,powergate,voyager,QPSK,00010110,-5.5,iter-2-scenario-78,2,ok,3,246.5,37.5,6.89,27.817
bristol,powergate,voyager,QPSK,00010111,-6.5,iter-2-scenario-5569,2,ok,4,246.5,37.5,5.735,28.177
bristol,powergate,voyager,QPSK,00010111,-6.0,iter-2-scenario-5570,2,ok,4,246.5,37.5,5.885,27.985
bristol,powergate,voyager,QPSK,00010111,-5.5,iter-2-scenario-5571,2,ok,4,246.5,37.5,5.975,27.723
bristol,powergate,voyager,QPSK,00011000,-6.5,iter-2-scenario-1612,2,ok,2,246.5,37.5,7.01,28.28
bristol,powergate,voyager,QPSK,00011000,-6.0,iter-2-scenario-1613,2,ok,2,246.5,37.5,7.16,28.1
bristol,powergate,voyager,QPSK,00011000,-5.5,iter-2-scenario-1614,2,ok,2,246.5,37.5,7.25,27.85
bristol,powergate,voyager,QPSK,00011001,-6.5,iter-2-scenario-1276,2,ok,3,246.5,37.5,6.96,28.273
bristol,powergate,voyager,QPSK,00011001,-6.0,iter-2-scenario-1277,2,ok,3,246.5,37.5,7.11,28.087
bristol,powergate,voyager,QPSK,00011001,-5.5,iter-2-scenario-1278,2,ok,3,246.5,37.5,7.2,27.84
bristol,powergate,voyager,QPSK,00011010,-6.5,iter-2-scenario-5821,2,ok,3,246.5,37.5,6.65,28.253
bristol,powergate,voyager,QPSK,00011010,-6.0,iter-2-scenario-5822,2,ok,3,246.5,37.5,6.8,28.067
bristol,powergate,voyager,QPSK,00011010,-5.5,iter-2-scenario-5823,2,ok,3,246.5,37.5,6.89,27.817
bristol,powergate,voyager,QPSK,00011011,-6.5,iter-2-scenario-2707,2,ok,4,246.5,37.5,5.827,28.195
bristol,powergate,voyager,QPSK,00011011,-6.0,iter-2-scenario-2708,2,ok,4,246.5,37.5,5.978,27.998
bristol,powergate,voyager,QPSK,00011011,-5.5,iter-2-scenario-2709,2,ok,4,246.5,37.5,6.067,27.74
bristol,powergate,voyager,QPSK,00011100,-6.5,iter-2-scenario-4990,2,ok,3,246.5,37.5,5.887,28.197
bristol,powergate,voyager,QPSK,00011100,-6.0,iter-2-scenario-4991,2,ok,3,246.5,37.5,6.037,28.003
bristol,powergate,voyager,QPSK,00011100,-5.5,iter-2-scenario-4992,2,ok,3,246.5,37.5,6.127,27.743
bristol,powergate,voyager,QPSK,00011101,-6.5,iter-2-scenario-1192,2,ok,4,246.5,37.5,5.737,28.18
bristol,powergate,voyager,QPSK,00011101,-6.0,iter-2-scenario-1193,2,ok,4,246.5,37.5,5.888,27.985
bristol,powergate,voyager,QPSK,00011101,-5.5,iter-2-scenario-1194,2,ok,4,246.5,37.5,5.978,27.727
bristol,powergate,voyager,QPSK,00011110,-6.5,iter-2-scenario-2488,2,ok,4,246.5,37.5,5.152,28.13
bristol,powergate,voyager,QPSK,00011110,-6.0,iter-2-scenario-2489,2,ok,4,246.5,37.5,5.3,27.93
bristol,powergate,voyager,QPSK,00011110,-5.5,iter-2-scenario-2490,2,ok,4,246.5,37.5,5.393,27.665
bristol,powergate,voyager,QPSK,00011111,-6.5,iter-2-scenario-4189,2,ok,5,246.5,37.5,4.61,28.076
bristol,powergate,voyager,QPSK,00011111,-6.0,iter-2-scenario-4190,2,ok,5,246.5,37.5,4.758,27.868
bristol,powergate,voyager,QPSK,00011111,-5.5,iter-2-scenario-4191,2,ok,5,246.5,37.5,4.854,27.596
bristol,powergate,voyager,QPSK,00100000,-6.5,iter-2-scenario-2434,2,ok,1,246.5,37.5,9.29,28.4
bristol,powergate,voyager,QPSK,00100000,-6.0,iter-2-scenario-2435,2,ok,1,246.5,37.5,9.44,28.23
bristol,powergate,voyager,QPSK,00100000,-5.5,iter-2-scenario-2436,2,ok,1,246.5,37.5,9.52,28.0
bristol,powergate,voyager,QPSK,00100001,-6.5,iter-2-scenario-3187,2,ok,2,246.5,37.5,8.765,28.37
bristol,powergate,voyager,QPSK,00100001,-6.0,iter-2-scenario-3188,2,ok,2,246.5,37.5,8.91,28.2
bristol,powergate,voyager,QPSK,00100001,-5.5,iter-2-scenario-3189,2,ok,2,246.5,37.5,9.0,27.965
bristol,powergate,voyager,QPSK,00100010,-6.5,iter-2-scenario-5476,2,ok,2,246.5,37.5,8.65,28.37
bristol,powergate,voyager,QPSK,00100010,-6.0,iter-2-scenario-5477,2,ok,2,246.5,37.5,8.79,28.195
bristol,powergate,voyager,QPSK,00100010,-5.5,iter-2-scenario-5478,2,ok,2,246.5,37.5,8.88,27.96
bristol,powergate,voyager,QPSK,00100011,-6.5,iter-2-scenario-3688,2,ok,3,246.5,37.5,7.13,28.283
bristol,powergate,voyager,QPSK,00100011,-6.0,iter-2-scenario-3689,2,ok,3,246.5,37.5,7.28,28.1
bristol,powergate,voyager,QPSK,00100011,-5.5,iter-2-scenario-3690,2,ok,3,246.5,37.5,7.37,27.853
bristol,powergate,voyager,QPSK,00100100,-6.5,iter-2-scenario-5008,2,ok,2,246.5,37.5,8.45,28.36
bristol,powergate,voyager,QPSK,00100100,-6.0,iter-2-scenario-5009,2,ok,2,246.5,37.5,8.595,28.185
bristol,powergate,voyager,QPSK,00100100,-5.5,iter-2-scenario-5010,2,ok,2,246.5,37.5,8.685,27.95
bristol,powergate,voyager,QPSK,00100101,-6.5,iter-2-scenario-823,2,ok,3,246.5,37.5,7.673,28.317
bristol,powergate,voyager,QPSK,00100101,-6.0,iter-2-scenario-824,2,ok,3,246.5,37.5,7.82,28.14
bristol,powergate,voyager,QPSK,00100101,-5.5,iter-2-scenario-825,2,ok,3,246.5,37.5,7.91,27.897
bristol,powergate,voyager,QPSK,00100110,-6.5,iter-2-scenario-4204,2,ok,3,246.5,37.5,6.96,28.273
bristol,powergate,voyager,QPSK,00100110,-6.0,iter-2-scenario-4205,2,ok,3,246.5,37.5,7.11,28.09
bristol,powergate,voyager,QPSK,00100110,-5.5,iter-2-scenario-4206,2,ok,3,246.5,37.5,7.2,27.843
bristol,powergate,voyager,QPSK,00100111,-6.5,iter-2-scenario-2635,2,ok,4,246.5,37.5,5.99,28.2
bristol,powergate,voyager,QPSK,00100111,-6.0,iter-2-scenario-2636,2,ok,4,246.5,37.5,6.133,28.005
bristol,powergate,voyager,QPSK,00100111,-5.5,iter-2-scenario-2637,2,ok,4,246.5,37.5,6.23,27.75
bristol,powergate,voyager,QPSK,00101000,-6.5,iter-2-scenario-331,2,ok,2,246.5,37.5,8.075,28.34
bristol,powergate,voyager,QPSK,00101000,-6.0,iter-2-scenario-332,2,ok,2,246.5,37.5,8.215,28.165
bristol,powergate,voyager,QPSK,00101000,-5.5,iter-2-scenario-333,2,ok,2,246.5,37.5,8.305,27.93
bristol,powergate,voyager,QPSK,00101001,-6.5,iter-2-scenario-5341,2,ok,3,246.5,37.5,7.677,28.317
bristol,powergate,voyager,QPSK,00101001,-6.0,iter-2-scenario-5342,2,ok,3,246.5,37.5,7.82,28.14
bristol,powergate,voyager,QPSK,00101001,-5.5,iter-2-scenario-5343,2,ok,3,246.5,37.5,7.91,27.9
bristol,powergate,voyager,QPSK,00101010,-6.5,iter-2-scenario-991,2,ok,3,246.5,37.5,7.387,28.3
bristol,powergate,voyager,QPSK,00101010,-6.0,iter-2-scenario-992,2,ok,3,246.5,37.5,7.53,28.12
bristol,powergate,voyager,QPSK,00101010,-5.5,iter-2-scenario-993,2,ok,3,246.5,37.5,7.62,27.877
bristol,powergate,voyager,QPSK,00101011,-6.5,iter-2-scenario-3469,2,ok,4,246.5,37.5,6.375,28.233
bristol,powergate,voyager,QPSK,00101011,-6.0,iter-2-scenario-3470,2,ok,4,246.5,37.5,6.522,28.045
bristol,powergate,voyager,QPSK,00101011,-5.5,iter-2-scenario-3471,2,ok,4,246.5,37.5,6.615,27.79
bristol,powergate,voyager,QPSK,00101100,-6.5,iter-2-scenario-4681,2,ok,3,246.5,37.5,6.653,28.253
bristol,powergate,voyager,QPSK,00101100,-6.0,iter-2-scenario-4682,2,ok,3,246.5,37.5,6.803,28.067
bristol,powergate,voyager,QPSK,00101100,-5.5,iter-2-scenario-4683,2,ok,3,246.5,37.5,6.893,27.817
bristol,powergate,voyager,QPSK,00101101,-6.5,iter-2-scenario-3403,2,ok,4,246.5,37.5,6.322,28.23
bristol,powergate,voyager,QPSK,00101101,-6.0,iter-2-scenario-3404,2,ok,4,246.5,37.5,6.468,28.038
bristol,powergate,voyager,QPSK,00101101,-5.5,iter-2-scenario-3405,2,ok,4,246.5,37.5,6.56,27.785
bristol,powergate,voyager,QPSK,00101110,-6.5,iter-2-scenario-1162,2,ok,4,246.5,37.5,5.742,28.185
bristol,powergate,voyager,QPSK,00101110,-6.0,iter-2-scenario-1163,2,ok,4,246.5,37.5,5.888,27.985
bristol,powergate,voyager,QPSK,00101110,-5.5,iter-2-scenario-1164,2,ok,4,246.5,37.5,5.98,27.723
bristol,powergate,voyager,QPSK,00101111,-6.5,iter-2-scenario-4261,2,ok,5,246.5,37.5,5.086,28.12
bristol,powergate,voyager,QPSK,00101111,-6.0,iter-2-scenario-4262,2,ok,5,246.5,37.5,5.234,27.916
bristol,powergate,voyager,QPSK,00101111,-5.5,iter-2-scenario-4263,2,ok,5,246.5,37.5,5.326,27.65
bristol,powergate,voyager,QPSK,00110000,-6.5,iter-2-scenario-3052,2,ok,2,246.5,37.5,7.015,28.28
bristol,powergate,voyager,QPSK,00110000,-6.0,iter-2-scenario-3053,2,ok,2,246.5,37.5,7.165,28.1
bristol,powergate,voyager,QPSK,00110000,-5.5,iter-2-scenario-3054,2,ok,2,246.5,37.5,7.255,27.85
bristol,powergate,voyager,QPSK,00110001,-6.5,iter-2-scenario-4756,2,ok,3,246.5,37.5,7.137,28.283
bristol,powergate,voyager,QPSK,00110001,-6.0,iter-2-scenario-4757,2,ok,3,246.5,37.5,7.283,28.1
bristol,powergate,voyager,QPSK,00110001,-5.5,iter-2-scenario-4758,2,ok,3,246.5,37.5,7.373,27.853
bristol,powergate,voyager,QPSK,00110010,-6.5,iter-2-scenario-6118,2,ok,3,246.5,37.5,6.967,28.273
bristol,powergate,voyager,QPSK,00110010,-6.0,iter-2-scenario-6119,2,ok,3,246.5,37.5,7.113,28.09
bristol,powergate,voyager,QPSK,00110010,-5.5,iter-2-scenario-6120,2,ok,3,246.5,37.5,7.203,27.84
bristol,powergate,voyager,QPSK,00110011,-6.5,iter-2-scenario-1027,2,ok,4,246.5,37.5,6.13,28.218
bristol,powergate,voyager,QPSK,00110011,-6.0,iter-2-scenario-1028,2,ok,4,246.5,37.5,6.277,28.027
bristol,powergate,voyager,QPSK,00110011,-5.5,iter-2-scenario-1029,2,ok,4,246.5,37.5,6.37,27.77
bristol,powergate,voyager,QPSK,00110100,-6.5,iter-2-scenario-409,2,ok,3,246.5,37.5,6.66,28.253
bristol,powergate,voyager,QPSK,00110100,-6.0,iter-2-scenario-410,2,ok,3,246.5,37.5,6.807,28.067
bristol,powergate,voyager,QPSK,00110100,-5.5,iter-2-scenario-411,2,ok,3,246.5,37.5,6.897,27.817
bristol,powergate,voyager,QPSK,00110101,-6.5,iter-2-scenario-10,2,ok,4,246.5,37.5,6.377,28.235
bristol,powergate,voyager,QPSK,00110101,-6.0,iter-2-scenario-11,2,ok,4,246.5,37.5,6.522,28.043
bristol,powergate,voyager,QPSK,00110101,-5.5,iter-2-scenario-12,2,ok,4,246.5,37.5,6.612,27.793
bristol,powergate,voyager,QPSK,00110110,-6.5,iter-2-scenario-3619,2,ok,4,246.5,37.5,5.838,28.195
bristol,powergate,voyager,QPSK,00110110,-6.0,iter-2-scenario-3620,2,ok,4,246.5,37.5,5.978,28.0
bristol,powergate,voyager,QPSK,00110110,-5.5,iter-2-scenario-3621,2,ok,4,246.5,37.5,6.077,27.74
bristol,powergate,voyager,QPSK,00110111,-6.5,iter-2-scenario-5512,2,ok,5,246.5,37.5,5.192,28.136
bristol,powergate,voyager,QPSK,00110111,-6.0,iter-2-scenario-5513,2,ok,5,246.5,37.5,5.336,27.934
bristol,powergate,voyager,QPSK,00110111,-5.5,iter-2-scenario-5514,2,ok,5,246.5,37.5,5.432,27.668
bristol,powergate,voyager,QPSK,00111000,-6.5,iter-2-scenario-2230,2,ok,3,246.5,37.5,5.89,28.197
bristol,powergate,voyager,QPSK,00111000,-6.0,iter-2-scenario-2231,2,ok,3,246.5,37.5,6.04,28.003
bristol,powergate,voyager,QPSK,00111000,-5.5,iter-2-scenario-2232,2,ok,3,246.5,37.5,6.13,27.747
bristol,powergate,voyager,QPSK,00111001,-6.5,iter-2-scenario-796,2,ok,4,246.5,37.5,5.992,28.203
bristol,powergate,voyager,QPSK,00111001,-6.0,iter-2-scenario-797,2,ok,4,246.5,37.5,6.143,28.008
bristol,powergate,voyager,QPSK,00111001,-5.5,iter-2-scenario-798,2,ok,4,246.5,37.5,6.232,27.75
bristol,powergate,voyager,QPSK,00111010,-6.5,iter-2-scenario-754,2,ok,4,246.5,37.5,5.745,28.183
bristol,powergate,voyager,QPSK,00111010,-6.0,iter-2-scenario-755,2,ok,4,246.5,37.5,5.89,27.988
bristol,powergate,voyager,QPSK,00111010,-5.5,iter-2-scenario-756,2,ok,4,246.5,37.5,5.982,27.727
bristol,powergate,voyager,QPSK,00111011,-6.5,iter-2-scenario-919,2,ok,5,246.5,37.5,5.192,28.132
bristol,powergate,voyager,QPSK,00111011,-6.0,iter-2-scenario-920,2,ok,5,246.5,37.5,5.34,27.936
bristol,powergate,voyager,QPSK,00111011,-5.5,iter-2-scenario-921,2,ok,5,246.5,37.5,5.432,27.67
bristol,powergate,voyager,QPSK,00111100,-6.5,iter-2-scenario-5404,2,ok,4,246.5,37.5,5.157,28.133
bristol,powergate,voyager,QPSK,00111100,-6.0,iter-2-scenario-5405,2,ok,4,246.5,37.5,5.305,27.93
bristol,powergate,voyager,QPSK,00111100,-5.5,iter-2-scenario-5406,2,ok,4,246.5,37.5,5.397,27.665
bristol,powergate,voyager,QPSK,00111101,-6.5,iter-2-scenario-1870,2,ok,5,246.5,37.5,5.086,28.12
bristol,powergate,voyager,QPSK,00111101,-6.0,iter-2-scenario-1871,2,ok,5,246.5,37.5,5.234,27.92
bristol,powergate,voyager,QPSK,00111101,-5.5,iter-2-scenario-1872,2,ok,5,246.5,37.5,5.33,27.65
bristol,powergate,voyager,QPSK,00111110,-6.5,iter-2-scenario-2413,2,ok,5,246.5,37.5,4.618,28.076
bristol,powergate,voyager,QPSK,00111110,-6.0,iter-2-scenario-2414,2,ok,5,246.5,37.5,4.768,27.868
bristol,powergate,voyager,QPSK,00111110,-5.5,iter-2-scenario-2415,2,ok,5,246.5,37.5,4.858,27.596
bristol,powergate,voyager,QPSK,00111111,-6.5,iter-2-scenario-5440,2,ok,6,246.5,37.5,4.193,28.027
bristol,powergate,voyager,QPSK,00111111,-6.0,iter-2-scenario-5441,2,ok,6,246.5,37.5,4.343,27.813
bristol,powergate,voyager,QPSK,00111111,-5.5,iter-2-scenario-5442,2,ok,6,246.5,37.5,4.437,27.537
bristol,powergate,voyager,QPSK,01000000,-6.5,iter-2-scenario-5860,2,ok,1,246.5,37.5,9.3,28.4
bristol,powergate,voyager,QPSK,01000000,-6.0,iter-2-scenario-5861,2,ok,1,246.5,37.5,9.44,28.23
bristol,powergate,voyager,QPSK,01000000,-5.5,iter-2-scenario-5862,2,ok,1,246.5,37.5,9.53,28.0
bristol,powergate,voyager,QPSK,01000001,-6.5,iter-2-scenario-6133,2,ok,2,246.5,37.5,8.85,28.375
bristol,powergate,voyager,QPSK,01000001,-6.0,iter-2-scenario-6134,2,ok,2,246.5,37.5,8.995,28.205
bristol,powergate,voyager,QPSK,01000001,-5.5,iter-2-scenario-6135,2,ok,2,246.5,37.5,9.085,27.97
bristol,powergate,voyager,QPSK,01000010,-6.5,iter-2-scenario-3493,2,ok,2,246.5,37.5,8.77,28.375
bristol,powergate,voyager,QPSK,01000010,-6.0,iter-2-scenario-3494,2,ok,2,246.5,37.5,8.915,28.2
bristol,powergate,voyager,QPSK,01000010,-5.5,iter-2-scenario-3495,2,ok,2,246.5,37.5,9.005,27.97
bristol,powergate,voyager,QPSK,01000011,-6.5,iter-2-scenario-3889,2,ok,3,246.5,37.5,7.247,28.29
bristol,powergate,voyager,QPSK,01000011,-6.0,iter-2-scenario-3890,2,ok,3,246.5,37.5,7.39,28.107
bristol,powergate,voyager,QPSK,01000011,-5.5,iter-2-scenario-3891,2,ok,3,246.5,37.5,7.48,27.863
bristol,powergate,voyager,QPSK,01000100,-6.5,iter-2-scenario-3301,2,ok,2,246.5,37.5,8.65,28.37
bristol,powergate,voyager,QPSK,01000100,-6.0,iter-2-scenario-3302,2,ok,2,246.5,37.5,8.795,28.2
bristol,powergate,voyager,QPSK,01000100,-5.5,iter-2-scenario-3303,2,ok,2,246.5,37.5,8.88,27.96
bristol,powergate,voyager,QPSK,01000101,-6.5,iter-2-scenario-3781,2,ok,3,246.5,37.5,7.837,28.327
bristol,powergate,voyager,QPSK,01000101,-6.0,iter-2-scenario-3782,2,ok,3,246.5,37.5,7.987,28.15
bristol,powergate,voyager,QPSK,01000101,-5.5,iter-2-scenario-3783,2,ok,3,246.5,37.5,8.077,27.91
bristol,powergate,voyager,QPSK,01000110,-6.5,iter-2-scenario-2188,2,ok,3,246.5,37.5,7.137,28.283
bristol,powergate,voyager,QPSK,01000110,-6.0,iter-2-scenario-2189,2,ok,3,246.5,37.5,7.28,28.1
bristol,powergate,voyager,QPSK,01000110,-5.5,iter-2-scenario-2190,2,ok,3,246.5,37.5,7.37,27.857
bristol,powergate,voyager,QPSK,01000111,-6.5,iter-2-scenario-2377,2,ok,4,246.5,37.5,6.135,28.21
bristol,powergate,voyager,QPSK,01000111,-6.0,iter-2-scenario-2378,2,ok,4,246.5,37.5,6.285,28.015
bristol,powergate,voyager,QPSK,01000111,-5.5,iter-2-scenario-2379,2,ok,4,246.5,37.5,6.375,27.758
bristol,powergate,voyager,QPSK,01001000,-6.5,iter-2-scenario-5380,2,ok,2,246.5,37.5,8.455,28.36
bristol,powergate,voyager,QPSK,01001000,-6.0,iter-2-scenario-5381,2,ok,2,246.5,37.5,8.6,28.19
bristol,powergate,voyager,QPSK,01001000,-5.5,iter-2-scenario-5382,2,ok,2,246.5,37.5,8.69,27.95
bristol,powergate,voyager,QPSK,01001001,-6.5,iter-2-scenario-3967,2,ok,3,246.5,37.5,7.957,28.333
bristol,powergate,voyager,QPSK,01001001,-6.0,iter-2-scenario-3968,2,ok,3,246.5,37.5,8.1,28.157
bristol,powergate,voyager,QPSK,01001001,-5.5,iter-2-scenario-3969,2,ok,3,246.5,37.5,8.19,27.917
bristol,powergate,voyager,QPSK,01001010,-6.5,iter-2-scenario-652,2,ok,3,246.5,37.5,7.68,28.32
bristol,powergate,voyager,QPSK,01001010,-6.0,iter-2-scenario-653,2,ok,3,246.5,37.5,7.823,28.14
bristol,powergate,voyager,QPSK,01001010,-5.5,iter-2-scenario-654,2,ok,3,246.5,37.5,7.913,27.9
bristol,powergate,voyager,QPSK,01001011,-6.5,iter-2-scenario-781,2,ok,4,246.5,37.5,6.603,28.248
bristol,powergate,voyager,QPSK,01001011,-6.0,iter-2-scenario-782,2,ok,4,246.5,37.5,6.75,28.062
bristol,powergate,voyager,QPSK,01001011,-5.5,iter-2-scenario-783,2,ok,4,246.5,37.5,6.84,27.81
bristol,powergate,voyager,QPSK,01001100,-6.5,iter-2-scenario-4465,2,ok,3,246.5,37.5,6.967,28.273
bristol,powergate,voyager,QPSK,01001100,-6.0,iter-2-scenario-4466,2,ok,3,246.5,37.5,7.113,28.09
bristol,powergate,voyager,QPSK,01001100,-5.5,iter-2-scenario-4467,2,ok,3,246.5,37.5,7.203,27.843
bristol,powergate,voyager,QPSK,01001101,-6.5,iter-2-scenario-3700,2,ok,4,246.5,37.5,6.57,28.245
bristol,powergate,voyager,QPSK,01001101,-6.0,iter-2-scenario-3701,2,ok,4,246.5,37.5,6.715,28.06
bristol,powergate,voyager,QPSK,01001101,-5.5,iter-2-scenario-3702,2,ok,4,246.5,37.5,6.808,27.805
bristol,powergate,voyager,QPSK,01001110,-6.5,iter-2-scenario-2572,2,ok,4,246.5,37.5,5.992,28.2
bristol,powergate,voyager,QPSK,01001110,-6.0,iter-2-scenario-2573,2,ok,4,246.5,37.5,6.143,28.005
bristol,powergate,voyager,QPSK,01001110,-5.5,iter-2-scenario-2574,2,ok,4,246.5,37.5,6.232,27.75
bristol,powergate,voyager,QPSK,01001111,-6.5,iter-2-scenario-607,2,ok,5,246.5,37.5,5.292,28.134
bristol,powergate,voyager,QPSK,01001111,-6.0,iter-2-scenario-608,2,ok,5,246.5,37.5,5.442,27.934
bristol,powergate,voyager,QPSK,01001111,-5.5,iter-2-scenario-609,2,ok,5,246.5,37.5,5.534,27.672
bristol,powergate,voyager,QPSK,01010000,-6.5,iter-2-scenario-5194,2,ok,2,246.5,37.5,8.075,28.34
bristol,powergate,voyager,QPSK,01010000,-6.0,iter-2-scenario-5195,2,ok,2,246.5,37.5,8.225,28.17
bristol,powergate,voyager,QPSK,01010000,-5.5,iter-2-scenario-5196,2,ok,2,246.5,37.5,8.315,27.93
bristol,powergate,voyager,QPSK,01010001,-6.5,iter-2-scenario-5977,2,ok,3,246.5,37.5,7.843,28.327
bristol,powergate,voyager,QPSK,01010001,-6.0,iter-2-scenario-5978,2,ok,3,246.5,37.5,7.99,28.15
bristol,powergate,voyager,QPSK,01010001,-5.5,iter-2-scenario-5979,2,ok,3,246.5,37.5,8.08,27.91
bristol,powergate,voyager,QPSK,01010010,-6.5,iter-2-scenario-2995,2,ok,3,246.5,37.5,7.68,28.317
bristol,powergate,voyager,QPSK,01010010,-6.0,iter-2-scenario-2996,2,ok,3,246.5,37.5,7.827,28.14
bristol,powergate,voyager,QPSK,01010010,-5.5,iter-2-scenario-2997,2,ok,3,246.5,37.5,7.917,27.9
bristol,powergate,voyager,QPSK,01010011,-6.5,iter-2-scenario-2284,2,ok,4,246.5,37.5,6.66,28.253
bristol,powergate,voyager,QPSK,01010011,-6.0,iter-2-scenario-2285,2,ok,4,246.5,37.5,6.805,28.067
bristol,powergate,voyager,QPSK,01010011,-5.5,iter-2-scenario-2286,2,ok,4,246.5,37.5,6.895,27.817
bristol,powergate,voyager,QPSK,01010100,-6.5,iter-2-scenario-3916,2,ok,3,246.5,37.5,7.39,28.3
bristol,powergate,voyager,QPSK,01010100,-6.0,iter-2-scenario-3917,2,ok,3,246.5,37.5,7.537,28.123
bristol,powergate,voyager,QPSK,01010100,-5.5,iter-2-scenario-3918,2,ok,3,246.5,37.5,7.627,27.877
bristol,powergate,voyager,QPSK,01010101,-6.5,iter-2-scenario-1702,2,ok,4,246.5,37.5,6.925,28.273
bristol,powergate,voyager,QPSK,01010101,-6.0,iter-2-scenario-1703,2,ok,4,246.5,37.5,7.07,28.09
bristol,powergate,voyager,QPSK,01010101,-5.5,iter-2-scenario-1704,2,ok,4,246.5,37.5,7.16,27.843
bristol,powergate,voyager,QPSK,01010110,-6.5,iter-2-scenario-1657,2,ok,4,246.5,37.5,6.38,28.233
bristol,powergate,voyager,QPSK,01010110,-6.0,iter-2-scenario-1658,2,ok,4,246.5,37.5,6.525,28.045
bristol,powergate,voyager,QPSK,01010110,-5.5,iter-2-scenario-1659,2,ok,4,246.5,37.5,6.615,27.793
bristol,powergate,voyager,QPSK,01010111,-6.5,iter-2-scenario-5560,2,ok,5,246.5,37.5,5.622,28.168
bristol,powergate,voyager,QPSK,01010111,-6.0,iter-2-scenario-5561,2,ok,5,246.5,37.5,5.772,27.974
bristol,powergate,voyager,QPSK,01010111,-5.5,iter-2-scenario-5562,2,ok,5,246.5,37.5,5.862,27.712
bristol,powergate,voyager,QPSK,01011000,-6.5,iter-2-scenario-115,2,ok,3,246.5,37.5,6.663,28.257
bristol,powergate,voyager,QPSK,01011000,-6.0,iter-2-scenario-116,2,ok,3,246.5,37.5,6.81,28.07
bristol,powergate,voyager,QPSK,01011000,-5.5,iter-2-scenario-117,2,ok,3,246.5,37.5,6.9,27.817
bristol,powergate,voyager,QPSK,01011001,-6.5,iter-2-scenario-1888,2,ok,4,246.5,37.5,6.572,28.247
bristol,powergate,voyager,QPSK,01011001,-6.0,iter-2-scenario-1889,2,ok,4,246.5,37.5,6.72,28.058
bristol,powergate,voyager,QPSK,01011001,-5.5,iter-2-scenario-1890,2,ok,4,246.5,37.5,6.812,27.81
bristol,powergate,voyager,QPSK,01011010,-6.5,iter-2-scenario-337,2,ok,4,246.5,37.5,6.327,28.23
bristol,powergate,voyager,QPSK,01011010,-6.0,iter-2-scenario-338,2,ok,4,246.5,37.5,6.475,28.038
bristol,powergate,voyager,QPSK,01011010,-5.5,iter-2-scenario-339,2,ok,4,246.5,37.5,6.567,27.785
bristol,powergate,voyager,QPSK,01011011,-6.5,iter-2-scenario-2836,2,ok,5,246.5,37.5,5.656,28.176
bristol,powergate,voyager,QPSK,01011011,-6.0,iter-2-scenario-2837,2,ok,5,246.5,37.5,5.8,27.98
bristol,powergate,voyager,QPSK,01011011,-5.5,iter-2-scenario-2838,2,ok,5,246.5,37.5,5.894,27.72
bristol,powergate,voyager,QPSK,01011100,-6.5,iter-2-scenario-3559,2,ok,4,246.5,37.5,5.745,28.185
bristol,powergate,voyager,QPSK,01011100,-6.0,iter-2-scenario-3560,2,ok,4,246.5,37.5,5.895,27.985
bristol,powergate,voyager,QPSK,01011100,-5.5,iter-2-scenario-3561,2,ok,4,246.5,37.5,5.985,27.73
bristol,powergate,voyager,QPSK,01011101,-6.5,iter-2-scenario-1636,2,ok,5,246.5,37.5,5.56,28.162
bristol,powergate,voyager,QPSK,01011101,-6.0,iter-2-scenario-1637,2,ok,5,246.5,37.5,5.71,27.964
bristol,powergate,voyager,QPSK,01011101,-5.5,iter-2-scenario-1638,2,ok,5,246.5,37.5,5.8,27.704
bristol,powergate,voyager,QPSK,01011110,-6.5,iter-2-scenario-592,2,ok,5,246.5,37.5,5.088,28.12
bristol,powergate,voyager,QPSK,01011110,-6.0,iter-2-scenario-593,2,ok,5,246.5,37.5,5.238,27.92
bristol,powergate,voyager,QPSK,01011110,-5.5,iter-2-scenario-594,2,ok,5,246.5,37.5,5.332,27.652
bristol,powergate,voyager,QPSK,01011111,-6.5,iter-2-scenario-2131,2,ok,6,246.5,37.5,4.585,28.068
bristol,powergate,voyager,QPSK,01011111,-6.0,iter-2-scenario-2132,2,ok,6,246.5,37.5,4.735,27.858
bristol,powergate,voyager,QPSK,01011111,-5.5,iter-2-scenario-2133,2,ok,6,246.5,37.5,4.827,27.585
bristol,powergate,voyager,QPSK,01100000,-6.5,iter-2-scenario-4615,2,ok,2,246.5,37.5,7.02,28.28
bristol,powergate,voyager,QPSK,01100000,-6.0,iter-2-scenario-4616,2,ok,2,246.5,37.5,7.17,28.1
bristol,powergate,voyager,QPSK,01100000,-5.5,iter-2-scenario-4617,2,ok,2,246.5,37.5,7.26,27.85
bristol,powergate,voyager,QPSK,01100001,-6.5,iter-2-scenario-3841,2,ok,3,246.5,37.5,7.253,28.29
bristol,powergate,voyager,QPSK,01100001,-6.0,iter-2-scenario-3842,2,ok,3,246.5,37.5,7.397,28.11
bristol,powergate,voyager,QPSK,01100001,-5.5,iter-2-scenario-3843,2,ok,3,246.5,37.5,7.487,27.863
bristol,powergate,voyager,QPSK,01100010,-6.5,iter-2-scenario-3886,2,ok,3,246.5,37.5,7.143,28.283
bristol,powergate,voyager,QPSK,01100010,-6.0,iter-2-scenario-3887,2,ok,3,246.5,37.5,7.29,28.103
bristol,powergate,voyager,QPSK,01100010,-5.5,iter-2-scenario-3888,2,ok,3,246.5,37.5,7.38,27.853
bristol,powergate,voyager,QPSK,01100011,-6.5,iter-2-scenario-5269,2,ok,4,246.5,37.5,6.308,28.23
bristol,powergate,voyager,QPSK,01100011,-6.0,iter-2-scenario-5270,2,ok,4,246.5,37.5,6.457,28.04
bristol,powergate,voyager,QPSK,01100011,-5.5,iter-2-scenario-5271,2,ok,4,246.5,37.5,6.547,27.788
bristol,powergate,voyager,QPSK,01100100,-6.5,iter-2-scenario-4399,2,ok,3,246.5,37.5,6.97,28.273
bristol,powergate,voyager,QPSK,01100100,-6.0,iter-2-scenario-4400,2,ok,3,246.5,37.5,7.12,28.09
bristol,powergate,voyager,QPSK,01100100,-5.5,iter-2-scenario-4401,2,ok,3,246.5,37.5,7.207,27.843
bristol,powergate,voyager,QPSK,01100101,-6.5,iter-2-scenario-3430,2,ok,4,246.5,37.5,6.662,28.255
bristol,powergate,voyager,QPSK,01100101,-6.0,iter-2-scenario-3431,2,ok,4,246.5,37.5,6.808,28.07
bristol,powergate,voyager,QPSK,01100101,-5.5,iter-2-scenario-3432,2,ok,4,246.5,37.5,6.897,27.817
bristol,powergate,voyager,QPSK,01100110,-6.5,iter-2-scenario-2365,2,ok,4,246.5,37.5,6.135,28.218
bristol,powergate,voyager,QPSK,01100110,-6.0,iter-2-scenario-2366,2,ok,4,246.5,37.5,6.282,28.027
bristol,powergate,voyager,QPSK,01100110,-5.5,iter-2-scenario-2367,2,ok,4,246.5,37.5,6.375,27.773
bristol,powergate,voyager,QPSK,01100111,-6.5,iter-2-scenario-4528,2,ok,5,246.5,37.5,5.46,28.16
bristol,powergate,voyager,QPSK,01100111,-6.0,iter-2-scenario-4529,2,ok,5,246.5,37.5,5.61,27.96
bristol,powergate,voyager,QPSK,01100111,-5.5,iter-2-scenario-4530,2,ok,5,246.5,37.5,5.702,27.698
bristol,powergate,voyager,QPSK,01101000,-6.5,iter-2-scenario-841,2,ok,3,246.5,37.5,6.66,28.253
bristol,powergate,voyager,QPSK,01101000,-6.0,iter-2-scenario-842,2,ok,3,246.5,37.5,6.81,28.067
bristol,powergate,voyager,QPSK,01101000,-5.5,iter-2-scenario-843,2,ok,3,246.5,37.5,6.9,27.82
bristol,powergate,voyager,QPSK,01101001,-6.5,iter-2-scenario-5521,2,ok,4,246.5,37.5,6.607,28.25
bristol,powergate,voyager,QPSK,01101001,-6.0,iter-2-scenario-5522,2,ok,4,246.5,37.5,6.758,28.062
bristol,powergate,voyager,QPSK,01101001,-5.5,iter-2-scenario-5523,2,ok,4,246.5,37.5,6.848,27.812
bristol,powergate,voyager,QPSK,01101010,-6.5,iter-2-scenario-5890,2,ok,4,246.5,37.5,6.383,28.235
bristol,powergate,voyager,QPSK,01101010,-6.0,iter-2-scenario-5891,2,ok,4,246.5,37.5,6.53,28.05
bristol,powergate,voyager,QPSK,01101010,-5.5,iter-2-scenario-5892,2,ok,4,246.5,37.5,6.622,27.793
bristol,powergate,voyager,QPSK,01101011,-6.5,iter-2-scenario-3358,2,ok,5,246.5,37.5,5.714,28.182
bristol,powergate,voyager,QPSK,01101011,-6.0,iter-2-scenario-3359,2,ok,5,246.5,37.5,5.864,27.988
bristol,powergate,voyager,QPSK,01101011,-5.5,iter-2-scenario-3360,2,ok,5,246.5,37.5,5.954,27.73
bristol,powergate,voyager,QPSK,01101100,-6.5,iter-2-scenario-2029,2,ok,4,246.5,37.5,5.838,28.195
bristol,powergate,voyager,QPSK,01101100,-6.0,iter-2-scenario-2030,2,ok,4,246.5,37.5,5.987,28.0
bristol,powergate,voyager,QPSK,01101100,-5.5,iter-2-scenario-2031,2,ok,4,246.5,37.5,6.077,27.74
bristol,powergate,voyager,QPSK,01101101,-6.5,iter-2-scenario-538,2,ok,5,246.5,37.5,5.656,28.174
bristol,powergate,voyager,QPSK,01101101,-6.0,iter-2-scenario-539,2,ok,5,246.5,37.5,5.802,27.98
bristol,powergate,voyager,QPSK,01101101,-5.5,iter-2-scenario-540,2,ok,5,246.5,37.5,5.898,27.72
bristol,powergate,voyager,QPSK,01101110,-6.5,iter-2-scenario-2542,2,ok,5,246.5,37.5,5.196,28.136
bristol,powergate,voyager,QPSK,01101110,-6.0,iter-2-scenario-2543,2,ok,5,246.5,37.5,5.344,27.934
bristol,powergate,voyager,QPSK,01101110,-5.5,iter-2-scenario-2544,2,ok,5,246.5,37.5,5.436,27.668
bristol,powergate,voyager,QPSK,01101111,-6.5,iter-2-scenario-5122,2,ok,6,246.5,37.5,4.685,28.085
bristol,powergate,voyager,QPSK,01101111,-6.0,iter-2-scenario-5123,2,ok,6,246.5,37.5,4.837,27.875
bristol,powergate,voyager,QPSK,01101111,-5.5,iter-2-scenario-5124,2,ok,6,246.5,37.5,4.93,27.605
bristol,powergate,voyager,QPSK,01110000,-6.5,iter-2-scenario-646,2,ok,3,246.5,37.5,5.897,28.197
bristol,powergate,voyager,QPSK,01110000,-6.0,iter-2-scenario-647,2,ok,3,246.5,37.5,6.047,28.007
bristol,powergate,voyager,QPSK,01110000,-5.5,iter-2-scenario-648,2,ok,3,246.5,37.5,6.137,27.747
bristol,powergate,voyager,QPSK,01110001,-6.5,iter-2-scenario-5167,2,ok,4,246.5,37.5,6.143,28.21
bristol,powergate,voyager,QPSK,01110001,-6.0,iter-2-scenario-5168,2,ok,4,246.5,37.5,6.293,28.02
bristol,powergate,voyager,QPSK,01110001,-5.5,iter-2-scenario-5169,2,ok,4,246.5,37.5,6.383,27.765
bristol,powergate,voyager,QPSK,01110010,-6.5,iter-2-scenario-5233,2,ok,4,246.5,37.5,6.003,28.203
bristol,powergate,voyager,QPSK,01110010,-6.0,iter-2-scenario-5234,2,ok,4,246.5,37.5,6.145,28.008
bristol,powergate,voyager,QPSK,01110010,-5.5,iter-2-scenario-5235,2,ok,4,246.5,37.5,6.24,27.75
bristol,powergate,voyager,QPSK,01110011,-6.5,iter-2-scenario-2278,2,ok,5,246.5,37.5,5.464,28.16
bristol,powergate,voyager,QPSK,01110011,-6.0,iter-2-scenario-2279,2,ok,5,246.5,37.5,5.612,27.964
bristol,powergate,voyager,QPSK,01110011,-5.5,iter-2-scenario-2280,2,ok,5,246.5,37.5,5.704,27.7
bristol,powergate,voyager,QPSK,01110100,-6.5,iter-2-scenario-4138,2,ok,4,246.5,37.5,5.748,28.183
bristol,powergate,voyager,QPSK,01110100,-6.0,iter-2-scenario-4139,2,ok,4,246.5,37.5,5.897,27.99
bristol,powergate,voyager,QPSK,01110100,-5.5,iter-2-scenario-4140,2,ok,4,246.5,37.5,5.987,27.73
bristol,powergate,voyager,QPSK,01110101,-6.5,iter-2-scenario-2095,2,ok,5,246.5,37.5,5.63,28.17
bristol,powergate,voyager,QPSK,01110101,-6.0,iter-2-scenario-2096,2,ok,5,246.5,37.5,5.776,27.974
bristol,powergate,voyager,QPSK,01110101,-5.5,iter-2-scenario-2097,2,ok,5,246.5,37.5,5.868,27.712
bristol,powergate,voyager,QPSK,01110110,-6.5,iter-2-scenario-1339,2,ok,5,246.5,37.5,5.196,28.136
bristol,powergate,voyager,QPSK,01110110,-6.0,iter-2-scenario-1340,2,ok,5,246.5,37.5,5.346,27.936
bristol,powergate,voyager,QPSK,01110110,-5.5,iter-2-scenario-1341,2,ok,5,246.5,37.5,5.44,27.672
bristol,powergate,voyager,QPSK,01110111,-6.5,iter-2-scenario-2350,2,ok,6,246.5,37.5,4.717,28.088
bristol,powergate,voyager,QPSK,01110111,-6.0,iter-2-scenario-2351,2,ok,6,246.5,37.5,4.867,27.882
bristol,powergate,voyager,QPSK,01110111,-5.5,iter-2-scenario-2352,2,ok,6,246.5,37.5,4.957,27.612
bristol,powergate,voyager,QPSK,01111000,-6.5,iter-2-scenario-3439,2,ok,4,246.5,37.5,5.162,28.135
bristol,powergate,voyager,QPSK,01111000,-6.0,iter-2-scenario-3440,2,ok,4,246.5,37.5,5.31,27.93
bristol,powergate,voyager,QPSK,01111000,-5.5,iter-2-scenario-3441,2,ok,4,246.5,37.5,5.402,27.668
bristol,powergate,voyager,QPSK,01111001,-6.5,iter-2-scenario-3151,2,ok,5,246.5,37.5,5.298,28.138
bristol,powergate,voyager,QPSK,01111001,-6.0,iter-2-scenario-3152,2,ok,5,246.5,37.5,5.448,27.936
bristol,powergate,voyager,QPSK,01111001,-5.5,iter-2-scenario-3153,2,ok,5,246.5,37.5,5.54,27.674
bristol,powergate,voyager,QPSK,01111010,-6.5,iter-2-scenario-1114,2,ok,5,246.5,37.5,5.094,28.122
bristol,powergate,voyager,QPSK,01111010,-6.0,iter-2-scenario-1115,2,ok,5,246.5,37.5,5.244,27.92
bristol,powergate,voyager,QPSK,01111010,-5.5,iter-2-scenario-1116,2,ok,5,246.5,37.5,5.334,27.652
bristol,powergate,voyager,QPSK,01111011,-6.5,iter-2-scenario-5086,2,ok,6,246.5,37.5,4.688,28.083
bristol,powergate,voyager,QPSK,01111011,-6.0,iter-2-scenario-5087,2,ok,6,246.5,37.5,4.838,27.877
bristol,powergate,voyager,QPSK,01111011,-5.5,iter-2-scenario-5088,2,ok,6,246.5,37.5,4.932,27.607
bristol,powergate,voyager,QPSK,01111100,-6.5,iter-2-scenario-4930,2,ok,5,246.5,37.5,4.62,28.078
bristol,powergate,voyager,QPSK,01111100,-6.0,iter-2-scenario-4931,2,ok,5,246.5,37.5,4.77,27.87
bristol,powergate,voyager,QPSK,01111100,-5.5,iter-2-scenario-4932,2,ok,5,246.5,37.5,4.868,27.598
bristol,powergate,voyager,QPSK,01111101,-6.5,iter-2-scenario-4330,2,ok,6,246.5,37.5,4.59,28.07
bristol,powergate,voyager,QPSK,01111101,-6.0,iter-2-scenario-4331,2,ok,6,246.5,37.5,4.74,27.86
bristol,powergate,voyager,QPSK,01111101,-5.5,iter-2-scenario-4332,2,ok,6,246.5,37.5,4.832,27.588
bristol,powergate,voyager,QPSK,01111110,-6.5,iter-2-scenario-3547,2,ok,6,246.5,37.5,4.197,28.03
bristol,powergate,voyager,QPSK,01111110,-6.0,iter-2-scenario-3548,2,ok,6,246.5,37.5,4.348,27.815
bristol,powergate,voyager,QPSK,01111110,-5.5,iter-2-scenario-3549,2,ok,6,246.5,37.5,4.44,27.538
bristol,powergate,voyager,QPSK,01111111,-6.5,iter-2-scenario-5758,2,ok,7,246.5,37.5,3.849,27.987
bristol,powergate,voyager,QPSK,01111111,-6.0,iter-2-scenario-5759,2,ok,7,246.5,37.5,3.999,27.769
bristol,powergate,voyager,QPSK,01111111,-5.5,iter-2-scenario-5760,2,ok,7,246.5,37.5,4.096,27.487
bristol,powergate,voyager,QPSK,10000000,-6.5,iter-2-scenario-4582,2,ok,1,246.5,37.5,9.3,28.4
bristol,powergate,voyager,QPSK,10000000,-6.0,iter-2-scenario-4583,2,ok,1,246.5,37.5,9.45,28.23
bristol,powergate,voyager,QPSK,10000000,-5.5,iter-2-scenario-4584,2,ok,1,246.5,37.5,9.53,28.0
bristol,powergate,voyager,QPSK,10000001,-6.5,iter-2-scenario-2137,2,ok,2,246.5,37.5,8.915,28.38
bristol,powergate,voyager,QPSK,10000001,-6.0,iter-2-scenario-2138,2,ok,2,246.5,37.5,9.055,28.21
bristol,powergate,voyager,QPSK,10000001,-5.5,iter-2-scenario-2139,2,ok,2,246.5,37.5,9.145,27.975
bristol,powergate,voyager,QPSK,10000010,-6.5,iter-2-scenario-2002,2,ok,2,246.5,37.5,8.855,28.38
bristol,powergate,voyager,QPSK,10000010,-6.0,iter-2-scenario-2003,2,ok,2,246.5,37.5,9.0,28.205
bristol,powergate,voyager,QPSK,10000010,-5.5,iter-2-scenario-2004,2,ok,2,246.5,37.5,9.085,27.975
bristol,powergate,voyager,QPSK,10000011,-6.5,iter-2-scenario-3508,2,ok,3,246.5,37.5,7.32,28.293
bristol,powergate,voyager,QPSK,10000011,-6.0,iter-2-scenario-3509,2,ok,3,246.5,37.5,7.47,28.11
bristol,powergate,voyager,QPSK,10000011,-5.5,iter-2-scenario-3510,2,ok,3,246.5,37.5,7.56,27.87
bristol,powergate,voyager,QPSK,10000100,-6.5,iter-2-scenario-2245,2,ok,2,246.5,37.5,8.775,28.375
bristol,powergate,voyager,QPSK,10000100,-6.0,iter-2-scenario-2246,2,ok,2,246.5,37.5,8.92,28.205
bristol,powergate,voyager,QPSK,10000100,-5.5,iter-2-scenario-2247,2,ok,2,246.5,37.5,9.01,27.97
bristol,powergate,voyager,QPSK,10000101,-6.5,iter-2-scenario-3955,2,ok,3,246.5,37.5,7.947,28.333
bristol,powergate,voyager,QPSK,10000101,-6.0,iter-2-scenario-3956,2,ok,3,246.5,37.5,8.093,28.157
bristol,powergate,voyager,QPSK,10000101,-5.5,iter-2-scenario-3957,2,ok,3,246.5,37.5,8.183,27.917
bristol,powergate,voyager,QPSK,10000110,-6.5,iter-2-scenario-1780,2,ok,3,246.5,37.5,7.247,28.29
bristol,powergate,voyager,QPSK,10000110,-6.0,iter-2-scenario-1781,2,ok,3,246.5,37.5,7.397,28.11
bristol,powergate,voyager,QPSK,10000110,-5.5,iter-2-scenario-1782,2,ok,3,246.5,37.5,7.487,27.863
bristol,powergate,voyager,QPSK,10000111,-6.5,iter-2-scenario-5152,2,ok,4,246.5,37.5,6.232,28.215
bristol,powergate,voyager,QPSK,10000111,-6.0,iter-2-scenario-5153,2,ok,4,246.5,37.5,6.38,28.027
bristol,powergate,voyager,QPSK,10000111,-5.5,iter-2-scenario-5154,2,ok,4,246.5,37.5,6.473,27.77
bristol,powergate,voyager,QPSK,10001000,-6.5,iter-2-scenario-574,2,ok,2,246.5,37.5,8.655,28.37
bristol,powergate,voyager,QPSK,10001000,-6.0,iter-2-scenario-575,2,ok,2,246.5,37.5,8.8,28.2
bristol,powergate,voyager,QPSK,10001000,-5.5,iter-2-scenario-576,2,ok,2,246.5,37.5,8.89,27.96
bristol,powergate,voyager,QPSK,10001001,-6.5,iter-2-scenario-3313,2,ok,3,246.5,37.5,8.11,28.343
bristol,powergate,voyager,QPSK,10001001,-6.0,iter-2-scenario-3314,2,ok,3,246.5,37.5,8.26,28.167
bristol,powergate,voyager,QPSK,10001001,-5.5,iter-2-scenario-3315,2,ok,3,246.5,37.5,8.35,27.927
bristol,powergate,voyager,QPSK,10001010,-6.5,iter-2-scenario-3103,2,ok,3,246.5,37.5,7.847,28.327
bristol,powergate,voyager,QPSK,10001010,-6.0,iter-2-scenario-3104,2,ok,3,246.5,37.5,7.987,28.15
bristol,powergate,voyager,QPSK,10001010,-5.5,iter-2-scenario-3105,2,ok,3,246.5,37.5,8.077,27.91
bristol,powergate,voyager,QPSK,10001011,-6.5,iter-2-scenario-4093,2,ok,4,246.5,37.5,6.737,28.258
bristol,powergate,voyager,QPSK,10001011,-6.0,iter-2-scenario-4094,2,ok,4,246.5,37.5,6.883,28.07
bristol,powergate,voyager,QPSK,10001011,-5.5,iter-2-scenario-4095,2,ok,4,246.5,37.5,6.973,27.82
bristol,powergate,voyager,QPSK,10001100,-6.5,iter-2-scenario-5368,2,ok,3,246.5,37.5,7.14,28.283
bristol,powergate,voyager,QPSK,10001100,-6.0,iter-2-scenario-5369,2,ok,3,246.5,37.5,7.29,28.1
bristol,powergate,voyager,QPSK,10001100,-5.5,iter-2-scenario-5370,2,ok,3,246.5,37.5,7.38,27.857
bristol,powergate,voyager,QPSK,10001101,-6.5,iter-2-scenario-979,2,ok,4,246.5,37.5,6.718,28.253
bristol,powergate,voyager,QPSK,10001101,-6.0,iter-2-scenario-980,2,ok,4,246.5,37.5,6.857,28.07
bristol,powergate,voyager,QPSK,10001101,-5.5,iter-2-scenario-981,2,ok,4,246.5,37.5,6.955,27.818
bristol,powergate,voyager,QPSK,10001110,-6.5,iter-2-scenario-4345,2,ok,4,246.5,37.5,6.143,28.21
bristol,powergate,voyager,QPSK,10001110,-6.0,iter-2-scenario-4346,2,ok,4,246.5,37.5,6.287,28.015
bristol,powergate,voyager,QPSK,10001110,-5.5,iter-2-scenario-4347,2,ok,4,246.5,37.5,6.38,27.762
bristol,powergate,voyager,QPSK,10001111,-6.5,iter-2-scenario-1951,2,ok,5,246.5,37.5,5.422,28.148
bristol,powergate,voyager,QPSK,10001111,-6.0,iter-2-scenario-1952,2,ok,5,246.5,37.5,5.57,27.95
bristol,powergate,voyager,QPSK,10001111,-5.5,iter-2-scenario-1953,2,ok,5,246.5,37.5,5.662,27.684
bristol,powergate,voyager,QPSK,10010000,-6.5,iter-2-scenario-1576,2,ok,2,246.5,37.5,8.46,28.36
bristol,powergate,voyager,QPSK,10010000,-6.0,iter-2-scenario-1577,2,ok,2,246.5,37.5,8.605,28.19
bristol,powergate,voyager,QPSK,10010000,-5.5,iter-2-scenario-1578,2,ok,2,246.5,37.5,8.695,27.95
bristol,powergate,voyager,QPSK,10010001,-6.5,iter-2-scenario-1090,2,ok,3,246.5,37.5,8.113,28.343
bristol,powergate,voyager,QPSK,10010001,-6.0,iter-2-scenario-1091,2,ok,3,246.5,37.5,8.257,28.17
bristol,powergate,voyager,QPSK,10010001,-5.5,iter-2-scenario-1092,2,ok,3,246.5,37.5,8.347,27.93
bristol,powergate,voyager,QPSK,10010010,-6.5,iter-2-scenario-1435,2,ok,3,246.5,37.5,7.96,28.333
bristol,powergate,voyager,QPSK,10010010,-6.0,iter-2-scenario-1436,2,ok,3,246.5,37.5,8.107,28.157
bristol,powergate,voyager,QPSK,10010010,-5.5,iter-2-scenario-1437,2,ok,3,246.5,37.5,8.197,27.917
bristol,powergate,voyager,QPSK,10010011,-6.5,iter-2-scenario-5611,2,ok,4,246.5,37.5,6.873,28.267
bristol,powergate,voyager,QPSK,10010011,-6.0,iter-2-scenario-5612,2,ok,4,246.5,37.5,7.02,28.082
bristol,powergate,voyager,QPSK,10010011,-5.5,iter-2-scenario-5613,2,ok,4,246.5,37.5,7.112,27.835
bristol,powergate,voyager,QPSK,10010100,-6.5,iter-2-scenario-1231,2,ok,3,246.5,37.5,7.683,28.32
bristol,powergate,voyager,QPSK,10010100,-6.0,iter-2-scenario-1232,2,ok,3,246.5,37.5,7.83,28.14
bristol,powergate,voyager,QPSK,10010100,-5.5,iter-2-scenario-1233,2,ok,3,246.5,37.5,7.92,27.903
bristol,powergate,voyager,QPSK,10010101,-6.5,iter-2-scenario-4369,2,ok,4,246.5,37.5,7.15,28.285
bristol,powergate,voyager,QPSK,10010101,-6.0,iter-2-scenario-4370,2,ok,4,246.5,37.5,7.298,28.105
bristol,powergate,voyager,QPSK,10010101,-5.5,iter-2-scenario-4371,2,ok,4,246.5,37.5,7.388,27.86
bristol,powergate,voyager,QPSK,10010110,-6.5,iter-2-scenario-3625,2,ok,4,246.5,37.5,6.607,28.248
bristol,powergate,voyager,QPSK,10010110,-6.0,iter-2-scenario-3626,2,ok,4,246.5,37.5,6.755,28.062
bristol,powergate,voyager,QPSK,10010110,-5.5,iter-2-scenario-3627,2,ok,4,246.5,37.5,6.848,27.81
bristol,powergate,voyager,QPSK,10010111,-6.5,iter-2-scenario-3010,2,ok,5,246.5,37.5,5.81,28.184
bristol,powergate,voyager,QPSK,10010111,-6.0,iter-2-scenario-3011,2,ok,5,246.5,37.5,5.96,27.992
bristol,powergate,voyager,QPSK,10010111,-5.5,iter-2-scenario-3012,2,ok,5,246.5,37.5,6.05,27.728
bristol,powergate,voyager,QPSK,10011000,-6.5,iter-2-scenario-2053,2,ok,3,246.5,37.5,6.97,28.273
bristol,powergate,voyager,QPSK,10011000,-6.0,iter-2-scenario-2054,2,ok,3,246.5,37.5,7.12,28.09
bristol,powergate,voyager,QPSK,10011000,-5.5,iter-2-scenario-2055,2,ok,3,246.5,37.5,7.21,27.843
bristol,powergate,voyager,QPSK,10011001,-6.5,iter-2-scenario-4282,2,ok,4,246.5,37.5,6.817,28.262
bristol,powergate,voyager,QPSK,10011001,-6.0,iter-2-scenario-4283,2,ok,4,246.5,37.5,6.963,28.078
bristol,powergate,voyager,QPSK,10011001,-5.5,iter-2-scenario-4284,2,ok,4,246.5,37.5,7.055,27.828
bristol,powergate,voyager,QPSK,10011010,-6.5,iter-2-scenario-5851,2,ok,4,246.5,37.5,6.575,28.248
bristol,powergate,voyager,QPSK,10011010,-6.0,iter-2-scenario-5852,2,ok,4,246.5,37.5,6.723,28.06
bristol,powergate,voyager,QPSK,10011010,-5.5,iter-2-scenario-5853,2,ok,4,246.5,37.5,6.815,27.805
bristol,powergate,voyager,QPSK,10011011,-6.5,iter-2-scenario-4021,2,ok,5,246.5,37.5,5.858,28.192
bristol,powergate,voyager,QPSK,10011011,-6.0,iter-2-scenario-4022,2,ok,5,246.5,37.5,6.006,27.998
bristol,powergate,voyager,QPSK,10011011,-5.5,iter-2-scenario-4023,2,ok,5,246.5,37.5,6.096,27.738
bristol,powergate,voyager,QPSK,10011100,-6.5,iter-2-scenario-2314,2,ok,4,246.5,37.5,6.0,28.2
bristol,powergate,voyager,QPSK,10011100,-6.0,iter-2-scenario-2315,2,ok,4,246.5,37.5,6.143,28.008
bristol,powergate,voyager,QPSK,10011100,-5.5,iter-2-scenario-2316,2,ok,4,246.5,37.5,6.24,27.75
bristol,powergate,voyager,QPSK,10011101,-6.5,iter-2-scenario-2182,2,ok,5,246.5,37.5,5.768,28.18
bristol,powergate,voyager,QPSK,10011101,-6.0,iter-2-scenario-2183,2,ok,5,246.5,37.5,5.916,27.986
bristol,powergate,voyager,QPSK,10011101,-5.5,iter-2-scenario-2184,2,ok,5,246.5,37.5,6.01,27.724
bristol,powergate,voyager,QPSK,10011110,-6.5,iter-2-scenario-2512,2,ok,5,246.5,37.5,5.302,28.138
bristol,powergate,voyager,QPSK,10011110,-6.0,iter-2-scenario-2513,2,ok,5,246.5,37.5,5.45,27.938
bristol,powergate,voyager,QPSK,10011110,-5.5,iter-2-scenario-2514,2,ok,5,246.5,37.5,5.54,27.672
bristol,powergate,voyager,QPSK,10011111,-6.5,iter-2-scenario-3649,2,ok,6,246.5,37.5,4.765,28.082
bristol,powergate,voyager,QPSK,10011111,-6.0,iter-2-scenario-3650,2,ok,6,246.5,37.5,4.913,27.877
bristol,powergate,voyager,QPSK,10011111,-5.5,iter-2-scenario-3651,2,ok,6,246.5,37.5,5.007,27.605
bristol,powergate,voyager,QPSK,10100000,-6.5,iter-2-scenario-733,2,ok,2,246.5,37.5,8.085,28.34
bristol,powergate,voyager,QPSK,10100000,-6.0,iter-2-scenario-734,2,ok,2,246.5,37.5,8.225,28.17
bristol,powergate,voyager,QPSK,10100000,-5.5,iter-2-scenario-735,2,ok,2,246.5,37.5,8.315,27.93
bristol,powergate,voyager,QPSK,10100001,-6.5,iter-2-scenario-4426,2,ok,3,246.5,37.5,7.95,28.337
bristol,powergate,voyager,QPSK,10100001,-6.0,iter-2-scenario-4427,2,ok,3,246.5,37.5,8.097,28.157
bristol,powergate,voyager,QPSK,10100001,-5.5,iter-2-scenario-4428,2,ok,3,246.5,37.5,8.187,27.92
bristol,powergate,voyager,QPSK,10100010,-6.5,iter-2-scenario-442,2,ok,3,246.5,37.5,7.847,28.327
bristol,powergate,voyager,QPSK,10100010,-6.0,iter-2-scenario-443,2,ok,3,246.5,37.5,7.99,28.15
bristol,powergate,voyager,QPSK,10100010,-5.5,iter-2-scenario-444,2,ok,3,246.5,37.5,8.08,27.913
bristol,powergate,voyager,QPSK,10100011,-6.5,iter-2-scenario-1972,2,ok,4,246.5,37.5,6.825,28.267
bristol,powergate,voyager,QPSK,10100011,-6.0,iter-2-scenario-1973,2,ok,4,246.5,37.5,6.975,28.082
bristol,powergate,voyager,QPSK,10100011,-5.5,iter-2-scenario-1974,2,ok,4,246.5,37.5,7.065,27.832
bristol,powergate,voyager,QPSK,10100100,-6.5,iter-2-scenario-1375,2,ok,3,246.5,37.5,7.687,28.32
bristol,powergate,voyager,QPSK,10100100,-6.0,iter-2-scenario-1376,2,ok,3,246.5,37.5,7.83,28.14
bristol,powergate,voyager,QPSK,10100100,-5.5,iter-2-scenario-1377,2,ok,3,246.5,37.5,7.92,27.9
bristol,powergate,voyager,QPSK,10100101,-6.5,iter-2-scenario-3025,2,ok,4,246.5,37.5,7.19,28.293
bristol,powergate,voyager,QPSK,10100101,-6.0,iter-2-scenario-3026,2,ok,4,246.5,37.5,7.335,28.11
bristol,powergate,voyager,QPSK,10100101,-5.5,iter-2-scenario-3027,2,ok,4,246.5,37.5,7.425,27.863
bristol,powergate,voyager,QPSK,10100110,-6.5,iter-2-scenario-4243,2,ok,4,246.5,37.5,6.662,28.255
bristol,powergate,voyager,QPSK,10100110,-6.0,iter-2-scenario-4244,2,ok,4,246.5,37.5,6.81,28.067
bristol,powergate,voyager,QPSK,10100110,-5.5,iter-2-scenario-4245,2,ok,4,246.5,37.5,6.9,27.817
bristol,powergate,voyager,QPSK,10100111,-6.5,iter-2-scenario-3139,2,ok,5,246.5,37.5,5.876,28.19
bristol,powergate,voyager,QPSK,10100111,-6.0,iter-2-scenario-3140,2,ok,5,246.5,37.5,6.024,27.996
bristol,powergate,voyager,QPSK,10100111,-5.5,iter-2-scenario-3141,2,ok,5,246.5,37.5,6.116,27.74
bristol,powergate,voyager,QPSK,10101000,-6.5,iter-2-scenario-304,2,ok,3,246.5,37.5,7.397,28.303
bristol,powergate,voyager,QPSK,10101000,-6.0,iter-2-scenario-305,2,ok,3,246.5,37.5,7.54,28.123
bristol,powergate,voyager,QPSK,10101000,-5.5,iter-2-scenario-306,2,ok,3,246.5,37.5,7.63,27.88
bristol,powergate,voyager,QPSK,10101001,-6.5,iter-2-scenario-2737,2,ok,4,246.5,37.5,7.155,28.288
bristol,powergate,voyager,QPSK,10101001,-6.0,iter-2-scenario-2738,2,ok,4,246.5,37.5,7.298,28.108
bristol,powergate,voyager,QPSK,10101001,-5.5,iter-2-scenario-2739,2,ok,4,246.5,37.5,7.388,27.86
bristol,powergate,voyager,QPSK,10101010,-6.5,iter-2-scenario-4861,2,ok,4,246.5,37.5,6.928,28.275
bristol,powergate,voyager,QPSK,10101010,-6.0,iter-2-scenario-4862,2,ok,4,246.5,37.5,7.075,28.093
bristol,powergate,voyager,QPSK,10101010,-5.5,iter-2-scenario-4863,2,ok,4,246.5,37.5,7.165,27.843
bristol,powergate,voyager,QPSK,10101011,-6.5,iter-2-scenario-3577,2,ok,5,246.5,37.5,6.146,28.214
bristol,powergate,voyager,QPSK,10101011,-6.0,iter-2-scenario-3578,2,ok,5,246.5,37.5,6.294,28.026
bristol,powergate,voyager,QPSK,10101011,-5.5,iter-2-scenario-3579,2,ok,5,246.5,37.5,6.386,27.772
bristol,powergate,voyager,QPSK,10101100,-6.5,iter-2-scenario-4672,2,ok,4,246.5,37.5,6.385,28.235
bristol,powergate,voyager,QPSK,10101100,-6.0,iter-2-scenario-4673,2,ok,4,246.5,37.5,6.532,28.045
bristol,powergate,voyager,QPSK,10101100,-5.5,iter-2-scenario-4674,2,ok,4,246.5,37.5,6.625,27.795
bristol,powergate,voyager,QPSK,10101101,-6.5,iter-2-scenario-3802,2,ok,5,246.5,37.5,6.09,28.212
bristol,powergate,voyager,QPSK,10101101,-6.0,iter-2-scenario-3803,2,ok,5,246.5,37.5,6.238,28.018
bristol,powergate,voyager,QPSK,10101101,-5.5,iter-2-scenario-3804,2,ok,5,246.5,37.5,6.33,27.764
bristol,powergate,voyager,QPSK,10101110,-6.5,iter-2-scenario-4639,2,ok,5,246.5,37.5,5.626,28.168
bristol,powergate,voyager,QPSK,10101110,-6.0,iter-2-scenario-4640,2,ok,5,246.5,37.5,5.776,27.974
bristol,powergate,voyager,QPSK,10101110,-5.5,iter-2-scenario-4641,2,ok,5,246.5,37.5,5.868,27.714
bristol,powergate,voyager,QPSK,10101111,-6.5,iter-2-scenario-472,2,ok,6,246.5,37.5,5.043,28.115
bristol,powergate,voyager,QPSK,10101111,-6.0,iter-2-scenario-473,2,ok,6,246.5,37.5,5.193,27.912
bristol,powergate,voyager,QPSK,10101111,-5.5,iter-2-scenario-474,2,ok,6,246.5,37.5,5.285,27.643
bristol,powergate,voyager,QPSK,10110000,-6.5,iter-2-scenario-4594,2,ok,3,246.5,37.5,6.663,28.257
bristol,powergate,voyager,QPSK,10110000,-6.0,iter-2-scenario-4595,2,ok,3,246.5,37.5,6.813,28.07
bristol,powergate,voyager,QPSK,10110000,-5.5,iter-2-scenario-4596,2,ok,3,246.5,37.5,6.903,27.82
bristol,powergate,voyager,QPSK,10110001,-6.5,iter-2-scenario-379,2,ok,4,246.5,37.5,6.718,28.258
bristol,powergate,voyager,QPSK,10110001,-6.0,iter-2-scenario-380,2,ok,4,246.5,37.5,6.867,28.07
bristol,powergate,voyager,QPSK,10110001,-5.5,iter-2-scenario-381,2,ok,4,246.5,37.5,6.957,27.82
bristol,powergate,voyager,QPSK,10110010,-6.5,iter-2-scenario-4441,2,ok,4,246.5,37.5,6.578,28.247
bristol,powergate,voyager,QPSK,10110010,-6.0,iter-2-scenario-4442,2,ok,4,246.5,37.5,6.725,28.06
bristol,powergate,voyager,QPSK,10110010,-5.5,iter-2-scenario-4443,2,ok,4,246.5,37.5,6.817,27.81
bristol,powergate,voyager,QPSK,10110011,-6.5,iter-2-scenario-1300,2,ok,5,246.5,37.5,5.92,28.2
bristol,powergate,voyager,QPSK,10110011,-6.0,iter-2-scenario-1301,2,ok,5,246.5,37.5,6.07,28.006
bristol,powergate,voyager,QPSK,10110011,-5.5,iter-2-scenario-1302,2,ok,5,246.5,37.5,6.16,27.75
bristol,powergate,voyager,QPSK,10110100,-6.5,iter-2-scenario-1720,2,ok,4,246.5,37.5,6.333,28.23
bristol,powergate,voyager,QPSK,10110100,-6.0,iter-2-scenario-1721,2,ok,4,246.5,37.5,6.478,28.04
bristol,powergate,voyager,QPSK,10110100,-5.5,iter-2-scenario-1722,2,ok,4,246.5,37.5,6.57,27.785
bristol,powergate,voyager,QPSK,10110101,-6.5,iter-2-scenario-1471,2,ok,5,246.5,37.5,6.092,28.212
bristol,powergate,voyager,QPSK,10110101,-6.0,iter-2-scenario-1472,2,ok,5,246.5,37.5,6.236,28.022
bristol,powergate,voyager,QPSK,10110101,-5.5,iter-2-scenario-1473,2,ok,5,246.5,37.5,6.33,27.762
bristol,powergate,voyager,QPSK,10110110,-6.5,iter-2-scenario-5323,2,ok,5,246.5,37.5,5.66,28.178
bristol,powergate,voyager,QPSK,10110110,-6.0,iter-2-scenario-5324,2,ok,5,246.5,37.5,5.808,27.98
bristol,powergate,voyager,QPSK,10110110,-5.5,iter-2-scenario-5325,2,ok,5,246.5,37.5,5.9,27.72
bristol,powergate,voyager,QPSK,10110111,-6.5,iter-2-scenario-4066,2,ok,6,246.5,37.5,5.097,28.123
bristol,powergate,voyager,QPSK,10110111,-6.0,iter-2-scenario-4067,2,ok,6,246.5,37.5,5.247,27.923
bristol,powergate,voyager,QPSK,10110111,-5.5,iter-2-scenario-4068,2,ok,6,246.5,37.5,5.338,27.657
bristol,powergate,voyager,QPSK,10111000,-6.5,iter-2-scenario-3730,2,ok,4,246.5,37.5,5.753,28.185
bristol,powergate,voyager,QPSK,10111000,-6.0,iter-2-scenario-3731,2,ok,4,246.5,37.5,5.897,27.985
bristol,powergate,voyager,QPSK,10111000,-5.5,iter-2-scenario-3732,2,ok,4,246.5,37.5,5.99,27.73
bristol,powergate,voyager,QPSK,10111001,-6.5,iter-2-scenario-5050,2,ok,5,246.5,37.5,5.772,28.18
bristol,powergate,voyager,QPSK,10111001,-6.0,iter-2-scenario-5051,2,ok,5,246.5,37.5,5.92,27.986
bristol,powergate,voyager,QPSK,10111001,-5.5,iter-2-scenario-5052,2,ok,5,246.5,37.5,6.01,27.724
bristol,powergate,voyager,QPSK,10111010,-6.5,iter-2-scenario-1078,2,ok,5,246.5,37.5,5.566,28.164
bristol,powergate,voyager,QPSK,10111010,-6.0,iter-2-scenario-1079,2,ok,5,246.5,37.5,5.71,27.966
bristol,powergate,voyager,QPSK,10111010,-5.5,iter-2-scenario-1080,2,ok,5,246.5,37.5,5.804,27.706
bristol,powergate,voyager,QPSK,10111011,-6.5,iter-2-scenario-67,2,ok,6,246.5,37.5,5.08,28.122
bristol,powergate,voyager,QPSK,10111011,-6.0,iter-2-scenario-68,2,ok,6,246.5,37.5,5.228,27.918
bristol,powergate,voyager,QPSK,10111011,-5.5,iter-2-scenario-69,2,ok,6,246.5,37.5,5.32,27.652
bristol,powergate,voyager,QPSK,10111100,-6.5,iter-2-scenario-883,2,ok,5,246.5,37.5,5.096,28.12
bristol,powergate,voyager,QPSK,10111100,-6.0,iter-2-scenario-884,2,ok,5,246.5,37.5,5.244,27.92
bristol,powergate,voyager,QPSK,10111100,-5.5,iter-2-scenario-885,2,ok,5,246.5,37.5,5.336,27.652
bristol,powergate,voyager,QPSK,10111101,-6.5,iter-2-scenario-5911,2,ok,6,246.5,37.5,4.983,28.107
bristol,powergate,voyager,QPSK,10111101,-6.0,iter-2-scenario-5912,2,ok,6,246.5,37.5,5.132,27.905
bristol,powergate,voyager,QPSK,10111101,-5.5,iter-2-scenario-5913,2,ok,6,246.5,37.5,5.222,27.637
bristol,powergate,voyager,QPSK,10111110,-6.5,iter-2-scenario-5032,2,ok,6,246.5,37.5,4.59,28.068
bristol,powergate,voyager,QPSK,10111110,-6.0,iter-2-scenario-5033,2,ok,6,246.5,37.5,4.742,27.858
bristol,powergate,voyager,QPSK,10111110,-5.5,iter-2-scenario-5034,2,ok,6,246.5,37.5,4.832,27.585
bristol,powergate,voyager,QPSK,10111111,-6.5,iter-2-scenario-1270,2,ok,7,246.5,37.5,4.184,28.023
bristol,powergate,voyager,QPSK,10111111,-6.0,iter-2-scenario-1271,2,ok,7,246.5,37.5,4.336,27.809
bristol,powergate,voyager,QPSK,10111111,-5.5,iter-2-scenario-1272,2,ok,7,246.5,37.5,4.427,27.529
bristol,powergate,voyager,QPSK,11000000,-6.5,iter-2-scenario-901,2,ok,2,246.5,37.5,7.025,28.28
bristol,powergate,voyager,QPSK,11000000,-6.0,iter-2-scenario-902,2,ok,2,246.5,37.5,7.175,28.1
bristol,powergate,voyager,QPSK,11000000,-5.5,iter-2-scenario-903,2,ok,2,246.5,37.5,7.265,27.85
bristol,powergate,voyager,QPSK,11000001,-6.5,iter-2-scenario-6070,2,ok,3,246.5,37.5,7.33,28.297
bristol,powergate,voyager,QPSK,11000001,-6.0,iter-2-scenario-6071,2,ok,3,246.5,37.5,7.48,28.117
bristol,powergate,voyager,QPSK,11000001,-5.5,iter-2-scenario-6072,2,ok,3,246.5,37.5,7.57,27.87
bristol,powergate,voyager,QPSK,11000010,-6.5,iter-2-scenario-2941,2,ok,3,246.5,37.5,7.253,28.29
bristol,powergate,voyager,QPSK,11000010,-6.0,iter-2-scenario-2942,2,ok,3,246.5,37.5,7.403,28.11
bristol,powergate,voyager,QPSK,11000010,-5.5,iter-2-scenario-2943,2,ok,3,246.5,37.5,7.493,27.863
bristol,powergate,voyager,QPSK,11000011,-6.5,iter-2-scenario-718,2,ok,4,246.5,37.5,6.428,28.24
bristol,powergate,voyager,QPSK,11000011,-6.0,iter-2-scenario-719,2,ok,4,246.5,37.5,6.572,28.053
bristol,powergate,voyager,QPSK,11000011,-5.5,iter-2-scenario-720,2,ok,4,246.5,37.5,6.662,27.8
bristol,powergate,voyager,QPSK,11000100,-6.5,iter-2-scenario-4918,2,ok,3,246.5,37.5,7.147,28.287
bristol,powergate,voyager,QPSK,11000100,-6.0,iter-2-scenario-4919,2,ok,3,246.5,37.5,7.293,28.103
bristol,powergate,voyager,QPSK,11000100,-5.5,iter-2-scenario-4920,2,ok,3,246.5,37.5,7.38,27.857
bristol,powergate,voyager,QPSK,11000101,-6.5,iter-2-scenario-157,2,ok,4,246.5,37.5,6.83,28.265
bristol,powergate,voyager,QPSK,11000101,-6.0,iter-2-scenario-158,2,ok,4,246.5,37.5,6.975,28.08
bristol,powergate,voyager,QPSK,11000101,-5.5,iter-2-scenario-159,2,ok,4,246.5,37.5,7.065,27.832
bristol,powergate,voyager,QPSK,11000110,-6.5,iter-2-scenario-4738,2,ok,4,246.5,37.5,6.312,28.23
bristol,powergate,voyager,QPSK,11000110,-6.0,iter-2-scenario-4739,2,ok,4,246.5,37.5,6.457,28.043
bristol,powergate,voyager,QPSK,11000110,-5.5,iter-2-scenario-4740,2,ok,4,246.5,37.5,6.547,27.79
bristol,powergate,voyager,QPSK,11000111,-6.5,iter-2-scenario-3238,2,ok,5,246.5,37.5,5.624,28.174
bristol,powergate,voyager,QPSK,11000111,-6.0,iter-2-scenario-3239,2,ok,5,246.5,37.5,5.772,27.978
bristol,powergate,voyager,QPSK,11000111,-5.5,iter-2-scenario-3240,2,ok,5,246.5,37.5,5.864,27.718
bristol,powergate,voyager,QPSK,11001000,-6.5,iter-2-scenario-193,2,ok,3,246.5,37.5,6.973,28.273
bristol,powergate,voyager,QPSK,11001000,-6.0,iter-2-scenario-194,2,ok,3,246.5,37.5,7.123,28.09
bristol,powergate,voyager,QPSK,11001000,-5.5,iter-2-scenario-195,2,ok,3,246.5,37.5,7.213,27.843
bristol,powergate,voyager,QPSK,11001001,-6.5,iter-2-scenario-1357,2,ok,4,246.5,37.5,6.877,28.267
bristol,powergate,voyager,QPSK,11001001,-6.0,iter-2-scenario-1358,2,ok,4,246.5,37.5,7.025,28.082
bristol,powergate,voyager,QPSK,11001001,-5.5,iter-2-scenario-1359,2,ok,4,246.5,37.5,7.115,27.837
bristol,powergate,voyager,QPSK,11001010,-6.5,iter-2-scenario-1222,2,ok,4,246.5,37.5,6.665,28.255
bristol,powergate,voyager,QPSK,11001010,-6.0,iter-2-scenario-1223,2,ok,4,246.5,37.5,6.812,28.07
bristol,powergate,voyager,QPSK,11001010,-5.5,iter-2-scenario-1224,2,ok,4,246.5,37.5,6.902,27.817
bristol,powergate,voyager,QPSK,11001011,-6.5,iter-2-scenario-286,2,ok,5,246.5,37.5,5.96,28.204
bristol,powergate,voyager,QPSK,11001011,-6.0,iter-2-scenario-287,2,ok,5,246.5,37.5,6.106,28.01
bristol,powergate,voyager,QPSK,11001011,-5.5,iter-2-scenario-288,2,ok,5,246.5,37.5,6.196,27.754
bristol,powergate,voyager,QPSK,11001100,-6.5,iter-2-scenario-5449,2,ok,4,246.5,37.5,6.14,28.218
bristol,powergate,voyager,QPSK,11001100,-6.0,iter-2-scenario-5450,2,ok,4,246.5,37.5,6.287,28.027
bristol,powergate,voyager,QPSK,11001100,-5.5,iter-2-scenario-5451,2,ok,4,246.5,37.5,6.38,27.773
bristol,powergate,voyager,QPSK,11001101,-6.5,iter-2-scenario-4309,2,ok,5,246.5,37.5,5.922,28.198
bristol,powergate,voyager,QPSK,11001101,-6.0,iter-2-scenario-4310,2,ok,5,246.5,37.5,6.066,28.006
bristol,powergate,voyager,QPSK,11001101,-5.5,iter-2-scenario-4311,2,ok,5,246.5,37.5,6.162,27.748
bristol,powergate,voyager,QPSK,11001110,-6.5,iter-2-scenario-5776,2,ok,5,246.5,37.5,5.466,28.162
bristol,powergate,voyager,QPSK,11001110,-6.0,iter-2-scenario-5777,2,ok,5,246.5,37.5,5.612,27.962
bristol,powergate,voyager,QPSK,11001110,-5.5,iter-2-scenario-5778,2,ok,5,246.5,37.5,5.706,27.698
bristol,powergate,voyager,QPSK,11001111,-6.5,iter-2-scenario-184,2,ok,6,246.5,37.5,4.927,28.107
bristol,powergate,voyager,QPSK,11001111,-6.0,iter-2-scenario-185,2,ok,6,246.5,37.5,5.077,27.905
bristol,powergate,voyager,QPSK,11001111,-5.5,iter-2-scenario-186,2,ok,6,246.5,37.5,5.17,27.637
bristol,powergate,voyager,QPSK,11010000,-6.5,iter-2-scenario-3370,2,ok,3,246.5,37.5,6.67,28.253
bristol,powergate,voyager,QPSK,11010000,-6.0,iter-2-scenario-3371,2,ok,3,246.5,37.5,6.817,28.07
bristol,powergate,voyager,QPSK,11010000,-5.5,iter-2-scenario-3372,2,ok,3,246.5,37.5,6.907,27.82
bristol,powergate,voyager,QPSK,11010001,-6.5,iter-2-scenario-1921,2,ok,4,246.5,37.5,6.745,28.258
bristol,powergate,voyager,QPSK,11010001,-6.0,iter-2-scenario-1922,2,ok,4,246.5,37.5,6.893,28.072
bristol,powergate,voyager,QPSK,11010001,-5.5,iter-2-scenario-1923,2,ok,4,246.5,37.5,6.985,27.823
bristol,powergate,voyager,QPSK,11010010,-6.5,iter-2-scenario-4504,2,ok,4,246.5,37.5,6.615,28.25
bristol,powergate,voyager,QPSK,11010010,-6.0,iter-2-scenario-4505,2,ok,4,246.5,37.5,6.763,28.062
bristol,powergate,voyager,QPSK,11010010,-5.5,iter-2-scenario-4506,2,ok,4,246.5,37.5,6.853,27.815
bristol,powergate,voyager,QPSK,11010011,-6.5,iter-2-scenario-1585,2,ok,5,246.5,37.5,5.96,28.204
bristol,powergate,voyager,QPSK,11010011,-6.0,iter-2-scenario-1586,2,ok,5,246.5,37.5,6.108,28.012
bristol,powergate,voyager,QPSK,11010011,-5.5,iter-2-scenario-1587,2,ok,5,246.5,37.5,6.2,27.754
bristol,powergate,voyager,QPSK,11010100,-6.5,iter-2-scenario-5698,2,ok,4,246.5,37.5,6.388,28.235
bristol,powergate,voyager,QPSK,11010100,-6.0,iter-2-scenario-5699,2,ok,4,246.5,37.5,6.532,28.05
bristol,powergate,voyager,QPSK,11010100,-5.5,iter-2-scenario-5700,2,ok,4,246.5,37.5,6.622,27.795
bristol,powergate,voyager,QPSK,11010101,-6.5,iter-2-scenario-2650,2,ok,5,246.5,37.5,6.15,28.216
bristol,powergate,voyager,QPSK,11010101,-6.0,iter-2-scenario-2651,2,ok,5,246.5,37.5,6.296,28.026
bristol,powergate,voyager,QPSK,11010101,-5.5,iter-2-scenario-2652,2,ok,5,246.5,37.5,6.388,27.772
bristol,powergate,voyager,QPSK,11010110,-6.5,iter-2-scenario-1042,2,ok,5,246.5,37.5,5.724,28.184
bristol,powergate,voyager,QPSK,11010110,-6.0,iter-2-scenario-1043,2,ok,5,246.5,37.5,5.868,27.99
bristol,powergate,voyager,QPSK,11010110,-5.5,iter-2-scenario-1044,2,ok,5,246.5,37.5,5.964,27.73
bristol,powergate,voyager,QPSK,11010111,-6.5,iter-2-scenario-4885,2,ok,6,246.5,37.5,5.157,28.132
bristol,powergate,voyager,QPSK,11010111,-6.0,iter-2-scenario-4886,2,ok,6,246.5,37.5,5.307,27.932
bristol,powergate,voyager,QPSK,11010111,-5.5,iter-2-scenario-4887,2,ok,6,246.5,37.5,5.398,27.665
bristol,powergate,voyager,QPSK,11011000,-6.5,iter-2-scenario-1771,2,ok,4,246.5,37.5,5.848,28.195
bristol,powergate,voyager,QPSK,11011000,-6.0,iter-2-scenario-1772,2,ok,4,246.5,37.5,5.987,28.0
bristol,powergate,voyager,QPSK,11011000,-5.5,iter-2-scenario-1773,2,ok,4,246.5,37.5,6.088,27.745
bristol,powergate,voyager,QPSK,11011001,-6.5,iter-2-scenario-4039,2,ok,5,246.5,37.5,5.862,28.194
bristol,powergate,voyager,QPSK,11011001,-6.0,iter-2-scenario-4040,2,ok,5,246.5,37.5,6.01,27.998
bristol,powergate,voyager,QPSK,11011001,-5.5,iter-2-scenario-4041,2,ok,5,246.5,37.5,6.102,27.74
bristol,powergate,voyager,QPSK,11011010,-6.5,iter-2-scenario-5713,2,ok,5,246.5,37.5,5.662,28.18
bristol,powergate,voyager,QPSK,11011010,-6.0,iter-2-scenario-5714,2,ok,5,246.5,37.5,5.812,27.982
bristol,powergate,voyager,QPSK,11011010,-5.5,iter-2-scenario-5715,2,ok,5,246.5,37.5,5.902,27.72
bristol,powergate,voyager,QPSK,11011011,-6.5,iter-2-scenario-403,2,ok,6,246.5,37.5,5.168,28.133
bristol,powergate,voyager,QPSK,11011011,-6.0,iter-2-scenario-404,2,ok,6,246.5,37.5,5.318,27.935
bristol,powergate,voyager,QPSK,11011011,-5.5,iter-2-scenario-405,2,ok,6,246.5,37.5,5.41,27.67
bristol,powergate,voyager,QPSK,11011100,-6.5,iter-2-scenario-5644,2,ok,5,246.5,37.5,5.202,28.136
bristol,powergate,voyager,QPSK,11011100,-6.0,iter-2-scenario-5645,2,ok,5,246.5,37.5,5.348,27.936
bristol,powergate,voyager,QPSK,11011100,-5.5,iter-2-scenario-5646,2,ok,5,246.5,37.5,5.444,27.67
bristol,powergate,voyager,QPSK,11011101,-6.5,iter-2-scenario-5224,2,ok,6,246.5,37.5,5.083,28.122
bristol,powergate,voyager,QPSK,11011101,-6.0,iter-2-scenario-5225,2,ok,6,246.5,37.5,5.232,27.918
bristol,powergate,voyager,QPSK,11011101,-5.5,iter-2-scenario-5226,2,ok,6,246.5,37.5,5.323,27.652
bristol,powergate,voyager,QPSK,11011110,-6.5,iter-2-scenario-2560,2,ok,6,246.5,37.5,4.695,28.085
bristol,powergate,voyager,QPSK,11011110,-6.0,iter-2-scenario-2561,2,ok,6,246.5,37.5,4.845,27.88
bristol,powergate,voyager,QPSK,11011110,-5.5,iter-2-scenario-2562,2,ok,6,246.5,37.5,4.935,27.605
bristol,powergate,voyager,QPSK,11011111,-6.5,iter-2-scenario-4558,2,ok,7,246.5,37.5,4.28,28.037
bristol,powergate,voyager,QPSK,11011111,-6.0,iter-2-scenario-4559,2,ok,7,246.5,37.5,4.43,27.824
bristol,powergate,voyager,QPSK,11011111,-5.5,iter-2-scenario-4560,2,ok,7,246.5,37.5,4.521,27.55
bristol,powergate,voyager,QPSK,11100000,-6.5,iter-2-scenario-4804,2,ok,3,246.5,37.5,5.9,28.2
bristol,powergate,voyager,QPSK,11100000,-6.0,iter-2-scenario-4805,2,ok,3,246.5,37.5,6.05,28.007
bristol,powergate,voyager,QPSK,11100000,-5.5,iter-2-scenario-4806,2,ok,3,246.5,37.5,6.14,27.75
bristol,powergate,voyager,QPSK,11100001,-6.5,iter-2-scenario-1537,2,ok,4,246.5,37.5,6.242,28.22
bristol,powergate,voyager,QPSK,11100001,-6.0,iter-2-scenario-1538,2,ok,4,246.5,37.5,6.393,28.025
bristol,powergate,voyager,QPSK,11100001,-5.5,iter-2-scenario-1539,2,ok,4,246.5,37.5,6.485,27.775
bristol,powergate,voyager,QPSK,11100010,-6.5,iter-2-scenario-4792,2,ok,4,246.5,37.5,6.15,28.212
bristol,powergate,voyager,QPSK,11100010,-6.0,iter-2-scenario-4793,2,ok,4,246.5,37.5,6.295,28.023
bristol,powergate,voyager,QPSK,11100010,-5.5,iter-2-scenario-4794,2,ok,4,246.5,37.5,6.388,27.765
bristol,powergate,voyager,QPSK,11100011,-6.5,iter-2-scenario-5947,2,ok,5,246.5,37.5,5.628,28.174
bristol,powergate,voyager,QPSK,11100011,-6.0,iter-2-scenario-5948,2,ok,5,246.5,37.5,5.776,27.978
bristol,powergate,voyager,QPSK,11100011,-5.5,iter-2-scenario-5949,2,ok,5,246.5,37.5,5.87,27.718
bristol,powergate,voyager,QPSK,11100100,-6.5,iter-2-scenario-3820,2,ok,4,246.5,37.5,6.003,28.203
bristol,powergate,voyager,QPSK,11100100,-6.0,iter-2-scenario-3821,2,ok,4,246.5,37.5,6.152,28.01
bristol,powergate,voyager,QPSK,11100100,-5.5,iter-2-scenario-3822,2,ok,4,246.5,37.5,6.242,27.752
bristol,powergate,voyager,QPSK,11100101,-6.5,iter-2-scenario-1729,2,ok,5,246.5,37.5,5.882,28.192
bristol,powergate,voyager,QPSK,11100101,-6.0,iter-2-scenario-1730,2,ok,5,246.5,37.5,6.032,27.998
bristol,powergate,voyager,QPSK,11100101,-5.5,iter-2-scenario-1731,2,ok,5,246.5,37.5,6.122,27.742
bristol,powergate,voyager,QPSK,11100110,-6.5,iter-2-scenario-2878,2,ok,5,246.5,37.5,5.468,28.162
bristol,powergate,voyager,QPSK,11100110,-6.0,iter-2-scenario-2879,2,ok,5,246.5,37.5,5.614,27.964
bristol,powergate,voyager,QPSK,11100110,-5.5,iter-2-scenario-2880,2,ok,5,246.5,37.5,5.71,27.7
bristol,powergate,voyager,QPSK,11100111,-6.5,iter-2-scenario-5671,2,ok,6,246.5,37.5,4.973,28.115
bristol,powergate,voyager,QPSK,11100111,-6.0,iter-2-scenario-5672,2,ok,6,246.5,37.5,5.123,27.91
bristol,powergate,voyager,QPSK,11100111,-5.5,iter-2-scenario-5673,2,ok,6,246.5,37.5,5.215,27.643
bristol,powergate,voyager,QPSK,11101000,-6.5,iter-2-scenario-1807,2,ok,4,246.5,37.5,5.755,28.183
bristol,powergate,voyager,QPSK,11101000,-6.0,iter-2-scenario-1808,2,ok,4,246.5,37.5,5.9,27.99
bristol,powergate,voyager,QPSK,11101000,-5.5,iter-2-scenario-1809,2,ok,4,246.5,37.5,5.992,27.73
bristol,powergate,voyager,QPSK,11101001,-6.5,iter-2-scenario-1414,2,ok,5,246.5,37.5,5.82,28.184
bristol,powergate,voyager,QPSK,11101001,-6.0,iter-2-scenario-1415,2,ok,5,246.5,37.5,5.964,27.99
bristol,powergate,voyager,QPSK,11101001,-5.5,iter-2-scenario-1416,2,ok,5,246.5,37.5,6.056,27.73
bristol,powergate,voyager,QPSK,11101010,-6.5,iter-2-scenario-2887,2,ok,5,246.5,37.5,5.632,28.172
bristol,powergate,voyager,QPSK,11101010,-6.0,iter-2-scenario-2888,2,ok,5,246.5,37.5,5.78,27.974
bristol,powergate,voyager,QPSK,11101010,-5.5,iter-2-scenario-2889,2,ok,5,246.5,37.5,5.874,27.718
bristol,powergate,voyager,QPSK,11101011,-6.5,iter-2-scenario-2776,2,ok,6,246.5,37.5,5.162,28.132
bristol,powergate,voyager,QPSK,11101011,-6.0,iter-2-scenario-2777,2,ok,6,246.5,37.5,5.308,27.93
bristol,powergate,voyager,QPSK,11101011,-5.5,iter-2-scenario-2778,2,ok,6,246.5,37.5,5.402,27.665
bristol,powergate,voyager,QPSK,11101100,-6.5,iter-2-scenario-5803,2,ok,5,246.5,37.5,5.202,28.138
bristol,powergate,voyager,QPSK,11101100,-6.0,iter-2-scenario-5804,2,ok,5,246.5,37.5,5.35,27.938
bristol,powergate,voyager,QPSK,11101100,-5.5,iter-2-scenario-5805,2,ok,5,246.5,37.5,5.442,27.672
bristol,powergate,voyager,QPSK,11101101,-6.5,iter-2-scenario-2611,2,ok,6,246.5,37.5,5.102,28.125
bristol,powergate,voyager,QPSK,11101101,-6.0,iter-2-scenario-2612,2,ok,6,246.5,37.5,5.252,27.922
bristol,powergate,voyager,QPSK,11101101,-5.5,iter-2-scenario-2613,2,ok,6,246.5,37.5,5.343,27.658
bristol,powergate,voyager,QPSK,11101110,-6.5,iter-2-scenario-2968,2,ok,6,246.5,37.5,4.722,28.09
bristol,powergate,voyager,QPSK,11101110,-6.0,iter-2-scenario-2969,2,ok,6,246.5,37.5,4.87,27.883
bristol,powergate,voyager,QPSK,11101110,-5.5,iter-2-scenario-2970,2,ok,6,246.5,37.5,4.962,27.612
bristol,powergate,voyager,QPSK,11101111,-6.5,iter-2-scenario-3094,2,ok,7,246.5,37.5,4.317,28.046
bristol,powergate,voyager,QPSK,11101111,-6.0,iter-2-scenario-3095,2,ok,7,246.5,37.5,4.467,27.831
bristol,powergate,voyager,QPSK,11101111,-5.5,iter-2-scenario-3096,2,ok,7,246.5,37.5,4.559,27.559
bristol,powergate,voyager,QPSK,11110000,-6.5,iter-2-scenario-4003,2,ok,4,246.5,37.5,5.168,28.135
bristol,powergate,voyager,QPSK,11110000,-6.0,iter-2-scenario-4004,2,ok,4,246.5,37.5,5.315,27.932
bristol,powergate,voyager,QPSK,11110000,-5.5,iter-2-scenario-4005,2,ok,4,246.5,37.5,5.41,27.668
bristol,powergate,voyager,QPSK,11110001,-6.5,iter-2-scenario-3763,2,ok,5,246.5,37.5,5.43,28.15
bristol,powergate,voyager,QPSK,11110001,-6.0,iter-2-scenario-3764,2,ok,5,246.5,37.5,5.578,27.952
bristol,powergate,voyager,QPSK,11110001,-5.5,iter-2-scenario-3765,2,ok,5,246.5,37.5,5.67,27.686
bristol,powergate,voyager,QPSK,11110010,-6.5,iter-2-scenario-6085,2,ok,5,246.5,37.5,5.308,28.14
bristol,powergate,voyager,QPSK,11110010,-6.0,iter-2-scenario-6086,2,ok,5,246.5,37.5,5.458,27.938
bristol,powergate,voyager,QPSK,11110010,-5.5,iter-2-scenario-6087,2,ok,5,246.5,37.5,5.548,27.676
bristol,powergate,voyager,QPSK,11110011,-6.5,iter-2-scenario-1918,2,ok,6,246.5,37.5,4.932,28.107
bristol,powergate,voyager,QPSK,11110011,-6.0,iter-2-scenario-1919,2,ok,6,246.5,37.5,5.08,27.903
bristol,powergate,voyager,QPSK,11110011,-5.5,iter-2-scenario-1920,2,ok,6,246.5,37.5,5.173,27.637
bristol,powergate,voyager,QPSK,11110100,-6.5,iter-2-scenario-946,2,ok,5,246.5,37.5,5.096,28.122
bristol,powergate,voyager,QPSK,11110100,-6.0,iter-2-scenario-947,2,ok,5,246.5,37.5,5.25,27.92
bristol,powergate,voyager,QPSK,11110100,-5.5,iter-2-scenario-948,2,ok,5,246.5,37.5,5.34,27.652
bristol,powergate,voyager,QPSK,11110101,-6.5,iter-2-scenario-6019,2,ok,6,246.5,37.5,5.052,28.117
bristol,powergate,voyager,QPSK,11110101,-6.0,iter-2-scenario-6020,2,ok,6,246.5,37.5,5.2,27.913
bristol,powergate,voyager,QPSK,11110101,-5.5,iter-2-scenario-6021,2,ok,6,246.5,37.5,5.29,27.645
bristol,powergate,voyager,QPSK,11110110,-6.5,iter-2-scenario-127,2,ok,6,246.5,37.5,4.697,28.087
bristol,powergate,voyager,QPSK,11110110,-6.0,iter-2-scenario-128,2,ok,6,246.5,37.5,4.845,27.877
bristol,powergate,voyager,QPSK,11110110,-5.5,iter-2-scenario-129,2,ok,6,246.5,37.5,4.937,27.607
bristol,powergate,voyager,QPSK,11110111,-6.5,iter-2-scenario-685,2,ok,7,246.5,37.5,4.319,28.046
bristol,powergate,voyager,QPSK,11110111,-6.0,iter-2-scenario-686,2,ok,7,246.5,37.5,4.469,27.834
bristol,powergate,voyager,QPSK,11110111,-5.5,iter-2-scenario-687,2,ok,7,246.5,37.5,4.56,27.556
bristol,powergate,voyager,QPSK,11111000,-6.5,iter-2-scenario-5953,2,ok,5,246.5,37.5,4.628,28.08
bristol,powergate,voyager,QPSK,11111000,-6.0,iter-2-scenario-5954,2,ok,5,246.5,37.5,4.778,27.872
bristol,powergate,voyager,QPSK,11111000,-5.5,iter-2-scenario-5955,2,ok,5,246.5,37.5,4.868,27.598
bristol,powergate,voyager,QPSK,11111001,-6.5,iter-2-scenario-3196,2,ok,6,246.5,37.5,4.772,28.085
bristol,powergate,voyager,QPSK,11111001,-6.0,iter-2-scenario-3197,2,ok,6,246.5,37.5,4.922,27.88
bristol,powergate,voyager,QPSK,11111001,-5.5,iter-2-scenario-3198,2,ok,6,246.5,37.5,5.013,27.608
bristol,powergate,voyager,QPSK,11111010,-6.5,iter-2-scenario-220,2,ok,6,246.5,37.5,4.595,28.07
bristol,powergate,voyager,QPSK,11111010,-6.0,iter-2-scenario-221,2,ok,6,246.5,37.5,4.745,27.862
bristol,powergate,voyager,QPSK,11111010,-5.5,iter-2-scenario-222,2,ok,6,246.5,37.5,4.835,27.588
bristol,powergate,voyager,QPSK,11111011,-6.5,iter-2-scenario-253,2,ok,7,246.5,37.5,4.283,28.037
bristol,powergate,voyager,QPSK,11111011,-6.0,iter-2-scenario-254,2,ok,7,246.5,37.5,4.434,27.826
bristol,powergate,voyager,QPSK,11111011,-5.5,iter-2-scenario-255,2,ok,7,246.5,37.5,4.524,27.55
bristol,powergate,voyager,QPSK,11111100,-6.5,iter-2-scenario-2815,2,ok,6,246.5,37.5,4.203,28.032
bristol,powergate,voyager,QPSK,11111100,-6.0,iter-2-scenario-2816,2,ok,6,246.5,37.5,4.353,27.818
bristol,powergate,voyager,QPSK,11111100,-5.5,iter-2-scenario-2817,2,ok,6,246.5,37.5,4.447,27.538
bristol,powergate,voyager,QPSK,11111101,-6.5,iter-2-scenario-2911,2,ok,7,246.5,37.5,4.187,28.023
bristol,powergate,voyager,QPSK,11111101,-6.0,iter-2-scenario-2912,2,ok,7,246.5,37.5,4.339,27.809
bristol,powergate,voyager,QPSK,11111101,-5.5,iter-2-scenario-2913,2,ok,7,246.5,37.5,4.431,27.529
bristol,powergate,voyager,QPSK,11111110,-6.5,iter-2-scenario-4123,2,ok,7,246.5,37.5,3.856,27.989
bristol,powergate,voyager,QPSK,11111110,-6.0,iter-2-scenario-4124,2,ok,7,246.5,37.5,4.006,27.77
bristol,powergate,voyager,QPSK,11111110,-5.5,iter-2-scenario-4125,2,ok,7,246.5,37.5,4.097,27.487
bristol,powergate,voyager,QPSK,11111111,-6.5,iter-2-scenario-496,2,ok,8,246.5,37.5,3.561,27.949
bristol,powergate,voyager,QPSK,11111111,-6.0,iter-2-scenario-497,2,ok,8,246.5,37.5,3.711,27.726
bristol,powergate,voyager,QPSK,11111111,-5.5,iter-2-scenario-498,2,ok,8,246.5,37.5,3.803,27.439
bristol,reading,voyager,16QAM,00000000,-6.5,iter-2-scenario-1366,2,no_signal,0,169.5,50.0,,
bristol,reading,voyager,16QAM,00000000,-6.0,iter-2-scenario-1367,2,no_signal,0,169.5,50.0,,
bristol,reading,voyager,16QAM,00000000,-5.5,iter-2-scenario-1368,2,no_signal,0,169.5,50.0,,
bristol,reading,voyager,16QAM,00000001,-6.5,iter-2-scenario-70,2,ok,1,169.5,50.0,9.63,29.11
bristol,reading,voyager,16QAM,00000001,-6.0,iter-2-scenario-71,2,ok,1,169.5,50.0,9.65,29.11
bristol,reading,voyager,16QAM,00000001,-5.5,iter-2-scenario-72,2,ok,1,169.5,50.0,9.65,29.08
bristol,reading,voyager,16QAM,00000010,-6.5,iter-2-scenario-2458,2,ok,1,169.5,50.0,9.64,29.11
bristol,reading,voyager,16QAM,00000010,-6.0,iter-2-scenario-2459,2,ok,1,169.5,50.0,9.65,29.11
bristol,reading,voyager,16QAM,00000010,-5.5,iter-2-scenario-2460,2,ok,1,169.5,50.0,9.66,29.08
bristol,reading,voyager,16QAM,00000011,-6.5,iter-2-scenario-4483,2,ok,2,169.5,50.0,7.88,29.05
bristol,reading,voyager,16QAM,00000011,-6.0,iter-2-scenario-4484,2,ok,2,169.5,50.0,7.895,29.045
bristol,reading,voyager,16QAM,00000011,-5.5,iter-2-scenario-4485,2,ok,2,169.5,50.0,7.9,29.0
bristol,reading,voyager,16QAM,00000100,-6.5,iter-2-scenario-4939,2,ok,1,169.5,50.0,9.65,29.11
bristol,reading,voyager,16QAM,00000100,-6.0,iter-2-scenario-4940,2,ok,1,169.5,50.0,9.66,29.12
bristol,reading,voyager,16QAM,00000100,-5.5,iter-2-scenario-4941,2,ok,1,169.5,50.0,9.67,29.08
bristol,reading,voyager,16QAM,00000101,-6.5,iter-2-scenario-3865,2,ok,2,169.5,50.0,8.705,29.085
bristol,reading,voyager,16QAM,00000101,-6.0,iter-2-scenario-3866,2,ok,2,169.5,50.0,8.725,29.08
bristol,reading,voyager,16QAM,00000101,-5.5,iter-2-scenario-3867,2,ok,2,169.5,50.0,8.725,29.04
bristol,reading,voyager,16QAM,00000110,-6.5,iter-2-scenario-1825,2,ok,2,169.5,50.0,7.885,29.05
bristol,reading,voyager,16QAM,00000110,-6.0,iter-2-scenario-1826,2,ok,2,169.5,50.0,7.9,29.05
bristol,reading,voyager,16QAM,00000110,-5.5,iter-2-scenario-1827,2,ok,2,169.5,50.0,7.905,29.0
bristol,reading,voyager,16QAM,00000111,-6.5,iter-2-scenario-5125,2,ok,3,169.5,50.0,6.963,29.01
bristol,reading,voyager,16QAM,00000111,-6.0,iter-2-scenario-5126,2,ok,3,169.5,50.0,6.977,28.997
bristol,reading,voyager,16QAM,00000111,-5.5,iter-2-scenario-5127,2,ok,3,169.5,50.0,6.983,28.947
bristol,reading,voyager,16QAM,00001000,-6.5,iter-2-scenario-1882,2,ok,1,169.5,50.0,9.65,29.12
bristol,reading,voyager,16QAM,00001000,-6.0,iter-2-scenario-1883,2,ok,1,169.5,50.0,9.67,29.12
bristol,reading,voyager,16QAM,00001000,-5.5,iter-2-scenario-1884,2,ok,1,169.5,50.0,9.67,29.08
bristol,reading,voyager,16QAM,00001001,-6.5,iter-2-scenario-2521,2,ok,2,169.5,50.0,9.01,29.095
bristol,reading,voyager,16QAM,00001001,-6.0,iter-2-scenario-2522,2,ok,2,169.5,50.0,9.02,29.09
bristol,reading,voyager,16QAM,00001001,-5.5,iter-2-scenario-2523,2,ok,2,169.5,50.0,9.03,29.055
bristol,reading,voyager,16QAM,00001010,-6.5,iter-2-scenario-3352,2,ok,2,169.5,50.0,8.715,29.085
bristol,reading,voyager,16QAM,00001010,-6.0,iter-2-scenario-3353,2,ok,2,169.5,50.0,8.725,29.08
bristol,reading,voyager,16QAM,00001010,-5.5,iter-2-scenario-3354,2,ok,2,169.5,50.0,8.735,29.04
bristol,reading,voyager,16QAM,00001011,-6.5,iter-2-scenario-1252,2,ok,3,169.5,50.0,7.587,29.04
bristol,reading,voyager,16QAM,00001011,-6.0,iter-2-scenario-1253,2,ok,3,169.5,50.0,7.597,29.03
bristol,reading,voyager,16QAM,00001011,-5.5,iter-2-scenario-1254,2,ok,3,169.5,50.0,7.607,28.983
bristol,reading,voyager,16QAM,00001100,-6.5,iter-2-scenario-5041,2,ok,2,169.5,50.0,7.89,29.05
bristol,reading,voyager,16QAM,00001100,-6.0,iter-2-scenario-5042,2,ok,2,169.5,50.0,7.905,29.05
bristol,reading,voyager,16QAM,00001100,-5.5,iter-2-scenario-5043,2,ok,2,169.5,50.0,7.91,29.0
bristol,reading,voyager,16QAM,00001101,-6.5,iter-2-scenario-4117,2,ok,3,169.5,50.0,7.59,29.037
bristol,reading,voyager,16QAM,00001101,-6.0,iter-2-scenario-4118,2,ok,3,169.5,50.0,7.6,29.03
bristol,reading,voyager,16QAM,00001101,-5.5,iter-2-scenario-4119,2,ok,3,169.5,50.0,7.61,28.983
bristol,reading,voyager,16QAM,00001110,-6.5,iter-2-scenario-4858,2,ok,3,169.5,50.0,6.967,29.01
bristol,reading,voyager,16QAM,00001110,-6.0,iter-2-scenario-4859,2,ok,3,169.5,50.0,6.983,28.997
bristol,reading,voyager,16QAM,00001110,-5.5,iter-2-scenario-4860,2,ok,3,169.5,50.0,6.987,28.947
bristol,reading,voyager,16QAM,00001111,-6.5,iter-2-scenario-2008,2,ok,4,169.5,50.0,6.357,28.975
bristol,reading,voyager,16QAM,00001111,-6.0,iter-2-scenario-2009,2,ok,4,169.5,50.0,6.37,28.957
bristol,reading,voyager,16QAM,00001111,-5.5,iter-2-scenario-2010,2,ok,4,169.5,50.0,6.377,28.905
bristol,reading,voyager,16QAM,00010000,-6.5,iter-2-scenario-6052,2,ok,1,169.5,50.0,9.66,29.12
bristol,reading,voyager,16QAM,00010000,-6.0,iter-2-scenario-6053,2,ok,1,169.5,50.0,9.67,29.12
bristol,reading,voyager,16QAM,00010000,-5.5,iter-2-scenario-6054,2,ok,1,169.5,50.0,9.68,29.08
bristol,reading,voyager,16QAM,00010001,-6.5,iter-2-scenario-5917,2,ok,2,169.5,50.0,9.16,29.1
bristol,reading,voyager,16QAM,00010001,-6.0,iter-2-scenario-5918,2,ok,2,169.5,50.0,9.175,29.1
bristol,reading,voyager,16QAM,00010001,-5.5,iter-2-scenario-5919,2,ok,2,169.5,50.0,9.18,29.06
bristol,reading,voyager,16QAM,00010010,-6.5,iter-2-scenario-5230,2,ok,2,169.5,50.0,9.01,29.095
bristol,reading,voyager,16QAM,00010010,-6.0,iter-2-scenario-5231,2,ok,2,169.5,50.0,9.03,29.095
bristol,reading,voyager,16QAM,00010010,-5.5,iter-2-scenario-5232,2,ok,2,169.5,50.0,9.03,29.055
bristol,reading,voyager,16QAM,00010011,-6.5,iter-2-scenario-4537,2,ok,3,169.5,50.0,7.84,29.05
bristol,reading,voyager,16QAM,00010011,-6.0,iter-2-scenario-4538,2,ok,3,169.5,50.0,7.85,29.043
bristol,reading,voyager,16QAM,00010011,-5.5,iter-2-scenario-4539,2,ok,3,169.5,50.0,7.86,28.997
bristol,reading,voyager,16QAM,00010100,-6.5,iter-2-scenario-2263,2,ok,2,169.5,50.0,8.72,29.09
bristol,reading,voyager,16QAM,00010100,-6.0,iter-2-scenario-2264,2,ok,2,169.5,50.0,8.735,29.08
bristol,reading,voyager,16QAM,00010100,-5.5,iter-2-scenario-2265,2,ok,2,169.5,50.0,8.74,29.04
bristol,reading,voyager,16QAM,00010101,-6.5,iter-2-scenario-5938,2,ok,3,169.5,50.0,8.17,29.063
bristol,reading,voyager,16QAM,00010101,-6.0,iter-2-scenario-5939,2,ok,3,169.5,50.0,8.187,29.06
bristol,reading,voyager,16QAM,00010101,-5.5,iter-2-scenario-5940,2,ok,3,169.5,50.0,8.19,29.017
bristol,reading,voyager,16QAM,00010110,-6.5,iter-2-scenario-367,2,ok,3,169.5,50.0,7.593,29.04
bristol,reading,voyager,16QAM,00010110,-6.0,iter-2-scenario-368,2,ok,3,169.5,50.0,7.607,29.03
bristol,reading,voyager,16QAM,00010110,-5.5,iter-2-scenario-369,2,ok,3,169.5,50.0,7.613,28.983
bristol,reading,voyager,16QAM,00010111,-6.5,iter-2-scenario-1666,2,ok,4,169.5,50.0,6.837,29.0
bristol,reading,voyager,16QAM,00010111,-6.0,iter-2-scenario-1667,2,ok,4,169.5,50.0,6.85,28.985
bristol,reading,voyager,16QAM,00010111,-5.5,iter-2-scenario-1668,2,ok,4,169.5,50.0,6.857,28.938
bristol,reading,voyager,16QAM,00011000,-6.5,iter-2-scenario-4735,2,ok,2,169.5,50.0,7.895,29.055
bristol,reading,voyager,16QAM,00011000,-6.0,iter-2-scenario-4736,2,ok,2,169.5,50.0,7.915,29.05
bristol,reading,voyager,16QAM,00011000,-5.5,iter-2-scenario-4737,2,ok,2,169.5,50.0,7.915,29.0
bristol,reading,voyager,16QAM,00011001,-6.5,iter-2-scenario-2068,2,ok,3,169.5,50.0,7.84,29.05
bristol,reading,voyager,16QAM,00011001,-6.0,iter-2-scenario-2069,2,ok,3,169.5,50.0,7.857,29.04
bristol,reading,voyager,16QAM,00011001,-5.5,iter-2-scenario-2070,2,ok,3,169.5,50.0,7.86,28.997
bristol,reading,voyager,16QAM,00011010,-6.5,iter-2-scenario-3964,2,ok,3,169.5,50.0,7.593,29.037
bristol,reading,voyager,16QAM,00011010,-6.0,iter-2-scenario-3965,2,ok,3,169.5,50.0,7.61,29.03
bristol,reading,voyager,16QAM,00011010,-5.5,iter-2-scenario-3966,2,ok,3,169.5,50.0,7.613,28.987
bristol,reading,voyager,16QAM,00011011,-6.5,iter-2-scenario-4570,2,ok,4,169.5,50.0,6.92,29.008
bristol,reading,voyager,16QAM,00011011,-6.0,iter-2-scenario-4571,2,ok,4,169.5,50.0,6.935,28.995
bristol,reading,voyager,16QAM,00011011,-5.5,iter-2-scenario-4572,2,ok,4,169.5,50.0,6.94,28.945
bristol,reading,voyager,16QAM,00011100,-6.5,iter-2-scenario-2371,2,ok,3,169.5,50.0,6.977,29.01
bristol,reading,voyager,16QAM,00011100,-6.0,iter-2-scenario-2372,2,ok,3,169.5,50.0,6.99,28.997
bristol,reading,voyager,16QAM,00011100,-5.5,iter-2-scenario-2373,2,ok,3,169.5,50.0,6.997,28.947
bristol,reading,voyager,16QAM,00011101,-6.5,iter-2-scenario-2116,2,ok,4,169.5,50.0,6.84,29.005
bristol,reading,voyager,16QAM,00011101,-6.0,iter-2-scenario-2117,2,ok,4,169.5,50.0,6.855,28.987
bristol,reading,voyager,16QAM,00011101,-5.5,iter-2-scenario-2118,2,ok,4,169.5,50.0,6.86,28.935
bristol,reading,voyager,16QAM,00011110,-6.5,iter-2-scenario-2974,2,ok,4,169.5,50.0,6.362,28.975
bristol,reading,voyager,16QAM,00011110,-6.0,iter-2-scenario-2975,2,ok,4,169.5,50.0,6.377,28.957
bristol,reading,voyager,16QAM,00011110,-5.5,iter-2-scenario-2976,2,ok,4,169.5,50.0,6.383,28.907
bristol,reading,voyager,16QAM,00011111,-6.5,iter-2-scenario-3952,2,ok,5,169.5,50.0,5.908,28.948
bristol,reading,voyager,16QAM,00011111,-6.0,iter-2-scenario-3953,2,ok,5,169.5,50.0,5.922,28.926
bristol,reading,voyager,16QAM,00011111,-5.5,iter-2-scenario-3954,2,ok,5,169.5,50.0,5.928,28.87
bristol,reading,voyager,16QAM,00100000,-6.5,iter-2-scenario-3754,2,ok,1,169.5,50.0,9.66,29.12
bristol,reading,voyager,16QAM,00100000,-6.0,iter-2-scenario-3755,2,ok,1,169.5,50.0,9.68,29.12
bristol,reading,voyager,16QAM,00100000,-5.5,iter-2-scenario-3756,2,ok,1,169.5,50.0,9.68,29.08
bristol,reading,voyager,16QAM,00100001,-6.5,iter-2-scenario-4348,2,ok,2,169.5,50.0,9.255,29.105
bristol,reading,voyager,16QAM,00100001,-6.0,iter-2-scenario-4349,2,ok,2,169.5,50.0,9.275,29.105
bristol,reading,voyager,16QAM,00100001,-5.5,iter-2-scenario-4350,2,ok,2,169.5,50.0,9.275,29.065
bristol,reading,voyager,16QAM,00100010,-6.5,iter-2-scenario-4096,2,ok,2,169.5,50.0,9.17,29.1
bristol,reading,voyager,16QAM,00100010,-6.0,iter-2-scenario-4097,2,ok,2,169.5,50.0,9.18,29.1
bristol,reading,voyager,16QAM,00100010,-5.5,iter-2-scenario-4098,2,ok,2,169.5,50.0,9.19,29.06
bristol,reading,voyager,16QAM,00100011,-6.5,iter-2-scenario-2308,2,ok,3,169.5,50.0,7.977,29.057
bristol,reading,voyager,16QAM,00100011,-6.0,iter-2-scenario-2309,2,ok,3,169.5,50.0,7.993,29.05
bristol,reading,voyager,16QAM,00100011,-5.5,iter-2-scenario-2310,2,ok,3,169.5,50.0,7.997,29.003
bristol,reading,voyager,16QAM,00100100,-6.5,iter-2-scenario-1627,2,ok,2,169.5,50.0,9.02,29.1
bristol,reading,voyager,16QAM,00100100,-6.0,iter-2-scenario-1628,2,ok,2,169.5,50.0,9.03,29.095
bristol,reading,voyager,16QAM,00100100,-5.5,iter-2-scenario-1629,2,ok,2,169.5,50.0,9.04,29.055
bristol,reading,voyager,16QAM,00100101,-6.5,iter-2-scenario-1681,2,ok,3,169.5,50.0,8.407,29.077
bristol,reading,voyager,16QAM,00100101,-6.0,iter-2-scenario-1682,2,ok,3,169.5,50.0,8.417,29.07
bristol,reading,voyager,16QAM,00100101,-5.5,iter-2-scenario-1683,2,ok,3,169.5,50.0,8.427,29.027
bristol,reading,voyager,16QAM,00100110,-6.5,iter-2-scenario-1597,2,ok,3,169.5,50.0,7.84,29.05
bristol,reading,voyager,16QAM,00100110,-6.0,iter-2-scenario-1598,2,ok,3,169.5,50.0,7.86,29.043
bristol,reading,voyager,16QAM,00100110,-5.5,iter-2-scenario-1599,2,ok,3,169.5,50.0,7.86,29.0
bristol,reading,voyager,16QAM,00100111,-6.5,iter-2-scenario-5896,2,ok,4,169.5,50.0,7.043,29.012
bristol,reading,voyager,16QAM,00100111,-6.0,iter-2-scenario-5897,2,ok,4,169.5,50.0,7.057,29.0
bristol,reading,voyager,16QAM,00100111,-5.5,iter-2-scenario-5898,2,ok,4,169.5,50.0,7.062,28.947
bristol,reading,voyager,16QAM,00101000,-6.5,iter-2-scenario-3289,2,ok,2,169.5,50.0,8.725,29.09
bristol,reading,voyager,16QAM,00101000,-6.0,iter-2-scenario-3290,2,ok,2,169.5,50.0,8.74,29.085
bristol,reading,voyager,16QAM,00101000,-5.5,iter-2-scenario-3291,2,ok,2,169.5,50.0,8.745,29.045
bristol,reading,voyager,16QAM,00101001,-6.5,iter-2-scenario-5746,2,ok,3,169.5,50.0,8.41,29.077
bristol,reading,voyager,16QAM,00101001,-6.0,iter-2-scenario-5747,2,ok,3,169.5,50.0,8.42,29.07
bristol,reading,voyager,16QAM,00101001,-5.5,iter-2-scenario-5748,2,ok,3,169.5,50.0,8.43,29.03
bristol,reading,voyager,16QAM,00101010,-6.5,iter-2-scenario-5389,2,ok,3,169.5,50.0,8.177,29.067
bristol,reading,voyager,16QAM,00101010,-6.0,iter-2-scenario-5390,2,ok,3,169.5,50.0,8.19,29.06
bristol,reading,voyager,16QAM,00101010,-5.5,iter-2-scenario-5391,2,ok,3,169.5,50.0,8.197,29.017
bristol,reading,voyager,16QAM,00101011,-6.5,iter-2-scenario-2908,2,ok,4,169.5,50.0,7.36,29.027
bristol,reading,voyager,16QAM,00101011,-6.0,iter-2-scenario-2909,2,ok,4,169.5,50.0,7.377,29.017
bristol,reading,voyager,16QAM,00101011,-5.5,iter-2-scenario-2910,2,ok,4,169.5,50.0,7.38,28.973
bristol,reading,voyager,16QAM,00101100,-6.5,iter-2-scenario-2395,2,ok,3,169.5,50.0,7.597,29.04
bristol,reading,voyager,16QAM,00101100,-6.0,iter-2-scenario-2396,2,ok,3,169.5,50.0,7.613,29.03
bristol,reading,voyager,16QAM,00101100,-5.5,iter-2-scenario-2397,2,ok,3,169.5,50.0,7.617,28.987
bristol,reading,voyager,16QAM,00101101,-6.5,iter-2-scenario-3532,2,ok,4,169.5,50.0,7.317,29.027
bristol,reading,voyager,16QAM,00101101,-6.0,iter-2-scenario-3533,2,ok,4,169.5,50.0,7.33,29.017
bristol,reading,voyager,16QAM,00101101,-5.5,iter-2-scenario-3534,2,ok,4,169.5,50.0,7.338,28.968
bristol,reading,voyager,16QAM,00101110,-6.5,iter-2-scenario-4669,2,ok,4,169.5,50.0,6.845,29.0
bristol,reading,voyager,16QAM,00101110,-6.0,iter-2-scenario-4670,2,ok,4,169.5,50.0,6.86,28.99
bristol,reading,voyager,16QAM,00101110,-5.5,iter-2-scenario-4671,2,ok,4,169.5,50.0,6.865,28.938
bristol,reading,voyager,16QAM,00101111,-6.5,iter-2-scenario-856,2,ok,5,169.5,50.0,6.296,28.97
bristol,reading,voyager,16QAM,00101111,-6.0,iter-2-scenario-857,2,ok,5,169.5,50.0,6.312,28.954
bristol,reading,voyager,16QAM,00101111,-5.5,iter-2-scenario-858,2,ok,5,169.5,50.0,6.316,28.898
bristol,reading,voyager,16QAM,00110000,-6.5,iter-2-scenario-2800,2,ok,2,169.5,50.0,7.905,29.06
bristol,reading,voyager,16QAM,00110000,-6.0,iter-2-scenario-2801,2,ok,2,169.5,50.0,7.92,29.05
bristol,reading,voyager,16QAM,00110000,-5.5,iter-2-scenario-2802,2,ok,2,169.5,50.0,7.925,29.005
bristol,reading,voyager,16QAM,00110001,-6.5,iter-2-scenario-1006,2,ok,3,169.5,50.0,7.983,29.057
bristol,reading,voyager,16QAM,00110001,-6.0,iter-2-scenario-1007,2,ok,3,169.5,50.0,8.0,29.05
bristol,reading,voyager,16QAM,00110001,-5.5,iter-2-scenario-1008,2,ok,3,169.5,50.0,8.003,29.003
bristol,reading,voyager,16QAM,00110010,-6.5,iter-2-scenario-5677,2,ok,3,169.5,50.0,7.85,29.05
bristol,reading,voyager,16QAM,00110010,-6.0,iter-2-scenario-5678,2,ok,3,169.5,50.0,7.86,29.043
bristol,reading,voyager,16QAM,00110010,-5.5,iter-2-scenario-5679,2,ok,3,169.5,50.0,7.87,29.0
bristol,reading,voyager,16QAM,00110011,-6.5,iter-2-scenario-4432,2,ok,4,169.5,50.0,7.168,29.023
bristol,reading,voyager,16QAM,00110011,-6.0,iter-2-scenario-4433,2,ok,4,169.5,50.0,7.188,29.01
bristol,reading,voyager,16QAM,00110011,-5.5,iter-2-scenario-4434,2,ok,4,169.5,50.0,7.19,28.96
bristol,reading,voyager,16QAM,00110100,-6.5,iter-2-scenario-3046,2,ok,3,169.5,50.0,7.6,29.043
bristol,reading,voyager,16QAM,00110100,-6.0,iter-2-scenario-3047,2,ok,3,169.5,50.0,7.613,29.033
bristol,reading,voyager,16QAM,00110100,-5.5,iter-2-scenario-3048,2,ok,3,169.5,50.0,7.62,28.987
bristol,reading,voyager,16QAM,00110101,-6.5,iter-2-scenario-1744,2,ok,4,169.5,50.0,7.365,29.03
bristol,reading,voyager,16QAM,00110101,-6.0,iter-2-scenario-1745,2,ok,4,169.5,50.0,7.377,29.017
bristol,reading,voyager,16QAM,00110101,-5.5,iter-2-scenario-1746,2,ok,4,169.5,50.0,7.385,28.973
bristol,reading,voyager,16QAM,00110110,-6.5,iter-2-scenario-4132,2,ok,4,169.5,50.0,6.925,29.01
bristol,reading,voyager,16QAM,00110110,-6.0,iter-2-scenario-4133,2,ok,4,169.5,50.0,6.94,28.997
bristol,reading,voyager,16QAM,00110110,-5.5,iter-2-scenario-4134,2,ok,4,169.5,50.0,6.945,28.945
bristol,reading,voyager,16QAM,00110111,-6.5,iter-2-scenario-5482,2,ok,5,169.5,50.0,6.388,28.98
bristol,reading,voyager,16QAM,00110111,-6.0,iter-2-scenario-5483,2,ok,5,169.5,50.0,6.404,28.96
bristol,reading,voyager,16QAM,00110111,-5.5,iter-2-scenario-5484,2,ok,5,169.5,50.0,6.408,28.908
bristol,reading,voyager,16QAM,00111000,-6.5,iter-2-scenario-3994,2,ok,3,169.5,50.0,6.983,29.01
bristol,reading,voyager,16QAM,00111000,-6.0,iter-2-scenario-3995,2,ok,3,169.5,50.0,6.997,28.997
bristol,reading,voyager,16QAM,00111000,-5.5,iter-2-scenario-3996,2,ok,3,169.5,50.0,7.003,28.95
bristol,reading,voyager,16QAM,00111001,-6.5,iter-2-scenario-5302,2,ok,4,169.5,50.0,7.053,29.012
bristol,reading,voyager,16QAM,00111001,-6.0,iter-2-scenario-5303,2,ok,4,169.5,50.0,7.065,29.0
bristol,reading,voyager,16QAM,00111001,-5.5,iter-2-scenario-5304,2,ok,4,169.5,50.0,7.075,28.953
bristol,reading,voyager,16QAM,00111010,-6.5,iter-2-scenario-1420,2,ok,4,169.5,50.0,6.848,29.005
bristol,reading,voyager,16QAM,00111010,-6.0,iter-2-scenario-1421,2,ok,4,169.5,50.0,6.862,28.99
bristol,reading,voyager,16QAM,00111010,-5.5,iter-2-scenario-1422,2,ok,4,169.5,50.0,6.867,28.94
bristol,reading,voyager,16QAM,00111011,-6.5,iter-2-scenario-1234,2,ok,5,169.5,50.0,6.39,28.98
bristol,reading,voyager,16QAM,00111011,-6.0,iter-2-scenario-1235,2,ok,5,169.5,50.0,6.406,28.964
bristol,reading,voyager,16QAM,00111011,-5.5,iter-2-scenario-1236,2,ok,5,169.5,50.0,6.41,28.908
bristol,reading,voyager,16QAM,00111100,-6.5,iter-2-scenario-4375,2,ok,4,169.5,50.0,6.37,28.975
bristol,reading,voyager,16QAM,00111100,-6.0,iter-2-scenario-4376,2,ok,4,169.5,50.0,6.383,28.962
bristol,reading,voyager,16QAM,00111100,-5.5,iter-2-scenario-4377,2,ok,4,169.5,50.0,6.39,28.907
bristol,reading,voyager,16QAM,00111101,-6.5,iter-2-scenario-2143,2,ok,5,169.5,50.0,6.304,28.972
bristol,reading,voyager,16QAM,00111101,-6.0,iter-2-scenario-2144,2,ok,5,169.5,50.0,6.316,28.956
bristol,reading,voyager,16QAM,00111101,-5.5,iter-2-scenario-2145,2,ok,5,169.5,50.0,6.324,28.9
bristol,reading,voyager,16QAM,00111110,-6.5,iter-2-scenario-4723,2,ok,5,169.5,50.0,5.914,28.95
bristol,reading,voyager,16QAM,00111110,-6.0,iter-2-scenario-4724,2,ok,5,169.5,50.0,5.928,28.93
bristol,reading,voyager,16QAM,00111110,-5.5,iter-2-scenario-4725,2,ok,5,169.5,50.0,5.934,28.872
bristol,reading,voyager,16QAM,00111111,-6.5,iter-2-scenario-1960,2,ok,6,169.5,50.0,5.558,28.923
bristol,reading,voyager,16QAM,00111111,-6.0,iter-2-scenario-1961,2,ok,6,169.5,50.0,5.572,28.902
bristol,reading,voyager,16QAM,00111111,-5.5,iter-2-scenario-1962,2,ok,6,169.5,50.0,5.578,28.84
bristol,reading,voyager,16QAM,01000000,-6.5,iter-2-scenario-6022,2,ok,1,169.5,50.0,9.67,29.12
bristol,reading,voyager,16QAM,01000000,-6.0,iter-2-scenario-6023,2,ok,1,169.5,50.0,9.69,29.12
bristol,reading,voyager,16QAM,01000000,-5.5,iter-2-scenario-6024,2,ok,1,169.5,50.0,9.69,29.08
bristol,reading,voyager,16QAM,01000001,-6.5,iter-2-scenario-5827,2,ok,2,169.5,50.0,9.325,29.105
bristol,reading,voyager,16QAM,01000001,-6.0,iter-2-scenario-5828,2,ok,2,169.5,50.0,9.34,29.105
bristol,reading,voyager,16QAM,01000001,-5.5,iter-2-scenario-5829,2,ok,2,169.5,50.0,9.345,29.065
bristol,reading,voyager,16QAM,01000010,-6.5,iter-2-scenario-1048,2,ok,2,169.5,50.0,9.265,29.105
bristol,reading,voyager,16QAM,01000010,-6.0,iter-2-scenario-1049,2,ok,2,169.5,50.0,9.275,29.105
bristol,reading,voyager,16QAM,01000010,-5.5,iter-2-scenario-1050,2,ok,2,169.5,50.0,9.285,29.065
bristol,reading,voyager,16QAM,01000011,-6.5,iter-2-scenario-5623,2,ok,3,169.5,50.0,8.067,29.06
bristol,reading,voyager,16QAM,01000011,-6.0,iter-2-scenario-5624,2,ok,3,169.5,50.0,8.083,29.053
bristol,reading,voyager,16QAM,01000011,-5.5,iter-2-scenario-5625,2,ok,3,169.5,50.0,8.087,29.013
bristol,reading,voyager,16QAM,01000100,-6.5,iter-2-scenario-1930,2,ok,2,169.5,50.0,9.175,29.1
bristol,reading,voyager,16QAM,01000100,-6.0,iter-2-scenario-1931,2,ok,2,169.5,50.0,9.19,29.1
bristol,reading,voyager,16QAM,01000100,-5.5,iter-2-scenario-1932,2,ok,2,169.5,50.0,9.195,29.06
bristol,reading,voyager,16QAM,01000101,-6.5,iter-2-scenario-4771,2,ok,3,169.5,50.0,8.537,29.077
bristol,reading,voyager,16QAM,01000101,-6.0,iter-2-scenario-4772,2,ok,3,169.5,50.0,8.553,29.077
bristol,reading,voyager,16QAM,01000101,-5.5,iter-2-scenario-4773,2,ok,3,169.5,50.0,8.557,29.033
bristol,reading,voyager,16QAM,01000110,-6.5,iter-2-scenario-5509,2,ok,3,169.5,50.0,7.983,29.057
bristol,reading,voyager,16QAM,01000110,-6.0,iter-2-scenario-5510,2,ok,3,169.5,50.0,7.997,29.05
bristol,reading,voyager,16QAM,01000110,-5.5,iter-2-scenario-5511,2,ok,3,169.5,50.0,8.003,29.007
bristol,reading,voyager,16QAM,01000111,-6.5,iter-2-scenario-2818,2,ok,4,169.5,50.0,7.165,29.017
bristol,reading,voyager,16QAM,01000111,-6.0,iter-2-scenario-2819,2,ok,4,169.5,50.0,7.18,29.008
bristol,reading,voyager,16QAM,01000111,-5.5,iter-2-scenario-2820,2,ok,4,169.5,50.0,7.185,28.957
bristol,reading,voyager,16QAM,01001000,-6.5,iter-2-scenario-5431,2,ok,2,169.5,50.0,9.025,29.1
bristol,reading,voyager,16QAM,01001000,-6.0,iter-2-scenario-5432,2,ok,2,169.5,50.0,9.04,29.095
bristol,reading,voyager,16QAM,01001000,-5.5,iter-2-scenario-5433,2,ok,2,169.5,50.0,9.045,29.06
bristol,reading,voyager,16QAM,01001001,-6.5,iter-2-scenario-439,2,ok,3,169.5,50.0,8.627,29.083
bristol,reading,voyager,16QAM,01001001,-6.0,iter-2-scenario-440,2,ok,3,169.5,50.0,8.647,29.08
bristol,reading,voyager,16QAM,01001001,-5.5,iter-2-scenario-441,2,ok,3,169.5,50.0,8.647,29.04
bristol,reading,voyager,16QAM,01001010,-6.5,iter-2-scenario-5974,2,ok,3,169.5,50.0,8.413,29.077
bristol,reading,voyager,16QAM,01001010,-6.0,iter-2-scenario-5975,2,ok,3,169.5,50.0,8.427,29.07
bristol,reading,voyager,16QAM,01001010,-5.5,iter-2-scenario-5976,2,ok,3,169.5,50.0,8.433,29.03
bristol,reading,voyager,16QAM,01001011,-6.5,iter-2-scenario-2059,2,ok,4,169.5,50.0,7.547,29.04
bristol,reading,voyager,16QAM,01001011,-6.0,iter-2-scenario-2060,2,ok,4,169.5,50.0,7.558,29.027
bristol,reading,voyager,16QAM,01001011,-5.5,iter-2-scenario-2061,2,ok,4,169.5,50.0,7.567,28.98
bristol,reading,voyager,16QAM,01001100,-6.5,iter-2-scenario-5554,2,ok,3,169.5,50.0,7.85,29.05
bristol,reading,voyager,16QAM,01001100,-6.0,iter-2-scenario-5555,2,ok,3,169.5,50.0,7.86,29.043
bristol,reading,voyager,16QAM,01001100,-5.5,iter-2-scenario-5556,2,ok,3,169.5,50.0,7.87,29.0
bristol,reading,voyager,16QAM,01001101,-6.5,iter-2-scenario-5866,2,ok,4,169.5,50.0,7.518,29.035
bristol,reading,voyager,16QAM,01001101,-6.0,iter-2-scenario-5867,2,ok,4,169.5,50.0,7.532,29.027
bristol,reading,voyager,16QAM,01001101,-5.5,iter-2-scenario-5868,2,ok,4,169.5,50.0,7.537,28.98
bristol,reading,voyager,16QAM,01001110,-6.5,iter-2-scenario-358,2,ok,4,169.5,50.0,7.053,29.012
bristol,reading,voyager,16QAM,01001110,-6.0,iter-2-scenario-359,2,ok,4,169.5,50.0,7.065,29.0
bristol,reading,voyager,16QAM,01001110,-5.5,iter-2-scenario-360,2,ok,4,169.5,50.0,7.072,28.95
bristol,reading,voyager,16QAM,01001111,-6.5,iter-2-scenario-793,2,ok,5,169.5,50.0,6.47,28.98
bristol,reading,voyager,16QAM,01001111,-6.0,iter-2-scenario-794,2,ok,5,169.5,50.0,6.484,28.964
bristol,reading,voyager,16QAM,01001111,-5.5,iter-2-scenario-795,2,ok,5,169.5,50.0,6.492,28.91
bristol,reading,voyager,16QAM,01010000,-6.5,iter-2-scenario-2896,2,ok,2,169.5,50.0,8.735,29.09
bristol,reading,voyager,16QAM,01010000,-6.0,iter-2-scenario-2897,2,ok,2,169.5,50.0,8.745,29.085
bristol,reading,voyager,16QAM,01010000,-5.5,iter-2-scenario-2898,2,ok,2,169.5,50.0,8.755,29.045
bristol,reading,voyager,16QAM,01010001,-6.5,iter-2-scenario-2659,2,ok,3,169.5,50.0,8.54,29.08
bristol,reading,voyager,16QAM,01010001,-6.0,iter-2-scenario-2660,2,ok,3,169.5,50.0,8.557,29.077
bristol,reading,voyager,16QAM,01010001,-5.5,iter-2-scenario-2661,2,ok,3,169.5,50.0,8.56,29.037
bristol,reading,voyager,16QAM,01010010,-6.5,iter-2-scenario-463,2,ok,3,169.5,50.0,8.413,29.077
bristol,reading,voyager,16QAM,01010010,-6.0,iter-2-scenario-464,2,ok,3,169.5,50.0,8.43,29.07
bristol,reading,voyager,16QAM,01010010,-5.5,iter-2-scenario-465,2,ok,3,169.5,50.0,8.433,29.03
bristol,reading,voyager,16QAM,01010011,-6.5,iter-2-scenario-1210,2,ok,4,169.5,50.0,7.595,29.04
bristol,reading,voyager,16QAM,01010011,-6.0,iter-2-scenario-1211,2,ok,4,169.5,50.0,7.607,29.03
bristol,reading,voyager,16QAM,01010011,-5.5,iter-2-scenario-1212,2,ok,4,169.5,50.0,7.615,28.988
bristol,reading,voyager,16QAM,01010100,-6.5,iter-2-scenario-3004,2,ok,3,169.5,50.0,8.187,29.067
bristol,reading,voyager,16QAM,01010100,-6.0,iter-2-scenario-3005,2,ok,3,169.5,50.0,8.2,29.063
bristol,reading,voyager,16QAM,01010100,-5.5,iter-2-scenario-3006,2,ok,3,169.5,50.0,8.207,29.02
bristol,reading,voyager,16QAM,01010101,-6.5,iter-2-scenario-1117,2,ok,4,169.5,50.0,7.803,29.05
bristol,reading,voyager,16QAM,01010101,-6.0,iter-2-scenario-1118,2,ok,4,169.5,50.0,7.817,29.043
bristol,reading,voyager,16QAM,01010101,-5.5,iter-2-scenario-1119,2,ok,4,169.5,50.0,7.825,28.998
bristol,reading,voyager,16QAM,01010110,-6.5,iter-2-scenario-5593,2,ok,4,169.5,50.0,7.367,29.032
bristol,reading,voyager,16QAM,01010110,-6.0,iter-2-scenario-5594,2,ok,4,169.5,50.0,7.38,29.023
bristol,reading,voyager,16QAM,01010110,-5.5,iter-2-scenario-5595,2,ok,4,169.5,50.0,7.387,28.973
bristol,reading,voyager,16QAM,01010111,-6.5,iter-2-scenario-2629,2,ok,5,169.5,50.0,6.74,28.996
bristol,reading,voyager,16QAM,01010111,-6.0,iter-2-scenario-2630,2,ok,5,169.5,50.0,6.758,28.982
bristol,reading,voyager,16QAM,01010111,-5.5,iter-2-scenario-2631,2,ok,5,169.5,50.0,6.76,28.932
bristol,reading,voyager,16QAM,01011000,-6.5,iter-2-scenario-967,2,ok,3,169.5,50.0,7.603,29.04
bristol,reading,voyager,16QAM,01011000,-6.0,iter-2-scenario-968,2,ok,3,169.5,50.0,7.617,29.03
bristol,reading,voyager,16QAM,01011000,-5.5,iter-2-scenario-969,2,ok,3,169.5,50.0,7.623,28.987
bristol,reading,voyager,16QAM,01011001,-6.5,iter-2-scenario-739,2,ok,4,169.5,50.0,7.522,29.038
bristol,reading,voyager,16QAM,01011001,-6.0,iter-2-scenario-740,2,ok,4,169.5,50.0,7.537,29.025
bristol,reading,voyager,16QAM,01011001,-5.5,iter-2-scenario-741,2,ok,4,169.5,50.0,7.543,28.98
bristol,reading,voyager,16QAM,01011010,-6.5,iter-2-scenario-5659,2,ok,4,169.5,50.0,7.322,29.027
bristol,reading,voyager,16QAM,01011010,-6.0,iter-2-scenario-5660,2,ok,4,169.5,50.0,7.338,29.017
bristol,reading,voyager,16QAM,01011010,-5.5,iter-2-scenario-5661,2,ok,4,169.5,50.0,7.343,28.973
bristol,reading,voyager,16QAM,01011011,-6.5,iter-2-scenario-565,2,ok,5,169.5,50.0,6.77,28.998
bristol,reading,voyager,16QAM,01011011,-6.0,iter-2-scenario-566,2,ok,5,169.5,50.0,6.784,28.986
bristol,reading,voyager,16QAM,01011011,-5.5,iter-2-scenario-567,2,ok,5,169.5,50.0,6.79,28.936
bristol,reading,voyager,16QAM,01011100,-6.5,iter-2-scenario-5074,2,ok,4,169.5,50.0,6.85,29.005
bristol,reading,voyager,16QAM,01011100,-6.0,iter-2-scenario-5075,2,ok,4,169.5,50.0,6.865,28.992
bristol,reading,voyager,16QAM,01011100,-5.5,iter-2-scenario-5076,2,ok,4,169.5,50.0,6.87,28.938
bristol,reading,voyager,16QAM,01011101,-6.5,iter-2-scenario-2740,2,ok,5,169.5,50.0,6.688,28.992
bristol,reading,voyager,16QAM,01011101,-6.0,iter-2-scenario-2741,2,ok,5,169.5,50.0,6.704,28.978
bristol,reading,voyager,16QAM,01011101,-5.5,iter-2-scenario-2742,2,ok,5,169.5,50.0,6.708,28.926
bristol,reading,voyager,16QAM,01011110,-6.5,iter-2-scenario-2287,2,ok,5,169.5,50.0,6.304,28.97
bristol,reading,voyager,16QAM,01011110,-6.0,iter-2-scenario-2288,2,ok,5,169.5,50.0,6.316,28.954
bristol,reading,voyager,16QAM,01011110,-5.5,iter-2-scenario-2289,2,ok,5,169.5,50.0,6.324,28.9
bristol,reading,voyager,16QAM,01011111,-6.5,iter-2-scenario-2866,2,ok,6,169.5,50.0,5.882,28.943
bristol,reading,voyager,16QAM,01011111,-6.0,iter-2-scenario-2867,2,ok,6,169.5,50.0,5.895,28.923
bristol,reading,voyager,16QAM,01011111,-5.5,iter-2-scenario-2868,2,ok,6,169.5,50.0,5.902,28.867
bristol,reading,voyager,16QAM,01100000,-6.5,iter-2-scenario-6094,2,ok,2,169.5,50.0,7.91,29.06
bristol,reading,voyager,16QAM,01100000,-6.0,iter-2-scenario-6095,2,ok,2,169.5,50.0,7.925,29.05
bristol,reading,voyager,16QAM,01100000,-5.5,iter-2-scenario-6096,2,ok,2,169.5,50.0,7.93,29.01
bristol,reading,voyager,16QAM,01100001,-6.5,iter-2-scenario-3574,2,ok,3,169.5,50.0,8.077,29.06
bristol,reading,voyager,16QAM,01100001,-6.0,iter-2-scenario-3575,2,ok,3,169.5,50.0,8.09,29.057
bristol,reading,voyager,16QAM,01100001,-5.5,iter-2-scenario-3576,2,ok,3,169.5,50.0,8.097,29.01
bristol,reading,voyager,16QAM,01100010,-6.5,iter-2-scenario-5779,2,ok,3,169.5,50.0,7.99,29.06
bristol,reading,voyager,16QAM,01100010,-6.0,iter-2-scenario-5780,2,ok,3,169.5,50.0,8.003,29.05
bristol,reading,voyager,16QAM,01100010,-5.5,iter-2-scenario-5781,2,ok,3,169.5,50.0,8.01,29.007
bristol,reading,voyager,16QAM,01100011,-6.5,iter-2-scenario-175,2,ok,4,169.5,50.0,7.315,29.027
bristol,reading,voyager,16QAM,01100011,-6.0,iter-2-scenario-176,2,ok,4,169.5,50.0,7.332,29.017
bristol,reading,voyager,16QAM,01100011,-5.5,iter-2-scenario-177,2,ok,4,169.5,50.0,7.34,28.973
bristol,reading,voyager,16QAM,01100100,-6.5,iter-2-scenario-1789,2,ok,3,169.5,50.0,7.853,29.053
bristol,reading,voyager,16QAM,01100100,-6.0,iter-2-scenario-1790,2,ok,3,169.5,50.0,7.87,29.047
bristol,reading,voyager,16QAM,01100100,-5.5,iter-2-scenario-1791,2,ok,3,169.5,50.0,7.873,29.003
bristol,reading,voyager,16QAM,01100101,-6.5,iter-2-scenario-2554,2,ok,4,169.5,50.0,7.598,29.04
bristol,reading,voyager,16QAM,01100101,-6.0,iter-2-scenario-2555,2,ok,4,169.5,50.0,7.612,29.03
bristol,reading,voyager,16QAM,01100101,-5.5,iter-2-scenario-2556,2,ok,4,169.5,50.0,7.617,28.985
bristol,reading,voyager,16QAM,01100110,-6.5,iter-2-scenario-3637,2,ok,4,169.5,50.0,7.178,29.023
bristol,reading,voyager,16QAM,01100110,-6.0,iter-2-scenario-3638,2,ok,4,169.5,50.0,7.19,29.01
bristol,reading,voyager,16QAM,01100110,-5.5,iter-2-scenario-3639,2,ok,4,169.5,50.0,7.197,28.965
bristol,reading,voyager,16QAM,01100111,-6.5,iter-2-scenario-424,2,ok,5,169.5,50.0,6.616,28.99
bristol,reading,voyager,16QAM,01100111,-6.0,iter-2-scenario-425,2,ok,5,169.5,50.0,6.63,28.978
bristol,reading,voyager,16QAM,01100111,-5.5,iter-2-scenario-426,2,ok,5,169.5,50.0,6.636,28.924
bristol,reading,voyager,16QAM,01101000,-6.5,iter-2-scenario-3154,2,ok,3,169.5,50.0,7.61,29.043
bristol,reading,voyager,16QAM,01101000,-6.0,iter-2-scenario-3155,2,ok,3,169.5,50.0,7.62,29.033
bristol,reading,voyager,16QAM,01101000,-5.5,iter-2-scenario-3156,2,ok,3,169.5,50.0,7.63,28.99
bristol,reading,voyager,16QAM,01101001,-6.5,iter-2-scenario-133,2,ok,4,169.5,50.0,7.553,29.04
bristol,reading,voyager,16QAM,01101001,-6.0,iter-2-scenario-134,2,ok,4,169.5,50.0,7.568,29.032
bristol,reading,voyager,16QAM,01101001,-5.5,iter-2-scenario-135,2,ok,4,169.5,50.0,7.572,28.982
bristol,reading,voyager,16QAM,01101010,-6.5,iter-2-scenario-3502,2,ok,4,169.5,50.0,7.37,29.03
bristol,reading,voyager,16QAM,01101010,-6.0,iter-2-scenario-3503,2,ok,4,169.5,50.0,7.388,29.02
bristol,reading,voyager,16QAM,01101010,-5.5,iter-2-scenario-3504,2,ok,4,169.5,50.0,7.39,28.975
bristol,reading,voyager,16QAM,01101011,-6.5,iter-2-scenario-154,2,ok,5,169.5,50.0,6.826,29.004
bristol,reading,voyager,16QAM,01101011,-6.0,iter-2-scenario-155,2,ok,5,169.5,50.0,6.836,28.99
bristol,reading,voyager,16QAM,01101011,-5.5,iter-2-scenario-156,2,ok,5,169.5,50.0,6.846,28.938
bristol,reading,voyager,16QAM,01101100,-6.5,iter-2-scenario-6040,2,ok,4,169.5,50.0,6.935,29.01
bristol,reading,voyager,16QAM,01101100,-6.0,iter-2-scenario-6041,2,ok,4,169.5,50.0,6.945,28.997
bristol,reading,voyager,16QAM,01101100,-5.5,iter-2-scenario-6042,2,ok,4,169.5,50.0,6.955,28.95
bristol,reading,voyager,16QAM,01101101,-6.5,iter-2-scenario-2335,2,ok,5,169.5,50.0,6.774,29.0
bristol,reading,voyager,16QAM,01101101,-6.0,iter-2-scenario-2336,2,ok,5,169.5,50.0,6.788,28.986
bristol,reading,voyager,16QAM,01101101,-5.5,iter-2-scenario-2337,2,ok,5,169.5,50.0,6.794,28.936
bristol,reading,voyager,16QAM,01101110,-6.5,iter-2-scenario-298,2,ok,5,169.5,50.0,6.396,28.982
bristol,reading,voyager,16QAM,01101110,-6.0,iter-2-scenario-299,2,ok,5,169.5,50.0,6.41,28.964
bristol,reading,voyager,16QAM,01101110,-5.5,iter-2-scenario-300,2,ok,5,169.5,50.0,6.416,28.908
bristol,reading,voyager,16QAM,01101111,-6.5,iter-2-scenario-328,2,ok,6,169.5,50.0,5.97,28.952
bristol,reading,voyager,16QAM,01101111,-6.0,iter-2-scenario-329,2,ok,6,169.5,50.0,5.985,28.933
bristol,reading,voyager,16QAM,01101111,-5.5,iter-2-scenario-330,2,ok,6,169.5,50.0,5.99,28.873
bristol,reading,voyager,16QAM,01110000,-6.5,iter-2-scenario-3127,2,ok,3,169.5,50.0,6.987,29.013
bristol,reading,voyager,16QAM,01110000,-6.0,iter-2-scenario-3128,2,ok,3,169.5,50.0,7.003,29.0
bristol,reading,voyager,16QAM,01110000,-5.5,iter-2-scenario-3129,2,ok,3,169.5,50.0,7.007,28.95
bristol,reading,voyager,16QAM,01110001,-6.5,iter-2-scenario-6103,2,ok,4,169.5,50.0,7.178,29.02
bristol,reading,voyager,16QAM,01110001,-6.0,iter-2-scenario-6104,2,ok,4,169.5,50.0,7.188,29.005
bristol,reading,voyager,16QAM,01110001,-5.5,iter-2-scenario-6105,2,ok,4,169.5,50.0,7.197,28.957
bristol,reading,voyager,16QAM,01110010,-6.5,iter-2-scenario-1186,2,ok,4,169.5,50.0,7.055,29.012
bristol,reading,voyager,16QAM,01110010,-6.0,iter-2-scenario-1187,2,ok,4,169.5,50.0,7.075,29.002
bristol,reading,voyager,16QAM,01110010,-5.5,iter-2-scenario-1188,2,ok,4,169.5,50.0,7.077,28.953
bristol,reading,voyager,16QAM,01110011,-6.5,iter-2-scenario-4264,2,ok,5,169.5,50.0,6.62,28.99
bristol,reading,voyager,16QAM,01110011,-6.0,iter-2-scenario-4265,2,ok,5,169.5,50.0,6.632,28.978
bristol,reading,voyager,16QAM,01110011,-5.5,iter-2-scenario-4266,2,ok,5,169.5,50.0,6.64,28.926
bristol,reading,voyager,16QAM,01110100,-6.5,iter-2-scenario-4699,2,ok,4,169.5,50.0,6.855,29.005
bristol,reading,voyager,16QAM,01110100,-6.0,iter-2-scenario-4700,2,ok,4,169.5,50.0,6.867,28.992
bristol,reading,voyager,16QAM,01110100,-5.5,iter-2-scenario-4701,2,ok,4,169.5,50.0,6.875,28.94
bristol,reading,voyager,16QAM,01110101,-6.5,iter-2-scenario-5278,2,ok,5,169.5,50.0,6.744,28.998
bristol,reading,voyager,16QAM,01110101,-6.0,iter-2-scenario-5279,2,ok,5,169.5,50.0,6.764,28.984
bristol,reading,voyager,16QAM,01110101,-5.5,iter-2-scenario-5280,2,ok,5,169.5,50.0,6.764,28.932
bristol,reading,voyager,16QAM,01110110,-6.5,iter-2-scenario-4789,2,ok,5,169.5,50.0,6.398,28.98
bristol,reading,voyager,16QAM,01110110,-6.0,iter-2-scenario-4790,2,ok,5,169.5,50.0,6.41,28.964
bristol,reading,voyager,16QAM,01110110,-5.5,iter-2-scenario-4791,2,ok,5,169.5,50.0,6.418,28.908
bristol,reading,voyager,16QAM,01110111,-6.5,iter-2-scenario-4342,2,ok,6,169.5,50.0,5.995,28.955
bristol,reading,voyager,16QAM,01110111,-6.0,iter-2-scenario-4343,2,ok,6,169.5,50.0,6.008,28.935
bristol,reading,voyager,16QAM,01110111,-5.5,iter-2-scenario-4344,2,ok,6,169.5,50.0,6.017,28.878
bristol,reading,voyager,16QAM,01111000,-6.5,iter-2-scenario-3838,2,ok,4,169.5,50.0,6.377,28.977
bristol,reading,voyager,16QAM,01111000,-6.0,iter-2-scenario-3839,2,ok,4,169.5,50.0,6.39,28.965
bristol,reading,voyager,16QAM,01111000,-5.5,iter-2-scenario-3840,2,ok,4,169.5,50.0,6.397,28.91
bristol,reading,voyager,16QAM,01111001,-6.5,iter-2-scenario-4516,2,ok,5,169.5,50.0,6.478,28.982
bristol,reading,voyager,16QAM,01111001,-6.0,iter-2-scenario-4517,2,ok,5,169.5,50.0,6.496,28.966
bristol,reading,voyager,16QAM,01111001,-5.5,iter-2-scenario-4518,2,ok,5,169.5,50.0,6.498,28.914
bristol,reading,voyager,16QAM,01111010,-6.5,iter-2-scenario-1762,2,ok,5,169.5,50.0,6.306,28.974
bristol,reading,voyager,16QAM,01111010,-6.0,iter-2-scenario-1763,2,ok,5,169.5,50.0,6.324,28.958
bristol,reading,voyager,16QAM,01111010,-5.5,iter-2-scenario-1764,2,ok,5,169.5,50.0,6.326,28.9
bristol,reading,voyager,16QAM,01111011,-6.5,iter-2-scenario-3181,2,ok,6,169.5,50.0,5.973,28.952
bristol,reading,voyager,16QAM,01111011,-6.0,iter-2-scenario-3182,2,ok,6,169.5,50.0,5.987,28.932
bristol,reading,voyager,16QAM,01111011,-5.5,iter-2-scenario-3183,2,ok,6,169.5,50.0,5.993,28.875
bristol,reading,voyager,16QAM,01111100,-6.5,iter-2-scenario-625,2,ok,5,169.5,50.0,5.922,28.95
bristol,reading,voyager,16QAM,01111100,-6.0,iter-2-scenario-626,2,ok,5,169.5,50.0,5.936,28.93
bristol,reading,voyager,16QAM,01111100,-5.5,iter-2-scenario-627,2,ok,5,169.5,50.0,5.942,28.872
bristol,reading,voyager,16QAM,01111101,-6.5,iter-2-scenario-3202,2,ok,6,169.5,50.0,5.887,28.945
bristol,reading,voyager,16QAM,01111101,-6.0,iter-2-scenario-3203,2,ok,6,169.5,50.0,5.898,28.923
bristol,reading,voyager,16QAM,01111101,-5.5,iter-2-scenario-3204,2,ok,6,169.5,50.0,5.908,28.867
bristol,reading,voyager,16QAM,01111110,-6.5,iter-2-scenario-3853,2,ok,6,169.5,50.0,5.563,28.923
bristol,reading,voyager,16QAM,01111110,-6.0,iter-2-scenario-3854,2,ok,6,169.5,50.0,5.578,28.905
bristol,reading,voyager,16QAM,01111110,-5.5,iter-2-scenario-3855,2,ok,6,169.5,50.0,5.583,28.84
bristol,reading,voyager,16QAM,01111111,-6.5,iter-2-scenario-5410,2,ok,7,169.5,50.0,5.267,28.901
bristol,reading,voyager,16QAM,01111111,-6.0,iter-2-scenario-5411,2,ok,7,169.5,50.0,5.283,28.879
bristol,reading,voyager,16QAM,01111111,-5.5,iter-2-scenario-5412,2,ok,7,169.5,50.0,5.289,28.816
bristol,reading,voyager,16QAM,10000000,-6.5,iter-2-scenario-2608,2,ok,1,169.5,50.0,9.68,29.12
bristol,reading,voyager,16QAM,10000000,-6.0,iter-2-scenario-2609,2,ok,1,169.5,50.0,9.69,29.12
bristol,reading,voyager,16QAM,10000000,-5.5,iter-2-scenario-2610,2,ok,1,169.5,50.0,9.7,29.08
bristol,reading,voyager,16QAM,10000001,-6.5,iter-2-scenario-2251,2,ok,2,169.5,50.0,9.375,29.105
bristol,reading,voyager,16QAM,10000001,-6.0,iter-2-scenario-2252,2,ok,2,169.5,50.0,9.39,29.105
bristol,reading,voyager,16QAM,10000001,-5.5,iter-2-scenario-2253,2,ok,2,169.5,50.0,9.395,29.07
bristol,reading,voyager,16QAM,10000010,-6.5,iter-2-scenario-3325,2,ok,2,169.5,50.0,9.33,29.105
bristol,reading,voyager,16QAM,10000010,-6.0,iter-2-scenario-3326,2,ok,2,169.5,50.0,9.345,29.105
bristol,reading,voyager,16QAM,10000010,-5.5,iter-2-scenario-3327,2,ok,2,169.5,50.0,9.35,29.07
bristol,reading,voyager,16QAM,10000011,-6.5,iter-2-scenario-1819,2,ok,3,169.5,50.0,8.13,29.06
bristol,reading,voyager,16QAM,10000011,-6.0,iter-2-scenario-1820,2,ok,3,169.5,50.0,8.143,29.053
bristol,reading,voyager,16QAM,10000011,-5.5,iter-2-scenario-1821,2,ok,3,169.5,50.0,8.15,29.013
bristol,reading,voyager,16QAM,10000100,-6.5,iter-2-scenario-3517,2,ok,2,169.5,50.0,9.275,29.105
bristol,reading,voyager,16QAM,10000100,-6.0,iter-2-scenario-3518,2,ok,2,169.5,50.0,9.285,29.105
bristol,reading,voyager,16QAM,10000100,-5.5,iter-2-scenario-3519,2,ok,2,169.5,50.0,9.295,29.065
bristol,reading,voyager,16QAM,10000101,-6.5,iter-2-scenario-2671,2,ok,3,169.5,50.0,8.62,29.08
bristol,reading,voyager,16QAM,10000101,-6.0,iter-2-scenario-2672,2,ok,3,169.5,50.0,8.64,29.08
bristol,reading,voyager,16QAM,10000101,-5.5,iter-2-scenario-2673,2,ok,3,169.5,50.0,8.64,29.04
bristol,reading,voyager,16QAM,10000110,-6.5,iter-2-scenario-1306,2,ok,3,169.5,50.0,8.073,29.06
bristol,reading,voyager,16QAM,10000110,-6.0,iter-2-scenario-1307,2,ok,3,169.5,50.0,8.087,29.053
bristol,reading,voyager,16QAM,10000110,-5.5,iter-2-scenario-1308,2,ok,3,169.5,50.0,8.093,29.013
bristol,reading,voyager,16QAM,10000111,-6.5,iter-2-scenario-4624,2,ok,4,169.5,50.0,7.245,29.02
bristol,reading,voyager,16QAM,10000111,-6.0,iter-2-scenario-4625,2,ok,4,169.5,50.0,7.26,29.012
bristol,reading,voyager,16QAM,10000111,-5.5,iter-2-scenario-4626,2,ok,4,169.5,50.0,7.265,28.962
bristol,reading,voyager,16QAM,10001000,-6.5,iter-2-scenario-6142,2,ok,2,169.5,50.0,9.18,29.105
bristol,reading,voyager,16QAM,10001000,-6.0,iter-2-scenario-6143,2,ok,2,169.5,50.0,9.195,29.1
bristol,reading,voyager,16QAM,10001000,-5.5,iter-2-scenario-6144,2,ok,2,169.5,50.0,9.2,29.065
bristol,reading,voyager,16QAM,10001001,-6.5,iter-2-scenario-244,2,ok,3,169.5,50.0,8.753,29.087
bristol,reading,voyager,16QAM,10001001,-6.0,iter-2-scenario-245,2,ok,3,169.5,50.0,8.77,29.083
bristol,reading,voyager,16QAM,10001001,-5.5,iter-2-scenario-246,2,ok,3,169.5,50.0,8.773,29.047
bristol,reading,voyager,16QAM,10001010,-6.5,iter-2-scenario-5725,2,ok,3,169.5,50.0,8.543,29.08
bristol,reading,voyager,16QAM,10001010,-6.0,iter-2-scenario-5726,2,ok,3,169.5,50.0,8.557,29.077
bristol,reading,voyager,16QAM,10001010,-5.5,iter-2-scenario-5727,2,ok,3,169.5,50.0,8.563,29.033
bristol,reading,voyager,16QAM,10001011,-6.5,iter-2-scenario-4588,2,ok,4,169.5,50.0,7.655,29.043
bristol,reading,voyager,16QAM,10001011,-6.0,iter-2-scenario-4589,2,ok,4,169.5,50.0,7.668,29.032
bristol,reading,voyager,16QAM,10001011,-5.5,iter-2-scenario-4590,2,ok,4,169.5,50.0,7.675,28.988
bristol,reading,voyager,16QAM,10001100,-6.5,iter-2-scenario-3421,2,ok,3,169.5,50.0,7.987,29.057
bristol,reading,voyager,16QAM,10001100,-6.0,iter-2-scenario-3422,2,ok,3,169.5,50.0,8.003,29.05
bristol,reading,voyager,16QAM,10001100,-5.5,iter-2-scenario-3423,2,ok,3,169.5,50.0,8.01,29.007
bristol,reading,voyager,16QAM,10001101,-6.5,iter-2-scenario-5158,2,ok,4,169.5,50.0,7.638,29.04
bristol,reading,voyager,16QAM,10001101,-6.0,iter-2-scenario-5159,2,ok,4,169.5,50.0,7.65,29.035
bristol,reading,voyager,16QAM,10001101,-5.5,iter-2-scenario-5160,2,ok,4,169.5,50.0,7.657,28.988
bristol,reading,voyager,16QAM,10001110,-6.5,iter-2-scenario-2575,2,ok,4,169.5,50.0,7.17,29.017
bristol,reading,voyager,16QAM,10001110,-6.0,iter-2-scenario-2576,2,ok,4,169.5,50.0,7.185,29.008
bristol,reading,voyager,16QAM,10001110,-5.5,iter-2-scenario-2577,2,ok,4,169.5,50.0,7.19,28.957
bristol,reading,voyager,16QAM,10001111,-6.5,iter-2-scenario-2206,2,ok,5,169.5,50.0,6.572,28.984
bristol,reading,voyager,16QAM,10001111,-6.0,iter-2-scenario-2207,2,ok,5,169.5,50.0,6.592,28.97
bristol,reading,voyager,16QAM,10001111,-5.5,iter-2-scenario-2208,2,ok,5,169.5,50.0,6.592,28.916
bristol,reading,voyager,16QAM,10010000,-6.5,iter-2-scenario-283,2,ok,2,169.5,50.0,9.03,29.1
bristol,reading,voyager,16QAM,10010000,-6.0,iter-2-scenario-284,2,ok,2,169.5,50.0,9.045,29.1
bristol,reading,voyager,16QAM,10010000,-5.5,iter-2-scenario-285,2,ok,2,169.5,50.0,9.05,29.06
bristol,reading,voyager,16QAM,10010001,-6.5,iter-2-scenario-2473,2,ok,3,169.5,50.0,8.757,29.087
bristol,reading,voyager,16QAM,10010001,-6.0,iter-2-scenario-2474,2,ok,3,169.5,50.0,8.77,29.087
bristol,reading,voyager,16QAM,10010001,-5.5,iter-2-scenario-2475,2,ok,3,169.5,50.0,8.777,29.047
bristol,reading,voyager,16QAM,10010010,-6.5,iter-2-scenario-5236,2,ok,3,169.5,50.0,8.637,29.083
bristol,reading,voyager,16QAM,10010010,-6.0,iter-2-scenario-5237,2,ok,3,169.5,50.0,8.647,29.08
bristol,reading,voyager,16QAM,10010010,-5.5,iter-2-scenario-5238,2,ok,3,169.5,50.0,8.657,29.04
bristol,reading,voyager,16QAM,10010011,-6.5,iter-2-scenario-3454,2,ok,4,169.5,50.0,7.768,29.047
bristol,reading,voyager,16QAM,10010011,-6.0,iter-2-scenario-3455,2,ok,4,169.5,50.0,7.78,29.043
bristol,reading,voyager,16QAM,10010011,-5.5,iter-2-scenario-3456,2,ok,4,169.5,50.0,7.787,28.995
bristol,reading,voyager,16QAM,10010100,-6.5,iter-2-scenario-4801,2,ok,3,169.5,50.0,8.417,29.077
bristol,reading,voyager,16QAM,10010100,-6.0,iter-2-scenario-4802,2,ok,3,169.5,50.0,8.437,29.073
bristol,reading,voyager,16QAM,10010100,-5.5,iter-2-scenario-4803,2,ok,3,169.5,50.0,8.437,29.03
bristol,reading,voyager,16QAM,10010101,-6.5,iter-2-scenario-4027,2,ok,4,169.5,50.0,7.987,29.057
bristol,reading,voyager,16QAM,10010101,-6.0,iter-2-scenario-4028,2,ok,4,169.5,50.0,8.002,29.05
bristol,reading,voyager,16QAM,10010101,-5.5,iter-2-scenario-4029,2,ok,4,169.5,50.0,8.008,29.008
bristol,reading,voyager,16QAM,10010110,-6.5,iter-2-scenario-5206,2,ok,4,169.5,50.0,7.553,29.04
bristol,reading,voyager,16QAM,10010110,-6.0,iter-2-scenario-5207,2,ok,4,169.5,50.0,7.567,29.03
bristol,reading,voyager,16QAM,10010110,-5.5,iter-2-scenario-5208,2,ok,4,169.5,50.0,7.575,28.983
bristol,reading,voyager,16QAM,10010111,-6.5,iter-2-scenario-1135,2,ok,5,169.5,50.0,6.894,29.002
bristol,reading,voyager,16QAM,10010111,-6.0,iter-2-scenario-1136,2,ok,5,169.5,50.0,6.908,28.99
bristol,reading,voyager,16QAM,10010111,-5.5,iter-2-scenario-1137,2,ok,5,169.5,50.0,6.914,28.938
bristol,reading,voyager,16QAM,10011000,-6.5,iter-2-scenario-2716,2,ok,3,169.5,50.0,7.857,29.053
bristol,reading,voyager,16QAM,10011000,-6.0,iter-2-scenario-2717,2,ok,3,169.5,50.0,7.87,29.043
bristol,reading,voyager,16QAM,10011000,-5.5,iter-2-scenario-2718,2,ok,3,169.5,50.0,7.88,29.0
bristol,reading,voyager,16QAM,10011001,-6.5,iter-2-scenario-4876,2,ok,4,169.5,50.0,7.72,29.047
bristol,reading,voyager,16QAM,10011001,-6.0,iter-2-scenario-4877,2,ok,4,169.5,50.0,7.735,29.038
bristol,reading,voyager,16QAM,10011001,-5.5,iter-2-scenario-4878,2,ok,4,169.5,50.0,7.74,28.992
bristol,reading,voyager,16QAM,10011010,-6.5,iter-2-scenario-1282,2,ok,4,169.5,50.0,7.525,29.038
bristol,reading,voyager,16QAM,10011010,-6.0,iter-2-scenario-1283,2,ok,4,169.5,50.0,7.537,29.027
bristol,reading,voyager,16QAM,10011010,-5.5,iter-2-scenario-1284,2,ok,4,169.5,50.0,7.545,28.98
bristol,reading,voyager,16QAM,10011011,-6.5,iter-2-scenario-3685,2,ok,5,169.5,50.0,6.934,29.008
bristol,reading,voyager,16QAM,10011011,-6.0,iter-2-scenario-3686,2,ok,5,169.5,50.0,6.952,28.994
bristol,reading,voyager,16QAM,10011011,-5.5,iter-2-scenario-3687,2,ok,5,169.5,50.0,6.954,28.944
bristol,reading,voyager,16QAM,10011100,-6.5,iter-2-scenario-4171,2,ok,4,169.5,50.0,7.057,29.012
bristol,reading,voyager,16QAM,10011100,-6.0,iter-2-scenario-4172,2,ok,4,169.5,50.0,7.072,29.002
bristol,reading,voyager,16QAM,10011100,-5.5,iter-2-scenario-4173,2,ok,4,169.5,50.0,7.078,28.955
bristol,reading,voyager,16QAM,10011101,-6.5,iter-2-scenario-4057,2,ok,5,169.5,50.0,6.862,29.0
bristol,reading,voyager,16QAM,10011101,-6.0,iter-2-scenario-4058,2,ok,5,169.5,50.0,6.874,28.99
bristol,reading,voyager,16QAM,10011101,-5.5,iter-2-scenario-4059,2,ok,5,169.5,50.0,6.882,28.936
bristol,reading,voyager,16QAM,10011110,-6.5,iter-2-scenario-3742,2,ok,5,169.5,50.0,6.478,28.982
bristol,reading,voyager,16QAM,10011110,-6.0,iter-2-scenario-3743,2,ok,5,169.5,50.0,6.492,28.964
bristol,reading,voyager,16QAM,10011110,-5.5,iter-2-scenario-3744,2,ok,5,169.5,50.0,6.498,28.91
bristol,reading,voyager,16QAM,10011111,-6.5,iter-2-scenario-3703,2,ok,6,169.5,50.0,6.028,28.95
bristol,reading,voyager,16QAM,10011111,-6.0,iter-2-scenario-3704,2,ok,6,169.5,50.0,6.043,28.933
bristol,reading,voyager,16QAM,10011111,-5.5,iter-2-scenario-3705,2,ok,6,169.5,50.0,6.048,28.875
bristol,reading,voyager,16QAM,10100000,-6.5,iter-2-scenario-1165,2,ok,2,169.5,50.0,8.735,29.09
bristol,reading,voyager,16QAM,10100000,-6.0,iter-2-scenario-1166,2,ok,2,169.5,50.0,8.755,29.09
bristol,reading,voyager,16QAM,10100000,-5.5,iter-2-scenario-1167,2,ok,2,169.5,50.0,8.755,29.05
bristol,reading,voyager,16QAM,10100001,-6.5,iter-2-scenario-4993,2,ok,3,169.5,50.0,8.63,29.083
bristol,reading,voyager,16QAM,10100001,-6.0,iter-2-scenario-4994,2,ok,3,169.5,50.0,8.643,29.08
bristol,reading,voyager,16QAM,10100001,-5.5,iter-2-scenario-4995,2,ok,3,169.5,50.0,8.65,29.04
bristol,reading,voyager,16QAM,10100010,-6.5,iter-2-scenario-4246,2,ok,3,169.5,50.0,8.55,29.08
bristol,reading,voyager,16QAM,10100010,-6.0,iter-2-scenario-4247,2,ok,3,169.5,50.0,8.56,29.08
bristol,reading,voyager,16QAM,10100010,-5.5,iter-2-scenario-4248,2,ok,3,169.5,50.0,8.57,29.037
bristol,reading,voyager,16QAM,10100011,-6.5,iter-2-scenario-3901,2,ok,4,169.5,50.0,7.732,29.047
bristol,reading,voyager,16QAM,10100011,-6.0,iter-2-scenario-3902,2,ok,4,169.5,50.0,7.747,29.04
bristol,reading,voyager,16QAM,10100011,-5.5,iter-2-scenario-3903,2,ok,4,169.5,50.0,7.752,28.992
bristol,reading,voyager,16QAM,10100100,-6.5,iter-2-scenario-5587,2,ok,3,169.5,50.0,8.42,29.077
bristol,reading,voyager,16QAM,10100100,-6.0,iter-2-scenario-5588,2,ok,3,169.5,50.0,8.433,29.07
bristol,reading,voyager,16QAM,10100100,-5.5,iter-2-scenario-5589,2,ok,3,169.5,50.0,8.44,29.03
bristol,reading,voyager,16QAM,10100101,-6.5,iter-2-scenario-3283,2,ok,4,169.5,50.0,8.023,29.06
bristol,reading,voyager,16QAM,10100101,-6.0,iter-2-scenario-3284,2,ok,4,169.5,50.0,8.035,29.055
bristol,reading,voyager,16QAM,10100101,-5.5,iter-2-scenario-3285,2,ok,4,169.5,50.0,8.043,29.008
bristol,reading,voyager,16QAM,10100110,-6.5,iter-2-scenario-3061,2,ok,4,169.5,50.0,7.598,29.043
bristol,reading,voyager,16QAM,10100110,-6.0,iter-2-scenario-3062,2,ok,4,169.5,50.0,7.615,29.035
bristol,reading,voyager,16QAM,10100110,-5.5,iter-2-scenario-3063,2,ok,4,169.5,50.0,7.617,28.988
bristol,reading,voyager,16QAM,10100111,-6.5,iter-2-scenario-1483,2,ok,5,169.5,50.0,6.952,29.01
bristol,reading,voyager,16QAM,10100111,-6.0,iter-2-scenario-1484,2,ok,5,169.5,50.0,6.966,28.994
bristol,reading,voyager,16QAM,10100111,-5.5,iter-2-scenario-1485,2,ok,5,169.5,50.0,6.974,28.944
bristol,reading,voyager,16QAM,10101000,-6.5,iter-2-scenario-2209,2,ok,3,169.5,50.0,8.19,29.07
bristol,reading,voyager,16QAM,10101000,-6.0,iter-2-scenario-2210,2,ok,3,169.5,50.0,8.207,29.063
bristol,reading,voyager,16QAM,10101000,-5.5,iter-2-scenario-2211,2,ok,3,169.5,50.0,8.21,29.02
bristol,reading,voyager,16QAM,10101001,-6.5,iter-2-scenario-1579,2,ok,4,169.5,50.0,7.99,29.06
bristol,reading,voyager,16QAM,10101001,-6.0,iter-2-scenario-1580,2,ok,4,169.5,50.0,8.002,29.052
bristol,reading,voyager,16QAM,10101001,-5.5,iter-2-scenario-1581,2,ok,4,169.5,50.0,8.01,29.01
bristol,reading,voyager,16QAM,10101010,-6.5,iter-2-scenario-5998,2,ok,4,169.5,50.0,7.81,29.052
bristol,reading,voyager,16QAM,10101010,-6.0,iter-2-scenario-5999,2,ok,4,169.5,50.0,7.825,29.043
bristol,reading,voyager,16QAM,10101010,-5.5,iter-2-scenario-6000,2,ok,4,169.5,50.0,7.83,29.0
bristol,reading,voyager,16QAM,10101011,-6.5,iter-2-scenario-2989,2,ok,5,169.5,50.0,7.174,29.022
bristol,reading,voyager,16QAM,10101011,-6.0,iter-2-scenario-2990,2,ok,5,169.5,50.0,7.188,29.012
bristol,reading,voyager,16QAM,10101011,-5.5,iter-2-scenario-2991,2,ok,5,169.5,50.0,7.194,28.962
bristol,reading,voyager,16QAM,10101100,-6.5,iter-2-scenario-1384,2,ok,4,169.5,50.0,7.372,29.032
bristol,reading,voyager,16QAM,10101100,-6.0,iter-2-scenario-1385,2,ok,4,169.5,50.0,7.387,29.023
bristol,reading,voyager,16QAM,10101100,-5.5,iter-2-scenario-1386,2,ok,4,169.5,50.0,7.393,28.973
bristol,reading,voyager,16QAM,10101101,-6.5,iter-2-scenario-232,2,ok,5,169.5,50.0,7.126,29.016
bristol,reading,voyager,16QAM,10101101,-6.0,iter-2-scenario-233,2,ok,5,169.5,50.0,7.14,29.006
bristol,reading,voyager,16QAM,10101101,-5.5,iter-2-scenario-234,2,ok,5,169.5,50.0,7.146,28.956
bristol,reading,voyager,16QAM,10101110,-6.5,iter-2-scenario-1987,2,ok,5,169.5,50.0,6.748,28.996
bristol,reading,voyager,16QAM,10101110,-6.0,iter-2-scenario-1988,2,ok,5,169.5,50.0,6.764,28.982
bristol,reading,voyager,16QAM,10101110,-5.5,iter-2-scenario-1989,2,ok,5,169.5,50.0,6.768,28.932
bristol,reading,voyager,16QAM,10101111,-6.5,iter-2-scenario-3658,2,ok,6,169.5,50.0,6.26,28.967
bristol,reading,voyager,16QAM,10101111,-6.0,iter-2-scenario-3659,2,ok,6,169.5,50.0,6.277,28.95
bristol,reading,voyager,16QAM,10101111,-5.5,iter-2-scenario-3660,2,ok,6,169.5,50.0,6.282,28.895
bristol,reading,voyager,16QAM,10110000,-6.5,iter-2-scenario-5314,2,ok,3,169.5,50.0,7.613,29.04
bristol,reading,voyager,16QAM,10110000,-6.0,iter-2-scenario-5315,2,ok,3,169.5,50.0,7.627,29.03
bristol,reading,voyager,16QAM,10110000,-5.5,iter-2-scenario-5316,2,ok,3,169.5,50.0,7.633,28.99
bristol,reading,voyager,16QAM,10110001,-6.5,iter-2-scenario-2764,2,ok,4,169.5,50.0,7.643,29.043
bristol,reading,voyager,16QAM,10110001,-6.0,iter-2-scenario-2765,2,ok,4,169.5,50.0,7.658,29.032
bristol,reading,voyager,16QAM,10110001,-5.5,iter-2-scenario-2766,2,ok,4,169.5,50.0,7.662,28.988
bristol,reading,voyager,16QAM,10110010,-6.5,iter-2-scenario-4495,2,ok,4,169.5,50.0,7.527,29.038
bristol,reading,voyager,16QAM,10110010,-6.0,iter-2-scenario-4496,2,ok,4,169.5,50.0,7.543,29.027
bristol,reading,voyager,16QAM,10110010,-5.5,iter-2-scenario-4497,2,ok,4,169.5,50.0,7.548,28.983
bristol,reading,voyager,16QAM,10110011,-6.5,iter-2-scenario-5335,2,ok,5,169.5,50.0,6.992,29.012
bristol,reading,voyager,16QAM,10110011,-6.0,iter-2-scenario-5336,2,ok,5,169.5,50.0,7.006,28.998
bristol,reading,voyager,16QAM,10110011,-5.5,iter-2-scenario-5337,2,ok,5,169.5,50.0,7.012,28.95
bristol,reading,voyager,16QAM,10110100,-6.5,iter-2-scenario-4969,2,ok,4,169.5,50.0,7.33,29.027
bristol,reading,voyager,16QAM,10110100,-6.0,iter-2-scenario-4970,2,ok,4,169.5,50.0,7.343,29.02
bristol,reading,voyager,16QAM,10110100,-5.5,iter-2-scenario-4971,2,ok,4,169.5,50.0,7.35,28.973
bristol,reading,voyager,16QAM,10110101,-6.5,iter-2-scenario-2428,2,ok,5,169.5,50.0,7.128,29.018
bristol,reading,voyager,16QAM,10110101,-6.0,iter-2-scenario-2429,2,ok,5,169.5,50.0,7.14,29.006
bristol,reading,voyager,16QAM,10110101,-5.5,iter-2-scenario-2430,2,ok,5,169.5,50.0,7.148,28.958
bristol,reading,voyager,16QAM,10110110,-6.5,iter-2-scenario-715,2,ok,5,169.5,50.0,6.778,29.002
bristol,reading,voyager,16QAM,10110110,-6.0,iter-2-scenario-716,2,ok,5,169.5,50.0,6.79,28.986
bristol,reading,voyager,16QAM,10110110,-5.5,iter-2-scenario-717,2,ok,5,169.5,50.0,6.798,28.936
bristol,reading,voyager,16QAM,10110111,-6.5,iter-2-scenario-79,2,ok,6,169.5,50.0,6.308,28.972
bristol,reading,voyager,16QAM,10110111,-6.0,iter-2-scenario-80,2,ok,6,169.5,50.0,6.323,28.955
bristol,reading,voyager,16QAM,10110111,-5.5,iter-2-scenario-81,2,ok,6,169.5,50.0,6.328,28.9
bristol,reading,voyager,16QAM,10111000,-6.5,iter-2-scenario-25,2,ok,4,169.5,50.0,6.857,29.005
bristol,reading,voyager,16QAM,10111000,-6.0,iter-2-scenario-26,2,ok,4,169.5,50.0,6.87,28.992
bristol,reading,voyager,16QAM,10111000,-5.5,iter-2-scenario-27,2,ok,4,169.5,50.0,6.877,28.938
bristol,reading,voyager,16QAM,10111001,-6.5,iter-2-scenario-4396,2,ok,5,169.5,50.0,6.864,29.004
bristol,reading,voyager,16QAM,10111001,-6.0,iter-2-scenario-4397,2,ok,5,169.5,50.0,6.878,28.99
bristol,reading,voyager,16QAM,10111001,-5.5,iter-2-scenario-4398,2,ok,5,169.5,50.0,6.884,28.938
bristol,reading,voyager,16QAM,10111010,-6.5,iter-2-scenario-1654,2,ok,5,169.5,50.0,6.696,28.992
bristol,reading,voyager,16QAM,10111010,-6.0,iter-2-scenario-1655,2,ok,5,169.5,50.0,6.71,28.98
bristol,reading,voyager,16QAM,10111010,-5.5,iter-2-scenario-1656,2,ok,5,169.5,50.0,6.716,28.926
bristol,reading,voyager,16QAM,10111011,-6.5,iter-2-scenario-5800,2,ok,6,169.5,50.0,6.293,28.972
bristol,reading,voyager,16QAM,10111011,-6.0,iter-2-scenario-5801,2,ok,6,169.5,50.0,6.307,28.955
bristol,reading,voyager,16QAM,10111011,-5.5,iter-2-scenario-5802,2,ok,6,169.5,50.0,6.315,28.9
bristol,reading,voyager,16QAM,10111100,-6.5,iter-2-scenario-4828,2,ok,5,169.5,50.0,6.312,28.974
bristol,reading,voyager,16QAM,10111100,-6.0,iter-2-scenario-4829,2,ok,5,169.5,50.0,6.324,28.954
bristol,reading,voyager,16QAM,10111100,-5.5,iter-2-scenario-4830,2,ok,5,169.5,50.0,6.332,28.902
bristol,reading,voyager,16QAM,10111101,-6.5,iter-2-scenario-2848,2,ok,6,169.5,50.0,6.21,28.963
bristol,reading,voyager,16QAM,10111101,-6.0,iter-2-scenario-2849,2,ok,6,169.5,50.0,6.223,28.947
bristol,reading,voyager,16QAM,10111101,-5.5,iter-2-scenario-2850,2,ok,6,169.5,50.0,6.23,28.892
bristol,reading,voyager,16QAM,10111110,-6.5,iter-2-scenario-3796,2,ok,6,169.5,50.0,5.887,28.945
bristol,reading,voyager,16QAM,10111110,-6.0,iter-2-scenario-3797,2,ok,6,169.5,50.0,5.903,28.923
bristol,reading,voyager,16QAM,10111110,-5.5,iter-2-scenario-3798,2,ok,6,169.5,50.0,5.907,28.867
bristol,reading,voyager,16QAM,10111111,-6.5,iter-2-scenario-4903,2,ok,7,169.5,50.0,5.546,28.923
bristol,reading,voyager,16QAM,10111111,-6.0,iter-2-scenario-4904,2,ok,7,169.5,50.0,5.559,28.899
bristol,reading,voyager,16QAM,10111111,-5.5,iter-2-scenario-4905,2,ok,7,169.5,50.0,5.566,28.837
bristol,reading,voyager,16QAM,11000000,-6.5,iter-2-scenario-1528,2,ok,2,169.5,50.0,7.915,29.06
bristol,reading,voyager,16QAM,11000000,-6.0,iter-2-scenario-1529,2,ok,2,169.5,50.0,7.93,29.05
bristol,reading,voyager,16QAM,11000000,-5.5,iter-2-scenario-1530,2,ok,2,169.5,50.0,7.935,29.01
bristol,reading,voyager,16QAM,11000001,-6.5,iter-2-scenario-2401,2,ok,3,169.5,50.0,8.14,29.063
bristol,reading,voyager,16QAM,11000001,-6.0,iter-2-scenario-2402,2,ok,3,169.5,50.0,8.16,29.057
bristol,reading,voyager,16QAM,11000001,-5.5,iter-2-scenario-2403,2,ok,3,169.5,50.0,8.16,29.013
bristol,reading,voyager,16QAM,11000010,-6.5,iter-2-scenario-3922,2,ok,3,169.5,50.0,8.08,29.063
bristol,reading,voyager,16QAM,11000010,-6.0,iter-2-scenario-3923,2,ok,3,169.5,50.0,8.097,29.057
bristol,reading,voyager,16QAM,11000010,-5.5,iter-2-scenario-3924,2,ok,3,169.5,50.0,8.1,29.01
bristol,reading,voyager,16QAM,11000011,-6.5,iter-2-scenario-4294,2,ok,4,169.5,50.0,7.415,29.032
bristol,reading,voyager,16QAM,11000011,-6.0,iter-2-scenario-4295,2,ok,4,169.5,50.0,7.433,29.023
bristol,reading,voyager,16QAM,11000011,-5.5,iter-2-scenario-4296,2,ok,4,169.5,50.0,7.435,28.977
bristol,reading,voyager,16QAM,11000100,-6.5,iter-2-scenario-913,2,ok,3,169.5,50.0,7.993,29.06
bristol,reading,voyager,16QAM,11000100,-6.0,iter-2-scenario-914,2,ok,3,169.5,50.0,8.013,29.053
bristol,reading,voyager,16QAM,11000100,-5.5,iter-2-scenario-915,2,ok,3,169.5,50.0,8.013,29.01
bristol,reading,voyager,16QAM,11000101,-6.5,iter-2-scenario-1084,2,ok,4,169.5,50.0,7.735,29.047
bristol,reading,voyager,16QAM,11000101,-6.0,iter-2-scenario-1085,2,ok,4,169.5,50.0,7.753,29.04
bristol,reading,voyager,16QAM,11000101,-5.5,iter-2-scenario-1086,2,ok,4,169.5,50.0,7.758,28.995
bristol,reading,voyager,16QAM,11000110,-6.5,iter-2-scenario-199,2,ok,4,169.5,50.0,7.325,29.03
bristol,reading,voyager,16QAM,11000110,-6.0,iter-2-scenario-200,2,ok,4,169.5,50.0,7.34,29.02
bristol,reading,voyager,16QAM,11000110,-5.5,iter-2-scenario-201,2,ok,4,169.5,50.0,7.345,28.973
bristol,reading,voyager,16QAM,11000111,-6.5,iter-2-scenario-2935,2,ok,5,169.5,50.0,6.754,29.0
bristol,reading,voyager,16QAM,11000111,-6.0,iter-2-scenario-2936,2,ok,5,169.5,50.0,6.768,28.988
bristol,reading,voyager,16QAM,11000111,-5.5,iter-2-scenario-2937,2,ok,5,169.5,50.0,6.774,28.934
bristol,reading,voyager,16QAM,11001000,-6.5,iter-2-scenario-499,2,ok,3,169.5,50.0,7.86,29.053
bristol,reading,voyager,16QAM,11001000,-6.0,iter-2-scenario-500,2,ok,3,169.5,50.0,7.877,29.047
bristol,reading,voyager,16QAM,11001000,-5.5,iter-2-scenario-501,2,ok,3,169.5,50.0,7.88,29.003
bristol,reading,voyager,16QAM,11001001,-6.5,iter-2-scenario-3232,2,ok,4,169.5,50.0,7.77,29.047
bristol,reading,voyager,16QAM,11001001,-6.0,iter-2-scenario-3233,2,ok,4,169.5,50.0,7.788,29.04
bristol,reading,voyager,16QAM,11001001,-5.5,iter-2-scenario-3234,2,ok,4,169.5,50.0,7.793,28.998
bristol,reading,voyager,16QAM,11001010,-6.5,iter-2-scenario-4633,2,ok,4,169.5,50.0,7.603,29.04
bristol,reading,voyager,16QAM,11001010,-6.0,iter-2-scenario-4634,2,ok,4,169.5,50.0,7.62,29.032
bristol,reading,voyager,16QAM,11001010,-5.5,iter-2-scenario-4635,2,ok,4,169.5,50.0,7.623,28.985
bristol,reading,voyager,16QAM,11001011,-6.5,iter-2-scenario-4945,2,ok,5,169.5,50.0,7.026,29.014
bristol,reading,voyager,16QAM,11001011,-6.0,iter-2-scenario-4946,2,ok,5,169.5,50.0,7.042,29.002
bristol,reading,voyager,16QAM,11001011,-5.5,iter-2-scenario-4947,2,ok,5,169.5,50.0,7.046,28.952
bristol,reading,voyager,16QAM,11001100,-6.5,iter-2-scenario-544,2,ok,4,169.5,50.0,7.188,29.023
bristol,reading,voyager,16QAM,11001100,-6.0,iter-2-scenario-545,2,ok,4,169.5,50.0,7.197,29.013
bristol,reading,voyager,16QAM,11001100,-5.5,iter-2-scenario-546,2,ok,4,169.5,50.0,7.207,28.965
bristol,reading,voyager,16QAM,11001101,-6.5,iter-2-scenario-826,2,ok,5,169.5,50.0,6.994,29.012
bristol,reading,voyager,16QAM,11001101,-6.0,iter-2-scenario-827,2,ok,5,169.5,50.0,7.008,29.002
bristol,reading,voyager,16QAM,11001101,-5.5,iter-2-scenario-828,2,ok,5,169.5,50.0,7.014,28.95
bristol,reading,voyager,16QAM,11001110,-6.5,iter-2-scenario-2503,2,ok,5,169.5,50.0,6.622,28.994
bristol,reading,voyager,16QAM,11001110,-6.0,iter-2-scenario-2504,2,ok,5,169.5,50.0,6.638,28.978
bristol,reading,voyager,16QAM,11001110,-5.5,iter-2-scenario-2505,2,ok,5,169.5,50.0,6.642,28.924
bristol,reading,voyager,16QAM,11001111,-6.5,iter-2-scenario-1915,2,ok,6,169.5,50.0,6.172,28.965
bristol,reading,voyager,16QAM,11001111,-6.0,iter-2-scenario-1916,2,ok,6,169.5,50.0,6.183,28.947
bristol,reading,voyager,16QAM,11001111,-5.5,iter-2-scenario-1917,2,ok,6,169.5,50.0,6.192,28.893
bristol,reading,voyager,16QAM,11010000,-6.5,iter-2-scenario-5836,2,ok,3,169.5,50.0,7.61,29.047
bristol,reading,voyager,16QAM,11010000,-6.0,iter-2-scenario-5837,2,ok,3,169.5,50.0,7.63,29.033
bristol,reading,voyager,16QAM,11010000,-5.5,iter-2-scenario-5838,2,ok,3,169.5,50.0,7.633,28.99
bristol,reading,voyager,16QAM,11010001,-6.5,iter-2-scenario-613,2,ok,4,169.5,50.0,7.665,29.043
bristol,reading,voyager,16QAM,11010001,-6.0,iter-2-scenario-614,2,ok,4,169.5,50.0,7.68,29.035
bristol,reading,voyager,16QAM,11010001,-5.5,iter-2-scenario-615,2,ok,4,169.5,50.0,7.685,28.99
bristol,reading,voyager,16QAM,11010010,-6.5,iter-2-scenario-3607,2,ok,4,169.5,50.0,7.558,29.04
bristol,reading,voyager,16QAM,11010010,-6.0,iter-2-scenario-3608,2,ok,4,169.5,50.0,7.575,29.032
bristol,reading,voyager,16QAM,11010010,-5.5,iter-2-scenario-3609,2,ok,4,169.5,50.0,7.58,28.985
bristol,reading,voyager,16QAM,11010011,-6.5,iter-2-scenario-3250,2,ok,5,169.5,50.0,7.03,29.016
bristol,reading,voyager,16QAM,11010011,-6.0,iter-2-scenario-3251,2,ok,5,169.5,50.0,7.042,29.002
bristol,reading,voyager,16QAM,11010011,-5.5,iter-2-scenario-3252,2,ok,5,169.5,50.0,7.05,28.952
bristol,reading,voyager,16QAM,11010100,-6.5,iter-2-scenario-694,2,ok,4,169.5,50.0,7.377,29.032
bristol,reading,voyager,16QAM,11010100,-6.0,iter-2-scenario-695,2,ok,4,169.5,50.0,7.39,29.023
bristol,reading,voyager,16QAM,11010100,-5.5,iter-2-scenario-696,2,ok,4,169.5,50.0,7.397,28.977
bristol,reading,voyager,16QAM,11010101,-6.5,iter-2-scenario-97,2,ok,5,169.5,50.0,7.176,29.024
bristol,reading,voyager,16QAM,11010101,-6.0,iter-2-scenario-98,2,ok,5,169.5,50.0,7.192,29.01
bristol,reading,voyager,16QAM,11010101,-5.5,iter-2-scenario-99,2,ok,5,169.5,50.0,7.196,28.962
bristol,reading,voyager,16QAM,11010110,-6.5,iter-2-scenario-595,2,ok,5,169.5,50.0,6.83,29.004
bristol,reading,voyager,16QAM,11010110,-6.0,iter-2-scenario-596,2,ok,5,169.5,50.0,6.846,28.99
bristol,reading,voyager,16QAM,11010110,-5.5,iter-2-scenario-597,2,ok,5,169.5,50.0,6.85,28.938
bristol,reading,voyager,16QAM,11010111,-6.5,iter-2-scenario-1543,2,ok,6,169.5,50.0,6.36,28.977
bristol,reading,voyager,16QAM,11010111,-6.0,iter-2-scenario-1544,2,ok,6,169.5,50.0,6.377,28.962
bristol,reading,voyager,16QAM,11010111,-5.5,iter-2-scenario-1545,2,ok,6,169.5,50.0,6.382,28.907
bristol,reading,voyager,16QAM,11011000,-6.5,iter-2-scenario-1861,2,ok,4,169.5,50.0,6.94,29.01
bristol,reading,voyager,16QAM,11011000,-6.0,iter-2-scenario-1862,2,ok,4,169.5,50.0,6.955,29.0
bristol,reading,voyager,16QAM,11011000,-5.5,iter-2-scenario-1863,2,ok,4,169.5,50.0,6.96,28.95
bristol,reading,voyager,16QAM,11011001,-6.5,iter-2-scenario-1072,2,ok,5,169.5,50.0,6.944,29.008
bristol,reading,voyager,16QAM,11011001,-6.0,iter-2-scenario-1073,2,ok,5,169.5,50.0,6.956,28.996
bristol,reading,voyager,16QAM,11011001,-5.5,iter-2-scenario-1074,2,ok,5,169.5,50.0,6.964,28.948
bristol,reading,voyager,16QAM,11011010,-6.5,iter-2-scenario-4054,2,ok,5,169.5,50.0,6.778,29.0
bristol,reading,voyager,16QAM,11011010,-6.0,iter-2-scenario-4055,2,ok,5,169.5,50.0,6.794,28.988
bristol,reading,voyager,16QAM,11011010,-5.5,iter-2-scenario-4056,2,ok,5,169.5,50.0,6.798,28.936
bristol,reading,voyager,16QAM,11011011,-6.5,iter-2-scenario-1399,2,ok,6,169.5,50.0,6.372,28.977
bristol,reading,voyager,16QAM,11011011,-6.0,iter-2-scenario-1400,2,ok,6,169.5,50.0,6.385,28.962
bristol,reading,voyager,16QAM,11011011,-5.5,iter-2-scenario-1401,2,ok,6,169.5,50.0,6.392,28.91
bristol,reading,voyager,16QAM,11011100,-6.5,iter-2-scenario-868,2,ok,5,169.5,50.0,6.404,28.982
bristol,reading,voyager,16QAM,11011100,-6.0,iter-2-scenario-869,2,ok,5,169.5,50.0,6.416,28.966
bristol,reading,voyager,16QAM,11011100,-5.5,iter-2-scenario-870,2,ok,5,169.5,50.0,6.424,28.908
bristol,reading,voyager,16QAM,11011101,-6.5,iter-2-scenario-5362,2,ok,6,169.5,50.0,6.293,28.973
bristol,reading,voyager,16QAM,11011101,-6.0,iter-2-scenario-5363,2,ok,6,169.5,50.0,6.312,28.955
bristol,reading,voyager,16QAM,11011101,-5.5,iter-2-scenario-5364,2,ok,6,169.5,50.0,6.315,28.898
bristol,reading,voyager,16QAM,11011110,-6.5,iter-2-scenario-3367,2,ok,6,169.5,50.0,5.975,28.952
bristol,reading,voyager,16QAM,11011110,-6.0,iter-2-scenario-3368,2,ok,6,169.5,50.0,5.992,28.935
bristol,reading,voyager,16QAM,11011110,-5.5,iter-2-scenario-3369,2,ok,6,169.5,50.0,5.995,28.877
bristol,reading,voyager,16QAM,11011111,-6.5,iter-2-scenario-1018,2,ok,7,169.5,50.0,5.629,28.93
bristol,reading,voyager,16QAM,11011111,-6.0,iter-2-scenario-1019,2,ok,7,169.5,50.0,5.641,28.904
bristol,reading,voyager,16QAM,11011111,-5.5,iter-2-scenario-1020,2,ok,7,169.5,50.0,5.649,28.846
bristol,reading,voyager,16QAM,11100000,-6.5,iter-2-scenario-3472,2,ok,3,169.5,50.0,6.997,29.013
bristol,reading,voyager,16QAM,11100000,-6.0,iter-2-scenario-3473,2,ok,3,169.5,50.0,7.01,29.003
bristol,reading,voyager,16QAM,11100000,-5.5,iter-2-scenario-3474,2,ok,3,169.5,50.0,7.017,28.953
bristol,reading,voyager,16QAM,11100001,-6.5,iter-2-scenario-2698,2,ok,4,169.5,50.0,7.258,29.023
bristol,reading,voyager,16QAM,11100001,-6.0,iter-2-scenario-2699,2,ok,4,169.5,50.0,7.272,29.012
bristol,reading,voyager,16QAM,11100001,-5.5,iter-2-scenario-2700,2,ok,4,169.5,50.0,7.28,28.965
bristol,reading,voyager,16QAM,11100010,-6.5,iter-2-scenario-3394,2,ok,4,169.5,50.0,7.18,29.023
bristol,reading,voyager,16QAM,11100010,-6.0,iter-2-scenario-3395,2,ok,4,169.5,50.0,7.197,29.008
bristol,reading,voyager,16QAM,11100010,-5.5,iter-2-scenario-3396,2,ok,4,169.5,50.0,7.202,28.96
bristol,reading,voyager,16QAM,11100011,-6.5,iter-2-scenario-5530,2,ok,5,169.5,50.0,6.758,29.002
bristol,reading,voyager,16QAM,11100011,-6.0,iter-2-scenario-5531,2,ok,5,169.5,50.0,6.772,28.986
bristol,reading,voyager,16QAM,11100011,-5.5,iter-2-scenario-5532,2,ok,5,169.5,50.0,6.778,28.934
bristol,reading,voyager,16QAM,11100100,-6.5,iter-2-scenario-3772,2,ok,4,169.5,50.0,7.065,29.012
bristol,reading,voyager,16QAM,11100100,-6.0,iter-2-scenario-3773,2,ok,4,169.5,50.0,7.077,29.002
bristol,reading,voyager,16QAM,11100100,-5.5,iter-2-scenario-3774,2,ok,4,169.5,50.0,7.085,28.953
bristol,reading,voyager,16QAM,11100101,-6.5,iter-2-scenario-3079,2,ok,5,169.5,50.0,6.96,29.008
bristol,reading,voyager,16QAM,11100101,-6.0,iter-2-scenario-3080,2,ok,5,169.5,50.0,6.974,28.994
bristol,reading,voyager,16QAM,11100101,-5.5,iter-2-scenario-3081,2,ok,5,169.5,50.0,6.98,28.946
bristol,reading,voyager,16QAM,11100110,-6.5,iter-2-scenario-760,2,ok,5,169.5,50.0,6.624,28.992
bristol,reading,voyager,16QAM,11100110,-6.0,iter-2-scenario-761,2,ok,5,169.5,50.0,6.64,28.978
bristol,reading,voyager,16QAM,11100110,-5.5,iter-2-scenario-762,2,ok,5,169.5,50.0,6.644,28.928
bristol,reading,voyager,16QAM,11100111,-6.5,iter-2-scenario-787,2,ok,6,169.5,50.0,6.212,28.968
bristol,reading,voyager,16QAM,11100111,-6.0,iter-2-scenario-788,2,ok,6,169.5,50.0,6.227,28.952
bristol,reading,voyager,16QAM,11100111,-5.5,iter-2-scenario-789,2,ok,6,169.5,50.0,6.233,28.897
bristol,reading,voyager,16QAM,11101000,-6.5,iter-2-scenario-5710,2,ok,4,169.5,50.0,6.86,29.005
bristol,reading,voyager,16QAM,11101000,-6.0,iter-2-scenario-5711,2,ok,4,169.5,50.0,6.875,28.992
bristol,reading,voyager,16QAM,11101000,-5.5,iter-2-scenario-5712,2,ok,4,169.5,50.0,6.88,28.942
bristol,reading,voyager,16QAM,11101001,-6.5,iter-2-scenario-5089,2,ok,5,169.5,50.0,6.906,29.006
bristol,reading,voyager,16QAM,11101001,-6.0,iter-2-scenario-5090,2,ok,5,169.5,50.0,6.918,28.994
bristol,reading,voyager,16QAM,11101001,-5.5,iter-2-scenario-5091,2,ok,5,169.5,50.0,6.926,28.942
bristol,reading,voyager,16QAM,11101010,-6.5,iter-2-scenario-4207,2,ok,5,169.5,50.0,6.754,28.998
bristol,reading,voyager,16QAM,11101010,-6.0,iter-2-scenario-4208,2,ok,5,169.5,50.0,6.77,28.988
bristol,reading,voyager,16QAM,11101010,-5.5,iter-2-scenario-4209,2,ok,5,169.5,50.0,6.774,28.932
bristol,reading,voyager,16QAM,11101011,-6.5,iter-2-scenario-907,2,ok,6,169.5,50.0,6.365,28.978
bristol,reading,voyager,16QAM,11101011,-6.0,iter-2-scenario-908,2,ok,6,169.5,50.0,6.378,28.958
bristol,reading,voyager,16QAM,11101011,-5.5,iter-2-scenario-909,2,ok,6,169.5,50.0,6.385,28.907
bristol,reading,voyager,16QAM,11101100,-6.5,iter-2-scenario-670,2,ok,5,169.5,50.0,6.404,28.98
bristol,reading,voyager,16QAM,11101100,-6.0,iter-2-scenario-671,2,ok,5,169.5,50.0,6.42,28.964
bristol,reading,voyager,16QAM,11101100,-5.5,iter-2-scenario-672,2,ok,5,169.5,50.0,6.424,28.91
bristol,reading,voyager,16QAM,11101101,-6.5,iter-2-scenario-1498,2,ok,6,169.5,50.0,6.312,28.973
bristol,reading,voyager,16QAM,11101101,-6.0,iter-2-scenario-1499,2,ok,6,169.5,50.0,6.327,28.957
bristol,reading,voyager,16QAM,11101101,-5.5,iter-2-scenario-1500,2,ok,6,169.5,50.0,6.333,28.903
bristol,reading,voyager,16QAM,11101110,-6.5,iter-2-scenario-4306,2,ok,6,169.5,50.0,6.0,28.957
bristol,reading,voyager,16QAM,11101110,-6.0,iter-2-scenario-4307,2,ok,6,169.5,50.0,6.017,28.937
bristol,reading,voyager,16QAM,11101110,-5.5,iter-2-scenario-4308,2,ok,6,169.5,50.0,6.02,28.88
bristol,reading,voyager,16QAM,11101111,-6.5,iter-2-scenario-3586,2,ok,7,169.5,50.0,5.659,28.931
bristol,reading,voyager,16QAM,11101111,-6.0,iter-2-scenario-3587,2,ok,7,169.5,50.0,5.674,28.91
bristol,reading,voyager,16QAM,11101111,-5.5,iter-2-scenario-3588,2,ok,7,169.5,50.0,5.679,28.85
bristol,reading,voyager,16QAM,11110000,-6.5,iter-2-scenario-1321,2,ok,4,169.5,50.0,6.383,28.983
bristol,reading,voyager,16QAM,11110000,-6.0,iter-2-scenario-1322,2,ok,4,169.5,50.0,6.397,28.965
bristol,reading,voyager,16QAM,11110000,-5.5,iter-2-scenario-1323,2,ok,4,169.5,50.0,6.402,28.91
bristol,reading,voyager,16QAM,11110001,-6.5,iter-2-scenario-5176,2,ok,5,169.5,50.0,6.588,28.988
bristol,reading,voyager,16QAM,11110001,-6.0,iter-2-scenario-5177,2,ok,5,169.5,50.0,6.6,28.97
bristol,reading,voyager,16QAM,11110001,-5.5,iter-2-scenario-5178,2,ok,5,169.5,50.0,6.608,28.92
bristol,reading,voyager,16QAM,11110010,-6.5,iter-2-scenario-1714,2,ok,5,169.5,50.0,6.486,28.982
bristol,reading,voyager,16QAM,11110010,-6.0,iter-2-scenario-1715,2,ok,5,169.5,50.0,6.498,28.966
bristol,reading,voyager,16QAM,11110010,-5.5,iter-2-scenario-1716,2,ok,5,169.5,50.0,6.506,28.914
bristol,reading,voyager,16QAM,11110011,-6.5,iter-2-scenario-394,2,ok,6,169.5,50.0,6.175,28.963
bristol,reading,voyager,16QAM,11110011,-6.0,iter-2-scenario-395,2,ok,6,169.5,50.0,6.193,28.948
bristol,reading,voyager,16QAM,11110011,-5.5,iter-2-scenario-396,2,ok,6,169.5,50.0,6.195,28.892
bristol,reading,voyager,16QAM,11110100,-6.5,iter-2-scenario-949,2,ok,5,169.5,50.0,6.316,28.974
bristol,reading,voyager,16QAM,11110100,-6.0,iter-2-scenario-950,2,ok,5,169.5,50.0,6.328,28.958
bristol,reading,voyager,16QAM,11110100,-5.5,iter-2-scenario-951,2,ok,5,169.5,50.0,6.336,28.9
bristol,reading,voyager,16QAM,11110101,-6.5,iter-2-scenario-4186,2,ok,6,169.5,50.0,6.268,28.97
bristol,reading,voyager,16QAM,11110101,-6.0,iter-2-scenario-4187,2,ok,6,169.5,50.0,6.285,28.952
bristol,reading,voyager,16QAM,11110101,-5.5,iter-2-scenario-4188,2,ok,6,169.5,50.0,6.29,28.895
bristol,reading,voyager,16QAM,11110110,-6.5,iter-2-scenario-5023,2,ok,6,169.5,50.0,5.977,28.952
bristol,reading,voyager,16QAM,11110110,-6.0,iter-2-scenario-5024,2,ok,6,169.5,50.0,5.995,28.933
bristol,reading,voyager,16QAM,11110110,-5.5,iter-2-scenario-5025,2,ok,6,169.5,50.0,5.998,28.878
bristol,reading,voyager,16QAM,11110111,-6.5,iter-2-scenario-1447,2,ok,7,169.5,50.0,5.66,28.933
bristol,reading,voyager,16QAM,11110111,-6.0,iter-2-scenario-1448,2,ok,7,169.5,50.0,5.676,28.91
bristol,reading,voyager,16QAM,11110111,-5.5,iter-2-scenario-1449,2,ok,7,169.5,50.0,5.68,28.851
bristol,reading,voyager,16QAM,11111000,-6.5,iter-2-scenario-2038,2,ok,5,169.5,50.0,5.928,28.95
bristol,reading,voyager,16QAM,11111000,-6.0,iter-2-scenario-2039,2,ok,5,169.5,50.0,5.944,28.932
bristol,reading,voyager,16QAM,11111000,-5.5,iter-2-scenario-2040,2,ok,5,169.5,50.0,5.948,28.872
bristol,reading,voyager,16QAM,11111001,-6.5,iter-2-scenario-13,2,ok,6,169.5,50.0,6.04,28.953
bristol,reading,voyager,16QAM,11111001,-6.0,iter-2-scenario-14,2,ok,6,169.5,50.0,6.052,28.935
bristol,reading,voyager,16QAM,11111001,-5.5,iter-2-scenario-15,2,ok,6,169.5,50.0,6.06,28.88
bristol,reading,voyager,16QAM,11111010,-6.5,iter-2-scenario-4447,2,ok,6,169.5,50.0,5.892,28.947
bristol,reading,voyager,16QAM,11111010,-6.0,iter-2-scenario-4448,2,ok,6,169.5,50.0,5.908,28.925
bristol,reading,voyager,16QAM,11111010,-5.5,iter-2-scenario-4449,2,ok,6,169.5,50.0,5.912,28.868
bristol,reading,voyager,16QAM,11111011,-6.5,iter-2-scenario-2098,2,ok,7,169.5,50.0,5.633,28.931
bristol,reading,voyager,16QAM,11111011,-6.0,iter-2-scenario-2099,2,ok,7,169.5,50.0,5.644,28.907
bristol,reading,voyager,16QAM,11111011,-5.5,iter-2-scenario-2100,2,ok,7,169.5,50.0,5.653,28.846
bristol,reading,voyager,16QAM,11111100,-6.5,iter-2-scenario-5452,2,ok,6,169.5,50.0,5.57,28.925
bristol,reading,voyager,16QAM,11111100,-6.0,iter-2-scenario-5453,2,ok,6,169.5,50.0,5.585,28.905
bristol,reading,voyager,16QAM,11111100,-5.5,iter-2-scenario-5454,2,ok,6,169.5,50.0,5.592,28.842
bristol,reading,voyager,16QAM,11111101,-6.5,iter-2-scenario-508,2,ok,7,169.5,50.0,5.55,28.92
bristol,reading,voyager,16QAM,11111101,-6.0,iter-2-scenario-509,2,ok,7,169.5,50.0,5.564,28.9
bristol,reading,voyager,16QAM,11111101,-5.5,iter-2-scenario-510,2,ok,7,169.5,50.0,5.573,28.836
bristol,reading,voyager,16QAM,11111110,-6.5,iter-2-scenario-3097,2,ok,7,169.5,50.0,5.276,28.904
bristol,reading,voyager,16QAM,11111110,-6.0,iter-2-scenario-3098,2,ok,7,169.5,50.0,5.291,28.879
bristol,reading,voyager,16QAM,11111110,-5.5,iter-2-scenario-3099,2,ok,7,169.5,50.0,5.296,28.816
bristol,reading,voyager,16QAM,11111111,-6.5,iter-2-scenario-2176,2,ok,8,169.5,50.0,5.025,28.885
bristol,reading,voyager,16QAM,11111111,-6.0,iter-2-scenario-2177,2,ok,8,169.5,50.0,5.041,28.856
bristol,reading,voyager,16QAM,11111111,-5.5,iter-2-scenario-2178,2,ok,8,169.5,50.0,5.045,28.793
bristol,reading,voyager,QPSK,00000000,-6.5,iter-2-scenario-5293,2,no_signal,0,169.5,37.5,,
bristol,reading,voyager,QPSK,00000000,-6.0,iter-2-scenario-5294,2,no_signal,0,169.5,37.5,,
bristol,reading,voyager,QPSK,00000000,-5.5,iter-2-scenario-5295,2,no_signal,0,169.5,37.5,,
bristol,reading,voyager,QPSK,00000001,-6.5,iter-2-scenario-1726,2,ok,1,169.5,37.5,9.64,29.11
bristol,reading,voyager,QPSK,00000001,-6.0,iter-2-scenario-1727,2,ok,1,169.5,37.5,9.66,29.12
bristol,reading,voyager,QPSK,00000001,-5.5,iter-2-scenario-1728,2,ok,1,169.5,37.5,9.66,29.08
bristol,reading,voyager,QPSK,00000010,-6.5,iter-2-scenario-2023,2,ok,1,169.5,37.5,9.65,29.12
bristol,reading,voyager,QPSK,00000010,-6.0,iter-2-scenario-2024,2,ok,1,169.5,37.5,9.66,29.12
bristol,reading,voyager,QPSK,00000010,-5.5,iter-2-scenario-2025,2,ok,1,169.5,37.5,9.67,29.08
bristol,reading,voyager,QPSK,00000011,-6.5,iter-2-scenario-1099,2,ok,2,169.5,37.5,7.375,29.03
bristol,reading,voyager,QPSK,00000011,-6.0,iter-2-scenario-1100,2,ok,2,169.5,37.5,7.39,29.02
bristol,reading,voyager,QPSK,00000011,-5.5,iter-2-scenario-1101,2,ok,2,169.5,37.5,7.395,28.97
bristol,reading,voyager,QPSK,00000100,-6.5,iter-2-scenario-5029,2,ok,1,169.5,37.5,9.65,29.12
bristol,reading,voyager,QPSK,00000100,-6.0,iter-2-scenario-5030,2,ok,1,169.5,37.5,9.67,29.12
bristol,reading,voyager,QPSK,00000100,-5.5,iter-2-scenario-5031,2,ok,1,169.5,37.5,9.67,29.08
bristol,reading,voyager,QPSK,00000101,-6.5,iter-2-scenario-5320,2,ok,2,169.5,37.5,8.435,29.075
bristol,reading,voyager,QPSK,00000101,-6.0,iter-2-scenario-5321,2,ok,2,169.5,37.5,8.445,29.07
bristol,reading,voyager,QPSK,00000101,-5.5,iter-2-scenario-5322,2,ok,2,169.5,37.5,8.455,29.03
bristol,reading,voyager,QPSK,00000110,-6.5,iter-2-scenario-2077,2,ok,2,169.5,37.5,7.38,29.03
bristol,reading,voyager,QPSK,00000110,-6.0,iter-2-scenario-2078,2,ok,2,169.5,37.5,7.39,29.02
bristol,reading,voyager,QPSK,00000110,-5.5,iter-2-scenario-2079,2,ok,2,169.5,37.5,7.4,28.97
bristol,reading,voyager,QPSK,00000111,-6.5,iter-2-scenario-5563,2,ok,3,169.5,37.5,6.257,28.973
bristol,reading,voyager,QPSK,00000111,-6.0,iter-2-scenario-5564,2,ok,3,169.5,37.5,6.267,28.953
bristol,reading,voyager,QPSK,00000111,-5.5,iter-2-scenario-5565,2,ok,3,169.5,37.5,6.277,28.9
bristol,reading,voyager,QPSK,00001000,-6.5,iter-2-scenario-3463,2,ok,1,169.5,37.5,9.66,29.12
bristol,reading,voyager,QPSK,00001000,-6.0,iter-2-scenario-3464,2,ok,1,169.5,37.5,9.67,29.12
bristol,reading,voyager,QPSK,00001000,-5.5,iter-2-scenario-3465,2,ok,1,169.5,37.5,9.68,29.08
bristol,reading,voyager,QPSK,00001001,-6.5,iter-2-scenario-5869,2,ok,2,169.5,37.5,8.815,29.09
bristol,reading,voyager,QPSK,00001001,-6.0,iter-2-scenario-5870,2,ok,2,169.5,37.5,8.83,29.09
bristol,reading,voyager,QPSK,00001001,-5.5,iter-2-scenario-5871,2,ok,2,169.5,37.5,8.835,29.05
bristol,reading,voyager,QPSK,00001010,-6.5,iter-2-scenario-4318,2,ok,2,169.5,37.5,8.435,29.08
bristol,reading,voyager,QPSK,00001010,-6.0,iter-2-scenario-4319,2,ok,2,169.5,37.5,8.455,29.07
bristol,reading,voyager,QPSK,00001010,-5.5,iter-2-scenario-4320,2,ok,2,169.5,37.5,8.455,29.03
bristol,reading,voyager,QPSK,00001011,-6.5,iter-2-scenario-3616,2,ok,3,169.5,37.5,7.023,29.013
bristol,reading,voyager,QPSK,00001011,-6.0,iter-2-scenario-3617,2,ok,3,169.5,37.5,7.037,29.0
bristol,reading,voyager,QPSK,00001011,-5.5,iter-2-scenario-3618,2,ok,3,169.5,37.5,7.043,28.953
bristol,reading,voyager,QPSK,00001100,-6.5,iter-2-scenario-4120,2,ok,2,169.5,37.5,7.385,29.03
bristol,reading,voyager,QPSK,00001100,-6.0,iter-2-scenario-4121,2,ok,2,169.5,37.5,7.395,29.02
bristol,reading,voyager,QPSK,00001100,-5.5,iter-2-scenario-4122,2,ok,2,169.5,37.5,7.405,28.975
bristol,reading,voyager,QPSK,00001101,-6.5,iter-2-scenario-1693,2,ok,3,169.5,37.5,7.027,29.013
bristol,reading,voyager,QPSK,00001101,-6.0,iter-2-scenario-1694,2,ok,3,169.5,37.5,7.04,29.0
bristol,reading,voyager,QPSK,00001101,-5.5,iter-2-scenario-1695,2,ok,3,169.5,37.5,7.047,28.95
bristol,reading,voyager,QPSK,00001110,-6.5,iter-2-scenario-3718,2,ok,3,169.5,37.5,6.257,28.973
bristol,reading,voyager,QPSK,00001110,-6.0,iter-2-scenario-3719,2,ok,3,169.5,37.5,6.27,28.953
bristol,reading,voyager,QPSK,00001110,-5.5,iter-2-scenario-3720,2,ok,3,169.5,37.5,6.28,28.9
bristol,reading,voyager,QPSK,00001111,-6.5,iter-2-scenario-6091,2,ok,4,169.5,37.5,5.525,28.922
bristol,reading,voyager,QPSK,00001111,-6.0,iter-2-scenario-6092,2,ok,4,169.5,37.5,5.54,28.9
bristol,reading,voyager,QPSK,00001111,-5.5,iter-2-scenario-6093,2,ok,4,169.5,37.5,5.545,28.837
bristol,reading,voyager,QPSK,00010000,-6.5,iter-2-scenario-3445,2,ok,1,169.5,37.5,9.66,29.12
bristol,reading,voyager,QPSK,00010000,-6.0,iter-2-scenario-3446,2,ok,1,169.5,37.5,9.68,29.12
bristol,reading,voyager,QPSK,00010000,-5.5,iter-2-scenario-3447,2,ok,1,169.5,37.5,9.68,29.08
bristol,reading,voyager,QPSK,00010001,-6.5,iter-2-scenario-2806,2,ok,2,169.5,37.5,9.02,29.1
bristol,reading,voyager,QPSK,00010001,-6.0,iter-2-scenario-2807,2,ok,2,169.5,37.5,9.03,29.095
bristol,reading,voyager,QPSK,00010001,-5.5,iter-2-scenario-2808,2,ok,2,169.5,37.5,9.04,29.055
bristol,reading,voyager,QPSK,00010010,-6.5,iter-2-scenario-3556,2,ok,2,169.5,37.5,8.82,29.09
bristol,reading,voyager,QPSK,00010010,-6.0,iter-2-scenario-3557,2,ok,2,169.5,37.5,8.835,29.09
bristol,reading,voyager,QPSK,00010010,-5.5,iter-2-scenario-3558,2,ok,2,169.5,37.5,8.84,29.05
bristol,reading,voyager,QPSK,00010011,-6.5,iter-2-scenario-5116,2,ok,3,169.5,37.5,7.337,29.027
bristol,reading,voyager,QPSK,00010011,-6.0,iter-2-scenario-5117,2,ok,3,169.5,37.5,7.35,29.02
bristol,reading,voyager,QPSK,00010011,-5.5,iter-2-scenario-5118,2,ok,3,169.5,37.5,7.357,28.97
bristol,reading,voyager,QPSK,00010100,-6.5,iter-2-scenario-5386,2,ok,2,169.5,37.5,8.445,29.08
bristol,reading,voyager,QPSK,00010100,-6.0,iter-2-scenario-5387,2,ok,2,169.5,37.5,8.455,29.07
bristol,reading,voyager,QPSK,00010100,-5.5,iter-2-scenario-5388,2,ok,2,169.5,37.5,8.465,29.03
bristol,reading,voyager,QPSK,00010101,-6.5,iter-2-scenario-4024,2,ok,3,169.5,37.5,7.757,29.047
bristol,reading,voyager,QPSK,00010101,-6.0,iter-2-scenario-4025,2,ok,3,169.5,37.5,7.77,29.04
bristol,reading,voyager,QPSK,00010101,-5.5,iter-2-scenario-4026,2,ok,3,169.5,37.5,7.777,28.997
bristol,reading,voyager,QPSK,00010110,-6.5,iter-2-scenario-5620,2,ok,3,169.5,37.5,7.03,29.013
bristol,reading,voyager,QPSK,00010110,-6.0,iter-2-scenario-5621,2,ok,3,169.5,37.5,7.043,29.0
bristol,reading,voyager,QPSK,00010110,-5.5,iter-2-scenario-5622,2,ok,3,169.5,37.5,7.05,28.953
bristol,reading,voyager,QPSK,00010111,-6.5,iter-2-scenario-1618,2,ok,4,169.5,37.5,6.115,28.957
bristol,reading,voyager,QPSK,00010111,-6.0,iter-2-scenario-1619,2,ok,4,169.5,37.5,6.125,28.94
bristol,reading,voyager,QPSK,00010111,-5.5,iter-2-scenario-1620,2,ok,4,169.5,37.5,6.135,28.885
bristol,reading,voyager,QPSK,00011000,-6.5,iter-2-scenario-1900,2,ok,2,169.5,37.5,7.39,29.03
bristol,reading,voyager,QPSK,00011000,-6.0,iter-2-scenario-1901,2,ok,2,169.5,37.5,7.4,29.02
bristol,reading,voyager,QPSK,00011000,-5.5,iter-2-scenario-1902,2,ok,2,169.5,37.5,7.41,28.98
bristol,reading,voyager,QPSK,00011001,-6.5,iter-2-scenario-5680,2,ok,3,169.5,37.5,7.34,29.027
bristol,reading,voyager,QPSK,00011001,-6.0,iter-2-scenario-5681,2,ok,3,169.5,37.5,7.353,29.017
bristol,reading,voyager,QPSK,00011001,-5.5,iter-2-scenario-5682,2,ok,3,169.5,37.5,7.36,28.97
bristol,reading,voyager,QPSK,00011010,-6.5,iter-2-scenario-5062,2,ok,3,169.5,37.5,7.03,29.013
bristol,reading,voyager,QPSK,00011010,-6.0,iter-2-scenario-5063,2,ok,3,169.5,37.5,7.043,29.0
bristol,reading,voyager,QPSK,00011010,-5.5,iter-2-scenario-5064,2,ok,3,169.5,37.5,7.05,28.95
bristol,reading,voyager,QPSK,00011011,-6.5,iter-2-scenario-2755,2,ok,4,169.5,37.5,6.207,28.97
bristol,reading,voyager,QPSK,00011011,-6.0,iter-2-scenario-2756,2,ok,4,169.5,37.5,6.218,28.953
bristol,reading,voyager,QPSK,00011011,-5.5,iter-2-scenario-2757,2,ok,4,169.5,37.5,6.228,28.895
bristol,reading,voyager,QPSK,00011100,-6.5,iter-2-scenario-4915,2,ok,3,169.5,37.5,6.267,28.973
bristol,reading,voyager,QPSK,00011100,-6.0,iter-2-scenario-4916,2,ok,3,169.5,37.5,6.277,28.953
bristol,reading,voyager,QPSK,00011100,-5.5,iter-2-scenario-4917,2,ok,3,169.5,37.5,6.287,28.9
bristol,reading,voyager,QPSK,00011101,-6.5,iter-2-scenario-1279,2,ok,4,169.5,37.5,6.117,28.962
bristol,reading,voyager,QPSK,00011101,-6.0,iter-2-scenario-1280,2,ok,4,169.5,37.5,6.128,28.942
bristol,reading,voyager,QPSK,00011101,-5.5,iter-2-scenario-1281,2,ok,4,169.5,37.5,6.138,28.885
bristol,reading,voyager,QPSK,00011110,-6.5,iter-2-scenario-1444,2,ok,4,169.5,37.5,5.53,28.925
bristol,reading,voyager,QPSK,00011110,-6.0,iter-2-scenario-1445,2,ok,4,169.5,37.5,5.545,28.9
bristol,reading,voyager,QPSK,00011110,-5.5,iter-2-scenario-1446,2,ok,4,169.5,37.5,5.55,28.84
bristol,reading,voyager,QPSK,00011111,-6.5,iter-2-scenario-4255,2,ok,5,169.5,37.5,4.988,28.88
bristol,reading,voyager,QPSK,00011111,-6.0,iter-2-scenario-4256,2,ok,5,169.5,37.5,5.008,28.852
bristol,reading,voyager,QPSK,00011111,-5.5,iter-2-scenario-4257,2,ok,5,169.5,37.5,5.008,28.786
bristol,reading,voyager,QPSK,00100000,-6.5,iter-2-scenario-5182,2,ok,1,169.5,37.5,9.67,29.12
bristol,reading,voyager,QPSK,00100000,-6.0,iter-2-scenario-5183,2,ok,1,169.5,37.5,9.68,29.12
bristol,reading,voyager,QPSK,00100000,-5.5,iter-2-scenario-5184,2,ok,1,169.5,37.5,9.69,29.08
bristol,reading,voyager,QPSK,00100001,-6.5,iter-2-scenario-169,2,ok,2,169.5,37.5,9.14,29.1
bristol,reading,voyager,QPSK,00100001,-6.0,iter-2-scenario-170,2,ok,2,169.5,37.5,9.155,29.1
bristol,reading,voyager,QPSK,00100001,-5.5,iter-2-scenario-171,2,ok,2,169.5,37.5,9.16,29.06
bristol,reading,voyager,QPSK,00100010,-6.5,iter-2-scenario-1204,2,ok,2,169.5,37.5,9.02,29.1
bristol,reading,voyager,QPSK,00100010,-6.0,iter-2-scenario-1205,2,ok,2,169.5,37.5,9.04,29.095
bristol,reading,voyager,QPSK,00100010,-5.5,iter-2-scenario-1206,2,ok,2,169.5,37.5,9.04,29.06
bristol,reading,voyager,QPSK,00100011,-6.5,iter-2-scenario-889,2,ok,3,169.5,37.5,7.51,29.033
bristol,reading,voyager,QPSK,00100011,-6.0,iter-2-scenario-890,2,ok,3,169.5,37.5,7.52,29.027
bristol,reading,voyager,QPSK,00100011,-5.5,iter-2-scenario-891,2,ok,3,169.5,37.5,7.53,28.98
bristol,reading,voyager,QPSK,00100100,-6.5,iter-2-scenario-3349,2,ok,2,169.5,37.5,8.825,29.09
bristol,reading,voyager,QPSK,00100100,-6.0,iter-2-scenario-3350,2,ok,2,169.5,37.5,8.84,29.09
bristol,reading,voyager,QPSK,00100100,-5.5,iter-2-scenario-3351,2,ok,2,169.5,37.5,8.845,29.05
bristol,reading,voyager,QPSK,00100101,-6.5,iter-2-scenario-4423,2,ok,3,169.5,37.5,8.05,29.063
bristol,reading,voyager,QPSK,00100101,-6.0,iter-2-scenario-4424,2,ok,3,169.5,37.5,8.063,29.053
bristol,reading,voyager,QPSK,00100101,-5.5,iter-2-scenario-4425,2,ok,3,169.5,37.5,8.07,29.013
bristol,reading,voyager,QPSK,00100110,-6.5,iter-2-scenario-4552,2,ok,3,169.5,37.5,7.34,29.027
bristol,reading,voyager,QPSK,00100110,-6.0,iter-2-scenario-4553,2,ok,3,169.5,37.5,7.353,29.02
bristol,reading,voyager,QPSK,00100110,-5.5,iter-2-scenario-4554,2,ok,3,169.5,37.5,7.36,28.97
bristol,reading,voyager,QPSK,00100111,-6.5,iter-2-scenario-5275,2,ok,4,169.5,37.5,6.362,28.975
bristol,reading,voyager,QPSK,00100111,-6.0,iter-2-scenario-5276,2,ok,4,169.5,37.5,6.383,28.957
bristol,reading,voyager,QPSK,00100111,-5.5,iter-2-scenario-5277,2,ok,4,169.5,37.5,6.383,28.9
bristol,reading,voyager,QPSK,00101000,-6.5,iter-2-scenario-3055,2,ok,2,169.5,37.5,8.445,29.08
bristol,reading,voyager,QPSK,00101000,-6.0,iter-2-scenario-3056,2,ok,2,169.5,37.5,8.465,29.07
bristol,reading,voyager,QPSK,00101000,-5.5,iter-2-scenario-3057,2,ok,2,169.5,37.5,8.465,29.03
bristol,reading,voyager,QPSK,00101001,-6.5,iter-2-scenario-2044,2,ok,3,169.5,37.5,8.05,29.06
bristol,reading,voyager,QPSK,00101001,-6.0,iter-2-scenario-2045,2,ok,3,169.5,37.5,8.067,29.057
bristol,reading,voyager,QPSK,00101001,-5.5,iter-2-scenario-2046,2,ok,3,169.5,37.5,8.07,29.013
bristol,reading,voyager,QPSK,00101010,-6.5,iter-2-scenario-3832,2,ok,3,169.5,37.5,7.76,29.05
bristol,reading,voyager,QPSK,00101010,-6.0,iter-2-scenario-3833,2,ok,3,169.5,37.5,7.777,29.043
bristol,reading,voyager,QPSK,00101010,-5.5,iter-2-scenario-3834,2,ok,3,169.5,37.5,7.78,28.997
bristol,reading,voyager,QPSK,00101011,-6.5,iter-2-scenario-5902,2,ok,4,169.5,37.5,6.752,28.998
bristol,reading,voyager,QPSK,00101011,-6.0,iter-2-scenario-5903,2,ok,4,169.5,37.5,6.765,28.985
bristol,reading,voyager,QPSK,00101011,-5.5,iter-2-scenario-5904,2,ok,4,169.5,37.5,6.772,28.933
bristol,reading,voyager,QPSK,00101100,-6.5,iter-2-scenario-5446,2,ok,3,169.5,37.5,7.033,29.013
bristol,reading,voyager,QPSK,00101100,-6.0,iter-2-scenario-5447,2,ok,3,169.5,37.5,7.047,29.0
bristol,reading,voyager,QPSK,00101100,-5.5,iter-2-scenario-5448,2,ok,3,169.5,37.5,7.053,28.953
bristol,reading,voyager,QPSK,00101101,-6.5,iter-2-scenario-3007,2,ok,4,169.5,37.5,6.697,28.995
bristol,reading,voyager,QPSK,00101101,-6.0,iter-2-scenario-3008,2,ok,4,169.5,37.5,6.713,28.98
bristol,reading,voyager,QPSK,00101101,-5.5,iter-2-scenario-3009,2,ok,4,169.5,37.5,6.718,28.927
bristol,reading,voyager,QPSK,00101110,-6.5,iter-2-scenario-982,2,ok,4,169.5,37.5,6.115,28.96
bristol,reading,voyager,QPSK,00101110,-6.0,iter-2-scenario-983,2,ok,4,169.5,37.5,6.135,28.942
bristol,reading,voyager,QPSK,00101110,-5.5,iter-2-scenario-984,2,ok,4,169.5,37.5,6.138,28.885
bristol,reading,voyager,QPSK,00101111,-6.5,iter-2-scenario-688,2,ok,5,169.5,37.5,5.464,28.914
bristol,reading,voyager,QPSK,00101111,-6.0,iter-2-scenario-689,2,ok,5,169.5,37.5,5.476,28.888
bristol,reading,voyager,QPSK,00101111,-5.5,iter-2-scenario-690,2,ok,5,169.5,37.5,5.484,28.828
bristol,reading,voyager,QPSK,00110000,-6.5,iter-2-scenario-2329,2,ok,2,169.5,37.5,7.395,29.03
bristol,reading,voyager,QPSK,00110000,-6.0,iter-2-scenario-2330,2,ok,2,169.5,37.5,7.405,29.02
bristol,reading,voyager,QPSK,00110000,-5.5,iter-2-scenario-2331,2,ok,2,169.5,37.5,7.415,28.98
bristol,reading,voyager,QPSK,00110001,-6.5,iter-2-scenario-2134,2,ok,3,169.5,37.5,7.513,29.037
bristol,reading,voyager,QPSK,00110001,-6.0,iter-2-scenario-2135,2,ok,3,169.5,37.5,7.53,29.027
bristol,reading,voyager,QPSK,00110001,-5.5,iter-2-scenario-2136,2,ok,3,169.5,37.5,7.533,28.98
bristol,reading,voyager,QPSK,00110010,-6.5,iter-2-scenario-4687,2,ok,3,169.5,37.5,7.343,29.027
bristol,reading,voyager,QPSK,00110010,-6.0,iter-2-scenario-4688,2,ok,3,169.5,37.5,7.36,29.017
bristol,reading,voyager,QPSK,00110010,-5.5,iter-2-scenario-4689,2,ok,3,169.5,37.5,7.363,28.97
bristol,reading,voyager,QPSK,00110011,-6.5,iter-2-scenario-1402,2,ok,4,169.5,37.5,6.508,28.985
bristol,reading,voyager,QPSK,00110011,-6.0,iter-2-scenario-1403,2,ok,4,169.5,37.5,6.522,28.973
bristol,reading,voyager,QPSK,00110011,-5.5,iter-2-scenario-1404,2,ok,4,169.5,37.5,6.527,28.918
bristol,reading,voyager,QPSK,00110100,-6.5,iter-2-scenario-82,2,ok,3,169.5,37.5,7.037,29.017
bristol,reading,voyager,QPSK,00110100,-6.0,iter-2-scenario-83,2,ok,3,169.5,37.5,7.05,29.0
bristol,reading,voyager,QPSK,00110100,-5.5,iter-2-scenario-84,2,ok,3,169.5,37.5,7.057,28.953
bristol,reading,voyager,QPSK,00110101,-6.5,iter-2-scenario-4981,2,ok,4,169.5,37.5,6.752,29.002
bristol,reading,voyager,QPSK,00110101,-6.0,iter-2-scenario-4982,2,ok,4,169.5,37.5,6.768,28.985
bristol,reading,voyager,QPSK,00110101,-5.5,iter-2-scenario-4983,2,ok,4,169.5,37.5,6.772,28.933
bristol,reading,voyager,QPSK,00110110,-6.5,iter-2-scenario-307,2,ok,4,169.5,37.5,6.207,28.97
bristol,reading,voyager,QPSK,00110110,-6.0,iter-2-scenario-308,2,ok,4,169.5,37.5,6.228,28.953
bristol,reading,voyager,QPSK,00110110,-5.5,iter-2-scenario-309,2,ok,4,169.5,37.5,6.228,28.895
bristol,reading,voyager,QPSK,00110111,-6.5,iter-2-scenario-802,2,ok,5,169.5,37.5,5.566,28.924
bristol,reading,voyager,QPSK,00110111,-6.0,iter-2-scenario-803,2,ok,5,169.5,37.5,5.584,28.902
bristol,reading,voyager,QPSK,00110111,-5.5,iter-2-scenario-804,2,ok,5,169.5,37.5,5.586,28.842
bristol,reading,voyager,QPSK,00111000,-6.5,iter-2-scenario-451,2,ok,3,169.5,37.5,6.27,28.973
bristol,reading,voyager,QPSK,00111000,-6.0,iter-2-scenario-452,2,ok,3,169.5,37.5,6.28,28.953
bristol,reading,voyager,QPSK,00111000,-5.5,iter-2-scenario-453,2,ok,3,169.5,37.5,6.29,28.9
bristol,reading,voyager,QPSK,00111001,-6.5,iter-2-scenario-139,2,ok,4,169.5,37.5,6.372,28.975
bristol,reading,voyager,QPSK,00111001,-6.0,iter-2-scenario-140,2,ok,4,169.5,37.5,6.383,28.955
bristol,reading,voyager,QPSK,00111001,-5.5,iter-2-scenario-141,2,ok,4,169.5,37.5,6.393,28.902
bristol,reading,voyager,QPSK,00111010,-6.5,iter-2-scenario-1144,2,ok,4,169.5,37.5,6.12,28.962
bristol,reading,voyager,QPSK,00111010,-6.0,iter-2-scenario-1145,2,ok,4,169.5,37.5,6.138,28.942
bristol,reading,voyager,QPSK,00111010,-5.5,iter-2-scenario-1146,2,ok,4,169.5,37.5,6.14,28.885
bristol,reading,voyager,QPSK,00111011,-6.5,iter-2-scenario-2557,2,ok,5,169.5,37.5,5.57,28.926
bristol,reading,voyager,QPSK,00111011,-6.0,iter-2-scenario-2558,2,ok,5,169.5,37.5,5.582,28.902
bristol,reading,voyager,QPSK,00111011,-5.5,iter-2-scenario-2559,2,ok,5,169.5,37.5,5.59,28.844
bristol,reading,voyager,QPSK,00111100,-6.5,iter-2-scenario-1534,2,ok,4,169.5,37.5,5.535,28.925
bristol,reading,voyager,QPSK,00111100,-6.0,iter-2-scenario-1535,2,ok,4,169.5,37.5,5.55,28.9
bristol,reading,voyager,QPSK,00111100,-5.5,iter-2-scenario-1536,2,ok,4,169.5,37.5,5.555,28.84
bristol,reading,voyager,QPSK,00111101,-6.5,iter-2-scenario-1492,2,ok,5,169.5,37.5,5.464,28.914
bristol,reading,voyager,QPSK,00111101,-6.0,iter-2-scenario-1493,2,ok,5,169.5,37.5,5.482,28.89
bristol,reading,voyager,QPSK,00111101,-5.5,iter-2-scenario-1494,2,ok,5,169.5,37.5,5.484,28.83
bristol,reading,voyager,QPSK,00111110,-6.5,iter-2-scenario-2578,2,ok,5,169.5,37.5,4.998,28.884
bristol,reading,voyager,QPSK,00111110,-6.0,iter-2-scenario-2579,2,ok,5,169.5,37.5,5.008,28.852
bristol,reading,voyager,QPSK,00111110,-5.5,iter-2-scenario-2580,2,ok,5,169.5,37.5,5.018,28.788
bristol,reading,voyager,QPSK,00111111,-6.5,iter-2-scenario-859,2,ok,6,169.5,37.5,4.573,28.848
bristol,reading,voyager,QPSK,00111111,-6.0,iter-2-scenario-860,2,ok,6,169.5,37.5,4.587,28.813
bristol,reading,voyager,QPSK,00111111,-5.5,iter-2-scenario-861,2,ok,6,169.5,37.5,4.593,28.743
bristol,reading,voyager,QPSK,01000000,-6.5,iter-2-scenario-3148,2,ok,1,169.5,37.5,9.67,29.12
bristol,reading,voyager,QPSK,01000000,-6.0,iter-2-scenario-3149,2,ok,1,169.5,37.5,9.69,29.12
bristol,reading,voyager,QPSK,01000000,-5.5,iter-2-scenario-3150,2,ok,1,169.5,37.5,9.69,29.08
bristol,reading,voyager,QPSK,01000001,-6.5,iter-2-scenario-4381,2,ok,2,169.5,37.5,9.225,29.105
bristol,reading,voyager,QPSK,01000001,-6.0,iter-2-scenario-4382,2,ok,2,169.5,37.5,9.24,29.105
bristol,reading,voyager,QPSK,01000001,-5.5,iter-2-scenario-4383,2,ok,2,169.5,37.5,9.245,29.065
bristol,reading,voyager,QPSK,01000010,-6.5,iter-2-scenario-4765,2,ok,2,169.5,37.5,9.145,29.1
bristol,reading,voyager,QPSK,01000010,-6.0,iter-2-scenario-4766,2,ok,2,169.5,37.5,9.16,29.1
bristol,reading,voyager,QPSK,01000010,-5.5,iter-2-scenario-4767,2,ok,2,169.5,37.5,9.165,29.06
bristol,reading,voyager,QPSK,01000011,-6.5,iter-2-scenario-3856,2,ok,3,169.5,37.5,7.62,29.04
bristol,reading,voyager,QPSK,01000011,-6.0,iter-2-scenario-3857,2,ok,3,169.5,37.5,7.637,29.03
bristol,reading,voyager,QPSK,01000011,-5.5,iter-2-scenario-3858,2,ok,3,169.5,37.5,7.64,28.983
bristol,reading,voyager,QPSK,01000100,-6.5,iter-2-scenario-2971,2,ok,2,169.5,37.5,9.03,29.1
bristol,reading,voyager,QPSK,01000100,-6.0,iter-2-scenario-2972,2,ok,2,169.5,37.5,9.04,29.095
bristol,reading,voyager,QPSK,01000100,-5.5,iter-2-scenario-2973,2,ok,2,169.5,37.5,9.05,29.06
bristol,reading,voyager,QPSK,01000101,-6.5,iter-2-scenario-1867,2,ok,3,169.5,37.5,8.217,29.07
bristol,reading,voyager,QPSK,01000101,-6.0,iter-2-scenario-1868,2,ok,3,169.5,37.5,8.227,29.06
bristol,reading,voyager,QPSK,01000101,-5.5,iter-2-scenario-1869,2,ok,3,169.5,37.5,8.237,29.017
bristol,reading,voyager,QPSK,01000110,-6.5,iter-2-scenario-3271,2,ok,3,169.5,37.5,7.51,29.033
bristol,reading,voyager,QPSK,01000110,-6.0,iter-2-scenario-3272,2,ok,3,169.5,37.5,7.53,29.027
bristol,reading,voyager,QPSK,01000110,-5.5,iter-2-scenario-3273,2,ok,3,169.5,37.5,7.53,28.98
bristol,reading,voyager,QPSK,01000111,-6.5,iter-2-scenario-4777,2,ok,4,169.5,37.5,6.515,28.98
bristol,reading,voyager,QPSK,01000111,-6.0,iter-2-scenario-4778,2,ok,4,169.5,37.5,6.527,28.962
bristol,reading,voyager,QPSK,01000111,-5.5,iter-2-scenario-4779,2,ok,4,169.5,37.5,6.535,28.91
bristol,reading,voyager,QPSK,01001000,-6.5,iter-2-scenario-3412,2,ok,2,169.5,37.5,8.83,29.09
bristol,reading,voyager,QPSK,01001000,-6.0,iter-2-scenario-3413,2,ok,2,169.5,37.5,8.845,29.09
bristol,reading,voyager,QPSK,01001000,-5.5,iter-2-scenario-3414,2,ok,2,169.5,37.5,8.85,29.05
bristol,reading,voyager,QPSK,01001001,-6.5,iter-2-scenario-3757,2,ok,3,169.5,37.5,8.333,29.073
bristol,reading,voyager,QPSK,01001001,-6.0,iter-2-scenario-3758,2,ok,3,169.5,37.5,8.347,29.07
bristol,reading,voyager,QPSK,01001001,-5.5,iter-2-scenario-3759,2,ok,3,169.5,37.5,8.353,29.023
bristol,reading,voyager,QPSK,01001010,-6.5,iter-2-scenario-1798,2,ok,3,169.5,37.5,8.053,29.063
bristol,reading,voyager,QPSK,01001010,-6.0,iter-2-scenario-1799,2,ok,3,169.5,37.5,8.07,29.053
bristol,reading,voyager,QPSK,01001010,-5.5,iter-2-scenario-1800,2,ok,3,169.5,37.5,8.073,29.013
bristol,reading,voyager,QPSK,01001011,-6.5,iter-2-scenario-6025,2,ok,4,169.5,37.5,6.98,29.01
bristol,reading,voyager,QPSK,01001011,-6.0,iter-2-scenario-6026,2,ok,4,169.5,37.5,6.992,28.997
bristol,reading,voyager,QPSK,01001011,-5.5,iter-2-scenario-6027,2,ok,4,169.5,37.5,7.0,28.948
bristol,reading,voyager,QPSK,01001100,-6.5,iter-2-scenario-3199,2,ok,3,169.5,37.5,7.343,29.027
bristol,reading,voyager,QPSK,01001100,-6.0,iter-2-scenario-3200,2,ok,3,169.5,37.5,7.36,29.02
bristol,reading,voyager,QPSK,01001100,-5.5,iter-2-scenario-3201,2,ok,3,169.5,37.5,7.363,28.973
bristol,reading,voyager,QPSK,01001101,-6.5,iter-2-scenario-4153,2,ok,4,169.5,37.5,6.945,29.005
bristol,reading,voyager,QPSK,01001101,-6.0,iter-2-scenario-4154,2,ok,4,169.5,37.5,6.963,28.995
bristol,reading,voyager,QPSK,01001101,-5.5,iter-2-scenario-4155,2,ok,4,169.5,37.5,6.965,28.945
bristol,reading,voyager,QPSK,01001110,-6.5,iter-2-scenario-3643,2,ok,4,169.5,37.5,6.372,28.975
bristol,reading,voyager,QPSK,01001110,-6.0,iter-2-scenario-3644,2,ok,4,169.5,37.5,6.383,28.957
bristol,reading,voyager,QPSK,01001110,-5.5,iter-2-scenario-3645,2,ok,4,169.5,37.5,6.393,28.902
bristol,reading,voyager,QPSK,01001111,-6.5,iter-2-scenario-2392,2,ok,5,169.5,37.5,5.672,28.928
bristol,reading,voyager,QPSK,01001111,-6.0,iter-2-scenario-2393,2,ok,5,169.5,37.5,5.688,28.904
bristol,reading,voyager,QPSK,01001111,-5.5,iter-2-scenario-2394,2,ok,5,169.5,37.5,5.692,28.844
bristol,reading,voyager,QPSK,01010000,-6.5,iter-2-scenario-664,2,ok,2,169.5,37.5,8.455,29.08
bristol,reading,voyager,QPSK,01010000,-6.0,iter-2-scenario-665,2,ok,2,169.5,37.5,8.465,29.07
bristol,reading,voyager,QPSK,01010000,-5.5,iter-2-scenario-666,2,ok,2,169.5,37.5,8.475,29.03
bristol,reading,voyager,QPSK,01010001,-6.5,iter-2-scenario-3142,2,ok,3,169.5,37.5,8.22,29.07
bristol,reading,voyager,QPSK,01010001,-6.0,iter-2-scenario-3143,2,ok,3,169.5,37.5,8.233,29.063
bristol,reading,voyager,QPSK,01010001,-5.5,iter-2-scenario-3144,2,ok,3,169.5,37.5,8.24,29.023
bristol,reading,voyager,QPSK,01010010,-6.5,iter-2-scenario-5080,2,ok,3,169.5,37.5,8.057,29.06
bristol,reading,voyager,QPSK,01010010,-6.0,iter-2-scenario-5081,2,ok,3,169.5,37.5,8.07,29.057
bristol,reading,voyager,QPSK,01010010,-5.5,iter-2-scenario-5082,2,ok,3,169.5,37.5,8.077,29.013
bristol,reading,voyager,QPSK,01010011,-6.5,iter-2-scenario-4321,2,ok,4,169.5,37.5,7.035,29.012
bristol,reading,voyager,QPSK,01010011,-6.0,iter-2-scenario-4322,2,ok,4,169.5,37.5,7.05,29.002
bristol,reading,voyager,QPSK,01010011,-5.5,iter-2-scenario-4323,2,ok,4,169.5,37.5,7.055,28.953
bristol,reading,voyager,QPSK,01010100,-6.5,iter-2-scenario-1063,2,ok,3,169.5,37.5,7.767,29.053
bristol,reading,voyager,QPSK,01010100,-6.0,iter-2-scenario-1064,2,ok,3,169.5,37.5,7.78,29.043
bristol,reading,voyager,QPSK,01010100,-5.5,iter-2-scenario-1065,2,ok,3,169.5,37.5,7.787,28.997
bristol,reading,voyager,QPSK,01010101,-6.5,iter-2-scenario-1345,2,ok,4,169.5,37.5,7.3,29.025
bristol,reading,voyager,QPSK,01010101,-6.0,iter-2-scenario-1346,2,ok,4,169.5,37.5,7.315,29.017
bristol,reading,voyager,QPSK,01010101,-5.5,iter-2-scenario-1347,2,ok,4,169.5,37.5,7.32,28.97
bristol,reading,voyager,QPSK,01010110,-6.5,iter-2-scenario-3364,2,ok,4,169.5,37.5,6.755,28.998
bristol,reading,voyager,QPSK,01010110,-6.0,iter-2-scenario-3365,2,ok,4,169.5,37.5,6.77,28.985
bristol,reading,voyager,QPSK,01010110,-5.5,iter-2-scenario-3366,2,ok,4,169.5,37.5,6.775,28.933
bristol,reading,voyager,QPSK,01010111,-6.5,iter-2-scenario-1846,2,ok,5,169.5,37.5,6.0,28.952
bristol,reading,voyager,QPSK,01010111,-6.0,iter-2-scenario-1847,2,ok,5,169.5,37.5,6.016,28.934
bristol,reading,voyager,QPSK,01010111,-5.5,iter-2-scenario-1848,2,ok,5,169.5,37.5,6.022,28.876
bristol,reading,voyager,QPSK,01011000,-6.5,iter-2-scenario-5212,2,ok,3,169.5,37.5,7.04,29.013
bristol,reading,voyager,QPSK,01011000,-6.0,iter-2-scenario-5213,2,ok,3,169.5,37.5,7.053,29.0
bristol,reading,voyager,QPSK,01011000,-5.5,iter-2-scenario-5214,2,ok,3,169.5,37.5,7.06,28.953
bristol,reading,voyager,QPSK,01011001,-6.5,iter-2-scenario-2254,2,ok,4,169.5,37.5,6.95,29.008
bristol,reading,voyager,QPSK,01011001,-6.0,iter-2-scenario-2255,2,ok,4,169.5,37.5,6.963,28.998
bristol,reading,voyager,QPSK,01011001,-5.5,iter-2-scenario-2256,2,ok,4,169.5,37.5,6.97,28.942
bristol,reading,voyager,QPSK,01011010,-6.5,iter-2-scenario-340,2,ok,4,169.5,37.5,6.702,28.998
bristol,reading,voyager,QPSK,01011010,-6.0,iter-2-scenario-341,2,ok,4,169.5,37.5,6.718,28.983
bristol,reading,voyager,QPSK,01011010,-5.5,iter-2-scenario-342,2,ok,4,169.5,37.5,6.723,28.927
bristol,reading,voyager,QPSK,01011011,-6.5,iter-2-scenario-1570,2,ok,5,169.5,37.5,6.03,28.956
bristol,reading,voyager,QPSK,01011011,-6.0,iter-2-scenario-1571,2,ok,5,169.5,37.5,6.048,28.936
bristol,reading,voyager,QPSK,01011011,-5.5,iter-2-scenario-1572,2,ok,5,169.5,37.5,6.05,28.88
bristol,reading,voyager,QPSK,01011100,-6.5,iter-2-scenario-5815,2,ok,4,169.5,37.5,6.125,28.96
bristol,reading,voyager,QPSK,01011100,-6.0,iter-2-scenario-5816,2,ok,4,169.5,37.5,6.135,28.942
bristol,reading,voyager,QPSK,01011100,-5.5,iter-2-scenario-5817,2,ok,4,169.5,37.5,6.145,28.885
bristol,reading,voyager,QPSK,01011101,-6.5,iter-2-scenario-4489,2,ok,5,169.5,37.5,5.94,28.948
bristol,reading,voyager,QPSK,01011101,-6.0,iter-2-scenario-4490,2,ok,5,169.5,37.5,5.95,28.924
bristol,reading,voyager,QPSK,01011101,-5.5,iter-2-scenario-4491,2,ok,5,169.5,37.5,5.96,28.868
bristol,reading,voyager,QPSK,01011110,-6.5,iter-2-scenario-5578,2,ok,5,169.5,37.5,5.468,28.914
bristol,reading,voyager,QPSK,01011110,-6.0,iter-2-scenario-5579,2,ok,5,169.5,37.5,5.484,28.892
bristol,reading,voyager,QPSK,01011110,-5.5,iter-2-scenario-5580,2,ok,5,169.5,37.5,5.488,28.828
bristol,reading,voyager,QPSK,01011111,-6.5,iter-2-scenario-2494,2,ok,6,169.5,37.5,4.963,28.875
bristol,reading,voyager,QPSK,01011111,-6.0,iter-2-scenario-2495,2,ok,6,169.5,37.5,4.98,28.847
bristol,reading,voyager,QPSK,01011111,-5.5,iter-2-scenario-2496,2,ok,6,169.5,37.5,4.987,28.782
bristol,reading,voyager,QPSK,01100000,-6.5,iter-2-scenario-1429,2,ok,2,169.5,37.5,7.4,29.035
bristol,reading,voyager,QPSK,01100000,-6.0,iter-2-scenario-1430,2,ok,2,169.5,37.5,7.41,29.025
bristol,reading,voyager,QPSK,01100000,-5.5,iter-2-scenario-1431,2,ok,2,169.5,37.5,7.42,28.98
bristol,reading,voyager,QPSK,01100001,-6.5,iter-2-scenario-550,2,ok,3,169.5,37.5,7.623,29.043
bristol,reading,voyager,QPSK,01100001,-6.0,iter-2-scenario-551,2,ok,3,169.5,37.5,7.643,29.03
bristol,reading,voyager,QPSK,01100001,-5.5,iter-2-scenario-552,2,ok,3,169.5,37.5,7.647,28.987
bristol,reading,voyager,QPSK,01100010,-6.5,iter-2-scenario-5188,2,ok,3,169.5,37.5,7.52,29.037
bristol,reading,voyager,QPSK,01100010,-6.0,iter-2-scenario-5189,2,ok,3,169.5,37.5,7.533,29.03
bristol,reading,voyager,QPSK,01100010,-5.5,iter-2-scenario-5190,2,ok,3,169.5,37.5,7.54,28.983
bristol,reading,voyager,QPSK,01100011,-6.5,iter-2-scenario-3871,2,ok,4,169.5,37.5,6.688,28.995
bristol,reading,voyager,QPSK,01100011,-6.0,iter-2-scenario-3872,2,ok,4,169.5,37.5,6.697,28.983
bristol,reading,voyager,QPSK,01100011,-5.5,iter-2-scenario-3873,2,ok,4,169.5,37.5,6.707,28.93
bristol,reading,voyager,QPSK,01100100,-6.5,iter-2-scenario-2014,2,ok,3,169.5,37.5,7.35,29.03
bristol,reading,voyager,QPSK,01100100,-6.0,iter-2-scenario-2015,2,ok,3,169.5,37.5,7.363,29.017
bristol,reading,voyager,QPSK,01100100,-5.5,iter-2-scenario-2016,2,ok,3,169.5,37.5,7.37,28.97
bristol,reading,voyager,QPSK,01100101,-6.5,iter-2-scenario-5929,2,ok,4,169.5,37.5,7.037,29.015
bristol,reading,voyager,QPSK,01100101,-6.0,iter-2-scenario-5930,2,ok,4,169.5,37.5,7.053,29.002
bristol,reading,voyager,QPSK,01100101,-5.5,iter-2-scenario-5931,2,ok,4,169.5,37.5,7.058,28.953
bristol,reading,voyager,QPSK,01100110,-6.5,iter-2-scenario-2437,2,ok,4,169.5,37.5,6.513,28.988
bristol,reading,voyager,QPSK,01100110,-6.0,iter-2-scenario-2438,2,ok,4,169.5,37.5,6.527,28.973
bristol,reading,voyager,QPSK,01100110,-5.5,iter-2-scenario-2439,2,ok,4,169.5,37.5,6.532,28.918
bristol,reading,voyager,QPSK,01100111,-6.5,iter-2-scenario-5704,2,ok,5,169.5,37.5,5.84,28.942
bristol,reading,voyager,QPSK,01100111,-6.0,iter-2-scenario-5705,2,ok,5,169.5,37.5,5.852,28.924
bristol,reading,voyager,QPSK,01100111,-5.5,iter-2-scenario-5706,2,ok,5,169.5,37.5,5.86,28.866
bristol,reading,voyager,QPSK,01101000,-6.5,iter-2-scenario-3073,2,ok,3,169.5,37.5,7.04,29.017
bristol,reading,voyager,QPSK,01101000,-6.0,iter-2-scenario-3074,2,ok,3,169.5,37.5,7.053,29.0
bristol,reading,voyager,QPSK,01101000,-5.5,iter-2-scenario-3075,2,ok,3,169.5,37.5,7.06,28.953
bristol,reading,voyager,QPSK,01101001,-6.5,iter-2-scenario-1174,2,ok,4,169.5,37.5,6.987,29.01
bristol,reading,voyager,QPSK,01101001,-6.0,iter-2-scenario-1175,2,ok,4,169.5,37.5,7.0,28.998
bristol,reading,voyager,QPSK,01101001,-5.5,iter-2-scenario-1176,2,ok,4,169.5,37.5,7.008,28.948
bristol,reading,voyager,QPSK,01101010,-6.5,iter-2-scenario-1054,2,ok,4,169.5,37.5,6.76,29.002
bristol,reading,voyager,QPSK,01101010,-6.0,iter-2-scenario-1055,2,ok,4,169.5,37.5,6.772,28.985
bristol,reading,voyager,QPSK,01101010,-5.5,iter-2-scenario-1056,2,ok,4,169.5,37.5,6.78,28.933
bristol,reading,voyager,QPSK,01101011,-6.5,iter-2-scenario-4393,2,ok,5,169.5,37.5,6.094,28.962
bristol,reading,voyager,QPSK,01101011,-6.0,iter-2-scenario-4394,2,ok,5,169.5,37.5,6.104,28.944
bristol,reading,voyager,QPSK,01101011,-5.5,iter-2-scenario-4395,2,ok,5,169.5,37.5,6.114,28.886
bristol,reading,voyager,QPSK,01101100,-6.5,iter-2-scenario-4825,2,ok,4,169.5,37.5,6.218,28.97
bristol,reading,voyager,QPSK,01101100,-6.0,iter-2-scenario-4826,2,ok,4,169.5,37.5,6.228,28.953
bristol,reading,voyager,QPSK,01101100,-5.5,iter-2-scenario-4827,2,ok,4,169.5,37.5,6.237,28.895
bristol,reading,voyager,QPSK,01101101,-6.5,iter-2-scenario-5464,2,ok,5,169.5,37.5,6.032,28.958
bristol,reading,voyager,QPSK,01101101,-6.0,iter-2-scenario-5465,2,ok,5,169.5,37.5,6.05,28.936
bristol,reading,voyager,QPSK,01101101,-5.5,iter-2-scenario-5466,2,ok,5,169.5,37.5,6.052,28.878
bristol,reading,voyager,QPSK,01101110,-6.5,iter-2-scenario-2722,2,ok,5,169.5,37.5,5.574,28.928
bristol,reading,voyager,QPSK,01101110,-6.0,iter-2-scenario-2723,2,ok,5,169.5,37.5,5.586,28.902
bristol,reading,voyager,QPSK,01101110,-5.5,iter-2-scenario-2724,2,ok,5,169.5,37.5,5.594,28.844
bristol,reading,voyager,QPSK,01101111,-6.5,iter-2-scenario-4927,2,ok,6,169.5,37.5,5.065,28.89
bristol,reading,voyager,QPSK,01101111,-6.0,iter-2-scenario-4928,2,ok,6,169.5,37.5,5.083,28.862
bristol,reading,voyager,QPSK,01101111,-5.5,iter-2-scenario-4929,2,ok,6,169.5,37.5,5.087,28.797
bristol,reading,voyager,QPSK,01110000,-6.5,iter-2-scenario-2695,2,ok,3,169.5,37.5,6.277,28.973
bristol,reading,voyager,QPSK,01110000,-6.0,iter-2-scenario-2696,2,ok,3,169.5,37.5,6.287,28.957
bristol,reading,voyager,QPSK,01110000,-5.5,iter-2-scenario-2697,2,ok,3,169.5,37.5,6.297,28.9
bristol,reading,voyager,QPSK,01110001,-6.5,iter-2-scenario-742,2,ok,4,169.5,37.5,6.522,28.985
bristol,reading,voyager,QPSK,01110001,-6.0,iter-2-scenario-743,2,ok,4,169.5,37.5,6.535,28.968
bristol,reading,voyager,QPSK,01110001,-5.5,iter-2-scenario-744,2,ok,4,169.5,37.5,6.543,28.913
bristol,reading,voyager,QPSK,01110010,-6.5,iter-2-scenario-2281,2,ok,4,169.5,37.5,6.372,28.975
bristol,reading,voyager,QPSK,01110010,-6.0,iter-2-scenario-2282,2,ok,4,169.5,37.5,6.393,28.96
bristol,reading,voyager,QPSK,01110010,-5.5,iter-2-scenario-2283,2,ok,4,169.5,37.5,6.395,28.902
bristol,reading,voyager,QPSK,01110011,-6.5,iter-2-scenario-37,2,ok,5,169.5,37.5,5.842,28.946
bristol,reading,voyager,QPSK,01110011,-6.0,iter-2-scenario-38,2,ok,5,169.5,37.5,5.854,28.924
bristol,reading,voyager,QPSK,01110011,-5.5,iter-2-scenario-39,2,ok,5,169.5,37.5,5.862,28.866
bristol,reading,voyager,QPSK,01110100,-6.5,iter-2-scenario-2194,2,ok,4,169.5,37.5,6.128,28.962
bristol,reading,voyager,QPSK,01110100,-6.0,iter-2-scenario-2195,2,ok,4,169.5,37.5,6.14,28.942
bristol,reading,voyager,QPSK,01110100,-5.5,iter-2-scenario-2196,2,ok,4,169.5,37.5,6.147,28.885
bristol,reading,voyager,QPSK,01110101,-6.5,iter-2-scenario-3925,2,ok,5,169.5,37.5,6.004,28.952
bristol,reading,voyager,QPSK,01110101,-6.0,iter-2-scenario-3926,2,ok,5,169.5,37.5,6.02,28.932
bristol,reading,voyager,QPSK,01110101,-5.5,iter-2-scenario-3927,2,ok,5,169.5,37.5,6.026,28.876
bristol,reading,voyager,QPSK,01110110,-6.5,iter-2-scenario-1894,2,ok,5,169.5,37.5,5.574,28.926
bristol,reading,voyager,QPSK,01110110,-6.0,iter-2-scenario-1895,2,ok,5,169.5,37.5,5.59,28.904
bristol,reading,voyager,QPSK,01110110,-5.5,iter-2-scenario-1896,2,ok,5,169.5,37.5,5.596,28.844
bristol,reading,voyager,QPSK,01110111,-6.5,iter-2-scenario-1603,2,ok,6,169.5,37.5,5.097,28.89
bristol,reading,voyager,QPSK,01110111,-6.0,iter-2-scenario-1604,2,ok,6,169.5,37.5,5.108,28.865
bristol,reading,voyager,QPSK,01110111,-5.5,iter-2-scenario-1605,2,ok,6,169.5,37.5,5.117,28.8
bristol,reading,voyager,QPSK,01111000,-6.5,iter-2-scenario-5479,2,ok,4,169.5,37.5,5.54,28.925
bristol,reading,voyager,QPSK,01111000,-6.0,iter-2-scenario-5480,2,ok,4,169.5,37.5,5.555,28.9
bristol,reading,voyager,QPSK,01111000,-5.5,iter-2-scenario-5481,2,ok,4,169.5,37.5,5.56,28.84
bristol,reading,voyager,QPSK,01111001,-6.5,iter-2-scenario-1648,2,ok,5,169.5,37.5,5.678,28.928
bristol,reading,voyager,QPSK,01111001,-6.0,iter-2-scenario-1649,2,ok,5,169.5,37.5,5.698,28.904
bristol,reading,voyager,QPSK,01111001,-5.5,iter-2-scenario-1650,2,ok,5,169.5,37.5,5.698,28.846
bristol,reading,voyager,QPSK,01111010,-6.5,iter-2-scenario-778,2,ok,5,169.5,37.5,5.472,28.918
bristol,reading,voyager,QPSK,01111010,-6.0,iter-2-scenario-779,2,ok,5,169.5,37.5,5.484,28.892
bristol,reading,voyager,QPSK,01111010,-5.5,iter-2-scenario-780,2,ok,5,169.5,37.5,5.494,28.832
bristol,reading,voyager,QPSK,01111011,-6.5,iter-2-scenario-3787,2,ok,6,169.5,37.5,5.068,28.888
bristol,reading,voyager,QPSK,01111011,-6.0,iter-2-scenario-3788,2,ok,6,169.5,37.5,5.085,28.86
bristol,reading,voyager,QPSK,01111011,-5.5,iter-2-scenario-3789,2,ok,6,169.5,37.5,5.088,28.797
bristol,reading,voyager,QPSK,01111100,-6.5,iter-2-scenario-4855,2,ok,5,169.5,37.5,4.998,28.884
bristol,reading,voyager,QPSK,01111100,-6.0,iter-2-scenario-4856,2,ok,5,169.5,37.5,5.018,28.854
bristol,reading,voyager,QPSK,01111100,-5.5,iter-2-scenario-4857,2,ok,5,169.5,37.5,5.02,28.79
bristol,reading,voyager,QPSK,01111101,-6.5,iter-2-scenario-3334,2,ok,6,169.5,37.5,4.968,28.877
bristol,reading,voyager,QPSK,01111101,-6.0,iter-2-scenario-3335,2,ok,6,169.5,37.5,4.985,28.847
bristol,reading,voyager,QPSK,01111101,-5.5,iter-2-scenario-3336,2,ok,6,169.5,37.5,4.99,28.783
bristol,reading,voyager,QPSK,01111110,-6.5,iter-2-scenario-2524,2,ok,6,169.5,37.5,4.577,28.848
bristol,reading,voyager,QPSK,01111110,-6.0,iter-2-scenario-2525,2,ok,6,169.5,37.5,4.593,28.815
bristol,reading,voyager,QPSK,01111110,-5.5,iter-2-scenario-2526,2,ok,6,169.5,37.5,4.598,28.747
bristol,reading,voyager,QPSK,01111111,-6.5,iter-2-scenario-1936,2,ok,7,169.5,37.5,4.229,28.814
bristol,reading,voyager,QPSK,01111111,-6.0,iter-2-scenario-1937,2,ok,7,169.5,37.5,4.246,28.78
bristol,reading,voyager,QPSK,01111111,-5.5,iter-2-scenario-1938,2,ok,7,169.5,37.5,4.249,28.706
bristol,reading,voyager,QPSK,10000000,-6.5,iter-2-scenario-1258,2,ok,1,169.5,37.5,9.68,29.12
bristol,reading,voyager,QPSK,10000000,-6.0,iter-2-scenario-1259,2,ok,1,169.5,37.5,9.69,29.12
bristol,reading,voyager,QPSK,10000000,-5.5,iter-2-scenario-1260,2,ok,1,169.5,37.5,9.7,29.08
bristol,reading,voyager,QPSK,10000001,-6.5,iter-2-scenario-3385,2,ok,2,169.5,37.5,9.285,29.105
bristol,reading,voyager,QPSK,10000001,-6.0,iter-2-scenario-3386,2,ok,2,169.5,37.5,9.305,29.105
bristol,reading,voyager,QPSK,10000001,-5.5,iter-2-scenario-3387,2,ok,2,169.5,37.5,9.305,29.065
bristol,reading,voyager,QPSK,10000010,-6.5,iter-2-scenario-6124,2,ok,2,169.5,37.5,9.23,29.105
bristol,reading,voyager,QPSK,10000010,-6.0,iter-2-scenario-6125,2,ok,2,169.5,37.5,9.245,29.105
bristol,reading,voyager,QPSK,10000010,-5.5,iter-2-scenario-6126,2,ok,2,169.5,37.5,9.25,29.065
bristol,reading,voyager,QPSK,10000011,-6.5,iter-2-scenario-2899,2,ok,3,169.5,37.5,7.7,29.047
bristol,reading,voyager,QPSK,10000011,-6.0,iter-2-scenario-2900,2,ok,3,169.5,37.5,7.71,29.033
bristol,reading,voyager,QPSK,10000011,-5.5,iter-2-scenario-2901,2,ok,3,169.5,37.5,7.72,28.99
bristol,reading,voyager,QPSK,10000100,-6.5,iter-2-scenario-616,2,ok,2,169.5,37.5,9.15,29.1
bristol,reading,voyager,QPSK,10000100,-6.0,iter-2-scenario-617,2,ok,2,169.5,37.5,9.165,29.1
bristol,reading,voyager,QPSK,10000100,-5.5,iter-2-scenario-618,2,ok,2,169.5,37.5,9.17,29.06
bristol,reading,voyager,QPSK,10000101,-6.5,iter-2-scenario-5098,2,ok,3,169.5,37.5,8.323,29.07
bristol,reading,voyager,QPSK,10000101,-6.0,iter-2-scenario-5099,2,ok,3,169.5,37.5,8.337,29.067
bristol,reading,voyager,QPSK,10000101,-5.5,iter-2-scenario-5100,2,ok,3,169.5,37.5,8.343,29.023
bristol,reading,voyager,QPSK,10000110,-6.5,iter-2-scenario-1477,2,ok,3,169.5,37.5,7.627,29.04
bristol,reading,voyager,QPSK,10000110,-6.0,iter-2-scenario-1478,2,ok,3,169.5,37.5,7.637,29.03
bristol,reading,voyager,QPSK,10000110,-5.5,iter-2-scenario-1479,2,ok,3,169.5,37.5,7.647,28.987
bristol,reading,voyager,QPSK,10000111,-6.5,iter-2-scenario-2416,2,ok,4,169.5,37.5,6.61,28.985
bristol,reading,voyager,QPSK,10000111,-6.0,iter-2-scenario-2417,2,ok,4,169.5,37.5,6.625,28.973
bristol,reading,voyager,QPSK,10000111,-5.5,iter-2-scenario-2418,2,ok,4,169.5,37.5,6.63,28.918
bristol,reading,voyager,QPSK,10001000,-6.5,iter-2-scenario-3184,2,ok,2,169.5,37.5,9.03,29.1
bristol,reading,voyager,QPSK,10001000,-6.0,iter-2-scenario-3185,2,ok,2,169.5,37.5,9.045,29.1
bristol,reading,voyager,QPSK,10001000,-5.5,iter-2-scenario-3186,2,ok,2,169.5,37.5,9.05,29.06
bristol,reading,voyager,QPSK,10001001,-6.5,iter-2-scenario-229,2,ok,3,169.5,37.5,8.49,29.08
bristol,reading,voyager,QPSK,10001001,-6.0,iter-2-scenario-230,2,ok,3,169.5,37.5,8.5,29.077
bristol,reading,voyager,QPSK,10001001,-5.5,iter-2-scenario-231,2,ok,3,169.5,37.5,8.51,29.033
bristol,reading,voyager,QPSK,10001010,-6.5,iter-2-scenario-1732,2,ok,3,169.5,37.5,8.217,29.07
bristol,reading,voyager,QPSK,10001010,-6.0,iter-2-scenario-1733,2,ok,3,169.5,37.5,8.237,29.063
bristol,reading,voyager,QPSK,10001010,-5.5,iter-2-scenario-1734,2,ok,3,169.5,37.5,8.237,29.02
bristol,reading,voyager,QPSK,10001011,-6.5,iter-2-scenario-3220,2,ok,4,169.5,37.5,7.112,29.017
bristol,reading,voyager,QPSK,10001011,-6.0,iter-2-scenario-3221,2,ok,4,169.5,37.5,7.127,29.002
bristol,reading,voyager,QPSK,10001011,-5.5,iter-2-scenario-3222,2,ok,4,169.5,37.5,7.133,28.955
bristol,reading,voyager,QPSK,10001100,-6.5,iter-2-scenario-4819,2,ok,3,169.5,37.5,7.52,29.033
bristol,reading,voyager,QPSK,10001100,-6.0,iter-2-scenario-4820,2,ok,3,169.5,37.5,7.53,29.027
bristol,reading,voyager,QPSK,10001100,-5.5,iter-2-scenario-4821,2,ok,3,169.5,37.5,7.54,28.98
bristol,reading,voyager,QPSK,10001101,-6.5,iter-2-scenario-934,2,ok,4,169.5,37.5,7.088,29.015
bristol,reading,voyager,QPSK,10001101,-6.0,iter-2-scenario-935,2,ok,4,169.5,37.5,7.107,29.003
bristol,reading,voyager,QPSK,10001101,-5.5,iter-2-scenario-936,2,ok,4,169.5,37.5,7.107,28.955
bristol,reading,voyager,QPSK,10001110,-6.5,iter-2-scenario-871,2,ok,4,169.5,37.5,6.518,28.983
bristol,reading,voyager,QPSK,10001110,-6.0,iter-2-scenario-872,2,ok,4,169.5,37.5,6.532,28.965
bristol,reading,voyager,QPSK,10001110,-5.5,iter-2-scenario-873,2,ok,4,169.5,37.5,6.537,28.91
bristol,reading,voyager,QPSK,10001111,-6.5,iter-2-scenario-202,2,ok,5,169.5,37.5,5.8,28.934
bristol,reading,voyager,QPSK,10001111,-6.0,iter-2-scenario-203,2,ok,5,169.5,37.5,5.814,28.912
bristol,reading,voyager,QPSK,10001111,-5.5,iter-2-scenario-204,2,ok,5,169.5,37.5,5.82,28.852
bristol,reading,voyager,QPSK,10010000,-6.5,iter-2-scenario-4597,2,ok,2,169.5,37.5,8.835,29.09
bristol,reading,voyager,QPSK,10010000,-6.0,iter-2-scenario-4598,2,ok,2,169.5,37.5,8.85,29.09
bristol,reading,voyager,QPSK,10010000,-5.5,iter-2-scenario-4599,2,ok,2,169.5,37.5,8.855,29.05
bristol,reading,voyager,QPSK,10010001,-6.5,iter-2-scenario-6016,2,ok,3,169.5,37.5,8.49,29.077
bristol,reading,voyager,QPSK,10010001,-6.0,iter-2-scenario-6017,2,ok,3,169.5,37.5,8.503,29.077
bristol,reading,voyager,QPSK,10010001,-5.5,iter-2-scenario-6018,2,ok,3,169.5,37.5,8.51,29.033
bristol,reading,voyager,QPSK,10010010,-6.5,iter-2-scenario-1297,2,ok,3,169.5,37.5,8.337,29.073
bristol,reading,voyager,QPSK,10010010,-6.0,iter-2-scenario-1298,2,ok,3,169.5,37.5,8.35,29.07
bristol,reading,voyager,QPSK,10010010,-5.5,iter-2-scenario-1299,2,ok,3,169.5,37.5,8.357,29.027
bristol,reading,voyager,QPSK,10010011,-6.5,iter-2-scenario-250,2,ok,4,169.5,37.5,7.25,29.025
bristol,reading,voyager,QPSK,10010011,-6.0,iter-2-scenario-251,2,ok,4,169.5,37.5,7.263,29.01
bristol,reading,voyager,QPSK,10010011,-5.5,iter-2-scenario-252,2,ok,4,169.5,37.5,7.27,28.965
bristol,reading,voyager,QPSK,10010100,-6.5,iter-2-scenario-4081,2,ok,3,169.5,37.5,8.06,29.063
bristol,reading,voyager,QPSK,10010100,-6.0,iter-2-scenario-4082,2,ok,3,169.5,37.5,8.073,29.053
bristol,reading,voyager,QPSK,10010100,-5.5,iter-2-scenario-4083,2,ok,3,169.5,37.5,8.08,29.013
bristol,reading,voyager,QPSK,10010101,-6.5,iter-2-scenario-5374,2,ok,4,169.5,37.5,7.527,29.04
bristol,reading,voyager,QPSK,10010101,-6.0,iter-2-scenario-5375,2,ok,4,169.5,37.5,7.54,29.03
bristol,reading,voyager,QPSK,10010101,-5.5,iter-2-scenario-5376,2,ok,4,169.5,37.5,7.547,28.985
bristol,reading,voyager,QPSK,10010110,-6.5,iter-2-scenario-4891,2,ok,4,169.5,37.5,6.985,29.01
bristol,reading,voyager,QPSK,10010110,-6.0,iter-2-scenario-4892,2,ok,4,169.5,37.5,6.998,28.997
bristol,reading,voyager,QPSK,10010110,-5.5,iter-2-scenario-4893,2,ok,4,169.5,37.5,7.005,28.948
bristol,reading,voyager,QPSK,10010111,-6.5,iter-2-scenario-2362,2,ok,5,169.5,37.5,6.19,28.962
bristol,reading,voyager,QPSK,10010111,-6.0,iter-2-scenario-2363,2,ok,5,169.5,37.5,6.2,28.944
bristol,reading,voyager,QPSK,10010111,-5.5,iter-2-scenario-2364,2,ok,5,169.5,37.5,6.21,28.886
bristol,reading,voyager,QPSK,10011000,-6.5,iter-2-scenario-3298,2,ok,3,169.5,37.5,7.35,29.027
bristol,reading,voyager,QPSK,10011000,-6.0,iter-2-scenario-3299,2,ok,3,169.5,37.5,7.363,29.02
bristol,reading,voyager,QPSK,10011000,-5.5,iter-2-scenario-3300,2,ok,3,169.5,37.5,7.37,28.973
bristol,reading,voyager,QPSK,10011001,-6.5,iter-2-scenario-1372,2,ok,4,169.5,37.5,7.192,29.02
bristol,reading,voyager,QPSK,10011001,-6.0,iter-2-scenario-1373,2,ok,4,169.5,37.5,7.207,29.01
bristol,reading,voyager,QPSK,10011001,-5.5,iter-2-scenario-1374,2,ok,4,169.5,37.5,7.213,28.96
bristol,reading,voyager,QPSK,10011010,-6.5,iter-2-scenario-3976,2,ok,4,169.5,37.5,6.953,29.008
bristol,reading,voyager,QPSK,10011010,-6.0,iter-2-scenario-3977,2,ok,4,169.5,37.5,6.965,28.995
bristol,reading,voyager,QPSK,10011010,-5.5,iter-2-scenario-3978,2,ok,4,169.5,37.5,6.973,28.945
bristol,reading,voyager,QPSK,10011011,-6.5,iter-2-scenario-4627,2,ok,5,169.5,37.5,6.236,28.968
bristol,reading,voyager,QPSK,10011011,-6.0,iter-2-scenario-4628,2,ok,5,169.5,37.5,6.248,28.95
bristol,reading,voyager,QPSK,10011011,-5.5,iter-2-scenario-4629,2,ok,5,169.5,37.5,6.256,28.892
bristol,reading,voyager,QPSK,10011100,-6.5,iter-2-scenario-5959,2,ok,4,169.5,37.5,6.372,28.975
bristol,reading,voyager,QPSK,10011100,-6.0,iter-2-scenario-5960,2,ok,4,169.5,37.5,6.393,28.957
bristol,reading,voyager,QPSK,10011100,-5.5,iter-2-scenario-5961,2,ok,4,169.5,37.5,6.393,28.905
bristol,reading,voyager,QPSK,10011101,-6.5,iter-2-scenario-5005,2,ok,5,169.5,37.5,6.146,28.958
bristol,reading,voyager,QPSK,10011101,-6.0,iter-2-scenario-5006,2,ok,5,169.5,37.5,6.16,28.94
bristol,reading,voyager,QPSK,10011101,-5.5,iter-2-scenario-5007,2,ok,5,169.5,37.5,6.166,28.884
bristol,reading,voyager,QPSK,10011110,-6.5,iter-2-scenario-2272,2,ok,5,169.5,37.5,5.68,28.928
bristol,reading,voyager,QPSK,10011110,-6.0,iter-2-scenario-2273,2,ok,5,169.5,37.5,5.692,28.904
bristol,reading,voyager,QPSK,10011110,-5.5,iter-2-scenario-2274,2,ok,5,169.5,37.5,5.7,28.844
bristol,reading,voyager,QPSK,10011111,-6.5,iter-2-scenario-3985,2,ok,6,169.5,37.5,5.142,28.887
bristol,reading,voyager,QPSK,10011111,-6.0,iter-2-scenario-3986,2,ok,6,169.5,37.5,5.158,28.86
bristol,reading,voyager,QPSK,10011111,-5.5,iter-2-scenario-3987,2,ok,6,169.5,37.5,5.163,28.793
bristol,reading,voyager,QPSK,10100000,-6.5,iter-2-scenario-5506,2,ok,2,169.5,37.5,8.455,29.08
bristol,reading,voyager,QPSK,10100000,-6.0,iter-2-scenario-5507,2,ok,2,169.5,37.5,8.475,29.075
bristol,reading,voyager,QPSK,10100000,-5.5,iter-2-scenario-5508,2,ok,2,169.5,37.5,8.475,29.03
bristol,reading,voyager,QPSK,10100001,-6.5,iter-2-scenario-5731,2,ok,3,169.5,37.5,8.327,29.073
bristol,reading,voyager,QPSK,10100001,-6.0,iter-2-scenario-5732,2,ok,3,169.5,37.5,8.34,29.067
bristol,reading,voyager,QPSK,10100001,-5.5,iter-2-scenario-5733,2,ok,3,169.5,37.5,8.347,29.027
bristol,reading,voyager,QPSK,10100010,-6.5,iter-2-scenario-280,2,ok,3,169.5,37.5,8.223,29.07
bristol,reading,voyager,QPSK,10100010,-6.0,iter-2-scenario-281,2,ok,3,169.5,37.5,8.237,29.063
bristol,reading,voyager,QPSK,10100010,-5.5,iter-2-scenario-282,2,ok,3,169.5,37.5,8.243,29.023
bristol,reading,voyager,QPSK,10100011,-6.5,iter-2-scenario-2686,2,ok,4,169.5,37.5,7.205,29.02
bristol,reading,voyager,QPSK,10100011,-6.0,iter-2-scenario-2687,2,ok,4,169.5,37.5,7.217,29.012
bristol,reading,voyager,QPSK,10100011,-5.5,iter-2-scenario-2688,2,ok,4,169.5,37.5,7.225,28.965
bristol,reading,voyager,QPSK,10100100,-6.5,iter-2-scenario-3949,2,ok,3,169.5,37.5,8.06,29.06
bristol,reading,voyager,QPSK,10100100,-6.0,iter-2-scenario-3950,2,ok,3,169.5,37.5,8.077,29.057
bristol,reading,voyager,QPSK,10100100,-5.5,iter-2-scenario-3951,2,ok,3,169.5,37.5,8.08,29.013
bristol,reading,voyager,QPSK,10100101,-6.5,iter-2-scenario-319,2,ok,4,169.5,37.5,7.565,29.04
bristol,reading,voyager,QPSK,10100101,-6.0,iter-2-scenario-320,2,ok,4,169.5,37.5,7.58,29.03
bristol,reading,voyager,QPSK,10100101,-5.5,iter-2-scenario-321,2,ok,4,169.5,37.5,7.585,28.985
bristol,reading,voyager,QPSK,10100110,-6.5,iter-2-scenario-4456,2,ok,4,169.5,37.5,7.04,29.012
bristol,reading,voyager,QPSK,10100110,-6.0,iter-2-scenario-4457,2,ok,4,169.5,37.5,7.055,29.002
bristol,reading,voyager,QPSK,10100110,-5.5,iter-2-scenario-4458,2,ok,4,169.5,37.5,7.06,28.955
bristol,reading,voyager,QPSK,10100111,-6.5,iter-2-scenario-1558,2,ok,5,169.5,37.5,6.254,28.968
bristol,reading,voyager,QPSK,10100111,-6.0,iter-2-scenario-1559,2,ok,5,169.5,37.5,6.268,28.95
bristol,reading,voyager,QPSK,10100111,-5.5,iter-2-scenario-1560,2,ok,5,169.5,37.5,6.274,28.896
bristol,reading,voyager,QPSK,10101000,-6.5,iter-2-scenario-4732,2,ok,3,169.5,37.5,7.77,29.053
bristol,reading,voyager,QPSK,10101000,-6.0,iter-2-scenario-4733,2,ok,3,169.5,37.5,7.787,29.043
bristol,reading,voyager,QPSK,10101000,-5.5,iter-2-scenario-4734,2,ok,3,169.5,37.5,7.79,29.0
bristol,reading,voyager,QPSK,10101001,-6.5,iter-2-scenario-1957,2,ok,4,169.5,37.5,7.527,29.04
bristol,reading,voyager,QPSK,10101001,-6.0,iter-2-scenario-1958,2,ok,4,169.5,37.5,7.545,29.03
bristol,reading,voyager,QPSK,10101001,-5.5,iter-2-scenario-1959,2,ok,4,169.5,37.5,7.548,28.983
bristol,reading,voyager,QPSK,10101010,-6.5,iter-2-scenario-3808,2,ok,4,169.5,37.5,7.305,29.03
bristol,reading,voyager,QPSK,10101010,-6.0,iter-2-scenario-3809,2,ok,4,169.5,37.5,7.32,29.017
bristol,reading,voyager,QPSK,10101010,-5.5,iter-2-scenario-3810,2,ok,4,169.5,37.5,7.325,28.97
bristol,reading,voyager,QPSK,10101011,-6.5,iter-2-scenario-3115,2,ok,5,169.5,37.5,6.524,28.986
bristol,reading,voyager,QPSK,10101011,-6.0,iter-2-scenario-3116,2,ok,5,169.5,37.5,6.536,28.97
bristol,reading,voyager,QPSK,10101011,-5.5,iter-2-scenario-3117,2,ok,5,169.5,37.5,6.544,28.918
bristol,reading,voyager,QPSK,10101100,-6.5,iter-2-scenario-2947,2,ok,4,169.5,37.5,6.76,29.0
bristol,reading,voyager,QPSK,10101100,-6.0,iter-2-scenario-2948,2,ok,4,169.5,37.5,6.775,28.985
bristol,reading,voyager,QPSK,10101100,-5.5,iter-2-scenario-2949,2,ok,4,169.5,37.5,6.782,28.935
bristol,reading,voyager,QPSK,10101101,-6.5,iter-2-scenario-5599,2,ok,5,169.5,37.5,6.468,28.982
bristol,reading,voyager,QPSK,10101101,-6.0,iter-2-scenario-5600,2,ok,5,169.5,37.5,6.48,28.966
bristol,reading,voyager,QPSK,10101101,-5.5,iter-2-scenario-5601,2,ok,5,169.5,37.5,6.488,28.912
bristol,reading,voyager,QPSK,10101110,-6.5,iter-2-scenario-2920,2,ok,5,169.5,37.5,6.006,28.954
bristol,reading,voyager,QPSK,10101110,-6.0,iter-2-scenario-2921,2,ok,5,169.5,37.5,6.02,28.934
bristol,reading,voyager,QPSK,10101110,-5.5,iter-2-scenario-2922,2,ok,5,169.5,37.5,6.026,28.876
bristol,reading,voyager,QPSK,10101111,-6.5,iter-2-scenario-2500,2,ok,6,169.5,37.5,5.423,28.91
bristol,reading,voyager,QPSK,10101111,-6.0,iter-2-scenario-2501,2,ok,6,169.5,37.5,5.44,28.887
bristol,reading,voyager,QPSK,10101111,-5.5,iter-2-scenario-2502,2,ok,6,169.5,37.5,5.443,28.823
bristol,reading,voyager,QPSK,10110000,-6.5,iter-2-scenario-430,2,ok,3,169.5,37.5,7.043,29.013
bristol,reading,voyager,QPSK,10110000,-6.0,iter-2-scenario-431,2,ok,3,169.5,37.5,7.057,29.0
bristol,reading,voyager,QPSK,10110000,-5.5,iter-2-scenario-432,2,ok,3,169.5,37.5,7.063,28.953
bristol,reading,voyager,QPSK,10110001,-6.5,iter-2-scenario-3580,2,ok,4,169.5,37.5,7.098,29.015
bristol,reading,voyager,QPSK,10110001,-6.0,iter-2-scenario-3581,2,ok,4,169.5,37.5,7.107,29.002
bristol,reading,voyager,QPSK,10110001,-5.5,iter-2-scenario-3582,2,ok,4,169.5,37.5,7.117,28.955
bristol,reading,voyager,QPSK,10110010,-6.5,iter-2-scenario-2170,2,ok,4,169.5,37.5,6.953,29.01
bristol,reading,voyager,QPSK,10110010,-6.0,iter-2-scenario-2171,2,ok,4,169.5,37.5,6.968,28.998
bristol,reading,voyager,QPSK,10110010,-5.5,iter-2-scenario-2172,2,ok,4,169.5,37.5,6.975,28.942
bristol,reading,voyager,QPSK,10110011,-6.5,iter-2-scenario-3904,2,ok,5,169.5,37.5,6.3,28.974
bristol,reading,voyager,QPSK,10110011,-6.0,iter-2-scenario-3905,2,ok,5,169.5,37.5,6.31,28.958
bristol,reading,voyager,QPSK,10110011,-5.5,iter-2-scenario-3906,2,ok,5,169.5,37.5,6.32,28.902
bristol,reading,voyager,QPSK,10110100,-6.5,iter-2-scenario-5785,2,ok,4,169.5,37.5,6.707,28.998
bristol,reading,voyager,QPSK,10110100,-6.0,iter-2-scenario-5786,2,ok,4,169.5,37.5,6.723,28.983
bristol,reading,voyager,QPSK,10110100,-5.5,iter-2-scenario-5787,2,ok,4,169.5,37.5,6.728,28.927
bristol,reading,voyager,QPSK,10110101,-6.5,iter-2-scenario-3520,2,ok,5,169.5,37.5,6.466,28.982
bristol,reading,voyager,QPSK,10110101,-6.0,iter-2-scenario-3521,2,ok,5,169.5,37.5,6.482,28.964
bristol,reading,voyager,QPSK,10110101,-5.5,iter-2-scenario-3522,2,ok,5,169.5,37.5,6.486,28.912
bristol,reading,voyager,QPSK,10110110,-6.5,iter-2-scenario-4069,2,ok,5,169.5,37.5,6.038,28.958
bristol,reading,voyager,QPSK,10110110,-6.0,iter-2-scenario-4070,2,ok,5,169.5,37.5,6.05,28.938
bristol,reading,voyager,QPSK,10110110,-5.5,iter-2-scenario-4071,2,ok,5,169.5,37.5,6.058,28.88
bristol,reading,voyager,QPSK,10110111,-6.5,iter-2-scenario-4222,2,ok,6,169.5,37.5,5.477,28.918
bristol,reading,voyager,QPSK,10110111,-6.0,iter-2-scenario-4223,2,ok,6,169.5,37.5,5.493,28.895
bristol,reading,voyager,QPSK,10110111,-5.5,iter-2-scenario-4224,2,ok,6,169.5,37.5,5.497,28.833
bristol,reading,voyager,QPSK,10111000,-6.5,iter-2-scenario-5350,2,ok,4,169.5,37.5,6.127,28.962
bristol,reading,voyager,QPSK,10111000,-6.0,iter-2-scenario-5351,2,ok,4,169.5,37.5,6.145,28.942
bristol,reading,voyager,QPSK,10111000,-5.5,iter-2-scenario-5352,2,ok,4,169.5,37.5,6.147,28.885
bristol,reading,voyager,QPSK,10111001,-6.5,iter-2-scenario-5419,2,ok,5,169.5,37.5,6.15,28.958
bristol,reading,voyager,QPSK,10111001,-6.0,iter-2-scenario-5420,2,ok,5,169.5,37.5,6.164,28.94
bristol,reading,voyager,QPSK,10111001,-5.5,iter-2-scenario-5421,2,ok,5,169.5,37.5,6.17,28.884
bristol,reading,voyager,QPSK,10111010,-6.5,iter-2-scenario-1978,2,ok,5,169.5,37.5,5.94,28.948
bristol,reading,voyager,QPSK,10111010,-6.0,iter-2-scenario-1979,2,ok,5,169.5,37.5,5.96,28.928
bristol,reading,voyager,QPSK,10111010,-5.5,iter-2-scenario-1980,2,ok,5,169.5,37.5,5.96,28.87
bristol,reading,voyager,QPSK,10111011,-6.5,iter-2-scenario-2110,2,ok,6,169.5,37.5,5.458,28.917
bristol,reading,voyager,QPSK,10111011,-6.0,iter-2-scenario-2111,2,ok,6,169.5,37.5,5.475,28.892
bristol,reading,voyager,QPSK,10111011,-5.5,iter-2-scenario-2112,2,ok,6,169.5,37.5,5.478,28.83
bristol,reading,voyager,QPSK,10111100,-6.5,iter-2-scenario-571,2,ok,5,169.5,37.5,5.474,28.916
bristol,reading,voyager,QPSK,10111100,-6.0,iter-2-scenario-572,2,ok,5,169.5,37.5,5.488,28.892
bristol,reading,voyager,QPSK,10111100,-5.5,iter-2-scenario-573,2,ok,5,169.5,37.5,5.494,28.83
bristol,reading,voyager,QPSK,10111101,-6.5,iter-2-scenario-940,2,ok,6,169.5,37.5,5.362,28.907
bristol,reading,voyager,QPSK,10111101,-6.0,iter-2-scenario-941,2,ok,6,169.5,37.5,5.377,28.878
bristol,reading,voyager,QPSK,10111101,-5.5,iter-2-scenario-942,2,ok,6,169.5,37.5,5.382,28.818
bristol,reading,voyager,QPSK,10111110,-6.5,iter-2-scenario-1672,2,ok,6,169.5,37.5,4.972,28.878
bristol,reading,voyager,QPSK,10111110,-6.0,iter-2-scenario-1673,2,ok,6,169.5,37.5,4.983,28.848
bristol,reading,voyager,QPSK,10111110,-5.5,iter-2-scenario-1674,2,ok,6,169.5,37.5,4.992,28.782
bristol,reading,voyager,QPSK,10111111,-6.5,iter-2-scenario-700,2,ok,7,169.5,37.5,4.566,28.844
bristol,reading,voyager,QPSK,10111111,-6.0,iter-2-scenario-701,2,ok,7,169.5,37.5,4.579,28.81
bristol,reading,voyager,QPSK,10111111,-5.5,iter-2-scenario-702,2,ok,7,169.5,37.5,4.586,28.741
bristol,reading,voyager,QPSK,11000000,-6.5,iter-2-scenario-4198,2,ok,2,169.5,37.5,7.4,29.04
bristol,reading,voyager,QPSK,11000000,-6.0,iter-2-scenario-4199,2,ok,2,169.5,37.5,7.415,29.03
bristol,reading,voyager,QPSK,11000000,-5.5,iter-2-scenario-4200,2,ok,2,169.5,37.5,7.425,28.98
bristol,reading,voyager,QPSK,11000001,-6.5,iter-2-scenario-1189,2,ok,3,169.5,37.5,7.707,29.043
bristol,reading,voyager,QPSK,11000001,-6.0,iter-2-scenario-1190,2,ok,3,169.5,37.5,7.723,29.037
bristol,reading,voyager,QPSK,11000001,-5.5,iter-2-scenario-1191,2,ok,3,169.5,37.5,7.73,28.99
bristol,reading,voyager,QPSK,11000010,-6.5,iter-2-scenario-112,2,ok,3,169.5,37.5,7.633,29.043
bristol,reading,voyager,QPSK,11000010,-6.0,iter-2-scenario-113,2,ok,3,169.5,37.5,7.643,29.033
bristol,reading,voyager,QPSK,11000010,-5.5,iter-2-scenario-114,2,ok,3,169.5,37.5,7.653,28.987
bristol,reading,voyager,QPSK,11000011,-6.5,iter-2-scenario-361,2,ok,4,169.5,37.5,6.803,29.003
bristol,reading,voyager,QPSK,11000011,-6.0,iter-2-scenario-362,2,ok,4,169.5,37.5,6.817,28.992
bristol,reading,voyager,QPSK,11000011,-5.5,iter-2-scenario-363,2,ok,4,169.5,37.5,6.822,28.94
bristol,reading,voyager,QPSK,11000100,-6.5,iter-2-scenario-1012,2,ok,3,169.5,37.5,7.523,29.037
bristol,reading,voyager,QPSK,11000100,-6.0,iter-2-scenario-1013,2,ok,3,169.5,37.5,7.54,29.03
bristol,reading,voyager,QPSK,11000100,-5.5,iter-2-scenario-1014,2,ok,3,169.5,37.5,7.543,28.983
bristol,reading,voyager,QPSK,11000101,-6.5,iter-2-scenario-2851,2,ok,4,169.5,37.5,7.205,29.025
bristol,reading,voyager,QPSK,11000101,-6.0,iter-2-scenario-2852,2,ok,4,169.5,37.5,7.223,29.01
bristol,reading,voyager,QPSK,11000101,-5.5,iter-2-scenario-2853,2,ok,4,169.5,37.5,7.225,28.962
bristol,reading,voyager,QPSK,11000110,-6.5,iter-2-scenario-1774,2,ok,4,169.5,37.5,6.688,28.997
bristol,reading,voyager,QPSK,11000110,-6.0,iter-2-scenario-1775,2,ok,4,169.5,37.5,6.707,28.985
bristol,reading,voyager,QPSK,11000110,-5.5,iter-2-scenario-1776,2,ok,4,169.5,37.5,6.707,28.933
bristol,reading,voyager,QPSK,11000111,-6.5,iter-2-scenario-1336,2,ok,5,169.5,37.5,6.002,28.956
bristol,reading,voyager,QPSK,11000111,-6.0,iter-2-scenario-1337,2,ok,5,169.5,37.5,6.016,28.938
bristol,reading,voyager,QPSK,11000111,-5.5,iter-2-scenario-1338,2,ok,5,169.5,37.5,6.022,28.878
bristol,reading,voyager,QPSK,11001000,-6.5,iter-2-scenario-5143,2,ok,3,169.5,37.5,7.353,29.03
bristol,reading,voyager,QPSK,11001000,-6.0,iter-2-scenario-5144,2,ok,3,169.5,37.5,7.367,29.02
bristol,reading,voyager,QPSK,11001000,-5.5,iter-2-scenario-5145,2,ok,3,169.5,37.5,7.373,28.97
bristol,reading,voyager,QPSK,11001001,-6.5,iter-2-scenario-2467,2,ok,4,169.5,37.5,7.255,29.023
bristol,reading,voyager,QPSK,11001001,-6.0,iter-2-scenario-2468,2,ok,4,169.5,37.5,7.27,29.015
bristol,reading,voyager,QPSK,11001001,-5.5,iter-2-scenario-2469,2,ok,4,169.5,37.5,7.275,28.965
bristol,reading,voyager,QPSK,11001010,-6.5,iter-2-scenario-22,2,ok,4,169.5,37.5,7.043,29.017
bristol,reading,voyager,QPSK,11001010,-6.0,iter-2-scenario-23,2,ok,4,169.5,37.5,7.058,29.005
bristol,reading,voyager,QPSK,11001010,-5.5,iter-2-scenario-24,2,ok,4,169.5,37.5,7.062,28.953
bristol,reading,voyager,QPSK,11001011,-6.5,iter-2-scenario-6055,2,ok,5,169.5,37.5,6.336,28.976
bristol,reading,voyager,QPSK,11001011,-6.0,iter-2-scenario-6056,2,ok,5,169.5,37.5,6.352,28.96
bristol,reading,voyager,QPSK,11001011,-5.5,iter-2-scenario-6057,2,ok,5,169.5,37.5,6.356,28.906
bristol,reading,voyager,QPSK,11001100,-6.5,iter-2-scenario-4045,2,ok,4,169.5,37.5,6.518,28.988
bristol,reading,voyager,QPSK,11001100,-6.0,iter-2-scenario-4046,2,ok,4,169.5,37.5,6.532,28.973
bristol,reading,voyager,QPSK,11001100,-5.5,iter-2-scenario-4047,2,ok,4,169.5,37.5,6.537,28.92
bristol,reading,voyager,QPSK,11001101,-6.5,iter-2-scenario-5839,2,ok,5,169.5,37.5,6.296,28.974
bristol,reading,voyager,QPSK,11001101,-6.0,iter-2-scenario-5840,2,ok,5,169.5,37.5,6.316,28.958
bristol,reading,voyager,QPSK,11001101,-5.5,iter-2-scenario-5841,2,ok,5,169.5,37.5,6.316,28.9
bristol,reading,voyager,QPSK,11001110,-6.5,iter-2-scenario-832,2,ok,5,169.5,37.5,5.842,28.944
bristol,reading,voyager,QPSK,11001110,-6.0,iter-2-scenario-833,2,ok,5,169.5,37.5,5.86,28.926
bristol,reading,voyager,QPSK,11001110,-5.5,iter-2-scenario-834,2,ok,5,169.5,37.5,5.862,28.866
bristol,reading,voyager,QPSK,11001111,-6.5,iter-2-scenario-1003,2,ok,6,169.5,37.5,5.307,28.907
bristol,reading,voyager,QPSK,11001111,-6.0,iter-2-scenario-1004,2,ok,6,169.5,37.5,5.32,28.882
bristol,reading,voyager,QPSK,11001111,-5.5,iter-2-scenario-1005,2,ok,6,169.5,37.5,5.327,28.817
bristol,reading,voyager,QPSK,11010000,-6.5,iter-2-scenario-5770,2,ok,3,169.5,37.5,7.047,29.017
bristol,reading,voyager,QPSK,11010000,-6.0,iter-2-scenario-5771,2,ok,3,169.5,37.5,7.06,29.003
bristol,reading,voyager,QPSK,11010000,-5.5,iter-2-scenario-5772,2,ok,3,169.5,37.5,7.067,28.953
bristol,reading,voyager,QPSK,11010001,-6.5,iter-2-scenario-3043,2,ok,4,169.5,37.5,7.123,29.017
bristol,reading,voyager,QPSK,11010001,-6.0,iter-2-scenario-3044,2,ok,4,169.5,37.5,7.135,29.008
bristol,reading,voyager,QPSK,11010001,-5.5,iter-2-scenario-3045,2,ok,4,169.5,37.5,7.143,28.955
bristol,reading,voyager,QPSK,11010010,-6.5,iter-2-scenario-5740,2,ok,4,169.5,37.5,6.99,29.01
bristol,reading,voyager,QPSK,11010010,-6.0,iter-2-scenario-5741,2,ok,4,169.5,37.5,7.005,29.0
bristol,reading,voyager,QPSK,11010010,-5.5,iter-2-scenario-5742,2,ok,4,169.5,37.5,7.012,28.948
bristol,reading,voyager,QPSK,11010011,-6.5,iter-2-scenario-6106,2,ok,5,169.5,37.5,6.338,28.978
bristol,reading,voyager,QPSK,11010011,-6.0,iter-2-scenario-6107,2,ok,5,169.5,37.5,6.352,28.96
bristol,reading,voyager,QPSK,11010011,-5.5,iter-2-scenario-6108,2,ok,5,169.5,37.5,6.358,28.906
bristol,reading,voyager,QPSK,11010100,-6.5,iter-2-scenario-5524,2,ok,4,169.5,37.5,6.763,29.002
bristol,reading,voyager,QPSK,11010100,-6.0,iter-2-scenario-5525,2,ok,4,169.5,37.5,6.777,28.985
bristol,reading,voyager,QPSK,11010100,-5.5,iter-2-scenario-5526,2,ok,4,169.5,37.5,6.782,28.933
bristol,reading,voyager,QPSK,11010101,-6.5,iter-2-scenario-514,2,ok,5,169.5,37.5,6.524,28.986
bristol,reading,voyager,QPSK,11010101,-6.0,iter-2-scenario-515,2,ok,5,169.5,37.5,6.542,28.972
bristol,reading,voyager,QPSK,11010101,-5.5,iter-2-scenario-516,2,ok,5,169.5,37.5,6.546,28.92
bristol,reading,voyager,QPSK,11010110,-6.5,iter-2-scenario-5242,2,ok,5,169.5,37.5,6.094,28.964
bristol,reading,voyager,QPSK,11010110,-6.0,iter-2-scenario-5243,2,ok,5,169.5,37.5,6.114,28.946
bristol,reading,voyager,QPSK,11010110,-5.5,iter-2-scenario-5244,2,ok,5,169.5,37.5,6.118,28.89
bristol,reading,voyager,QPSK,11010111,-6.5,iter-2-scenario-2998,2,ok,6,169.5,37.5,5.537,28.923
bristol,reading,voyager,QPSK,11010111,-6.0,iter-2-scenario-2999,2,ok,6,169.5,37.5,5.55,28.9
bristol,reading,voyager,QPSK,11010111,-5.5,iter-2-scenario-3000,2,ok,6,169.5,37.5,5.558,28.842
bristol,reading,voyager,QPSK,11011000,-6.5,iter-2-scenario-52,2,ok,4,169.5,37.5,6.218,28.97
bristol,reading,voyager,QPSK,11011000,-6.0,iter-2-scenario-53,2,ok,4,169.5,37.5,6.237,28.953
bristol,reading,voyager,QPSK,11011000,-5.5,iter-2-scenario-54,2,ok,4,169.5,37.5,6.237,28.895
bristol,reading,voyager,QPSK,11011001,-6.5,iter-2-scenario-598,2,ok,5,169.5,37.5,6.24,28.966
bristol,reading,voyager,QPSK,11011001,-6.0,iter-2-scenario-599,2,ok,5,169.5,37.5,6.256,28.948
bristol,reading,voyager,QPSK,11011001,-5.5,iter-2-scenario-600,2,ok,5,169.5,37.5,6.26,28.896
bristol,reading,voyager,QPSK,11011010,-6.5,iter-2-scenario-475,2,ok,5,169.5,37.5,6.04,28.958
bristol,reading,voyager,QPSK,11011010,-6.0,iter-2-scenario-476,2,ok,5,169.5,37.5,6.052,28.936
bristol,reading,voyager,QPSK,11011010,-5.5,iter-2-scenario-477,2,ok,5,169.5,37.5,6.062,28.882
bristol,reading,voyager,QPSK,11011011,-6.5,iter-2-scenario-4141,2,ok,6,169.5,37.5,5.548,28.927
bristol,reading,voyager,QPSK,11011011,-6.0,iter-2-scenario-4142,2,ok,6,169.5,37.5,5.563,28.905
bristol,reading,voyager,QPSK,11011011,-5.5,iter-2-scenario-4143,2,ok,6,169.5,37.5,5.568,28.842
bristol,reading,voyager,QPSK,11011100,-6.5,iter-2-scenario-631,2,ok,5,169.5,37.5,5.578,28.93
bristol,reading,voyager,QPSK,11011100,-6.0,iter-2-scenario-632,2,ok,5,169.5,37.5,5.594,28.906
bristol,reading,voyager,QPSK,11011100,-5.5,iter-2-scenario-633,2,ok,5,169.5,37.5,5.598,28.846
bristol,reading,voyager,QPSK,11011101,-6.5,iter-2-scenario-2158,2,ok,6,169.5,37.5,5.462,28.917
bristol,reading,voyager,QPSK,11011101,-6.0,iter-2-scenario-2159,2,ok,6,169.5,37.5,5.473,28.892
bristol,reading,voyager,QPSK,11011101,-5.5,iter-2-scenario-2160,2,ok,6,169.5,37.5,5.482,28.832
bristol,reading,voyager,QPSK,11011110,-6.5,iter-2-scenario-1804,2,ok,6,169.5,37.5,5.073,28.89
bristol,reading,voyager,QPSK,11011110,-6.0,iter-2-scenario-1805,2,ok,6,169.5,37.5,5.087,28.862
bristol,reading,voyager,QPSK,11011110,-5.5,iter-2-scenario-1806,2,ok,6,169.5,37.5,5.095,28.797
bristol,reading,voyager,QPSK,11011111,-6.5,iter-2-scenario-4642,2,ok,7,169.5,37.5,4.66,28.854
bristol,reading,voyager,QPSK,11011111,-6.0,iter-2-scenario-4643,2,ok,7,169.5,37.5,4.674,28.823
bristol,reading,voyager,QPSK,11011111,-5.5,iter-2-scenario-4644,2,ok,7,169.5,37.5,4.68,28.754
bristol,reading,voyager,QPSK,11100000,-6.5,iter-2-scenario-5650,2,ok,3,169.5,37.5,6.28,28.973
bristol,reading,voyager,QPSK,11100000,-6.0,iter-2-scenario-5651,2,ok,3,169.5,37.5,6.29,28.957
bristol,reading,voyager,QPSK,11100000,-5.5,iter-2-scenario-5652,2,ok,3,169.5,37.5,6.3,28.9
bristol,reading,voyager,QPSK,11100001,-6.5,iter-2-scenario-4714,2,ok,4,169.5,37.5,6.623,28.988
bristol,reading,voyager,QPSK,11100001,-6.0,iter-2-scenario-4715,2,ok,4,169.5,37.5,6.635,28.97
bristol,reading,voyager,QPSK,11100001,-5.5,iter-2-scenario-4716,2,ok,4,169.5,37.5,6.643,28.92
bristol,reading,voyager,QPSK,11100010,-6.5,iter-2-scenario-3664,2,ok,4,169.5,37.5,6.525,28.985
bristol,reading,voyager,QPSK,11100010,-6.0,iter-2-scenario-3665,2,ok,4,169.5,37.5,6.543,28.968
bristol,reading,voyager,QPSK,11100010,-5.5,iter-2-scenario-3666,2,ok,4,169.5,37.5,6.545,28.915
bristol,reading,voyager,QPSK,11100011,-6.5,iter-2-scenario-2227,2,ok,5,169.5,37.5,6.006,28.958
bristol,reading,voyager,QPSK,11100011,-6.0,iter-2-scenario-2228,2,ok,5,169.5,37.5,6.02,28.936
bristol,reading,voyager,QPSK,11100011,-5.5,iter-2-scenario-2229,2,ok,5,169.5,37.5,6.026,28.882
bristol,reading,voyager,QPSK,11100100,-6.5,iter-2-scenario-4663,2,ok,4,169.5,37.5,6.383,28.975
bristol,reading,voyager,QPSK,11100100,-6.0,iter-2-scenario-4664,2,ok,4,169.5,37.5,6.393,28.96
bristol,reading,voyager,QPSK,11100100,-5.5,iter-2-scenario-4665,2,ok,4,169.5,37.5,6.402,28.902
bristol,reading,voyager,QPSK,11100101,-6.5,iter-2-scenario-2617,2,ok,5,169.5,37.5,6.262,28.968
bristol,reading,voyager,QPSK,11100101,-6.0,iter-2-scenario-2618,2,ok,5,169.5,37.5,6.274,28.95
bristol,reading,voyager,QPSK,11100101,-5.5,iter-2-scenario-2619,2,ok,5,169.5,37.5,6.282,28.896
bristol,reading,voyager,QPSK,11100110,-6.5,iter-2-scenario-484,2,ok,5,169.5,37.5,5.844,28.948
bristol,reading,voyager,QPSK,11100110,-6.0,iter-2-scenario-485,2,ok,5,169.5,37.5,5.862,28.924
bristol,reading,voyager,QPSK,11100110,-5.5,iter-2-scenario-486,2,ok,5,169.5,37.5,5.864,28.868
bristol,reading,voyager,QPSK,11100111,-6.5,iter-2-scenario-4237,2,ok,6,169.5,37.5,5.353,28.912
bristol,reading,voyager,QPSK,11100111,-6.0,iter-2-scenario-4238,2,ok,6,169.5,37.5,5.367,28.887
bristol,reading,voyager,QPSK,11100111,-5.5,iter-2-scenario-4239,2,ok,6,169.5,37.5,5.373,28.827
bristol,reading,voyager,QPSK,11101000,-6.5,iter-2-scenario-1243,2,ok,4,169.5,37.5,6.13,28.962
bristol,reading,voyager,QPSK,11101000,-6.0,iter-2-scenario-1244,2,ok,4,169.5,37.5,6.147,28.942
bristol,reading,voyager,QPSK,11101000,-5.5,iter-2-scenario-1245,2,ok,4,169.5,37.5,6.15,28.887
bristol,reading,voyager,QPSK,11101001,-6.5,iter-2-scenario-4576,2,ok,5,169.5,37.5,6.194,28.964
bristol,reading,voyager,QPSK,11101001,-6.0,iter-2-scenario-4577,2,ok,5,169.5,37.5,6.212,28.946
bristol,reading,voyager,QPSK,11101001,-5.5,iter-2-scenario-4578,2,ok,5,169.5,37.5,6.214,28.888
bristol,reading,voyager,QPSK,11101010,-6.5,iter-2-scenario-391,2,ok,5,169.5,37.5,6.01,28.952
bristol,reading,voyager,QPSK,11101010,-6.0,iter-2-scenario-392,2,ok,5,169.5,37.5,6.024,28.934
bristol,reading,voyager,QPSK,11101010,-5.5,iter-2-scenario-393,2,ok,5,169.5,37.5,6.03,28.876
bristol,reading,voyager,QPSK,11101011,-6.5,iter-2-scenario-5908,2,ok,6,169.5,37.5,5.538,28.923
bristol,reading,voyager,QPSK,11101011,-6.0,iter-2-scenario-5909,2,ok,6,169.5,37.5,5.555,28.902
bristol,reading,voyager,QPSK,11101011,-5.5,iter-2-scenario-5910,2,ok,6,169.5,37.5,5.558,28.843
bristol,reading,voyager,QPSK,11101100,-6.5,iter-2-scenario-4522,2,ok,5,169.5,37.5,5.58,28.926
bristol,reading,voyager,QPSK,11101100,-6.0,iter-2-scenario-4523,2,ok,5,169.5,37.5,5.594,28.906
bristol,reading,voyager,QPSK,11101100,-5.5,iter-2-scenario-4524,2,ok,5,169.5,37.5,5.6,28.844
bristol,reading,voyager,QPSK,11101101,-6.5,iter-2-scenario-3550,2,ok,6,169.5,37.5,5.482,28.918
bristol,reading,voyager,QPSK,11101101,-6.0,iter-2-scenario-3551,2,ok,6,169.5,37.5,5.495,28.895
bristol,reading,voyager,QPSK,11101101,-5.5,iter-2-scenario-3552,2,ok,6,169.5,37.5,5.502,28.835
bristol,reading,voyager,QPSK,11101110,-6.5,iter-2-scenario-2602,2,ok,6,169.5,37.5,5.1,28.892
bristol,reading,voyager,QPSK,11101110,-6.0,iter-2-scenario-2603,2,ok,6,169.5,37.5,5.117,28.867
bristol,reading,voyager,QPSK,11101110,-5.5,iter-2-scenario-2604,2,ok,6,169.5,37.5,5.12,28.8
bristol,reading,voyager,QPSK,11101111,-6.5,iter-2-scenario-4477,2,ok,7,169.5,37.5,4.697,28.86
bristol,reading,voyager,QPSK,11101111,-6.0,iter-2-scenario-4478,2,ok,7,169.5,37.5,4.711,28.83
bristol,reading,voyager,QPSK,11101111,-5.5,iter-2-scenario-4479,2,ok,7,169.5,37.5,4.717,28.76
bristol,reading,voyager,QPSK,11110000,-6.5,iter-2-scenario-4357,2,ok,4,169.5,37.5,5.545,28.925
bristol,reading,voyager,QPSK,11110000,-6.0,iter-2-scenario-4358,2,ok,4,169.5,37.5,5.56,28.9
bristol,reading,voyager,QPSK,11110000,-5.5,iter-2-scenario-4359,2,ok,4,169.5,37.5,5.565,28.843
bristol,reading,voyager,QPSK,11110001,-6.5,iter-2-scenario-2767,2,ok,5,169.5,37.5,5.808,28.936
bristol,reading,voyager,QPSK,11110001,-6.0,iter-2-scenario-2768,2,ok,5,169.5,37.5,5.824,28.916
bristol,reading,voyager,QPSK,11110001,-5.5,iter-2-scenario-2769,2,ok,5,169.5,37.5,5.828,28.854
bristol,reading,voyager,QPSK,11110010,-6.5,iter-2-scenario-166,2,ok,5,169.5,37.5,5.688,28.932
bristol,reading,voyager,QPSK,11110010,-6.0,iter-2-scenario-167,2,ok,5,169.5,37.5,5.698,28.906
bristol,reading,voyager,QPSK,11110010,-5.5,iter-2-scenario-168,2,ok,5,169.5,37.5,5.708,28.846
bristol,reading,voyager,QPSK,11110011,-6.5,iter-2-scenario-4273,2,ok,6,169.5,37.5,5.31,28.905
bristol,reading,voyager,QPSK,11110011,-6.0,iter-2-scenario-4274,2,ok,6,169.5,37.5,5.327,28.88
bristol,reading,voyager,QPSK,11110011,-5.5,iter-2-scenario-4275,2,ok,6,169.5,37.5,5.33,28.818
bristol,reading,voyager,QPSK,11110100,-6.5,iter-2-scenario-3691,2,ok,5,169.5,37.5,5.476,28.918
bristol,reading,voyager,QPSK,11110100,-6.0,iter-2-scenario-3692,2,ok,5,169.5,37.5,5.492,28.896
bristol,reading,voyager,QPSK,11110100,-5.5,iter-2-scenario-3693,2,ok,5,169.5,37.5,5.5,28.832
bristol,reading,voyager,QPSK,11110101,-6.5,iter-2-scenario-1126,2,ok,6,169.5,37.5,5.43,28.912
bristol,reading,voyager,QPSK,11110101,-6.0,iter-2-scenario-1127,2,ok,6,169.5,37.5,5.445,28.89
bristol,reading,voyager,QPSK,11110101,-5.5,iter-2-scenario-1128,2,ok,6,169.5,37.5,5.45,28.827
bristol,reading,voyager,QPSK,11110110,-6.5,iter-2-scenario-2656,2,ok,6,169.5,37.5,5.075,28.892
bristol,reading,voyager,QPSK,11110110,-6.0,iter-2-scenario-2657,2,ok,6,169.5,37.5,5.088,28.862
bristol,reading,voyager,QPSK,11110110,-5.5,iter-2-scenario-2658,2,ok,6,169.5,37.5,5.095,28.797
bristol,reading,voyager,QPSK,11110111,-6.5,iter-2-scenario-4954,2,ok,7,169.5,37.5,4.697,28.859
bristol,reading,voyager,QPSK,11110111,-6.0,iter-2-scenario-4955,2,ok,7,169.5,37.5,4.713,28.829
bristol,reading,voyager,QPSK,11110111,-5.5,iter-2-scenario-4956,2,ok,7,169.5,37.5,4.719,28.761
bristol,reading,voyager,QPSK,11111000,-6.5,iter-2-scenario-2809,2,ok,5,169.5,37.5,5.008,28.886
bristol,reading,voyager,QPSK,11111000,-6.0,iter-2-scenario-2810,2,ok,5,169.5,37.5,5.02,28.858
bristol,reading,voyager,QPSK,11111000,-5.5,iter-2-scenario-2811,2,ok,5,169.5,37.5,5.028,28.792
bristol,reading,voyager,QPSK,11111001,-6.5,iter-2-scenario-3733,2,ok,6,169.5,37.5,5.152,28.89
bristol,reading,voyager,QPSK,11111001,-6.0,iter-2-scenario-3734,2,ok,6,169.5,37.5,5.165,28.862
bristol,reading,voyager,QPSK,11111001,-5.5,iter-2-scenario-3735,2,ok,6,169.5,37.5,5.172,28.798
bristol,reading,voyager,QPSK,11111010,-6.5,iter-2-scenario-2311,2,ok,6,169.5,37.5,4.975,28.877
bristol,reading,voyager,QPSK,11111010,-6.0,iter-2-scenario-2312,2,ok,6,169.5,37.5,4.988,28.848
bristol,reading,voyager,QPSK,11111010,-5.5,iter-2-scenario-2313,2,ok,6,169.5,37.5,4.995,28.783
bristol,reading,voyager,QPSK,11111011,-6.5,iter-2-scenario-5980,2,ok,7,169.5,37.5,4.664,28.856
bristol,reading,voyager,QPSK,11111011,-6.0,iter-2-scenario-5981,2,ok,7,169.5,37.5,4.677,28.823
bristol,reading,voyager,QPSK,11111011,-5.5,iter-2-scenario-5982,2,ok,7,169.5,37.5,4.684,28.756
bristol,reading,voyager,QPSK,11111100,-6.5,iter-2-scenario-748,2,ok,6,169.5,37.5,4.583,28.848
bristol,reading,voyager,QPSK,11111100,-6.0,iter-2-scenario-749,2,ok,6,169.5,37.5,4.598,28.815
bristol,reading,voyager,QPSK,11111100,-5.5,iter-2-scenario-750,2,ok,6,169.5,37.5,4.603,28.747
bristol,reading,voyager,QPSK,11111101,-6.5,iter-2-scenario-3481,2,ok,7,169.5,37.5,4.569,28.841
bristol,reading,voyager,QPSK,11111101,-6.0,iter-2-scenario-3482,2,ok,7,169.5,37.5,4.584,28.81
bristol,reading,voyager,QPSK,11111101,-5.5,iter-2-scenario-3483,2,ok,7,169.5,37.5,4.589,28.739
bristol,reading,voyager,QPSK,11111110,-6.5,iter-2-scenario-3256,2,ok,7,169.5,37.5,4.236,28.816
bristol,reading,voyager,QPSK,11111110,-6.0,iter-2-scenario-3257,2,ok,7,169.5,37.5,4.249,28.781
bristol,reading,voyager,QPSK,11111110,-5.5,iter-2-scenario-3258,2,ok,7,169.5,37.5,4.256,28.707
bristol,reading,voyager,QPSK,11111111,-6.5,iter-2-scenario-2860,2,ok,8,169.5,37.5,3.942,28.788
bristol,reading,voyager,QPSK,11111111,-6.0,iter-2-scenario-2861,2,ok,8,169.5,37.5,3.955,28.75
bristol,reading,voyager,QPSK,11111111,-5.5,iter-2-scenario-2862,2,ok,8,169.5,37.5,3.962,28.671
