source,destination,transmitter_type,channel_pattern,launch_power_dbm,16QAM,QPSK,qpsk_minus_16qam_gsnr_db
bristol,bradley stoke,voyager,00000001,-5.5,26.33,26.34,0.010000000000001563
bristol,bradley stoke,voyager,00000001,-5.0,25.67,25.68,0.00999999999999801
bristol,bradley stoke,voyager,00000001,-4.5,24.95,24.95,0.0
bristol,bradley stoke,voyager,00000010,-5.5,26.34,26.34,0.0
bristol,bradley stoke,voyager,00000010,-5.0,25.68,25.68,0.0
bristol,bradley stoke,voyager,00000010,-4.5,24.95,24.96,0.010000000000001563
bristol,bradley stoke,voyager,00000011,-5.5,25.185,24.85,-0.3349999999999973
bristol,bradley stoke,voyager,00000011,-5.0,24.445,24.09,-0.3550000000000004
bristol,bradley stoke,voyager,00000011,-4.5,23.65,23.275,-0.375
bristol,bradley stoke,voyager,00000100,-5.5,26.34,26.35,0.010000000000001563
bristol,bradley stoke,voyager,00000100,-5.0,25.68,25.69,0.010000000000001563
bristol,bradley stoke,voyager,00000100,-4.5,24.95,24.96,0.010000000000001563
bristol,bradley stoke,voyager,00000101,-5.5,25.735,25.555,-0.17999999999999972
bristol,bradley stoke,voyager,00000101,-5.0,25.025,24.835,-0.18999999999999773
bristol,bradley stoke,voyager,00000101,-4.5,24.265,24.06,-0.20500000000000185
bristol,bradley stoke,voyager,00000110,-5.5,25.19,24.85,-0.33999999999999986
bristol,bradley stoke,voyager,00000110,-5.0,24.45,24.09,-0.35999999999999943
bristol,bradley stoke,voyager,00000110,-4.5,23.655,23.28,-0.375
bristol,bradley stoke,voyager,00000111,-5.5,24.57,24.097,-0.472999999999999
bristol,bradley stoke,voyager,00000111,-5.0,23.793,23.297,-0.49599999999999866
bristol,bradley stoke,voyager,00000111,-4.5,22.973,22.453,-0.5199999999999996
bristol,bradley stoke,voyager,00001000,-5.5,26.35,26.35,0.0
bristol,bradley stoke,voyager,00001000,-5.0,25.69,25.69,0.0
bristol,bradley stoke,voyager,00001000,-4.5,24.96,24.96,0.0
bristol,bradley stoke,voyager,00001001,-5.5,25.93,25.805,-0.125
bristol,bradley stoke,voyager,00001001,-5.0,25.235,25.105,-0.129999999999999
bristol,bradley stoke,voyager,00001001,-4.5,24.485,24.345,-0.14000000000000057
bristol,bradley stoke,voyager,00001010,-5.5,25.735,25.555,-0.17999999999999972
bristol,bradley stoke,voyager,00001010,-5.0,25.035,24.84,-0.19500000000000028
bristol,bradley stoke,voyager,00001010,-4.5,24.265,24.065,-0.1999999999999993
bristol,bradley stoke,voyager,00001011,-5.5,24.99,24.617,-0.37299999999999756
bristol,bradley stoke,voyager,00001011,-5.0,24.237,23.84,-0.39699999999999847
bristol,bradley stoke,voyager,00001011,-4.5,23.43,23.017,-0.41300000000000026
bristol,bradley stoke,voyager,00001100,-5.5,25.195,24.855,-0.33999999999999986
bristol,bradley stoke,voyager,00001100,-5.0,24.455,24.095,-0.35999999999999943
bristol,bradley stoke,voyager,00001100,-4.5,23.66,23.28,-0.379999999999999
bristol,bradley stoke,voyager,00001101,-5.5,24.99,24.617,-0.37299999999999756
bristol,bradley stoke,voyager,00001101,-5.0,24.237,23.843,-0.39399999999999835
bristol,bradley stoke,voyager,00001101,-4.5,23.433,23.02,-0.41300000000000026
bristol,bradley stoke,voyager,00001110,-5.5,24.58,24.1,-0.4799999999999969
bristol,bradley stoke,voyager,00001110,-5.0,23.8,23.3,-0.5
bristol,bradley stoke,voyager,00001110,-4.5,22.977,22.457,-0.5199999999999996
bristol,bradley stoke,voyager,00001111,-5.5,24.168,23.613,-0.5549999999999997
bristol,bradley stoke,voyager,00001111,-5.0,23.37,22.79,-0.5800000000000018
bristol,bradley stoke,voyager,00001111,-4.5,22.527,21.93,-0.5970000000000013
bristol,bradley stoke,voyager,00010000,-5.5,26.35,26.35,0.0
bristol,bradley stoke,voyager,00010000,-5.0,25.69,25.69,0.0
bristol,bradley stoke,voyager,00010000,-4.5,24.96,24.97,0.00999999999999801
bristol,bradley stoke,voyager,00010001,-5.5,26.03,25.935,-0.09500000000000242
bristol,bradley stoke,voyager,00010001,-5.0,25.35,25.245,-0.10500000000000043
bristol,bradley stoke,voyager,00010001,-4.5,24.6,24.49,-0.11000000000000298
bristol,bradley stoke,voyager,00010010,-5.5,25.935,25.805,-0.129999999999999
bristol,bradley stoke,voyager,00010010,-5.0,25.245,25.105,-0.14000000000000057
bristol,bradley stoke,voyager,00010010,-4.5,24.49,24.345,-0.14499999999999957
bristol,bradley stoke,voyager,00010011,-5.5,25.157,24.82,-0.33699999999999974
bristol,bradley stoke,voyager,00010011,-5.0,24.417,24.06,-0.35700000000000287
bristol,bradley stoke,voyager,00010011,-4.5,23.617,23.247,-0.370000000000001
bristol,bradley stoke,voyager,00010100,-5.5,25.745,25.56,-0.18500000000000227
bristol,bradley stoke,voyager,00010100,-5.0,25.035,24.845,-0.19000000000000128
bristol,bradley stoke,voyager,00010100,-4.5,24.275,24.065,-0.2099999999999973
bristol,bradley stoke,voyager,00010101,-5.5,25.383,25.107,-0.2759999999999998
bristol,bradley stoke,voyager,00010101,-5.0,24.65,24.36,-0.28999999999999915
bristol,bradley stoke,voyager,00010101,-4.5,23.863,23.557,-0.30600000000000094
bristol,bradley stoke,voyager,00010110,-5.5,24.993,24.617,-0.37599999999999767
bristol,bradley stoke,voyager,00010110,-5.0,24.24,23.843,-0.39699999999999847
bristol,bradley stoke,voyager,00010110,-4.5,23.437,23.02,-0.4170000000000016
bristol,bradley stoke,voyager,00010111,-5.5,24.49,24.005,-0.48499999999999943
bristol,bradley stoke,voyager,00010111,-5.0,23.71,23.203,-0.5070000000000014
bristol,bradley stoke,voyager,00010111,-4.5,22.88,22.355,-0.5249999999999986
bristol,bradley stoke,voyager,00011000,-5.5,25.2,24.86,-0.33999999999999986
bristol,bradley stoke,voyager,00011000,-5.0,24.46,24.1,-0.35999999999999943
bristol,bradley stoke,voyager,00011000,-4.5,23.66,23.285,-0.375
bristol,bradley stoke,voyager,00011001,-5.5,25.16,24.827,-0.3329999999999984
bristol,bradley stoke,voyager,00011001,-5.0,24.42,24.063,-0.35700000000000287
bristol,bradley stoke,voyager,00011001,-4.5,23.623,23.25,-0.3730000000000011
bristol,bradley stoke,voyager,00011010,-5.5,24.997,24.617,-0.379999999999999
bristol,bradley stoke,voyager,00011010,-5.0,24.243,23.843,-0.3999999999999986
bristol,bradley stoke,voyager,00011010,-4.5,23.437,23.02,-0.4170000000000016
bristol,bradley stoke,voyager,00011011,-5.5,24.543,24.065,-0.477999999999998
bristol,bradley stoke,voyager,00011011,-5.0,23.767,23.265,-0.5019999999999989
bristol,bradley stoke,voyager,00011011,-4.5,22.942,22.418,-0.5240000000000009
bristol,bradley stoke,voyager,00011100,-5.5,24.58,24.107,-0.472999999999999
bristol,bradley stoke,voyager,00011100,-5.0,23.803,23.303,-0.5
bristol,bradley stoke,voyager,00011100,-4.5,22.983,22.46,-0.5229999999999997
bristol,bradley stoke,voyager,00011101,-5.5,24.492,24.008,-0.48400000000000176
bristol,bradley stoke,voyager,00011101,-5.0,23.712,23.203,-0.5090000000000003
bristol,bradley stoke,voyager,00011101,-4.5,22.885,22.358,-0.527000000000001
bristol,bradley stoke,voyager,00011110,-5.5,24.17,23.615,-0.5550000000000033
bristol,bradley stoke,voyager,00011110,-5.0,23.375,22.797,-0.5779999999999994
bristol,bradley stoke,voyager,00011110,-4.5,22.532,21.935,-0.5970000000000013
bristol,bradley stoke,voyager,00011111,-5.5,23.868,23.26,-0.607999999999997
bristol,bradley stoke,voyager,00011111,-5.0,23.058,22.428,-0.629999999999999
bristol,bradley stoke,voyager,00011111,-4.5,22.206,21.556,-0.6499999999999986
bristol,bradley stoke,voyager,00100000,-5.5,26.35,26.36,0.00999999999999801
bristol,bradley stoke,voyager,00100000,-5.0,25.69,25.7,0.00999999999999801
bristol,bradley stoke,voyager,00100000,-4.5,24.97,24.97,0.0
bristol,bradley stoke,voyager,00100001,-5.5,26.09,26.02,-0.07000000000000028
bristol,bradley stoke,voyager,00100001,-5.0,25.41,25.33,-0.08000000000000185
bristol,bradley stoke,voyager,00100001,-4.5,24.67,24.58,-0.09000000000000341
bristol,bradley stoke,voyager,00100010,-5.5,26.035,25.94,-0.09499999999999886
bristol,bradley stoke,voyager,00100010,-5.0,25.35,25.25,-0.10000000000000142
bristol,bradley stoke,voyager,00100010,-4.5,24.6,24.495,-0.10500000000000043
bristol,bradley stoke,voyager,00100011,-5.5,25.25,24.937,-0.31299999999999883
bristol,bradley stoke,voyager,00100011,-5.0,24.513,24.183,-0.33000000000000185
bristol,bradley stoke,voyager,00100011,-4.5,23.72,23.373,-0.34699999999999775
bristol,bradley stoke,voyager,00100100,-5.5,25.935,25.815,-0.11999999999999744
bristol,bradley stoke,voyager,00100100,-5.0,25.245,25.115,-0.13000000000000256
bristol,bradley stoke,voyager,00100100,-4.5,24.495,24.35,-0.14499999999999957
bristol,bradley stoke,voyager,00100101,-5.5,25.537,25.297,-0.23999999999999844
bristol,bradley stoke,voyager,00100101,-5.0,24.817,24.567,-0.25
bristol,bradley stoke,voyager,00100101,-4.5,24.037,23.78,-0.2569999999999979
bristol,bradley stoke,voyager,00100110,-5.5,25.16,24.823,-0.33699999999999974
bristol,bradley stoke,voyager,00100110,-5.0,24.417,24.063,-0.35400000000000276
bristol,bradley stoke,voyager,00100110,-4.5,23.62,23.25,-0.370000000000001
bristol,bradley stoke,voyager,00100111,-5.5,24.627,24.172,-0.4549999999999983
bristol,bradley stoke,voyager,00100111,-5.0,23.852,23.38,-0.4720000000000013
bristol,bradley stoke,voyager,00100111,-4.5,23.032,22.54,-0.4920000000000009
bristol,bradley stoke,voyager,00101000,-5.5,25.745,25.565,-0.17999999999999972
bristol,bradley stoke,voyager,00101000,-5.0,25.045,24.845,-0.20000000000000284
bristol,bradley stoke,voyager,00101000,-4.5,24.275,24.07,-0.2049999999999983
bristol,bradley stoke,voyager,00101001,-5.5,25.533,25.303,-0.23000000000000043
bristol,bradley stoke,voyager,00101001,-5.0,24.817,24.567,-0.25
bristol,bradley stoke,voyager,00101001,-4.5,24.043,23.777,-0.26599999999999824
bristol,bradley stoke,voyager,00101010,-5.5,25.383,25.107,-0.2759999999999998
bristol,bradley stoke,voyager,00101010,-5.0,24.657,24.36,-0.2970000000000006
bristol,bradley stoke,voyager,00101010,-4.5,23.873,23.56,-0.3130000000000024
bristol,bradley stoke,voyager,00101011,-5.5,24.837,24.432,-0.40500000000000114
bristol,bradley stoke,voyager,00101011,-5.0,24.08,23.648,-0.4319999999999986
bristol,bradley stoke,voyager,00101011,-4.5,23.267,22.817,-0.4499999999999993
bristol,bradley stoke,voyager,00101100,-5.5,24.997,24.617,-0.379999999999999
bristol,bradley stoke,voyager,00101100,-5.0,24.243,23.847,-0.39599999999999724
bristol,bradley stoke,voyager,00101100,-4.5,23.44,23.023,-0.4170000000000016
bristol,bradley stoke,voyager,00101101,-5.5,24.81,24.398,-0.41199999999999903
bristol,bradley stoke,voyager,00101101,-5.0,24.047,23.61,-0.43700000000000117
bristol,bradley stoke,voyager,00101101,-4.5,23.232,22.78,-0.4519999999999982
bristol,bradley stoke,voyager,00101110,-5.5,24.492,24.01,-0.4819999999999993
bristol,bradley stoke,voyager,00101110,-5.0,23.712,23.205,-0.5070000000000014
bristol,bradley stoke,voyager,00101110,-4.5,22.885,22.358,-0.527000000000001
bristol,bradley stoke,voyager,00101111,-5.5,24.126,23.576,-0.5500000000000007
bristol,bradley stoke,voyager,00101111,-5.0,23.33,22.752,-0.5779999999999994
bristol,bradley stoke,voyager,00101111,-4.5,22.486,21.892,-0.5940000000000012
bristol,bradley stoke,voyager,00110000,-5.5,25.205,24.86,-0.34499999999999886
bristol,bradley stoke,voyager,00110000,-5.0,24.465,24.1,-0.36499999999999844
bristol,bradley stoke,voyager,00110000,-4.5,23.665,23.29,-0.375
bristol,bradley stoke,voyager,00110001,-5.5,25.253,24.943,-0.3099999999999987
bristol,bradley stoke,voyager,00110001,-5.0,24.52,24.187,-0.3329999999999984
bristol,bradley stoke,voyager,00110001,-4.5,23.727,23.377,-0.3500000000000014
bristol,bradley stoke,voyager,00110010,-5.5,25.163,24.827,-0.3359999999999985
bristol,bradley stoke,voyager,00110010,-5.0,24.42,24.063,-0.35700000000000287
bristol,bradley stoke,voyager,00110010,-4.5,23.623,23.253,-0.370000000000001
bristol,bradley stoke,voyager,00110011,-5.5,24.712,24.267,-0.4450000000000003
bristol,bradley stoke,voyager,00110011,-5.0,23.942,23.477,-0.46499999999999986
bristol,bradley stoke,voyager,00110011,-4.5,23.125,22.637,-0.48799999999999955
bristol,bradley stoke,voyager,00110100,-5.5,25.0,24.62,-0.379999999999999
bristol,bradley stoke,voyager,00110100,-5.0,24.247,23.847,-0.3999999999999986
bristol,bradley stoke,voyager,00110100,-4.5,23.443,23.027,-0.41600000000000037
bristol,bradley stoke,voyager,00110101,-5.5,24.843,24.435,-0.40800000000000125
bristol,bradley stoke,voyager,00110101,-5.0,24.082,23.65,-0.43200000000000216
bristol,bradley stoke,voyager,00110101,-4.5,23.267,22.822,-0.4450000000000003
bristol,bradley stoke,voyager,00110110,-5.5,24.55,24.068,-0.4819999999999993
bristol,bradley stoke,voyager,00110110,-5.0,23.767,23.27,-0.4969999999999999
bristol,bradley stoke,voyager,00110110,-4.5,22.942,22.422,-0.5199999999999996
bristol,bradley stoke,voyager,00110111,-5.5,24.188,23.642,-0.5459999999999994
bristol,bradley stoke,voyager,00110111,-5.0,23.392,22.822,-0.5700000000000003
bristol,bradley stoke,voyager,00110111,-4.5,22.552,21.962,-0.5899999999999999
bristol,bradley stoke,voyager,00111000,-5.5,24.587,24.107,-0.4800000000000004
bristol,bradley stoke,voyager,00111000,-5.0,23.81,23.31,-0.5
bristol,bradley stoke,voyager,00111000,-4.5,22.987,22.463,-0.5239999999999974
bristol,bradley stoke,voyager,00111001,-5.5,24.633,24.178,-0.4549999999999983
bristol,bradley stoke,voyager,00111001,-5.0,23.863,23.383,-0.4800000000000004
bristol,bradley stoke,voyager,00111001,-4.5,23.04,22.545,-0.49499999999999744
bristol,bradley stoke,voyager,00111010,-5.5,24.492,24.012,-0.4800000000000004
bristol,bradley stoke,voyager,00111010,-5.0,23.715,23.207,-0.5079999999999991
bristol,bradley stoke,voyager,00111010,-4.5,22.887,22.36,-0.527000000000001
bristol,bradley stoke,voyager,00111011,-5.5,24.188,23.64,-0.5479999999999983
bristol,bradley stoke,voyager,00111011,-5.0,23.394,22.822,-0.5719999999999992
bristol,bradley stoke,voyager,00111011,-4.5,22.552,21.964,-0.588000000000001
bristol,bradley stoke,voyager,00111100,-5.5,24.175,23.623,-0.5519999999999996
bristol,bradley stoke,voyager,00111100,-5.0,23.38,22.8,-0.5799999999999983
bristol,bradley stoke,voyager,00111100,-4.5,22.538,21.938,-0.6000000000000014
bristol,bradley stoke,voyager,00111101,-5.5,24.132,23.576,-0.5560000000000009
bristol,bradley stoke,voyager,00111101,-5.0,23.334,22.756,-0.5779999999999994
bristol,bradley stoke,voyager,00111101,-4.5,22.49,21.894,-0.5960000000000001
bristol,bradley stoke,voyager,00111110,-5.5,23.872,23.268,-0.6039999999999992
bristol,bradley stoke,voyager,00111110,-5.0,23.06,22.43,-0.629999999999999
bristol,bradley stoke,voyager,00111110,-4.5,22.21,21.558,-0.652000000000001
bristol,bradley stoke,voyager,00111111,-5.5,23.635,22.992,-0.6430000000000007
bristol,bradley stoke,voyager,00111111,-5.0,22.813,22.147,-0.6660000000000004
bristol,bradley stoke,voyager,00111111,-4.5,21.953,21.265,-0.6879999999999988
bristol,bradley stoke,voyager,01000000,-5.5,26.36,26.36,0.0
bristol,bradley stoke,voyager,01000000,-5.0,25.7,25.7,0.0
bristol,bradley stoke,voyager,01000000,-4.5,24.97,24.97,0.0
bristol,bradley stoke,voyager,01000001,-5.5,26.135,26.07,-0.06500000000000128
bristol,bradley stoke,voyager,01000001,-5.0,25.46,25.39,-0.07000000000000028
bristol,bradley stoke,voyager,01000001,-4.5,24.72,24.65,-0.07000000000000028
bristol,bradley stoke,voyager,01000010,-5.5,26.1,26.02,-0.08000000000000185
bristol,bradley stoke,voyager,01000010,-5.0,25.42,25.335,-0.08500000000000085
bristol,bradley stoke,voyager,01000010,-4.5,24.675,24.59,-0.08500000000000085
bristol,bradley stoke,voyager,01000011,-5.5,25.307,25.01,-0.29699999999999704
bristol,bradley stoke,voyager,01000011,-5.0,24.577,24.263,-0.31400000000000006
bristol,bradley stoke,voyager,01000011,-4.5,23.79,23.457,-0.3329999999999984
bristol,bradley stoke,voyager,01000100,-5.5,26.04,25.945,-0.09499999999999886
bristol,bradley stoke,voyager,01000100,-5.0,25.355,25.255,-0.10000000000000142
bristol,bradley stoke,voyager,01000100,-4.5,24.61,24.5,-0.10999999999999943
bristol,bradley stoke,voyager,01000101,-5.5,25.623,25.41,-0.21300000000000097
bristol,bradley stoke,voyager,01000101,-5.0,24.907,24.683,-0.2240000000000002
bristol,bradley stoke,voyager,01000101,-4.5,24.137,23.9,-0.23700000000000188
bristol,bradley stoke,voyager,01000110,-5.5,25.25,24.94,-0.3099999999999987
bristol,bradley stoke,voyager,01000110,-5.0,24.517,24.187,-0.3299999999999983
bristol,bradley stoke,voyager,01000110,-4.5,23.727,23.38,-0.3470000000000013
bristol,bradley stoke,voyager,01000111,-5.5,24.707,24.273,-0.43400000000000105
bristol,bradley stoke,voyager,01000111,-5.0,23.94,23.483,-0.45700000000000074
bristol,bradley stoke,voyager,01000111,-4.5,23.122,22.648,-0.4740000000000002
bristol,bradley stoke,voyager,01001000,-5.5,25.945,25.815,-0.129999999999999
bristol,bradley stoke,voyager,01001000,-5.0,25.25,25.115,-0.13500000000000156
bristol,bradley stoke,voyager,01001000,-4.5,24.495,24.355,-0.14000000000000057
bristol,bradley stoke,voyager,01001001,-5.5,25.683,25.487,-0.1960000000000015
bristol,bradley stoke,voyager,01001001,-5.0,24.973,24.767,-0.20599999999999952
bristol,bradley stoke,voyager,01001001,-4.5,24.207,23.983,-0.2240000000000002
bristol,bradley stoke,voyager,01001010,-5.5,25.54,25.307,-0.23300000000000054
bristol,bradley stoke,voyager,01001010,-5.0,24.82,24.57,-0.25
bristol,bradley stoke,voyager,01001010,-4.5,24.047,23.78,-0.26699999999999946
bristol,bradley stoke,voyager,01001011,-5.5,24.962,24.587,-0.375
bristol,bradley stoke,voyager,01001011,-5.0,24.21,23.81,-0.40000000000000213
bristol,bradley stoke,voyager,01001011,-4.5,23.402,22.988,-0.4140000000000015
bristol,bradley stoke,voyager,01001100,-5.5,25.167,24.83,-0.3370000000000033
bristol,bradley stoke,voyager,01001100,-5.0,24.423,24.067,-0.3559999999999981
bristol,bradley stoke,voyager,01001100,-4.5,23.627,23.257,-0.36999999999999744
bristol,bradley stoke,voyager,01001101,-5.5,24.945,24.562,-0.3829999999999991
bristol,bradley stoke,voyager,01001101,-5.0,24.19,23.787,-0.40300000000000225
bristol,bradley stoke,voyager,01001101,-4.5,23.383,22.965,-0.41799999999999926
bristol,bradley stoke,voyager,01001110,-5.5,24.63,24.178,-0.4519999999999982
bristol,bradley stoke,voyager,01001110,-5.0,23.863,23.383,-0.4800000000000004
bristol,bradley stoke,voyager,01001110,-4.5,23.038,22.543,-0.495000000000001
bristol,bradley stoke,voyager,01001111,-5.5,24.242,23.714,-0.5280000000000022
bristol,bradley stoke,voyager,01001111,-5.0,23.452,22.898,-0.554000000000002
bristol,bradley stoke,voyager,01001111,-4.5,22.612,22.042,-0.5699999999999967
bristol,bradley stoke,voyager,01010000,-5.5,25.755,25.565,-0.18999999999999773
bristol,bradley stoke,voyager,01010000,-5.0,25.045,24.85,-0.19500000000000028
bristol,bradley stoke,voyager,01010000,-4.5,24.285,24.075,-0.21000000000000085
bristol,bradley stoke,voyager,01010001,-5.5,25.627,25.413,-0.21399999999999864
bristol,bradley stoke,voyager,01010001,-5.0,24.913,24.687,-0.2259999999999991
bristol,bradley stoke,voyager,01010001,-4.5,24.14,23.9,-0.240000000000002
bristol,bradley stoke,voyager,01010010,-5.5,25.543,25.303,-0.23999999999999844
bristol,bradley stoke,voyager,01010010,-5.0,24.823,24.57,-0.2530000000000001
bristol,bradley stoke,voyager,01010010,-4.5,24.043,23.78,-0.2629999999999981
bristol,bradley stoke,voyager,01010011,-5.5,24.995,24.62,-0.375
bristol,bradley stoke,voyager,01010011,-5.0,24.242,23.848,-0.3940000000000019
bristol,bradley stoke,voyager,01010011,-4.5,23.438,23.025,-0.41300000000000026
bristol,bradley stoke,voyager,01010100,-5.5,25.39,25.113,-0.277000000000001
bristol,bradley stoke,voyager,01010100,-5.0,24.66,24.367,-0.29299999999999926
bristol,bradley stoke,voyager,01010100,-4.5,23.873,23.567,-0.30600000000000094
bristol,bradley stoke,voyager,01010101,-5.5,25.137,24.797,-0.33999999999999986
bristol,bradley stoke,voyager,01010101,-5.0,24.39,24.035,-0.3550000000000004
bristol,bradley stoke,voyager,01010101,-4.5,23.595,23.218,-0.3769999999999989
bristol,bradley stoke,voyager,01010110,-5.5,24.845,24.432,-0.41300000000000026
bristol,bradley stoke,voyager,01010110,-5.0,24.082,23.65,-0.43200000000000216
bristol,bradley stoke,voyager,01010110,-4.5,23.27,22.822,-0.4480000000000004
bristol,bradley stoke,voyager,01010111,-5.5,24.424,23.93,-0.4939999999999998
bristol,bradley stoke,voyager,01010111,-5.0,23.64,23.126,-0.5139999999999993
bristol,bradley stoke,voyager,01010111,-4.5,22.812,22.274,-0.5380000000000003
bristol,bradley stoke,voyager,01011000,-5.5,25.003,24.627,-0.3760000000000012
bristol,bradley stoke,voyager,01011000,-5.0,24.25,23.85,-0.3999999999999986
bristol,bradley stoke,voyager,01011000,-4.5,23.447,23.03,-0.41699999999999804
bristol,bradley stoke,voyager,01011001,-5.5,24.947,24.565,-0.3819999999999979
bristol,bradley stoke,voyager,01011001,-5.0,24.195,23.787,-0.40800000000000125
bristol,bradley stoke,voyager,01011001,-4.5,23.385,22.968,-0.4170000000000016
bristol,bradley stoke,voyager,01011010,-5.5,24.815,24.4,-0.4150000000000027
bristol,bradley stoke,voyager,01011010,-5.0,24.05,23.617,-0.43299999999999983
bristol,bradley stoke,voyager,01011010,-4.5,23.237,22.785,-0.4519999999999982
bristol,bradley stoke,voyager,01011011,-5.5,24.442,23.95,-0.4920000000000009
bristol,bradley stoke,voyager,01011011,-5.0,23.662,23.144,-0.5180000000000007
bristol,bradley stoke,voyager,01011011,-4.5,22.83,22.298,-0.532
bristol,bradley stoke,voyager,01011100,-5.5,24.5,24.012,-0.48799999999999955
bristol,bradley stoke,voyager,01011100,-5.0,23.72,23.207,-0.5129999999999981
bristol,bradley stoke,voyager,01011100,-4.5,22.89,22.365,-0.5250000000000021
bristol,bradley stoke,voyager,01011101,-5.5,24.388,23.89,-0.4980000000000011
bristol,bradley stoke,voyager,01011101,-5.0,23.604,23.082,-0.5219999999999985
bristol,bradley stoke,voyager,01011101,-4.5,22.774,22.23,-0.5440000000000005
bristol,bradley stoke,voyager,01011110,-5.5,24.134,23.578,-0.5560000000000009
bristol,bradley stoke,voyager,01011110,-5.0,23.334,22.758,-0.5760000000000005
bristol,bradley stoke,voyager,01011110,-4.5,22.492,21.896,-0.5960000000000001
bristol,bradley stoke,voyager,01011111,-5.5,23.848,23.252,-0.5960000000000001
bristol,bradley stoke,voyager,01011111,-5.0,23.038,22.415,-0.6230000000000011
bristol,bradley stoke,voyager,01011111,-4.5,22.187,21.543,-0.6440000000000019
bristol,bradley stoke,voyager,01100000,-5.5,25.21,24.865,-0.3450000000000024
bristol,bradley stoke,voyager,01100000,-5.0,24.47,24.105,-0.36499999999999844
bristol,bradley stoke,voyager,01100000,-4.5,23.67,23.29,-0.38000000000000256
bristol,bradley stoke,voyager,01100001,-5.5,25.317,25.017,-0.3000000000000007
bristol,bradley stoke,voyager,01100001,-5.0,24.583,24.267,-0.31599999999999895
bristol,bradley stoke,voyager,01100001,-4.5,23.797,23.463,-0.33399999999999963
bristol,bradley stoke,voyager,01100010,-5.5,25.26,24.943,-0.31700000000000017
bristol,bradley stoke,voyager,01100010,-5.0,24.523,24.19,-0.3329999999999984
bristol,bradley stoke,voyager,01100010,-4.5,23.73,23.383,-0.3470000000000013
bristol,bradley stoke,voyager,01100011,-5.5,24.81,24.385,-0.42499999999999716
bristol,bradley stoke,voyager,01100011,-5.0,24.047,23.602,-0.4450000000000003
bristol,bradley stoke,voyager,01100011,-4.5,23.233,22.767,-0.4660000000000011
bristol,bradley stoke,voyager,01100100,-5.5,25.17,24.827,-0.34299999999999997
bristol,bradley stoke,voyager,01100100,-5.0,24.43,24.07,-0.35999999999999943
bristol,bradley stoke,voyager,01100100,-4.5,23.633,23.257,-0.37599999999999767
bristol,bradley stoke,voyager,01100101,-5.5,25.0,24.625,-0.375
bristol,bradley stoke,voyager,01100101,-5.0,24.245,23.852,-0.3930000000000007
bristol,bradley stoke,voyager,01100101,-4.5,23.44,23.027,-0.41300000000000026
bristol,bradley stoke,voyager,01100110,-5.5,24.715,24.267,-0.4480000000000004
bristol,bradley stoke,voyager,01100110,-5.0,23.947,23.48,-0.46699999999999875
bristol,bradley stoke,voyager,01100110,-4.5,23.13,22.642,-0.48799999999999955
bristol,bradley stoke,voyager,01100111,-5.5,24.338,23.822,-0.5160000000000018
bristol,bradley stoke,voyager,01100111,-5.0,23.552,23.01,-0.541999999999998
bristol,bradley stoke,voyager,01100111,-4.5,22.718,22.156,-0.5620000000000012
bristol,bradley stoke,voyager,01101000,-5.5,25.003,24.627,-0.3760000000000012
bristol,bradley stoke,voyager,01101000,-5.0,24.25,23.853,-0.39699999999999847
bristol,bradley stoke,voyager,01101000,-4.5,23.447,23.03,-0.41699999999999804
bristol,bradley stoke,voyager,01101001,-5.5,24.965,24.59,-0.375
bristol,bradley stoke,voyager,01101001,-5.0,24.212,23.815,-0.39699999999999847
bristol,bradley stoke,voyager,01101001,-4.5,23.407,22.992,-0.41499999999999915
bristol,bradley stoke,voyager,01101010,-5.5,24.845,24.435,-0.41000000000000014
bristol,bradley stoke,voyager,01101010,-5.0,24.085,23.655,-0.4299999999999997
bristol,bradley stoke,voyager,01101010,-4.5,23.273,22.822,-0.4510000000000005
bristol,bradley stoke,voyager,01101011,-5.5,24.48,23.99,-0.490000000000002
bristol,bradley stoke,voyager,01101011,-5.0,23.698,23.186,-0.5120000000000005
bristol,bradley stoke,voyager,01101011,-4.5,22.87,22.336,-0.5340000000000025
bristol,bradley stoke,voyager,01101100,-5.5,24.553,24.073,-0.4800000000000004
bristol,bradley stoke,voyager,01101100,-5.0,23.777,23.27,-0.5070000000000014
bristol,bradley stoke,voyager,01101100,-4.5,22.953,22.425,-0.5279999999999987
bristol,bradley stoke,voyager,01101101,-5.5,24.446,23.952,-0.4939999999999998
bristol,bradley stoke,voyager,01101101,-5.0,23.666,23.146,-0.5199999999999996
bristol,bradley stoke,voyager,01101101,-4.5,22.832,22.296,-0.5360000000000014
bristol,bradley stoke,voyager,01101110,-5.5,24.194,23.646,-0.5479999999999983
bristol,bradley stoke,voyager,01101110,-5.0,23.398,22.826,-0.5719999999999992
bristol,bradley stoke,voyager,01101110,-4.5,22.556,21.964,-0.5920000000000023
bristol,bradley stoke,voyager,01101111,-5.5,23.908,23.31,-0.5980000000000025
bristol,bradley stoke,voyager,01101111,-5.0,23.097,22.478,-0.6189999999999998
bristol,bradley stoke,voyager,01101111,-4.5,22.25,21.608,-0.6419999999999995
bristol,bradley stoke,voyager,01110000,-5.5,24.59,24.11,-0.4800000000000004
bristol,bradley stoke,voyager,01110000,-5.0,23.813,23.31,-0.5030000000000001
bristol,bradley stoke,voyager,01110000,-4.5,22.993,22.47,-0.5229999999999997
bristol,bradley stoke,voyager,01110001,-5.5,24.715,24.277,-0.43799999999999883
bristol,bradley stoke,voyager,01110001,-5.0,23.947,23.488,-0.45899999999999963
bristol,bradley stoke,voyager,01110001,-4.5,23.133,22.655,-0.477999999999998
bristol,bradley stoke,voyager,01110010,-5.5,24.637,24.183,-0.4540000000000006
bristol,bradley stoke,voyager,01110010,-5.0,23.863,23.387,-0.4759999999999991
bristol,bradley stoke,voyager,01110010,-4.5,23.043,22.547,-0.49599999999999866
bristol,bradley stoke,voyager,01110011,-5.5,24.342,23.822,-0.5199999999999996
bristol,bradley stoke,voyager,01110011,-5.0,23.554,23.012,-0.541999999999998
bristol,bradley stoke,voyager,01110011,-4.5,22.72,22.156,-0.5640000000000001
bristol,bradley stoke,voyager,01110100,-5.5,24.5,24.012,-0.48799999999999955
bristol,bradley stoke,voyager,01110100,-5.0,23.723,23.21,-0.5129999999999981
bristol,bradley stoke,voyager,01110100,-4.5,22.892,22.363,-0.5289999999999999
bristol,bradley stoke,voyager,01110101,-5.5,24.43,23.936,-0.4939999999999998
bristol,bradley stoke,voyager,01110101,-5.0,23.644,23.126,-0.5179999999999971
bristol,bradley stoke,voyager,01110101,-4.5,22.816,22.278,-0.5380000000000003
bristol,bradley stoke,voyager,01110110,-5.5,24.194,23.648,-0.5459999999999994
bristol,bradley stoke,voyager,01110110,-5.0,23.396,22.828,-0.5680000000000014
bristol,bradley stoke,voyager,01110110,-4.5,22.558,21.966,-0.5919999999999987
bristol,bradley stoke,voyager,01110111,-5.5,23.923,23.33,-0.593
bristol,bradley stoke,voyager,01110111,-5.0,23.115,22.495,-0.6199999999999974
bristol,bradley stoke,voyager,01110111,-4.5,22.267,21.625,-0.6419999999999995
bristol,bradley stoke,voyager,01111000,-5.5,24.178,23.623,-0.5549999999999997
bristol,bradley stoke,voyager,01111000,-5.0,23.385,22.802,-0.583000000000002
bristol,bradley stoke,voyager,01111000,-4.5,22.543,21.94,-0.602999999999998
bristol,bradley stoke,voyager,01111001,-5.5,24.248,23.718,-0.5300000000000011
bristol,bradley stoke,voyager,01111001,-5.0,23.458,22.906,-0.5519999999999996
bristol,bradley stoke,voyager,01111001,-4.5,22.618,22.048,-0.5700000000000003
bristol,bradley stoke,voyager,01111010,-5.5,24.132,23.582,-0.5500000000000007
bristol,bradley stoke,voyager,01111010,-5.0,23.338,22.758,-0.5800000000000018
bristol,bradley stoke,voyager,01111010,-4.5,22.494,21.9,-0.5940000000000012
bristol,bradley stoke,voyager,01111011,-5.5,23.91,23.313,-0.5970000000000013
bristol,bradley stoke,voyager,01111011,-5.0,23.098,22.48,-0.6179999999999986
bristol,bradley stoke,voyager,01111011,-4.5,22.252,21.61,-0.6419999999999995
bristol,bradley stoke,voyager,01111100,-5.5,23.878,23.27,-0.6080000000000005
bristol,bradley stoke,voyager,01111100,-5.0,23.068,22.434,-0.6340000000000003
bristol,bradley stoke,voyager,01111100,-4.5,22.216,21.562,-0.6539999999999999
bristol,bradley stoke,voyager,01111101,-5.5,23.853,23.252,-0.6010000000000026
bristol,bradley stoke,voyager,01111101,-5.0,23.042,22.417,-0.625
bristol,bradley stoke,voyager,01111101,-4.5,22.192,21.545,-0.6469999999999985
bristol,bradley stoke,voyager,01111110,-5.5,23.64,22.995,-0.6449999999999996
bristol,bradley stoke,voyager,01111110,-5.0,22.818,22.148,-0.6700000000000017
bristol,bradley stoke,voyager,01111110,-4.5,21.958,21.27,-0.6879999999999988
bristol,bradley stoke,voyager,01111111,-5.5,23.444,22.771,-0.6729999999999983
bristol,bradley stoke,voyager,01111111,-5.0,22.616,21.92,-0.695999999999998
bristol,bradley stoke,voyager,01111111,-4.5,21.749,21.033,-0.7159999999999975
bristol,bradley stoke,voyager,10000000,-5.5,26.36,26.36,0.0
bristol,bradley stoke,voyager,10000000,-5.0,25.7,25.7,0.0
bristol,bradley stoke,voyager,10000000,-4.5,24.98,24.98,0.0
bristol,bradley stoke,voyager,10000001,-5.5,26.165,26.11,-0.054999999999999716
bristol,bradley stoke,voyager,10000001,-5.0,25.495,25.435,-0.060000000000002274
bristol,bradley stoke,voyager,10000001,-4.5,24.755,24.69,-0.06499999999999773
bristol,bradley stoke,voyager,10000010,-5.5,26.14,26.075,-0.06500000000000128
bristol,bradley stoke,voyager,10000010,-5.0,25.465,25.39,-0.07499999999999929
bristol,bradley stoke,voyager,10000010,-4.5,24.725,24.65,-0.07500000000000284
bristol,bradley stoke,voyager,10000011,-5.5,25.35,25.063,-0.2870000000000026
bristol,bradley stoke,voyager,10000011,-5.0,24.62,24.317,-0.3030000000000008
bristol,bradley stoke,voyager,10000011,-4.5,23.833,23.517,-0.31599999999999895
bristol,bradley stoke,voyager,10000100,-5.5,26.1,26.025,-0.07500000000000284
bristol,bradley stoke,voyager,10000100,-5.0,25.42,25.34,-0.08000000000000185
bristol,bradley stoke,voyager,10000100,-4.5,24.68,24.59,-0.08999999999999986
bristol,bradley stoke,voyager,10000101,-5.5,25.677,25.48,-0.19699999999999918
bristol,bradley stoke,voyager,10000101,-5.0,24.97,24.757,-0.2129999999999974
bristol,bradley stoke,voyager,10000101,-4.5,24.2,23.977,-0.22299999999999898
bristol,bradley stoke,voyager,10000110,-5.5,25.313,25.013,-0.29999999999999716
bristol,bradley stoke,voyager,10000110,-5.0,24.583,24.263,-0.31999999999999673
bristol,bradley stoke,voyager,10000110,-4.5,23.793,23.463,-0.3299999999999983
bristol,bradley stoke,voyager,10000111,-5.5,24.76,24.337,-0.4230000000000018
bristol,bradley stoke,voyager,10000111,-5.0,23.995,23.55,-0.4450000000000003
bristol,bradley stoke,voyager,10000111,-4.5,23.18,22.718,-0.46199999999999974
bristol,bradley stoke,voyager,10001000,-5.5,26.04,25.945,-0.09499999999999886
bristol,bradley stoke,voyager,10001000,-5.0,25.36,25.255,-0.10500000000000043
bristol,bradley stoke,voyager,10001000,-4.5,24.61,24.505,-0.10500000000000043
bristol,bradley stoke,voyager,10001001,-5.5,25.763,25.593,-0.1700000000000017
bristol,bradley stoke,voyager,10001001,-5.0,25.063,24.873,-0.18999999999999773
bristol,bradley stoke,voyager,10001001,-4.5,24.297,24.1,-0.19699999999999918
bristol,bradley stoke,voyager,10001010,-5.5,25.627,25.413,-0.21399999999999864
bristol,bradley stoke,voyager,10001010,-5.0,24.913,24.687,-0.2259999999999991
bristol,bradley stoke,voyager,10001010,-4.5,24.143,23.9,-0.2430000000000021
bristol,bradley stoke,voyager,10001011,-5.5,25.035,24.672,-0.36299999999999955
bristol,bradley stoke,voyager,10001011,-5.0,24.288,23.902,-0.38599999999999923
bristol,bradley stoke,voyager,10001011,-4.5,23.482,23.085,-0.39699999999999847
bristol,bradley stoke,voyager,10001100,-5.5,25.26,24.943,-0.31700000000000017
bristol,bradley stoke,voyager,10001100,-5.0,24.523,24.19,-0.3329999999999984
bristol,bradley stoke,voyager,10001100,-4.5,23.73,23.383,-0.3470000000000013
bristol,bradley stoke,voyager,10001101,-5.5,25.025,24.66,-0.36499999999999844
bristol,bradley stoke,voyager,10001101,-5.0,24.273,23.887,-0.38599999999999923
bristol,bradley stoke,voyager,10001101,-4.5,23.468,23.068,-0.3999999999999986
bristol,bradley stoke,voyager,10001110,-5.5,24.71,24.275,-0.4350000000000023
bristol,bradley stoke,voyager,10001110,-5.0,23.945,23.488,-0.45700000000000074
bristol,bradley stoke,voyager,10001110,-4.5,23.127,22.65,-0.4770000000000003
bristol,bradley stoke,voyager,10001111,-5.5,24.312,23.798,-0.5140000000000029
bristol,bradley stoke,voyager,10001111,-5.0,23.524,22.988,-0.5360000000000014
bristol,bradley stoke,voyager,10001111,-4.5,22.69,22.134,-0.5560000000000009
bristol,bradley stoke,voyager,10010000,-5.5,25.945,25.815,-0.129999999999999
bristol,bradley stoke,voyager,10010000,-5.0,25.255,25.115,-0.14000000000000057
bristol,bradley stoke,voyager,10010000,-4.5,24.505,24.355,-0.14999999999999858
bristol,bradley stoke,voyager,10010001,-5.5,25.767,25.59,-0.1769999999999996
bristol,bradley stoke,voyager,10010001,-5.0,25.067,24.88,-0.18700000000000117
bristol,bradley stoke,voyager,10010001,-4.5,24.297,24.1,-0.19699999999999918
bristol,bradley stoke,voyager,10010010,-5.5,25.69,25.49,-0.20000000000000284
bristol,bradley stoke,voyager,10010010,-5.0,24.98,24.767,-0.21300000000000097
bristol,bradley stoke,voyager,10010010,-4.5,24.207,23.987,-0.22000000000000242
bristol,bradley stoke,voyager,10010011,-5.5,25.11,24.765,-0.34499999999999886
bristol,bradley stoke,voyager,10010011,-5.0,24.365,24.002,-0.36299999999999955
bristol,bradley stoke,voyager,10010011,-4.5,23.565,23.182,-0.38300000000000267
bristol,bradley stoke,voyager,10010100,-5.5,25.543,25.307,-0.23600000000000065
bristol,bradley stoke,voyager,10010100,-5.0,24.827,24.57,-0.25700000000000145
bristol,bradley stoke,voyager,10010100,-4.5,24.047,23.78,-0.26699999999999946
bristol,bradley stoke,voyager,10010101,-5.5,25.26,24.95,-0.3100000000000023
bristol,bradley stoke,voyager,10010101,-5.0,24.52,24.195,-0.3249999999999993
bristol,bradley stoke,voyager,10010101,-4.5,23.73,23.39,-0.33999999999999986
bristol,bradley stoke,voyager,10010110,-5.5,24.968,24.587,-0.3810000000000002
bristol,bradley stoke,voyager,10010110,-5.0,24.212,23.815,-0.39699999999999847
bristol,bradley stoke,voyager,10010110,-4.5,23.405,22.99,-0.4150000000000027
bristol,bradley stoke,voyager,10010111,-5.5,24.526,24.056,-0.46999999999999886
bristol,bradley stoke,voyager,10010111,-5.0,23.75,23.256,-0.4939999999999998
bristol,bradley stoke,voyager,10010111,-4.5,22.926,22.414,-0.5119999999999969
bristol,bradley stoke,voyager,10011000,-5.5,25.17,24.83,-0.3400000000000034
bristol,bradley stoke,voyager,10011000,-5.0,24.427,24.073,-0.3539999999999992
bristol,bradley stoke,voyager,10011000,-4.5,23.63,23.257,-0.37299999999999756
bristol,bradley stoke,voyager,10011001,-5.5,25.082,24.727,-0.3550000000000004
bristol,bradley stoke,voyager,10011001,-5.0,24.33,23.96,-0.36999999999999744
bristol,bradley stoke,voyager,10011001,-4.5,23.532,23.145,-0.38700000000000045
bristol,bradley stoke,voyager,10011010,-5.5,24.95,24.562,-0.3879999999999981
bristol,bradley stoke,voyager,10011010,-5.0,24.195,23.787,-0.40800000000000125
bristol,bradley stoke,voyager,10011010,-4.5,23.387,22.965,-0.4220000000000006
bristol,bradley stoke,voyager,10011011,-5.5,24.556,24.086,-0.4700000000000024
bristol,bradley stoke,voyager,10011011,-5.0,23.776,23.286,-0.48999999999999844
bristol,bradley stoke,voyager,10011011,-4.5,22.954,22.442,-0.5120000000000005
bristol,bradley stoke,voyager,10011100,-5.5,24.637,24.18,-0.45700000000000074
bristol,bradley stoke,voyager,10011100,-5.0,23.863,23.387,-0.4759999999999991
bristol,bradley stoke,voyager,10011100,-4.5,23.043,22.547,-0.49599999999999866
bristol,bradley stoke,voyager,10011101,-5.5,24.504,24.03,-0.4740000000000002
bristol,bradley stoke,voyager,10011101,-5.0,23.724,23.226,-0.4980000000000011
bristol,bradley stoke,voyager,10011101,-4.5,22.898,22.384,-0.5139999999999993
bristol,bradley stoke,voyager,10011110,-5.5,24.25,23.72,-0.5300000000000011
bristol,bradley stoke,voyager,10011110,-5.0,23.456,22.904,-0.5519999999999996
bristol,bradley stoke,voyager,10011110,-4.5,22.62,22.048,-0.5720000000000027
bristol,bradley stoke,voyager,10011111,-5.5,23.948,23.367,-0.5809999999999995
bristol,bradley stoke,voyager,10011111,-5.0,23.143,22.537,-0.6060000000000016
bristol,bradley stoke,voyager,10011111,-4.5,22.293,21.67,-0.6229999999999976
bristol,bradley stoke,voyager,10100000,-5.5,25.755,25.57,-0.18499999999999872
bristol,bradley stoke,voyager,10100000,-5.0,25.055,24.855,-0.1999999999999993
bristol,bradley stoke,voyager,10100000,-4.5,24.285,24.075,-0.21000000000000085
bristol,bradley stoke,voyager,10100001,-5.5,25.68,25.483,-0.19699999999999918
bristol,bradley stoke,voyager,10100001,-5.0,24.973,24.76,-0.2129999999999974
bristol,bradley stoke,voyager,10100001,-4.5,24.203,23.98,-0.22299999999999898
bristol,bradley stoke,voyager,10100010,-5.5,25.63,25.413,-0.21699999999999875
bristol,bradley stoke,voyager,10100010,-5.0,24.917,24.687,-0.23000000000000043
bristol,bradley stoke,voyager,10100010,-4.5,24.143,23.903,-0.240000000000002
bristol,bradley stoke,voyager,10100011,-5.5,25.087,24.735,-0.3520000000000003
bristol,bradley stoke,voyager,10100011,-5.0,24.343,23.968,-0.375
bristol,bradley stoke,voyager,10100011,-4.5,23.54,23.148,-0.39199999999999946
bristol,bradley stoke,voyager,10100100,-5.5,25.543,25.307,-0.23600000000000065
bristol,bradley stoke,voyager,10100100,-5.0,24.827,24.573,-0.25400000000000134
bristol,bradley stoke,voyager,10100100,-4.5,24.05,23.783,-0.26699999999999946
bristol,bradley stoke,voyager,10100101,-5.5,25.28,24.977,-0.3030000000000008
bristol,bradley stoke,voyager,10100101,-5.0,24.545,24.223,-0.32200000000000273
bristol,bradley stoke,voyager,10100101,-4.5,23.752,23.418,-0.33399999999999963
bristol,bradley stoke,voyager,10100110,-5.5,24.998,24.625,-0.3730000000000011
bristol,bradley stoke,voyager,10100110,-5.0,24.248,23.85,-0.3979999999999997
bristol,bradley stoke,voyager,10100110,-4.5,23.44,23.03,-0.41000000000000014
bristol,bradley stoke,voyager,10100111,-5.5,24.564,24.098,-0.4660000000000011
bristol,bradley stoke,voyager,10100111,-5.0,23.79,23.3,-0.48999999999999844
bristol,bradley stoke,voyager,10100111,-4.5,22.964,22.458,-0.5060000000000002
bristol,bradley stoke,voyager,10101000,-5.5,25.393,25.117,-0.2759999999999998
bristol,bradley stoke,voyager,10101000,-5.0,24.667,24.37,-0.2970000000000006
bristol,bradley stoke,voyager,10101000,-4.5,23.883,23.57,-0.31299999999999883
bristol,bradley stoke,voyager,10101001,-5.5,25.26,24.953,-0.30700000000000216
bristol,bradley stoke,voyager,10101001,-5.0,24.525,24.197,-0.3279999999999994
bristol,bradley stoke,voyager,10101001,-4.5,23.73,23.392,-0.33800000000000097
bristol,bradley stoke,voyager,10101010,-5.5,25.14,24.8,-0.33999999999999986
bristol,bradley stoke,voyager,10101010,-5.0,24.398,24.038,-0.35999999999999943
bristol,bradley stoke,voyager,10101010,-4.5,23.595,23.225,-0.36999999999999744
bristol,bradley stoke,voyager,10101011,-5.5,24.712,24.278,-0.43400000000000105
bristol,bradley stoke,voyager,10101011,-5.0,23.944,23.486,-0.4579999999999984
bristol,bradley stoke,voyager,10101011,-4.5,23.128,22.652,-0.4759999999999991
bristol,bradley stoke,voyager,10101100,-5.5,24.845,24.438,-0.40700000000000003
bristol,bradley stoke,voyager,10101100,-5.0,24.087,23.655,-0.4319999999999986
bristol,bradley stoke,voyager,10101100,-4.5,23.273,22.825,-0.4480000000000004
bristol,bradley stoke,voyager,10101101,-5.5,24.68,24.242,-0.43799999999999883
bristol,bradley stoke,voyager,10101101,-5.0,23.91,23.448,-0.46199999999999974
bristol,bradley stoke,voyager,10101101,-4.5,23.094,22.61,-0.48400000000000176
bristol,bradley stoke,voyager,10101110,-5.5,24.43,23.934,-0.49599999999999866
bristol,bradley stoke,voyager,10101110,-5.0,23.648,23.126,-0.5219999999999985
bristol,bradley stoke,voyager,10101110,-4.5,22.814,22.28,-0.5339999999999989
bristol,bradley stoke,voyager,10101111,-5.5,24.103,23.548,-0.5550000000000033
bristol,bradley stoke,voyager,10101111,-5.0,23.307,22.728,-0.5789999999999971
bristol,bradley stoke,voyager,10101111,-4.5,22.462,21.865,-0.5970000000000013
bristol,bradley stoke,voyager,10110000,-5.5,25.007,24.627,-0.38000000000000256
bristol,bradley stoke,voyager,10110000,-5.0,24.253,23.853,-0.3999999999999986
bristol,bradley stoke,voyager,10110000,-4.5,23.45,23.03,-0.41999999999999815
bristol,bradley stoke,voyager,10110001,-5.5,25.027,24.663,-0.36400000000000077
bristol,bradley stoke,voyager,10110001,-5.0,24.28,23.892,-0.3880000000000017
bristol,bradley stoke,voyager,10110001,-4.5,23.475,23.075,-0.40000000000000213
bristol,bradley stoke,voyager,10110010,-5.5,24.95,24.565,-0.384999999999998
bristol,bradley stoke,voyager,10110010,-5.0,24.195,23.79,-0.40500000000000114
bristol,bradley stoke,voyager,10110010,-4.5,23.39,22.968,-0.4220000000000006
bristol,bradley stoke,voyager,10110011,-5.5,24.59,24.128,-0.46199999999999974
bristol,bradley stoke,voyager,10110011,-5.0,23.818,23.328,-0.490000000000002
bristol,bradley stoke,voyager,10110011,-4.5,22.996,22.486,-0.509999999999998
bristol,bradley stoke,voyager,10110100,-5.5,24.82,24.402,-0.41799999999999926
bristol,bradley stoke,voyager,10110100,-5.0,24.058,23.62,-0.43799999999999883
bristol,bradley stoke,voyager,10110100,-4.5,23.242,22.79,-0.45200000000000173
bristol,bradley stoke,voyager,10110101,-5.5,24.682,24.242,-0.4399999999999977
bristol,bradley stoke,voyager,10110101,-5.0,23.914,23.452,-0.46199999999999974
bristol,bradley stoke,voyager,10110101,-4.5,23.094,22.612,-0.48200000000000287
bristol,bradley stoke,voyager,10110110,-5.5,24.448,23.954,-0.4939999999999998
bristol,bradley stoke,voyager,10110110,-5.0,23.664,23.148,-0.5160000000000018
bristol,bradley stoke,voyager,10110110,-4.5,22.836,22.298,-0.5380000000000003
bristol,bradley stoke,voyager,10110111,-5.5,24.137,23.58,-0.5570000000000022
bristol,bradley stoke,voyager,10110111,-5.0,23.337,22.76,-0.5769999999999982
bristol,bradley stoke,voyager,10110111,-4.5,22.495,21.897,-0.5980000000000025
bristol,bradley stoke,voyager,10111000,-5.5,24.5,24.015,-0.48499999999999943
bristol,bradley stoke,voyager,10111000,-5.0,23.723,23.212,-0.5109999999999992
bristol,bradley stoke,voyager,10111000,-4.5,22.895,22.365,-0.5300000000000011
bristol,bradley stoke,voyager,10111001,-5.5,24.506,24.03,-0.4759999999999991
bristol,bradley stoke,voyager,10111001,-5.0,23.728,23.23,-0.4980000000000011
bristol,bradley stoke,voyager,10111001,-4.5,22.902,22.384,-0.5180000000000007
bristol,bradley stoke,voyager,10111010,-5.5,24.396,23.89,-0.5060000000000002
bristol,bradley stoke,voyager,10111010,-5.0,23.612,23.086,-0.5259999999999998
bristol,bradley stoke,voyager,10111010,-4.5,22.776,22.236,-0.5399999999999991
bristol,bradley stoke,voyager,10111011,-5.5,24.123,23.57,-0.5530000000000008
bristol,bradley stoke,voyager,10111011,-5.0,23.327,22.748,-0.5790000000000006
bristol,bradley stoke,voyager,10111011,-4.5,22.483,21.885,-0.597999999999999
bristol,bradley stoke,voyager,10111100,-5.5,24.134,23.584,-0.5500000000000007
bristol,bradley stoke,voyager,10111100,-5.0,23.34,22.762,-0.5779999999999994
bristol,bradley stoke,voyager,10111100,-4.5,22.496,21.898,-0.597999999999999
bristol,bradley stoke,voyager,10111101,-5.5,24.07,23.51,-0.5599999999999987
bristol,bradley stoke,voyager,10111101,-5.0,23.268,22.687,-0.5809999999999995
bristol,bradley stoke,voyager,10111101,-4.5,22.425,21.823,-0.6020000000000003
bristol,bradley stoke,voyager,10111110,-5.5,23.857,23.253,-0.6039999999999992
bristol,bradley stoke,voyager,10111110,-5.0,23.045,22.418,-0.6270000000000024
bristol,bradley stoke,voyager,10111110,-4.5,22.19,21.547,-0.6430000000000007
bristol,bradley stoke,voyager,10111111,-5.5,23.627,22.991,-0.6359999999999992
bristol,bradley stoke,voyager,10111111,-5.0,22.809,22.146,-0.6630000000000003
bristol,bradley stoke,voyager,10111111,-4.5,21.95,21.267,-0.6829999999999998
bristol,bradley stoke,voyager,11000000,-5.5,25.21,24.87,-0.33999999999999986
bristol,bradley stoke,voyager,11000000,-5.0,24.47,24.11,-0.35999999999999943
bristol,bradley stoke,voyager,11000000,-4.5,23.675,23.295,-0.379999999999999
bristol,bradley stoke,voyager,11000001,-5.5,25.36,25.07,-0.28999999999999915
bristol,bradley stoke,voyager,11000001,-5.0,24.63,24.323,-0.3069999999999986
bristol,bradley stoke,voyager,11000001,-4.5,23.847,23.523,-0.3240000000000016
bristol,bradley stoke,voyager,11000010,-5.5,25.32,25.02,-0.3000000000000007
bristol,bradley stoke,voyager,11000010,-5.0,24.587,24.27,-0.31700000000000017
bristol,bradley stoke,voyager,11000010,-4.5,23.8,23.467,-0.33300000000000196
bristol,bradley stoke,voyager,11000011,-5.5,24.878,24.468,-0.41000000000000014
bristol,bradley stoke,voyager,11000011,-5.0,24.117,23.683,-0.43400000000000105
bristol,bradley stoke,voyager,11000011,-4.5,23.308,22.855,-0.4529999999999994
bristol,bradley stoke,voyager,11000100,-5.5,25.263,24.947,-0.3160000000000025
bristol,bradley stoke,voyager,11000100,-5.0,24.53,24.193,-0.33699999999999974
bristol,bradley stoke,voyager,11000100,-4.5,23.737,23.387,-0.34999999999999787
bristol,bradley stoke,voyager,11000101,-5.5,25.093,24.738,-0.3550000000000004
bristol,bradley stoke,voyager,11000101,-5.0,24.343,23.968,-0.375
bristol,bradley stoke,voyager,11000101,-4.5,23.543,23.15,-0.3930000000000007
bristol,bradley stoke,voyager,11000110,-5.5,24.817,24.392,-0.4250000000000007
bristol,bradley stoke,voyager,11000110,-5.0,24.052,23.602,-0.4499999999999993
bristol,bradley stoke,voyager,11000110,-4.5,23.24,22.77,-0.46999999999999886
bristol,bradley stoke,voyager,11000111,-5.5,24.434,23.928,-0.5060000000000002
bristol,bradley stoke,voyager,11000111,-5.0,23.648,23.124,-0.5240000000000009
bristol,bradley stoke,voyager,11000111,-4.5,22.818,22.274,-0.5440000000000005
bristol,bradley stoke,voyager,11001000,-5.5,25.17,24.837,-0.33300000000000196
bristol,bradley stoke,voyager,11001000,-5.0,24.43,24.073,-0.3569999999999993
bristol,bradley stoke,voyager,11001000,-4.5,23.633,23.26,-0.37299999999999756
bristol,bradley stoke,voyager,11001001,-5.5,25.115,24.77,-0.34499999999999886
bristol,bradley stoke,voyager,11001001,-5.0,24.37,24.003,-0.3670000000000009
bristol,bradley stoke,voyager,11001001,-4.5,23.572,23.19,-0.3819999999999979
bristol,bradley stoke,voyager,11001010,-5.5,25.0,24.628,-0.3719999999999999
bristol,bradley stoke,voyager,11001010,-5.0,24.25,23.852,-0.3979999999999997
bristol,bradley stoke,voyager,11001010,-4.5,23.442,23.032,-0.41000000000000014
bristol,bradley stoke,voyager,11001011,-5.5,24.614,24.154,-0.46000000000000085
bristol,bradley stoke,voyager,11001011,-5.0,23.84,23.356,-0.4839999999999982
bristol,bradley stoke,voyager,11001011,-4.5,23.018,22.512,-0.5060000000000002
bristol,bradley stoke,voyager,11001100,-5.5,24.723,24.275,-0.4480000000000004
bristol,bradley stoke,voyager,11001100,-5.0,23.953,23.483,-0.46999999999999886
bristol,bradley stoke,voyager,11001100,-4.5,23.135,22.642,-0.4930000000000021
bristol,bradley stoke,voyager,11001101,-5.5,24.594,24.126,-0.46799999999999997
bristol,bradley stoke,voyager,11001101,-5.0,23.818,23.33,-0.4880000000000031
bristol,bradley stoke,voyager,11001101,-4.5,22.994,22.49,-0.5040000000000013
bristol,bradley stoke,voyager,11001110,-5.5,24.346,23.824,-0.5219999999999985
bristol,bradley stoke,voyager,11001110,-5.0,23.556,23.012,-0.5440000000000005
bristol,bradley stoke,voyager,11001110,-4.5,22.724,22.158,-0.565999999999999
bristol,bradley stoke,voyager,11001111,-5.5,24.042,23.47,-0.5720000000000027
bristol,bradley stoke,voyager,11001111,-5.0,23.24,22.643,-0.5969999999999978
bristol,bradley stoke,voyager,11001111,-4.5,22.397,21.778,-0.6189999999999998
bristol,bradley stoke,voyager,11010000,-5.5,25.01,24.627,-0.38300000000000267
bristol,bradley stoke,voyager,11010000,-5.0,24.257,23.853,-0.4039999999999999
bristol,bradley stoke,voyager,11010000,-4.5,23.453,23.033,-0.41999999999999815
bristol,bradley stoke,voyager,11010001,-5.5,25.045,24.68,-0.365000000000002
bristol,bradley stoke,voyager,11010001,-5.0,24.293,23.91,-0.3829999999999991
bristol,bradley stoke,voyager,11010001,-4.5,23.492,23.093,-0.3990000000000009
bristol,bradley stoke,voyager,11010010,-5.5,24.975,24.593,-0.38200000000000145
bristol,bradley stoke,voyager,11010010,-5.0,24.22,23.818,-0.40199999999999747
bristol,bradley stoke,voyager,11010010,-4.5,23.41,22.992,-0.41799999999999926
bristol,bradley stoke,voyager,11010011,-5.5,24.616,24.154,-0.46199999999999974
bristol,bradley stoke,voyager,11010011,-5.0,23.842,23.356,-0.4859999999999971
bristol,bradley stoke,voyager,11010011,-4.5,23.018,22.514,-0.5040000000000013
bristol,bradley stoke,voyager,11010100,-5.5,24.85,24.438,-0.4120000000000026
bristol,bradley stoke,voyager,11010100,-5.0,24.09,23.655,-0.4349999999999987
bristol,bradley stoke,voyager,11010100,-4.5,23.277,22.825,-0.45200000000000173
bristol,bradley stoke,voyager,11010101,-5.5,24.714,24.282,-0.4319999999999986
bristol,bradley stoke,voyager,11010101,-5.0,23.948,23.49,-0.45800000000000196
bristol,bradley stoke,voyager,11010101,-4.5,23.128,22.654,-0.4740000000000002
bristol,bradley stoke,voyager,11010110,-5.5,24.484,23.992,-0.4920000000000009
bristol,bradley stoke,voyager,11010110,-5.0,23.704,23.19,-0.5139999999999993
bristol,bradley stoke,voyager,11010110,-4.5,22.874,22.34,-0.5339999999999989
bristol,bradley stoke,voyager,11010111,-5.5,24.168,23.62,-0.5479999999999983
bristol,bradley stoke,voyager,11010111,-5.0,23.373,22.798,-0.5750000000000028
bristol,bradley stoke,voyager,11010111,-4.5,22.53,21.938,-0.5920000000000023
bristol,bradley stoke,voyager,11011000,-5.5,24.558,24.075,-0.48300000000000054
bristol,bradley stoke,voyager,11011000,-5.0,23.777,23.275,-0.5020000000000024
bristol,bradley stoke,voyager,11011000,-4.5,22.953,22.43,-0.5229999999999997
bristol,bradley stoke,voyager,11011001,-5.5,24.558,24.09,-0.46799999999999997
bristol,bradley stoke,voyager,11011001,-5.0,23.784,23.29,-0.4939999999999998
bristol,bradley stoke,voyager,11011001,-4.5,22.958,22.448,-0.509999999999998
bristol,bradley stoke,voyager,11011010,-5.5,24.45,23.956,-0.4939999999999998
bristol,bradley stoke,voyager,11011010,-5.0,23.666,23.148,-0.5180000000000007
bristol,bradley stoke,voyager,11011010,-4.5,22.838,22.3,-0.5380000000000003
bristol,bradley stoke,voyager,11011011,-5.5,24.177,23.628,-0.5489999999999995
bristol,bradley stoke,voyager,11011011,-5.0,23.38,22.807,-0.5730000000000004
bristol,bradley stoke,voyager,11011011,-4.5,22.538,21.945,-0.593
bristol,bradley stoke,voyager,11011100,-5.5,24.198,23.648,-0.5500000000000007
bristol,bradley stoke,voyager,11011100,-5.0,23.4,22.828,-0.5719999999999992
bristol,bradley stoke,voyager,11011100,-4.5,22.562,21.97,-0.5920000000000023
bristol,bradley stoke,voyager,11011101,-5.5,24.125,23.573,-0.5519999999999996
bristol,bradley stoke,voyager,11011101,-5.0,23.328,22.748,-0.5799999999999983
bristol,bradley stoke,voyager,11011101,-4.5,22.485,21.887,-0.597999999999999
bristol,bradley stoke,voyager,11011110,-5.5,23.915,23.318,-0.5969999999999978
bristol,bradley stoke,voyager,11011110,-5.0,23.107,22.482,-0.625
bristol,bradley stoke,voyager,11011110,-4.5,22.253,21.613,-0.6400000000000006
bristol,bradley stoke,voyager,11011111,-5.5,23.683,23.05,-0.6329999999999991
bristol,bradley stoke,voyager,11011111,-5.0,22.864,22.207,-0.657
bristol,bradley stoke,voyager,11011111,-4.5,22.004,21.329,-0.6750000000000007
bristol,bradley stoke,voyager,11100000,-5.5,24.597,24.117,-0.4800000000000004
bristol,bradley stoke,voyager,11100000,-5.0,23.82,23.317,-0.5030000000000001
bristol,bradley stoke,voyager,11100000,-4.5,22.997,22.473,-0.5240000000000009
bristol,bradley stoke,voyager,11100001,-5.5,24.767,24.343,-0.4239999999999995
bristol,bradley stoke,voyager,11100001,-5.0,24.01,23.558,-0.45200000000000173
bristol,bradley stoke,voyager,11100001,-4.5,23.19,22.73,-0.46000000000000085
bristol,bradley stoke,voyager,11100010,-5.5,24.72,24.28,-0.4399999999999977
bristol,bradley stoke,voyager,11100010,-5.0,23.95,23.492,-0.4579999999999984
bristol,bradley stoke,voyager,11100010,-4.5,23.135,22.657,-0.47800000000000153
bristol,bradley stoke,voyager,11100011,-5.5,24.436,23.934,-0.5019999999999989
bristol,bradley stoke,voyager,11100011,-5.0,23.654,23.124,-0.5300000000000011
bristol,bradley stoke,voyager,11100011,-4.5,22.822,22.276,-0.5459999999999994
bristol,bradley stoke,voyager,11100100,-5.5,24.64,24.185,-0.45500000000000185
bristol,bradley stoke,voyager,11100100,-5.0,23.87,23.39,-0.4800000000000004
bristol,bradley stoke,voyager,11100100,-4.5,23.047,22.55,-0.4969999999999999
bristol,bradley stoke,voyager,11100101,-5.5,24.57,24.104,-0.4660000000000011
bristol,bradley stoke,voyager,11100101,-5.0,23.796,23.306,-0.48999999999999844
bristol,bradley stoke,voyager,11100101,-4.5,22.972,22.464,-0.5080000000000027
bristol,bradley stoke,voyager,11100110,-5.5,24.348,23.826,-0.5219999999999985
bristol,bradley stoke,voyager,11100110,-5.0,23.558,23.012,-0.5459999999999994
bristol,bradley stoke,voyager,11100110,-4.5,22.726,22.16,-0.565999999999999
bristol,bradley stoke,voyager,11100111,-5.5,24.07,23.497,-0.5730000000000004
bristol,bradley stoke,voyager,11100111,-5.0,23.268,22.673,-0.5950000000000024
bristol,bradley stoke,voyager,11100111,-4.5,22.423,21.805,-0.6179999999999986
bristol,bradley stoke,voyager,11101000,-5.5,24.502,24.017,-0.48499999999999943
bristol,bradley stoke,voyager,11101000,-5.0,23.725,23.215,-0.5100000000000016
bristol,bradley stoke,voyager,11101000,-4.5,22.898,22.37,-0.5279999999999987
bristol,bradley stoke,voyager,11101001,-5.5,24.532,24.062,-0.46999999999999886
bristol,bradley stoke,voyager,11101001,-5.0,23.758,23.262,-0.49599999999999866
bristol,bradley stoke,voyager,11101001,-4.5,22.93,22.416,-0.5139999999999993
bristol,bradley stoke,voyager,11101010,-5.5,24.434,23.936,-0.4980000000000011
bristol,bradley stoke,voyager,11101010,-5.0,23.652,23.13,-0.522000000000002
bristol,bradley stoke,voyager,11101010,-4.5,22.818,22.282,-0.5360000000000014
bristol,bradley stoke,voyager,11101011,-5.5,24.172,23.622,-0.5500000000000007
bristol,bradley stoke,voyager,11101011,-5.0,23.375,22.8,-0.5749999999999993
bristol,bradley stoke,voyager,11101011,-4.5,22.535,21.94,-0.5949999999999989
bristol,bradley stoke,voyager,11101100,-5.5,24.198,23.65,-0.5480000000000018
bristol,bradley stoke,voyager,11101100,-5.0,23.404,22.828,-0.5760000000000005
bristol,bradley stoke,voyager,11101100,-4.5,22.562,21.97,-0.5920000000000023
bristol,bradley stoke,voyager,11101101,-5.5,24.137,23.583,-0.554000000000002
bristol,bradley stoke,voyager,11101101,-5.0,23.34,22.763,-0.5769999999999982
bristol,bradley stoke,voyager,11101101,-4.5,22.498,21.9,-0.5980000000000025
bristol,bradley stoke,voyager,11101110,-5.5,23.93,23.332,-0.597999999999999
bristol,bradley stoke,voyager,11101110,-5.0,23.123,22.502,-0.6210000000000022
bristol,bradley stoke,voyager,11101110,-4.5,22.27,21.628,-0.6419999999999995
bristol,bradley stoke,voyager,11101111,-5.5,23.7,23.069,-0.6310000000000002
bristol,bradley stoke,voyager,11101111,-5.0,22.886,22.229,-0.657
bristol,bradley stoke,voyager,11101111,-4.5,22.027,21.35,-0.6769999999999996
bristol,bradley stoke,voyager,11110000,-5.5,24.185,23.625,-0.5599999999999987
bristol,bradley stoke,voyager,11110000,-5.0,23.39,22.807,-0.583000000000002
bristol,bradley stoke,voyager,11110000,-4.5,22.547,21.948,-0.5990000000000002
bristol,bradley stoke,voyager,11110001,-5.5,24.32,23.806,-0.5139999999999993
bristol,bradley stoke,voyager,11110001,-5.0,23.532,22.996,-0.5360000000000014
bristol,bradley stoke,voyager,11110001,-4.5,22.7,22.142,-0.5579999999999998
bristol,bradley stoke,voyager,11110010,-5.5,24.252,23.724,-0.5279999999999987
bristol,bradley stoke,voyager,11110010,-5.0,23.462,22.906,-0.5560000000000009
bristol,bradley stoke,voyager,11110010,-4.5,22.626,22.05,-0.5760000000000005
bristol,bradley stoke,voyager,11110011,-5.5,24.048,23.473,-0.5749999999999993
bristol,bradley stoke,voyager,11110011,-5.0,23.243,22.645,-0.597999999999999
bristol,bradley stoke,voyager,11110011,-4.5,22.397,21.782,-0.6149999999999984
bristol,bradley stoke,voyager,11110100,-5.5,24.142,23.584,-0.5579999999999998
bristol,bradley stoke,voyager,11110100,-5.0,23.342,22.764,-0.5779999999999994
bristol,bradley stoke,voyager,11110100,-4.5,22.5,21.902,-0.597999999999999
bristol,bradley stoke,voyager,11110101,-5.5,24.107,23.555,-0.5519999999999996
bristol,bradley stoke,voyager,11110101,-5.0,23.31,22.732,-0.5779999999999994
bristol,bradley stoke,voyager,11110101,-4.5,22.468,21.872,-0.5960000000000001
bristol,bradley stoke,voyager,11110110,-5.5,23.917,23.317,-0.6000000000000014
bristol,bradley stoke,voyager,11110110,-5.0,23.108,22.485,-0.6230000000000011
bristol,bradley stoke,voyager,11110110,-4.5,22.255,21.613,-0.6419999999999995
bristol,bradley stoke,voyager,11110111,-5.5,23.704,23.073,-0.6310000000000002
bristol,bradley stoke,voyager,11110111,-5.0,22.884,22.229,-0.6550000000000011
bristol,bradley stoke,voyager,11110111,-4.5,22.026,21.35,-0.6759999999999984
bristol,bradley stoke,voyager,11111000,-5.5,23.882,23.274,-0.6080000000000005
bristol,bradley stoke,voyager,11111000,-5.0,23.07,22.44,-0.629999999999999
bristol,bradley stoke,voyager,11111000,-4.5,22.22,21.566,-0.6539999999999999
bristol,bradley stoke,voyager,11111001,-5.5,23.957,23.372,-0.5850000000000009
bristol,bradley stoke,voyager,11111001,-5.0,23.152,22.543,-0.6090000000000018
bristol,bradley stoke,voyager,11111001,-4.5,22.303,21.677,-0.6260000000000012
bristol,bradley stoke,voyager,11111010,-5.5,23.858,23.257,-0.6009999999999991
bristol,bradley stoke,voyager,11111010,-5.0,23.05,22.422,-0.6280000000000001
bristol,bradley stoke,voyager,11111010,-4.5,22.193,21.548,-0.6450000000000031
bristol,bradley stoke,voyager,11111011,-5.5,23.684,23.05,-0.6340000000000003
bristol,bradley stoke,voyager,11111011,-5.0,22.864,22.209,-0.6550000000000011
bristol,bradley stoke,voyager,11111011,-4.5,22.009,21.33,-0.679000000000002
bristol,bradley stoke,voyager,11111100,-5.5,23.645,22.998,-0.6469999999999985
bristol,bradley stoke,voyager,11111100,-5.0,22.823,22.155,-0.6679999999999993
bristol,bradley stoke,voyager,11111100,-4.5,21.963,21.273,-0.6900000000000013
bristol,bradley stoke,voyager,11111101,-5.5,23.631,22.994,-0.6370000000000005
bristol,bradley stoke,voyager,11111101,-5.0,22.813,22.151,-0.661999999999999
bristol,bradley stoke,voyager,11111101,-4.5,21.951,21.27,-0.6810000000000009
bristol,bradley stoke,voyager,11111110,-5.5,23.45,22.777,-0.6729999999999983
bristol,bradley stoke,voyager,11111110,-5.0,22.621,21.923,-0.6980000000000004
bristol,bradley stoke,voyager,11111110,-4.5,21.756,21.039,-0.7169999999999987
bristol,bradley stoke,voyager,11111111,-5.5,23.286,22.591,-0.6950000000000003
bristol,bradley stoke,voyager,11111111,-5.0,22.451,21.733,-0.718
bristol,bradley stoke,voyager,11111111,-4.5,21.579,20.839,-0.740000000000002
bristol,froxfield,voyager,00000001,-5.5,10.18,10.19,0.009999999999999787
bristol,froxfield,voyager,00000001,-5.0,10.16,10.17,0.009999999999999787
bristol,froxfield,voyager,00000001,-4.5,10.14,10.15,0.009999999999999787
bristol,froxfield,voyager,00000010,-5.5,10.19,10.19,0.0
bristol,froxfield,voyager,00000010,-5.0,10.17,10.18,0.009999999999999787
bristol,froxfield,voyager,00000010,-4.5,10.15,10.16,0.009999999999999787
bristol,froxfield,voyager,00000011,-5.5,8.62,8.185,-0.4349999999999987
bristol,froxfield,voyager,00000011,-5.0,8.605,8.17,-0.4350000000000005
bristol,froxfield,voyager,00000011,-4.5,8.58,8.145,-0.4350000000000005
bristol,froxfield,voyager,00000100,-5.5,10.19,10.2,0.009999999999999787
bristol,froxfield,voyager,00000100,-5.0,10.17,10.18,0.009999999999999787
bristol,froxfield,voyager,00000100,-4.5,10.15,10.16,0.009999999999999787
bristol,froxfield,voyager,00000101,-5.5,9.345,9.105,-0.2400000000000002
bristol,froxfield,voyager,00000101,-5.0,9.33,9.085,-0.24499999999999922
bristol,froxfield,voyager,00000101,-4.5,9.305,9.065,-0.2400000000000002
bristol,froxfield,voyager,00000110,-5.5,8.625,8.19,-0.4350000000000005
bristol,froxfield,voyager,00000110,-5.0,8.61,8.17,-0.4399999999999995
bristol,froxfield,voyager,00000110,-4.5,8.585,8.15,-0.4350000000000005
bristol,froxfield,voyager,00000111,-5.5,7.843,7.253,-0.5899999999999999
bristol,froxfield,voyager,00000111,-5.0,7.823,7.237,-0.5860000000000003
bristol,froxfield,voyager,00000111,-4.5,7.797,7.21,-0.5869999999999997
bristol,froxfield,voyager,00001000,-5.5,10.2,10.2,0.0
bristol,froxfield,voyager,00001000,-5.0,10.18,10.19,0.009999999999999787
bristol,froxfield,voyager,00001000,-4.5,10.16,10.16,0.0
bristol,froxfield,voyager,00001001,-5.5,9.615,9.445,-0.16999999999999993
bristol,froxfield,voyager,00001001,-5.0,9.595,9.425,-0.16999999999999993
bristol,froxfield,voyager,00001001,-4.5,9.575,9.405,-0.16999999999999993
bristol,froxfield,voyager,00001010,-5.5,9.355,9.105,-0.25
bristol,froxfield,voyager,00001010,-5.0,9.335,9.095,-0.2400000000000002
bristol,froxfield,voyager,00001010,-4.5,9.315,9.065,-0.25
bristol,froxfield,voyager,00001011,-5.5,8.37,7.893,-0.4769999999999994
bristol,froxfield,voyager,00001011,-5.0,8.35,7.877,-0.47299999999999986
bristol,froxfield,voyager,00001011,-4.5,8.33,7.853,-0.4770000000000003
bristol,froxfield,voyager,00001100,-5.5,8.63,8.195,-0.4350000000000005
bristol,froxfield,voyager,00001100,-5.0,8.615,8.175,-0.4399999999999995
bristol,froxfield,voyager,00001100,-4.5,8.59,8.155,-0.4350000000000005
bristol,froxfield,voyager,00001101,-5.5,8.37,7.893,-0.4769999999999994
bristol,froxfield,voyager,00001101,-5.0,8.353,7.88,-0.47299999999999986
bristol,froxfield,voyager,00001101,-4.5,8.33,7.853,-0.4770000000000003
bristol,froxfield,voyager,00001110,-5.5,7.843,7.257,-0.5860000000000003
bristol,froxfield,voyager,00001110,-5.0,7.823,7.24,-0.5830000000000002
bristol,froxfield,voyager,00001110,-4.5,7.803,7.217,-0.5860000000000003
bristol,froxfield,voyager,00001111,-5.5,7.338,6.67,-0.6680000000000001
bristol,froxfield,voyager,00001111,-5.0,7.32,6.652,-0.6680000000000001
bristol,froxfield,voyager,00001111,-4.5,7.295,6.63,-0.665
bristol,froxfield,voyager,00010000,-5.5,10.2,10.21,0.010000000000001563
bristol,froxfield,voyager,00010000,-5.0,10.19,10.19,0.0
bristol,froxfield,voyager,00010000,-4.5,10.16,10.17,0.009999999999999787
bristol,froxfield,voyager,00010001,-5.5,9.755,9.625,-0.13000000000000078
bristol,froxfield,voyager,00010001,-5.0,9.74,9.605,-0.1349999999999998
bristol,froxfield,voyager,00010001,-4.5,9.715,9.585,-0.129999999999999
bristol,froxfield,voyager,00010010,-5.5,9.62,9.445,-0.17499999999999893
bristol,froxfield,voyager,00010010,-5.0,9.6,9.43,-0.16999999999999993
bristol,froxfield,voyager,00010010,-4.5,9.58,9.405,-0.1750000000000007
bristol,froxfield,voyager,00010011,-5.5,8.587,8.16,-0.4269999999999996
bristol,froxfield,voyager,00010011,-5.0,8.57,8.14,-0.4299999999999997
bristol,froxfield,voyager,00010011,-4.5,8.547,8.12,-0.4270000000000014
bristol,froxfield,voyager,00010100,-5.5,9.355,9.115,-0.2400000000000002
bristol,froxfield,voyager,00010100,-5.0,9.345,9.095,-0.25
bristol,froxfield,voyager,00010100,-4.5,9.315,9.075,-0.2400000000000002
bristol,froxfield,voyager,00010101,-5.5,8.877,8.517,-0.3600000000000012
bristol,froxfield,voyager,00010101,-5.0,8.857,8.5,-0.3569999999999993
bristol,froxfield,voyager,00010101,-4.5,8.837,8.477,-0.35999999999999943
bristol,froxfield,voyager,00010110,-5.5,8.373,7.897,-0.4759999999999991
bristol,froxfield,voyager,00010110,-5.0,8.36,7.88,-0.47999999999999954
bristol,froxfield,voyager,00010110,-4.5,8.333,7.857,-0.476
bristol,froxfield,voyager,00010111,-5.5,7.74,7.147,-0.593
bristol,froxfield,voyager,00010111,-5.0,7.723,7.127,-0.5960000000000001
bristol,froxfield,voyager,00010111,-4.5,7.7,7.107,-0.593
bristol,froxfield,voyager,00011000,-5.5,8.635,8.2,-0.4350000000000005
bristol,froxfield,voyager,00011000,-5.0,8.62,8.18,-0.4399999999999995
bristol,froxfield,voyager,00011000,-4.5,8.595,8.16,-0.4350000000000005
bristol,froxfield,voyager,00011001,-5.5,8.59,8.163,-0.4269999999999996
bristol,froxfield,voyager,00011001,-5.0,8.573,8.143,-0.4299999999999997
bristol,froxfield,voyager,00011001,-4.5,8.55,8.123,-0.4270000000000014
bristol,froxfield,voyager,00011010,-5.5,8.377,7.9,-0.4770000000000003
bristol,froxfield,voyager,00011010,-5.0,8.357,7.88,-0.4769999999999994
bristol,froxfield,voyager,00011010,-4.5,8.337,7.86,-0.4769999999999994
bristol,froxfield,voyager,00011011,-5.5,7.8,7.213,-0.5869999999999997
bristol,froxfield,voyager,00011011,-5.0,7.785,7.192,-0.593
bristol,froxfield,voyager,00011011,-4.5,7.76,7.172,-0.5880000000000001
bristol,froxfield,voyager,00011100,-5.5,7.853,7.26,-0.593
bristol,froxfield,voyager,00011100,-5.0,7.833,7.243,-0.5899999999999999
bristol,froxfield,voyager,00011100,-4.5,7.813,7.22,-0.593
bristol,froxfield,voyager,00011101,-5.5,7.742,7.152,-0.5899999999999999
bristol,froxfield,voyager,00011101,-5.0,7.725,7.133,-0.5919999999999996
bristol,froxfield,voyager,00011101,-4.5,7.703,7.105,-0.5979999999999999
bristol,froxfield,voyager,00011110,-5.5,7.342,6.672,-0.6699999999999999
bristol,froxfield,voyager,00011110,-5.0,7.322,6.655,-0.6669999999999998
bristol,froxfield,voyager,00011110,-4.5,7.303,6.633,-0.6699999999999999
bristol,froxfield,voyager,00011111,-5.5,6.976,6.256,-0.7199999999999998
bristol,froxfield,voyager,00011111,-5.0,6.956,6.236,-0.7200000000000006
bristol,froxfield,voyager,00011111,-4.5,6.936,6.214,-0.7219999999999995
bristol,froxfield,voyager,00100000,-5.5,10.21,10.21,0.0
bristol,froxfield,voyager,00100000,-5.0,10.19,10.19,0.0
bristol,froxfield,voyager,00100000,-4.5,10.17,10.17,0.0
bristol,froxfield,voyager,00100001,-5.5,9.84,9.735,-0.10500000000000043
bristol,froxfield,voyager,00100001,-5.0,9.825,9.72,-0.10499999999999865
bristol,froxfield,voyager,00100001,-4.5,9.805,9.695,-0.10999999999999943
bristol,froxfield,voyager,00100010,-5.5,9.76,9.63,-0.129999999999999
bristol,froxfield,voyager,00100010,-5.0,9.74,9.61,-0.13000000000000078
bristol,froxfield,voyager,00100010,-4.5,9.72,9.59,-0.13000000000000078
bristol,froxfield,voyager,00100011,-5.5,8.71,8.31,-0.40000000000000036
bristol,froxfield,voyager,00100011,-5.0,8.69,8.293,-0.39700000000000024
bristol,froxfield,voyager,00100011,-4.5,8.67,8.27,-0.40000000000000036
bristol,froxfield,voyager,00100100,-5.5,9.625,9.455,-0.16999999999999993
bristol,froxfield,voyager,00100100,-5.0,9.61,9.435,-0.17499999999999893
bristol,froxfield,voyager,00100100,-4.5,9.585,9.415,-0.1700000000000017
bristol,froxfield,voyager,00100101,-5.5,9.08,8.767,-0.3130000000000006
bristol,froxfield,voyager,00100101,-5.0,9.063,8.753,-0.3100000000000005
bristol,froxfield,voyager,00100101,-4.5,9.04,8.727,-0.31299999999999883
bristol,froxfield,voyager,00100110,-5.5,8.593,8.163,-0.4299999999999997
bristol,froxfield,voyager,00100110,-5.0,8.573,8.143,-0.4299999999999997
bristol,froxfield,voyager,00100110,-4.5,8.553,8.123,-0.4300000000000015
bristol,froxfield,voyager,00100111,-5.5,7.918,7.36,-0.5579999999999998
bristol,froxfield,voyager,00100111,-5.0,7.897,7.34,-0.5570000000000004
bristol,froxfield,voyager,00100111,-4.5,7.875,7.315,-0.5599999999999996
bristol,froxfield,voyager,00101000,-5.5,9.365,9.115,-0.25
bristol,froxfield,voyager,00101000,-5.0,9.345,9.1,-0.245000000000001
bristol,froxfield,voyager,00101000,-4.5,9.325,9.075,-0.25
bristol,froxfield,voyager,00101001,-5.5,9.083,8.77,-0.3130000000000006
bristol,froxfield,voyager,00101001,-5.0,9.067,8.757,-0.3100000000000005
bristol,froxfield,voyager,00101001,-4.5,9.043,8.73,-0.31299999999999883
bristol,froxfield,voyager,00101010,-5.5,8.883,8.52,-0.36299999999999955
bristol,froxfield,voyager,00101010,-5.0,8.867,8.5,-0.3670000000000009
bristol,froxfield,voyager,00101010,-4.5,8.843,8.48,-0.36299999999999955
bristol,froxfield,voyager,00101011,-5.5,8.175,7.668,-0.5070000000000006
bristol,froxfield,voyager,00101011,-5.0,8.16,7.65,-0.5099999999999998
bristol,froxfield,voyager,00101011,-4.5,8.135,7.625,-0.5099999999999998
bristol,froxfield,voyager,00101100,-5.5,8.38,7.9,-0.4800000000000004
bristol,froxfield,voyager,00101100,-5.0,8.36,7.883,-0.4769999999999994
bristol,froxfield,voyager,00101100,-4.5,8.34,7.86,-0.47999999999999954
bristol,froxfield,voyager,00101101,-5.5,8.143,7.625,-0.5180000000000007
bristol,froxfield,voyager,00101101,-5.0,8.125,7.607,-0.5179999999999998
bristol,froxfield,voyager,00101101,-4.5,8.102,7.582,-0.5200000000000005
bristol,froxfield,voyager,00101110,-5.5,7.742,7.15,-0.5919999999999996
bristol,froxfield,voyager,00101110,-5.0,7.728,7.133,-0.5949999999999998
bristol,froxfield,voyager,00101110,-4.5,7.702,7.11,-0.5919999999999996
bristol,froxfield,voyager,00101111,-5.5,7.296,6.632,-0.6640000000000006
bristol,froxfield,voyager,00101111,-5.0,7.278,6.612,-0.6659999999999995
bristol,froxfield,voyager,00101111,-4.5,7.252,6.59,-0.6619999999999999
bristol,froxfield,voyager,00110000,-5.5,8.64,8.2,-0.4400000000000013
bristol,froxfield,voyager,00110000,-5.0,8.625,8.185,-0.4399999999999995
bristol,froxfield,voyager,00110000,-4.5,8.6,8.16,-0.4399999999999995
bristol,froxfield,voyager,00110001,-5.5,8.717,8.313,-0.4039999999999999
bristol,froxfield,voyager,00110001,-5.0,8.697,8.297,-0.3999999999999986
bristol,froxfield,voyager,00110001,-4.5,8.673,8.27,-0.40300000000000047
bristol,froxfield,voyager,00110010,-5.5,8.597,8.163,-0.4339999999999993
bristol,froxfield,voyager,00110010,-5.0,8.58,8.15,-0.4299999999999997
bristol,froxfield,voyager,00110010,-4.5,8.557,8.123,-0.43400000000000105
bristol,froxfield,voyager,00110011,-5.5,8.012,7.463,-0.5490000000000004
bristol,froxfield,voyager,00110011,-5.0,7.995,7.442,-0.5529999999999999
bristol,froxfield,voyager,00110011,-4.5,7.973,7.42,-0.5529999999999999
bristol,froxfield,voyager,00110100,-5.5,8.383,7.903,-0.47999999999999954
bristol,froxfield,voyager,00110100,-5.0,8.367,7.883,-0.4840000000000009
bristol,froxfield,voyager,00110100,-4.5,8.343,7.86,-0.48299999999999965
bristol,froxfield,voyager,00110101,-5.5,8.183,7.668,-0.5149999999999997
bristol,froxfield,voyager,00110101,-5.0,8.162,7.652,-0.5100000000000007
bristol,froxfield,voyager,00110101,-4.5,8.143,7.625,-0.5180000000000007
bristol,froxfield,voyager,00110110,-5.5,7.808,7.217,-0.5910000000000002
bristol,froxfield,voyager,00110110,-5.0,7.787,7.2,-0.5869999999999997
bristol,froxfield,voyager,00110110,-4.5,7.768,7.172,-0.5960000000000001
bristol,froxfield,voyager,00110111,-5.5,7.364,6.704,-0.6600000000000001
bristol,froxfield,voyager,00110111,-5.0,7.346,6.686,-0.6600000000000001
bristol,froxfield,voyager,00110111,-4.5,7.324,6.66,-0.6639999999999997
bristol,froxfield,voyager,00111000,-5.5,7.853,7.267,-0.5859999999999994
bristol,froxfield,voyager,00111000,-5.0,7.837,7.247,-0.5899999999999999
bristol,froxfield,voyager,00111000,-4.5,7.813,7.227,-0.5859999999999994
bristol,froxfield,voyager,00111001,-5.5,7.918,7.36,-0.5579999999999998
bristol,froxfield,voyager,00111001,-5.0,7.905,7.343,-0.5620000000000003
bristol,froxfield,voyager,00111001,-4.5,7.878,7.32,-0.5579999999999998
bristol,froxfield,voyager,00111010,-5.5,7.745,7.152,-0.593
bristol,froxfield,voyager,00111010,-5.0,7.73,7.133,-0.5970000000000004
bristol,froxfield,voyager,00111010,-4.5,7.705,7.112,-0.593
bristol,froxfield,voyager,00111011,-5.5,7.364,6.704,-0.6600000000000001
bristol,froxfield,voyager,00111011,-5.0,7.346,6.686,-0.6600000000000001
bristol,froxfield,voyager,00111011,-4.5,7.324,6.664,-0.6600000000000001
bristol,froxfield,voyager,00111100,-5.5,7.348,6.68,-0.6680000000000001
bristol,froxfield,voyager,00111100,-5.0,7.33,6.66,-0.6699999999999999
bristol,froxfield,voyager,00111100,-4.5,7.308,6.638,-0.6699999999999999
bristol,froxfield,voyager,00111101,-5.5,7.298,6.632,-0.6660000000000004
bristol,froxfield,voyager,00111101,-5.0,7.28,6.614,-0.6660000000000004
bristol,froxfield,voyager,00111101,-4.5,7.258,6.592,-0.6660000000000004
bristol,froxfield,voyager,00111110,-5.5,6.98,6.262,-0.7180000000000009
bristol,froxfield,voyager,00111110,-5.0,6.964,6.244,-0.7200000000000006
bristol,froxfield,voyager,00111110,-4.5,6.938,6.218,-0.7199999999999998
bristol,froxfield,voyager,00111111,-5.5,6.695,5.94,-0.7549999999999999
bristol,froxfield,voyager,00111111,-5.0,6.68,5.92,-0.7599999999999998
bristol,froxfield,voyager,00111111,-4.5,6.655,5.9,-0.7549999999999999
bristol,froxfield,voyager,01000000,-5.5,10.21,10.22,0.009999999999999787
bristol,froxfield,voyager,01000000,-5.0,10.2,10.2,0.0
bristol,froxfield,voyager,01000000,-4.5,10.17,10.18,0.009999999999999787
bristol,froxfield,voyager,01000001,-5.5,9.9,9.81,-0.08999999999999986
bristol,froxfield,voyager,01000001,-5.0,9.885,9.795,-0.08999999999999986
bristol,froxfield,voyager,01000001,-4.5,9.86,9.77,-0.08999999999999986
bristol,froxfield,voyager,01000010,-5.5,9.845,9.74,-0.10500000000000043
bristol,froxfield,voyager,01000010,-5.0,9.83,9.72,-0.10999999999999943
bristol,froxfield,voyager,01000010,-4.5,9.805,9.7,-0.10500000000000043
bristol,froxfield,voyager,01000011,-5.5,8.79,8.407,-0.3829999999999991
bristol,froxfield,voyager,01000011,-5.0,8.773,8.387,-0.38599999999999923
bristol,froxfield,voyager,01000011,-4.5,8.75,8.367,-0.3829999999999991
bristol,froxfield,voyager,01000100,-5.5,9.765,9.63,-0.1349999999999998
bristol,froxfield,voyager,01000100,-5.0,9.75,9.615,-0.1349999999999998
bristol,froxfield,voyager,01000100,-4.5,9.725,9.59,-0.1349999999999998
bristol,froxfield,voyager,01000101,-5.5,9.2,8.913,-0.28699999999999903
bristol,froxfield,voyager,01000101,-5.0,9.18,8.9,-0.27999999999999936
bristol,froxfield,voyager,01000101,-4.5,9.16,8.873,-0.2870000000000008
bristol,froxfield,voyager,01000110,-5.5,8.717,8.313,-0.4039999999999999
bristol,froxfield,voyager,01000110,-5.0,8.7,8.293,-0.40700000000000003
bristol,froxfield,voyager,01000110,-4.5,8.677,8.273,-0.4039999999999999
bristol,froxfield,voyager,01000111,-5.5,8.018,7.482,-0.5360000000000005
bristol,froxfield,voyager,01000111,-5.0,8.0,7.463,-0.5369999999999999
bristol,froxfield,voyager,01000111,-4.5,7.975,7.44,-0.5349999999999993
bristol,froxfield,voyager,01001000,-5.5,9.63,9.455,-0.1750000000000007
bristol,froxfield,voyager,01001000,-5.0,9.61,9.44,-0.16999999999999993
bristol,froxfield,voyager,01001000,-4.5,9.59,9.415,-0.1750000000000007
bristol,froxfield,voyager,01001001,-5.5,9.277,9.017,-0.2599999999999998
bristol,froxfield,voyager,01001001,-5.0,9.263,8.997,-0.266
bristol,froxfield,voyager,01001001,-4.5,9.237,8.977,-0.2599999999999998
bristol,froxfield,voyager,01001010,-5.5,9.087,8.777,-0.3100000000000005
bristol,froxfield,voyager,01001010,-5.0,9.07,8.757,-0.3130000000000006
bristol,froxfield,voyager,01001010,-4.5,9.047,8.737,-0.3100000000000005
bristol,froxfield,voyager,01001011,-5.5,8.338,7.857,-0.480999999999999
bristol,froxfield,voyager,01001011,-5.0,8.32,7.843,-0.4770000000000003
bristol,froxfield,voyager,01001011,-4.5,8.297,7.817,-0.4800000000000004
bristol,froxfield,voyager,01001100,-5.5,8.597,8.167,-0.4299999999999997
bristol,froxfield,voyager,01001100,-5.0,8.583,8.15,-0.43299999999999983
bristol,froxfield,voyager,01001100,-4.5,8.557,8.127,-0.4299999999999997
bristol,froxfield,voyager,01001101,-5.5,8.315,7.835,-0.47999999999999954
bristol,froxfield,voyager,01001101,-5.0,8.297,7.817,-0.4800000000000004
bristol,froxfield,voyager,01001101,-4.5,8.273,7.795,-0.47799999999999976
bristol,froxfield,voyager,01001110,-5.5,7.92,7.36,-0.5599999999999996
bristol,froxfield,voyager,01001110,-5.0,7.902,7.343,-0.5590000000000002
bristol,froxfield,voyager,01001110,-4.5,7.88,7.32,-0.5599999999999996
bristol,froxfield,voyager,01001111,-5.5,7.44,6.804,-0.6360000000000001
bristol,froxfield,voyager,01001111,-5.0,7.422,6.786,-0.6360000000000001
bristol,froxfield,voyager,01001111,-4.5,7.398,6.76,-0.6379999999999999
bristol,froxfield,voyager,01010000,-5.5,9.37,9.125,-0.24499999999999922
bristol,froxfield,voyager,01010000,-5.0,9.355,9.105,-0.25
bristol,froxfield,voyager,01010000,-4.5,9.33,9.08,-0.25
bristol,froxfield,voyager,01010001,-5.5,9.2,8.917,-0.2829999999999995
bristol,froxfield,voyager,01010001,-5.0,9.183,8.9,-0.2829999999999995
bristol,froxfield,voyager,01010001,-4.5,9.16,8.877,-0.2829999999999995
bristol,froxfield,voyager,01010010,-5.5,9.087,8.777,-0.3100000000000005
bristol,froxfield,voyager,01010010,-5.0,9.07,8.757,-0.3130000000000006
bristol,froxfield,voyager,01010010,-4.5,9.047,8.737,-0.3100000000000005
bristol,froxfield,voyager,01010011,-5.5,8.377,7.902,-0.47500000000000053
bristol,froxfield,voyager,01010011,-5.0,8.357,7.883,-0.4739999999999993
bristol,froxfield,voyager,01010011,-4.5,8.335,7.86,-0.47500000000000053
bristol,froxfield,voyager,01010100,-5.5,8.887,8.523,-0.36400000000000077
bristol,froxfield,voyager,01010100,-5.0,8.867,8.507,-0.3600000000000012
bristol,froxfield,voyager,01010100,-4.5,8.847,8.483,-0.363999999999999
bristol,froxfield,voyager,01010101,-5.5,8.555,8.123,-0.4320000000000004
bristol,froxfield,voyager,01010101,-5.0,8.537,8.105,-0.4320000000000004
bristol,froxfield,voyager,01010101,-4.5,8.515,8.082,-0.43299999999999983
bristol,froxfield,voyager,01010110,-5.5,8.185,7.67,-0.5150000000000006
bristol,froxfield,voyager,01010110,-5.0,8.165,7.65,-0.5149999999999988
bristol,froxfield,voyager,01010110,-4.5,8.14,7.63,-0.5100000000000007
bristol,froxfield,voyager,01010111,-5.5,7.662,7.056,-0.6059999999999999
bristol,froxfield,voyager,01010111,-5.0,7.642,7.038,-0.6040000000000001
bristol,froxfield,voyager,01010111,-4.5,7.62,7.016,-0.6040000000000001
bristol,froxfield,voyager,01011000,-5.5,8.387,7.907,-0.4800000000000004
bristol,froxfield,voyager,01011000,-5.0,8.37,7.887,-0.48299999999999965
bristol,froxfield,voyager,01011000,-4.5,8.347,7.867,-0.47999999999999954
bristol,froxfield,voyager,01011001,-5.5,8.317,7.838,-0.4790000000000001
bristol,froxfield,voyager,01011001,-5.0,8.3,7.818,-0.4820000000000011
bristol,froxfield,voyager,01011001,-4.5,8.277,7.795,-0.4819999999999993
bristol,froxfield,voyager,01011010,-5.5,8.145,7.63,-0.5149999999999997
bristol,froxfield,voyager,01011010,-5.0,8.13,7.612,-0.5180000000000007
bristol,froxfield,voyager,01011010,-4.5,8.105,7.59,-0.5150000000000006
bristol,froxfield,voyager,01011011,-5.5,7.68,7.078,-0.6019999999999994
bristol,froxfield,voyager,01011011,-5.0,7.662,7.058,-0.6040000000000001
bristol,froxfield,voyager,01011011,-4.5,7.64,7.036,-0.6040000000000001
bristol,froxfield,voyager,01011100,-5.5,7.752,7.158,-0.5939999999999994
bristol,froxfield,voyager,01011100,-5.0,7.732,7.137,-0.5950000000000006
bristol,froxfield,voyager,01011100,-4.5,7.71,7.112,-0.5979999999999999
bristol,froxfield,voyager,01011101,-5.5,7.618,7.008,-0.6100000000000003
bristol,froxfield,voyager,01011101,-5.0,7.6,6.99,-0.6099999999999994
bristol,froxfield,voyager,01011101,-4.5,7.578,6.968,-0.6100000000000003
bristol,froxfield,voyager,01011110,-5.5,7.3,6.636,-0.6639999999999997
bristol,froxfield,voyager,01011110,-5.0,7.282,6.616,-0.6660000000000004
bristol,froxfield,voyager,01011110,-4.5,7.258,6.594,-0.6639999999999997
bristol,froxfield,voyager,01011111,-5.5,6.96,6.247,-0.7130000000000001
bristol,froxfield,voyager,01011111,-5.0,6.94,6.228,-0.7120000000000006
bristol,froxfield,voyager,01011111,-4.5,6.918,6.207,-0.7110000000000003
bristol,froxfield,voyager,01100000,-5.5,8.645,8.205,-0.4399999999999995
bristol,froxfield,voyager,01100000,-5.0,8.63,8.19,-0.4400000000000013
bristol,froxfield,voyager,01100000,-4.5,8.605,8.165,-0.4400000000000013
bristol,froxfield,voyager,01100001,-5.5,8.797,8.413,-0.38400000000000034
bristol,froxfield,voyager,01100001,-5.0,8.78,8.393,-0.3869999999999987
bristol,froxfield,voyager,01100001,-4.5,8.753,8.37,-0.3830000000000009
bristol,froxfield,voyager,01100010,-5.5,8.72,8.317,-0.40300000000000047
bristol,froxfield,voyager,01100010,-5.0,8.703,8.3,-0.4029999999999987
bristol,froxfield,voyager,01100010,-4.5,8.68,8.277,-0.40300000000000047
bristol,froxfield,voyager,01100011,-5.5,8.137,7.607,-0.5300000000000002
bristol,froxfield,voyager,01100011,-5.0,8.12,7.588,-0.5319999999999991
bristol,froxfield,voyager,01100011,-4.5,8.098,7.565,-0.5330000000000004
bristol,froxfield,voyager,01100100,-5.5,8.603,8.173,-0.4299999999999997
bristol,froxfield,voyager,01100100,-5.0,8.583,8.153,-0.4299999999999997
bristol,froxfield,voyager,01100100,-4.5,8.563,8.13,-0.43299999999999983
bristol,froxfield,voyager,01100101,-5.5,8.383,7.905,-0.47799999999999887
bristol,froxfield,voyager,01100101,-5.0,8.363,7.887,-0.476
bristol,froxfield,voyager,01100101,-4.5,8.34,7.865,-0.47499999999999964
bristol,froxfield,voyager,01100110,-5.5,8.02,7.463,-0.5569999999999995
bristol,froxfield,voyager,01100110,-5.0,8.0,7.442,-0.5579999999999998
bristol,froxfield,voyager,01100110,-4.5,7.98,7.422,-0.5580000000000007
bristol,froxfield,voyager,01100111,-5.5,7.55,6.92,-0.6299999999999999
bristol,froxfield,voyager,01100111,-5.0,7.532,6.902,-0.6299999999999999
bristol,froxfield,voyager,01100111,-4.5,7.51,6.878,-0.6319999999999997
bristol,froxfield,voyager,01101000,-5.5,8.387,7.91,-0.4770000000000003
bristol,froxfield,voyager,01101000,-5.0,8.37,7.89,-0.47999999999999954
bristol,froxfield,voyager,01101000,-4.5,8.347,7.87,-0.4769999999999994
bristol,froxfield,voyager,01101001,-5.5,8.343,7.863,-0.47999999999999954
bristol,froxfield,voyager,01101001,-5.0,8.325,7.845,-0.47999999999999954
bristol,froxfield,voyager,01101001,-4.5,8.303,7.822,-0.48100000000000076
bristol,froxfield,voyager,01101010,-5.5,8.183,7.673,-0.5099999999999998
bristol,froxfield,voyager,01101010,-5.0,8.168,7.652,-0.5159999999999991
bristol,froxfield,voyager,01101010,-4.5,8.143,7.633,-0.5100000000000007
bristol,froxfield,voyager,01101011,-5.5,7.722,7.12,-0.6020000000000003
bristol,froxfield,voyager,01101011,-5.0,7.704,7.104,-0.5999999999999996
bristol,froxfield,voyager,01101011,-4.5,7.682,7.078,-0.6040000000000001
bristol,froxfield,voyager,01101100,-5.5,7.812,7.223,-0.5890000000000004
bristol,froxfield,voyager,01101100,-5.0,7.798,7.202,-0.5960000000000001
bristol,froxfield,voyager,01101100,-4.5,7.772,7.183,-0.5890000000000004
bristol,froxfield,voyager,01101101,-5.5,7.682,7.08,-0.6020000000000003
bristol,froxfield,voyager,01101101,-5.0,7.664,7.06,-0.6040000000000001
bristol,froxfield,voyager,01101101,-4.5,7.642,7.04,-0.6020000000000003
bristol,froxfield,voyager,01101110,-5.5,7.366,6.71,-0.6559999999999997
bristol,froxfield,voyager,01101110,-5.0,7.354,6.69,-0.6639999999999997
bristol,froxfield,voyager,01101110,-4.5,7.326,6.668,-0.6579999999999995
bristol,froxfield,voyager,01101111,-5.5,7.022,6.315,-0.7069999999999999
bristol,froxfield,voyager,01101111,-5.0,7.008,6.295,-0.7130000000000001
bristol,froxfield,voyager,01101111,-4.5,6.982,6.275,-0.7069999999999999
bristol,froxfield,voyager,01110000,-5.5,7.863,7.27,-0.5930000000000009
bristol,froxfield,voyager,01110000,-5.0,7.843,7.25,-0.593
bristol,froxfield,voyager,01110000,-4.5,7.823,7.23,-0.593
bristol,froxfield,voyager,01110001,-5.5,8.027,7.49,-0.536999999999999
bristol,froxfield,voyager,01110001,-5.0,8.01,7.47,-0.54
bristol,froxfield,voyager,01110001,-4.5,7.988,7.447,-0.5410000000000004
bristol,froxfield,voyager,01110010,-5.5,7.928,7.365,-0.5629999999999997
bristol,froxfield,voyager,01110010,-5.0,7.907,7.348,-0.5590000000000002
bristol,froxfield,voyager,01110010,-4.5,7.888,7.322,-0.5659999999999998
bristol,froxfield,voyager,01110011,-5.5,7.554,6.922,-0.6320000000000006
bristol,froxfield,voyager,01110011,-5.0,7.536,6.904,-0.6319999999999997
bristol,froxfield,voyager,01110011,-4.5,7.514,6.878,-0.6360000000000001
bristol,froxfield,voyager,01110100,-5.5,7.755,7.155,-0.5999999999999996
bristol,froxfield,voyager,01110100,-5.0,7.735,7.143,-0.5920000000000005
bristol,froxfield,voyager,01110100,-4.5,7.715,7.112,-0.6029999999999998
bristol,froxfield,voyager,01110101,-5.5,7.664,7.062,-0.6019999999999994
bristol,froxfield,voyager,01110101,-5.0,7.648,7.042,-0.6059999999999999
bristol,froxfield,voyager,01110101,-4.5,7.622,7.02,-0.6020000000000003
bristol,froxfield,voyager,01110110,-5.5,7.372,6.71,-0.6619999999999999
bristol,froxfield,voyager,01110110,-5.0,7.352,6.69,-0.6619999999999999
bristol,froxfield,voyager,01110110,-4.5,7.332,6.67,-0.6619999999999999
bristol,froxfield,voyager,01110111,-5.5,7.042,6.333,-0.7089999999999996
bristol,froxfield,voyager,01110111,-5.0,7.027,6.317,-0.71
bristol,froxfield,voyager,01110111,-4.5,6.998,6.293,-0.7050000000000001
bristol,froxfield,voyager,01111000,-5.5,7.353,6.683,-0.6699999999999999
bristol,froxfield,voyager,01111000,-5.0,7.335,6.662,-0.673
bristol,froxfield,voyager,01111000,-4.5,7.312,6.643,-0.6690000000000005
bristol,froxfield,voyager,01111001,-5.5,7.446,6.808,-0.6379999999999999
bristol,froxfield,voyager,01111001,-5.0,7.428,6.79,-0.6379999999999999
bristol,froxfield,voyager,01111001,-4.5,7.406,6.766,-0.6399999999999997
bristol,froxfield,voyager,01111010,-5.5,7.304,6.64,-0.6640000000000006
bristol,froxfield,voyager,01111010,-5.0,7.286,6.62,-0.6659999999999995
bristol,froxfield,voyager,01111010,-4.5,7.262,6.596,-0.6659999999999995
bristol,froxfield,voyager,01111011,-5.5,7.027,6.318,-0.7090000000000005
bristol,froxfield,voyager,01111011,-5.0,7.008,6.3,-0.7080000000000002
bristol,froxfield,voyager,01111011,-4.5,6.987,6.273,-0.7140000000000004
bristol,froxfield,voyager,01111100,-5.5,6.986,6.264,-0.7219999999999995
bristol,froxfield,voyager,01111100,-5.0,6.966,6.246,-0.7199999999999998
bristol,froxfield,voyager,01111100,-4.5,6.946,6.224,-0.7219999999999995
bristol,froxfield,voyager,01111101,-5.5,6.962,6.248,-0.7139999999999995
bristol,froxfield,voyager,01111101,-5.0,6.943,6.228,-0.7149999999999999
bristol,froxfield,voyager,01111101,-4.5,6.92,6.208,-0.7119999999999997
bristol,froxfield,voyager,01111110,-5.5,6.7,5.945,-0.7549999999999999
bristol,froxfield,voyager,01111110,-5.0,6.682,5.927,-0.7550000000000008
bristol,froxfield,voyager,01111110,-4.5,6.66,5.903,-0.7570000000000006
bristol,froxfield,voyager,01111111,-5.5,6.469,5.687,-0.782
bristol,froxfield,voyager,01111111,-5.0,6.453,5.67,-0.7830000000000004
bristol,froxfield,voyager,01111111,-4.5,6.429,5.644,-0.7850000000000001
bristol,froxfield,voyager,10000000,-5.5,10.22,10.22,0.0
bristol,froxfield,voyager,10000000,-5.0,10.2,10.2,0.0
bristol,froxfield,voyager,10000000,-4.5,10.18,10.18,0.0
bristol,froxfield,voyager,10000001,-5.5,9.945,9.865,-0.08000000000000007
bristol,froxfield,voyager,10000001,-5.0,9.93,9.85,-0.08000000000000007
bristol,froxfield,voyager,10000001,-4.5,9.905,9.825,-0.08000000000000007
bristol,froxfield,voyager,10000010,-5.5,9.905,9.815,-0.08999999999999986
bristol,froxfield,voyager,10000010,-5.0,9.89,9.8,-0.08999999999999986
bristol,froxfield,voyager,10000010,-4.5,9.865,9.775,-0.08999999999999986
bristol,froxfield,voyager,10000011,-5.5,8.843,8.477,-0.36599999999999966
bristol,froxfield,voyager,10000011,-5.0,8.83,8.457,-0.37299999999999933
bristol,froxfield,voyager,10000011,-4.5,8.803,8.437,-0.36600000000000144
bristol,froxfield,voyager,10000100,-5.5,9.855,9.74,-0.11500000000000021
bristol,froxfield,voyager,10000100,-5.0,9.835,9.73,-0.10500000000000043
bristol,froxfield,voyager,10000100,-4.5,9.815,9.7,-0.11500000000000021
bristol,froxfield,voyager,10000101,-5.5,9.273,9.01,-0.2629999999999999
bristol,froxfield,voyager,10000101,-5.0,9.253,8.99,-0.2629999999999999
bristol,froxfield,voyager,10000101,-4.5,9.233,8.97,-0.2629999999999999
bristol,froxfield,voyager,10000110,-5.5,8.793,8.41,-0.3829999999999991
bristol,froxfield,voyager,10000110,-5.0,8.777,8.39,-0.3869999999999987
bristol,froxfield,voyager,10000110,-4.5,8.753,8.37,-0.3830000000000009
bristol,froxfield,voyager,10000111,-5.5,8.088,7.565,-0.5229999999999988
bristol,froxfield,voyager,10000111,-5.0,8.07,7.545,-0.5250000000000004
bristol,froxfield,voyager,10000111,-4.5,8.047,7.522,-0.5250000000000004
bristol,froxfield,voyager,10001000,-5.5,9.77,9.635,-0.1349999999999998
bristol,froxfield,voyager,10001000,-5.0,9.75,9.62,-0.13000000000000078
bristol,froxfield,voyager,10001000,-4.5,9.73,9.595,-0.1349999999999998
bristol,froxfield,voyager,10001001,-5.5,9.39,9.153,-0.2370000000000001
bristol,froxfield,voyager,10001001,-5.0,9.37,9.133,-0.2370000000000001
bristol,froxfield,voyager,10001001,-4.5,9.35,9.113,-0.2370000000000001
bristol,froxfield,voyager,10001010,-5.5,9.2,8.92,-0.27999999999999936
bristol,froxfield,voyager,10001010,-5.0,9.187,8.9,-0.28699999999999903
bristol,froxfield,voyager,10001010,-4.5,9.16,8.88,-0.27999999999999936
bristol,froxfield,voyager,10001011,-5.5,8.43,7.975,-0.45500000000000007
bristol,froxfield,voyager,10001011,-5.0,8.415,7.957,-0.4579999999999993
bristol,froxfield,voyager,10001011,-4.5,8.39,7.935,-0.45500000000000096
bristol,froxfield,voyager,10001100,-5.5,8.72,8.313,-0.40700000000000003
bristol,froxfield,voyager,10001100,-5.0,8.703,8.3,-0.4029999999999987
bristol,froxfield,voyager,10001100,-4.5,8.68,8.273,-0.40700000000000003
bristol,froxfield,voyager,10001101,-5.5,8.418,7.955,-0.4629999999999992
bristol,froxfield,voyager,10001101,-5.0,8.398,7.94,-0.4579999999999993
bristol,froxfield,voyager,10001101,-4.5,8.378,7.915,-0.4630000000000001
bristol,froxfield,voyager,10001110,-5.5,8.025,7.485,-0.54
bristol,froxfield,voyager,10001110,-5.0,8.005,7.468,-0.5370000000000008
bristol,froxfield,voyager,10001110,-4.5,7.985,7.445,-0.54
bristol,froxfield,voyager,10001111,-5.5,7.528,6.906,-0.6219999999999999
bristol,froxfield,voyager,10001111,-5.0,7.51,6.888,-0.6219999999999999
bristol,froxfield,voyager,10001111,-4.5,7.488,6.866,-0.6220000000000008
bristol,froxfield,voyager,10010000,-5.5,9.635,9.46,-0.17499999999999893
bristol,froxfield,voyager,10010000,-5.0,9.62,9.445,-0.17499999999999893
bristol,froxfield,voyager,10010000,-4.5,9.595,9.42,-0.1750000000000007
bristol,froxfield,voyager,10010001,-5.5,9.39,9.157,-0.23300000000000054
bristol,froxfield,voyager,10010001,-5.0,9.37,9.137,-0.23299999999999876
bristol,froxfield,voyager,10010001,-4.5,9.35,9.117,-0.23299999999999876
bristol,froxfield,voyager,10010010,-5.5,9.283,9.02,-0.2629999999999999
bristol,froxfield,voyager,10010010,-5.0,9.267,9.003,-0.26399999999999935
bristol,froxfield,voyager,10010010,-4.5,9.243,8.98,-0.2629999999999999
bristol,froxfield,voyager,10010011,-5.5,8.525,8.085,-0.4399999999999995
bristol,froxfield,voyager,10010011,-5.0,8.51,8.07,-0.4399999999999995
bristol,froxfield,voyager,10010011,-4.5,8.485,8.045,-0.4399999999999995
bristol,froxfield,voyager,10010100,-5.5,9.09,8.777,-0.3130000000000006
bristol,froxfield,voyager,10010100,-5.0,9.077,8.757,-0.3200000000000003
bristol,froxfield,voyager,10010100,-4.5,9.05,8.737,-0.3130000000000006
bristol,froxfield,voyager,10010101,-5.5,8.715,8.32,-0.3949999999999996
bristol,froxfield,voyager,10010101,-5.0,8.7,8.3,-0.3999999999999986
bristol,froxfield,voyager,10010101,-4.5,8.675,8.277,-0.39800000000000146
bristol,froxfield,voyager,10010110,-5.5,8.342,7.865,-0.4770000000000003
bristol,froxfield,voyager,10010110,-5.0,8.325,7.848,-0.4769999999999994
bristol,froxfield,voyager,10010110,-4.5,8.303,7.825,-0.47800000000000065
bristol,froxfield,voyager,10010111,-5.5,7.792,7.214,-0.5779999999999994
bristol,froxfield,voyager,10010111,-5.0,7.774,7.196,-0.5780000000000003
bristol,froxfield,voyager,10010111,-4.5,7.75,7.172,-0.5780000000000003
bristol,froxfield,voyager,10011000,-5.5,8.603,8.17,-0.43299999999999983
bristol,froxfield,voyager,10011000,-5.0,8.587,8.153,-0.4339999999999993
bristol,froxfield,voyager,10011000,-4.5,8.563,8.13,-0.43299999999999983
bristol,froxfield,voyager,10011001,-5.5,8.488,8.04,-0.4480000000000004
bristol,froxfield,voyager,10011001,-5.0,8.47,8.025,-0.4450000000000003
bristol,froxfield,voyager,10011001,-4.5,8.447,8.0,-0.4469999999999992
bristol,froxfield,voyager,10011010,-5.5,8.322,7.838,-0.4839999999999991
bristol,froxfield,voyager,10011010,-5.0,8.303,7.817,-0.48600000000000065
bristol,froxfield,voyager,10011010,-4.5,8.283,7.798,-0.48499999999999943
bristol,froxfield,voyager,10011011,-5.5,7.82,7.244,-0.5760000000000005
bristol,froxfield,voyager,10011011,-5.0,7.806,7.224,-0.5819999999999999
bristol,froxfield,voyager,10011011,-4.5,7.778,7.204,-0.5739999999999998
bristol,froxfield,voyager,10011100,-5.5,7.928,7.362,-0.5659999999999998
bristol,froxfield,voyager,10011100,-5.0,7.91,7.35,-0.5600000000000005
bristol,froxfield,voyager,10011100,-4.5,7.887,7.322,-0.5649999999999995
bristol,froxfield,voyager,10011101,-5.5,7.764,7.182,-0.5819999999999999
bristol,froxfield,voyager,10011101,-5.0,7.746,7.166,-0.5800000000000001
bristol,froxfield,voyager,10011101,-4.5,7.722,7.138,-0.5840000000000005
bristol,froxfield,voyager,10011110,-5.5,7.446,6.806,-0.6399999999999997
bristol,froxfield,voyager,10011110,-5.0,7.428,6.788,-0.6399999999999997
bristol,froxfield,voyager,10011110,-4.5,7.406,6.766,-0.6399999999999997
bristol,froxfield,voyager,10011111,-5.5,7.082,6.392,-0.6899999999999995
bristol,froxfield,voyager,10011111,-5.0,7.065,6.372,-0.6930000000000005
bristol,froxfield,voyager,10011111,-4.5,7.04,6.35,-0.6900000000000004
bristol,froxfield,voyager,10100000,-5.5,9.375,9.125,-0.25
bristol,froxfield,voyager,10100000,-5.0,9.355,9.105,-0.25
bristol,froxfield,voyager,10100000,-4.5,9.335,9.085,-0.25
bristol,froxfield,voyager,10100001,-5.5,9.28,9.01,-0.2699999999999996
bristol,froxfield,voyager,10100001,-5.0,9.26,8.997,-0.2629999999999999
bristol,froxfield,voyager,10100001,-4.5,9.24,8.97,-0.2699999999999996
bristol,froxfield,voyager,10100010,-5.5,9.207,8.92,-0.2870000000000008
bristol,froxfield,voyager,10100010,-5.0,9.19,8.903,-0.28699999999999903
bristol,froxfield,voyager,10100010,-4.5,9.167,8.88,-0.28699999999999903
bristol,froxfield,voyager,10100011,-5.5,8.495,8.045,-0.4499999999999993
bristol,froxfield,voyager,10100011,-5.0,8.48,8.027,-0.4530000000000012
bristol,froxfield,voyager,10100011,-4.5,8.455,8.0,-0.45500000000000007
bristol,froxfield,voyager,10100100,-5.5,9.097,8.777,-0.3200000000000003
bristol,froxfield,voyager,10100100,-5.0,9.077,8.763,-0.31400000000000006
bristol,froxfield,voyager,10100100,-4.5,9.057,8.737,-0.3200000000000003
bristol,froxfield,voyager,10100101,-5.5,8.745,8.35,-0.3949999999999996
bristol,froxfield,voyager,10100101,-5.0,8.725,8.332,-0.3929999999999989
bristol,froxfield,voyager,10100101,-4.5,8.705,8.31,-0.3949999999999996
bristol,froxfield,voyager,10100110,-5.5,8.383,7.908,-0.47499999999999876
bristol,froxfield,voyager,10100110,-5.0,8.362,7.89,-0.4720000000000004
bristol,froxfield,voyager,10100110,-4.5,8.342,7.865,-0.4770000000000003
bristol,froxfield,voyager,10100111,-5.5,7.838,7.262,-0.5760000000000005
bristol,froxfield,voyager,10100111,-5.0,7.818,7.244,-0.5739999999999998
bristol,froxfield,voyager,10100111,-4.5,7.798,7.222,-0.5759999999999996
bristol,froxfield,voyager,10101000,-5.5,8.893,8.53,-0.3630000000000013
bristol,froxfield,voyager,10101000,-5.0,8.877,8.51,-0.3670000000000009
bristol,froxfield,voyager,10101000,-4.5,8.853,8.487,-0.36599999999999966
bristol,froxfield,voyager,10101001,-5.5,8.72,8.322,-0.39800000000000146
bristol,froxfield,voyager,10101001,-5.0,8.7,8.303,-0.39699999999999847
bristol,froxfield,voyager,10101001,-4.5,8.678,8.283,-0.39500000000000135
bristol,froxfield,voyager,10101010,-5.5,8.562,8.13,-0.4319999999999986
bristol,froxfield,voyager,10101010,-5.0,8.545,8.11,-0.4350000000000005
bristol,froxfield,voyager,10101010,-4.5,8.52,8.088,-0.4320000000000004
bristol,froxfield,voyager,10101011,-5.5,8.016,7.474,-0.5419999999999998
bristol,froxfield,voyager,10101011,-5.0,8.0,7.458,-0.5419999999999998
bristol,froxfield,voyager,10101011,-4.5,7.976,7.434,-0.5419999999999998
bristol,froxfield,voyager,10101100,-5.5,8.19,7.672,-0.5179999999999998
bristol,froxfield,voyager,10101100,-5.0,8.17,7.657,-0.5129999999999999
bristol,froxfield,voyager,10101100,-4.5,8.148,7.633,-0.5149999999999997
bristol,froxfield,voyager,10101101,-5.5,7.98,7.434,-0.5460000000000003
bristol,froxfield,voyager,10101101,-5.0,7.962,7.416,-0.5459999999999994
bristol,froxfield,voyager,10101101,-4.5,7.94,7.392,-0.548
bristol,froxfield,voyager,10101110,-5.5,7.664,7.062,-0.6019999999999994
bristol,froxfield,voyager,10101110,-5.0,7.646,7.044,-0.6020000000000003
bristol,froxfield,voyager,10101110,-4.5,7.624,7.02,-0.6040000000000001
bristol,froxfield,voyager,10101111,-5.5,7.268,6.605,-0.6629999999999994
bristol,froxfield,voyager,10101111,-5.0,7.248,6.585,-0.6630000000000003
bristol,froxfield,voyager,10101111,-4.5,7.228,6.563,-0.665
bristol,froxfield,voyager,10110000,-5.5,8.39,7.91,-0.4800000000000004
bristol,froxfield,voyager,10110000,-5.0,8.373,7.893,-0.47999999999999954
bristol,froxfield,voyager,10110000,-4.5,8.35,7.87,-0.47999999999999954
bristol,froxfield,voyager,10110001,-5.5,8.423,7.96,-0.4630000000000001
bristol,froxfield,voyager,10110001,-5.0,8.405,7.942,-0.4629999999999992
bristol,froxfield,voyager,10110001,-4.5,8.383,7.92,-0.4629999999999992
bristol,froxfield,voyager,10110010,-5.5,8.325,7.84,-0.48499999999999943
bristol,froxfield,voyager,10110010,-5.0,8.305,7.822,-0.48299999999999965
bristol,froxfield,voyager,10110010,-4.5,8.285,7.8,-0.4850000000000003
bristol,froxfield,voyager,10110011,-5.5,7.868,7.292,-0.5760000000000005
bristol,froxfield,voyager,10110011,-5.0,7.848,7.272,-0.5759999999999996
bristol,froxfield,voyager,10110011,-4.5,7.824,7.25,-0.5739999999999998
bristol,froxfield,voyager,10110100,-5.5,8.152,7.633,-0.5189999999999992
bristol,froxfield,voyager,10110100,-5.0,8.135,7.615,-0.5199999999999996
bristol,froxfield,voyager,10110100,-4.5,8.113,7.593,-0.5199999999999996
bristol,froxfield,voyager,10110101,-5.5,7.98,7.436,-0.5440000000000005
bristol,froxfield,voyager,10110101,-5.0,7.964,7.418,-0.5460000000000003
bristol,froxfield,voyager,10110101,-4.5,7.94,7.394,-0.5460000000000003
bristol,froxfield,voyager,10110110,-5.5,7.686,7.08,-0.6059999999999999
bristol,froxfield,voyager,10110110,-5.0,7.668,7.062,-0.6059999999999999
bristol,froxfield,voyager,10110110,-4.5,7.646,7.04,-0.6059999999999999
bristol,froxfield,voyager,10110111,-5.5,7.302,6.638,-0.6639999999999997
bristol,froxfield,voyager,10110111,-5.0,7.283,6.618,-0.665
bristol,froxfield,voyager,10110111,-4.5,7.26,6.597,-0.6629999999999994
bristol,froxfield,voyager,10111000,-5.5,7.752,7.158,-0.5939999999999994
bristol,froxfield,voyager,10111000,-5.0,7.74,7.14,-0.6000000000000005
bristol,froxfield,voyager,10111000,-4.5,7.712,7.117,-0.5949999999999998
bristol,froxfield,voyager,10111001,-5.5,7.766,7.184,-0.5819999999999999
bristol,froxfield,voyager,10111001,-5.0,7.748,7.164,-0.5840000000000005
bristol,froxfield,voyager,10111001,-4.5,7.726,7.144,-0.5819999999999999
bristol,froxfield,voyager,10111010,-5.5,7.624,7.014,-0.6099999999999994
bristol,froxfield,voyager,10111010,-5.0,7.606,6.998,-0.6079999999999997
bristol,froxfield,voyager,10111010,-4.5,7.582,6.97,-0.6120000000000001
bristol,froxfield,voyager,10111011,-5.5,7.288,6.623,-0.665
bristol,froxfield,voyager,10111011,-5.0,7.27,6.603,-0.6669999999999998
bristol,froxfield,voyager,10111011,-4.5,7.248,6.582,-0.6660000000000004
bristol,froxfield,voyager,10111100,-5.5,7.308,6.64,-0.6680000000000001
bristol,froxfield,voyager,10111100,-5.0,7.288,6.622,-0.6660000000000004
bristol,froxfield,voyager,10111100,-4.5,7.266,6.596,-0.6699999999999999
bristol,froxfield,voyager,10111101,-5.5,7.227,6.557,-0.6699999999999999
bristol,froxfield,voyager,10111101,-5.0,7.208,6.538,-0.6699999999999999
bristol,froxfield,voyager,10111101,-4.5,7.185,6.515,-0.6699999999999999
bristol,froxfield,voyager,10111110,-5.5,6.963,6.252,-0.7110000000000003
bristol,froxfield,voyager,10111110,-5.0,6.945,6.232,-0.7130000000000001
bristol,froxfield,voyager,10111110,-4.5,6.923,6.208,-0.7149999999999999
bristol,froxfield,voyager,10111111,-5.5,6.694,5.943,-0.7510000000000003
bristol,froxfield,voyager,10111111,-5.0,6.676,5.924,-0.7519999999999998
bristol,froxfield,voyager,10111111,-4.5,6.653,5.903,-0.75
bristol,froxfield,voyager,11000000,-5.5,8.655,8.21,-0.4449999999999985
bristol,froxfield,voyager,11000000,-5.0,8.635,8.19,-0.4450000000000003
bristol,froxfield,voyager,11000000,-4.5,8.615,8.17,-0.4450000000000003
bristol,froxfield,voyager,11000001,-5.5,8.857,8.483,-0.3739999999999988
bristol,froxfield,voyager,11000001,-5.0,8.837,8.463,-0.37400000000000055
bristol,froxfield,voyager,11000001,-4.5,8.817,8.443,-0.37400000000000055
bristol,froxfield,voyager,11000010,-5.5,8.803,8.417,-0.386000000000001
bristol,froxfield,voyager,11000010,-5.0,8.783,8.397,-0.38599999999999923
bristol,froxfield,voyager,11000010,-4.5,8.763,8.377,-0.38599999999999923
bristol,froxfield,voyager,11000011,-5.5,8.225,7.705,-0.5199999999999996
bristol,froxfield,voyager,11000011,-5.0,8.207,7.688,-0.519000000000001
bristol,froxfield,voyager,11000011,-4.5,8.18,7.662,-0.5179999999999998
bristol,froxfield,voyager,11000100,-5.5,8.727,8.32,-0.40700000000000003
bristol,froxfield,voyager,11000100,-5.0,8.71,8.307,-0.40300000000000047
bristol,froxfield,voyager,11000100,-4.5,8.687,8.28,-0.40700000000000003
bristol,froxfield,voyager,11000101,-5.5,8.503,8.047,-0.4559999999999995
bristol,froxfield,voyager,11000101,-5.0,8.482,8.03,-0.45199999999999996
bristol,froxfield,voyager,11000101,-4.5,8.46,8.008,-0.45200000000000173
bristol,froxfield,voyager,11000110,-5.5,8.148,7.61,-0.5379999999999994
bristol,froxfield,voyager,11000110,-5.0,8.127,7.593,-0.5340000000000007
bristol,froxfield,voyager,11000110,-4.5,8.102,7.567,-0.5350000000000001
bristol,froxfield,voyager,11000111,-5.5,7.666,7.052,-0.6140000000000008
bristol,froxfield,voyager,11000111,-5.0,7.646,7.034,-0.6120000000000001
bristol,froxfield,voyager,11000111,-4.5,7.626,7.01,-0.6160000000000005
bristol,froxfield,voyager,11001000,-5.5,8.61,8.173,-0.4369999999999994
bristol,froxfield,voyager,11001000,-5.0,8.59,8.153,-0.4369999999999994
bristol,froxfield,voyager,11001000,-4.5,8.57,8.133,-0.43700000000000117
bristol,froxfield,voyager,11001001,-5.5,8.533,8.088,-0.4450000000000003
bristol,froxfield,voyager,11001001,-5.0,8.515,8.075,-0.4400000000000013
bristol,froxfield,voyager,11001001,-4.5,8.492,8.047,-0.4450000000000003
bristol,froxfield,voyager,11001010,-5.5,8.383,7.907,-0.4759999999999991
bristol,froxfield,voyager,11001010,-5.0,8.367,7.89,-0.4770000000000012
bristol,froxfield,voyager,11001010,-4.5,8.342,7.867,-0.47500000000000053
bristol,froxfield,voyager,11001011,-5.5,7.892,7.32,-0.5720000000000001
bristol,froxfield,voyager,11001011,-5.0,7.872,7.302,-0.5700000000000003
bristol,froxfield,voyager,11001011,-4.5,7.852,7.28,-0.5720000000000001
bristol,froxfield,voyager,11001100,-5.5,8.025,7.47,-0.5550000000000006
bristol,froxfield,voyager,11001100,-5.0,8.008,7.453,-0.5549999999999988
bristol,froxfield,voyager,11001100,-4.5,7.982,7.428,-0.5540000000000003
bristol,froxfield,voyager,11001101,-5.5,7.866,7.294,-0.5720000000000001
bristol,froxfield,voyager,11001101,-5.0,7.848,7.274,-0.5739999999999998
bristol,froxfield,voyager,11001101,-4.5,7.826,7.252,-0.5739999999999998
bristol,froxfield,voyager,11001110,-5.5,7.556,6.922,-0.6340000000000003
bristol,froxfield,voyager,11001110,-5.0,7.54,6.906,-0.6340000000000003
bristol,froxfield,voyager,11001110,-4.5,7.516,6.882,-0.6340000000000003
bristol,froxfield,voyager,11001111,-5.5,7.188,6.5,-0.6879999999999997
bristol,froxfield,voyager,11001111,-5.0,7.17,6.483,-0.6870000000000003
bristol,froxfield,voyager,11001111,-4.5,7.147,6.46,-0.6870000000000003
bristol,froxfield,voyager,11010000,-5.5,8.393,7.91,-0.48300000000000054
bristol,froxfield,voyager,11010000,-5.0,8.377,7.893,-0.4840000000000009
bristol,froxfield,voyager,11010000,-4.5,8.353,7.87,-0.48299999999999965
bristol,froxfield,voyager,11010001,-5.5,8.443,7.982,-0.4609999999999994
bristol,froxfield,voyager,11010001,-5.0,8.425,7.963,-0.46200000000000063
bristol,froxfield,voyager,11010001,-4.5,8.402,7.943,-0.45899999999999963
bristol,froxfield,voyager,11010010,-5.5,8.35,7.87,-0.47999999999999954
bristol,froxfield,voyager,11010010,-5.0,8.33,7.853,-0.4770000000000003
bristol,froxfield,voyager,11010010,-4.5,8.31,7.827,-0.48300000000000054
bristol,froxfield,voyager,11010011,-5.5,7.894,7.32,-0.5739999999999998
bristol,froxfield,voyager,11010011,-5.0,7.876,7.304,-0.5720000000000001
bristol,froxfield,voyager,11010011,-4.5,7.852,7.278,-0.5740000000000007
bristol,froxfield,voyager,11010100,-5.5,8.193,7.675,-0.5179999999999998
bristol,froxfield,voyager,11010100,-5.0,8.172,7.66,-0.5120000000000005
bristol,froxfield,voyager,11010100,-4.5,8.152,7.633,-0.5189999999999992
bristol,froxfield,voyager,11010101,-5.5,8.022,7.478,-0.5440000000000005
bristol,froxfield,voyager,11010101,-5.0,8.006,7.464,-0.5419999999999998
bristol,froxfield,voyager,11010101,-4.5,7.978,7.436,-0.5419999999999998
bristol,froxfield,voyager,11010110,-5.5,7.726,7.126,-0.5999999999999996
bristol,froxfield,voyager,11010110,-5.0,7.71,7.108,-0.6020000000000003
bristol,froxfield,voyager,11010110,-4.5,7.686,7.086,-0.5999999999999996
bristol,froxfield,voyager,11010111,-5.5,7.34,6.678,-0.6619999999999999
bristol,froxfield,voyager,11010111,-5.0,7.323,6.662,-0.6610000000000005
bristol,froxfield,voyager,11010111,-4.5,7.3,6.638,-0.6619999999999999
bristol,froxfield,voyager,11011000,-5.5,7.817,7.223,-0.5940000000000003
bristol,froxfield,voyager,11011000,-5.0,7.8,7.207,-0.593
bristol,froxfield,voyager,11011000,-4.5,7.777,7.183,-0.5940000000000003
bristol,froxfield,voyager,11011001,-5.5,7.828,7.25,-0.5780000000000003
bristol,froxfield,voyager,11011001,-5.0,7.808,7.23,-0.5779999999999994
bristol,froxfield,voyager,11011001,-4.5,7.786,7.206,-0.5799999999999992
bristol,froxfield,voyager,11011010,-5.5,7.688,7.082,-0.6059999999999999
bristol,froxfield,voyager,11011010,-5.0,7.672,7.062,-0.6099999999999994
bristol,froxfield,voyager,11011010,-4.5,7.648,7.042,-0.6059999999999999
bristol,froxfield,voyager,11011011,-5.5,7.35,6.687,-0.6629999999999994
bristol,froxfield,voyager,11011011,-5.0,7.33,6.668,-0.6619999999999999
bristol,froxfield,voyager,11011011,-4.5,7.308,6.643,-0.665
bristol,froxfield,voyager,11011100,-5.5,7.376,6.71,-0.6660000000000004
bristol,froxfield,voyager,11011100,-5.0,7.356,6.694,-0.6619999999999999
bristol,froxfield,voyager,11011100,-4.5,7.334,6.67,-0.6639999999999997
bristol,froxfield,voyager,11011101,-5.5,7.29,6.625,-0.665
bristol,froxfield,voyager,11011101,-5.0,7.275,6.607,-0.6680000000000001
bristol,froxfield,voyager,11011101,-4.5,7.248,6.585,-0.6630000000000003
bristol,froxfield,voyager,11011110,-5.5,7.03,6.32,-0.71
bristol,froxfield,voyager,11011110,-5.0,7.012,6.303,-0.7089999999999996
bristol,froxfield,voyager,11011110,-4.5,6.99,6.277,-0.7130000000000001
bristol,froxfield,voyager,11011111,-5.5,6.754,6.009,-0.7449999999999992
bristol,froxfield,voyager,11011111,-5.0,6.736,5.99,-0.7459999999999996
bristol,froxfield,voyager,11011111,-4.5,6.711,5.967,-0.7440000000000007
bristol,froxfield,voyager,11100000,-5.5,7.863,7.273,-0.5900000000000007
bristol,froxfield,voyager,11100000,-5.0,7.853,7.257,-0.5960000000000001
bristol,froxfield,voyager,11100000,-4.5,7.823,7.233,-0.5900000000000007
bristol,froxfield,voyager,11100001,-5.5,8.098,7.572,-0.5260000000000007
bristol,froxfield,voyager,11100001,-5.0,8.08,7.553,-0.5270000000000001
bristol,froxfield,voyager,11100001,-4.5,8.057,7.533,-0.524
bristol,froxfield,voyager,11100010,-5.5,8.032,7.49,-0.5419999999999998
bristol,froxfield,voyager,11100010,-5.0,8.012,7.473,-0.5390000000000006
bristol,froxfield,voyager,11100010,-4.5,7.992,7.45,-0.5419999999999998
bristol,froxfield,voyager,11100011,-5.5,7.67,7.054,-0.6159999999999997
bristol,froxfield,voyager,11100011,-5.0,7.652,7.036,-0.6160000000000005
bristol,froxfield,voyager,11100011,-4.5,7.628,7.012,-0.6160000000000005
bristol,froxfield,voyager,11100100,-5.5,7.932,7.37,-0.5620000000000003
bristol,froxfield,voyager,11100100,-5.0,7.918,7.353,-0.5650000000000004
bristol,froxfield,voyager,11100100,-4.5,7.89,7.33,-0.5599999999999996
bristol,froxfield,voyager,11100101,-5.5,7.842,7.268,-0.5739999999999998
bristol,froxfield,voyager,11100101,-5.0,7.824,7.25,-0.5739999999999998
bristol,froxfield,voyager,11100101,-4.5,7.802,7.228,-0.5739999999999998
bristol,froxfield,voyager,11100110,-5.5,7.556,6.924,-0.6319999999999997
bristol,froxfield,voyager,11100110,-5.0,7.54,6.906,-0.6340000000000003
bristol,froxfield,voyager,11100110,-4.5,7.516,6.884,-0.6319999999999997
bristol,froxfield,voyager,11100111,-5.5,7.218,6.53,-0.6879999999999997
bristol,froxfield,voyager,11100111,-5.0,7.202,6.515,-0.6870000000000003
bristol,froxfield,voyager,11100111,-4.5,7.177,6.49,-0.6869999999999994
bristol,froxfield,voyager,11101000,-5.5,7.758,7.162,-0.5960000000000001
bristol,froxfield,voyager,11101000,-5.0,7.74,7.143,-0.5970000000000004
bristol,froxfield,voyager,11101000,-4.5,7.715,7.123,-0.5919999999999996
bristol,froxfield,voyager,11101001,-5.5,7.8,7.222,-0.5779999999999994
bristol,froxfield,voyager,11101001,-5.0,7.782,7.202,-0.5800000000000001
bristol,froxfield,voyager,11101001,-4.5,7.756,7.18,-0.5760000000000005
bristol,froxfield,voyager,11101010,-5.5,7.67,7.064,-0.6059999999999999
bristol,froxfield,voyager,11101010,-5.0,7.652,7.046,-0.6059999999999999
bristol,froxfield,voyager,11101010,-4.5,7.628,7.022,-0.6059999999999999
bristol,froxfield,voyager,11101011,-5.5,7.343,6.682,-0.6609999999999996
bristol,froxfield,voyager,11101011,-5.0,7.323,6.663,-0.6600000000000001
bristol,froxfield,voyager,11101011,-4.5,7.303,6.638,-0.665
bristol,froxfield,voyager,11101100,-5.5,7.376,6.714,-0.6619999999999999
bristol,froxfield,voyager,11101100,-5.0,7.358,6.694,-0.6639999999999997
bristol,froxfield,voyager,11101100,-4.5,7.334,6.67,-0.6639999999999997
bristol,froxfield,voyager,11101101,-5.5,7.307,6.64,-0.6670000000000007
bristol,froxfield,voyager,11101101,-5.0,7.287,6.622,-0.665
bristol,froxfield,voyager,11101101,-4.5,7.265,6.598,-0.6669999999999998
bristol,froxfield,voyager,11101110,-5.5,7.047,6.337,-0.71
bristol,froxfield,voyager,11101110,-5.0,7.028,6.318,-0.71
bristol,froxfield,voyager,11101110,-4.5,7.007,6.297,-0.71
bristol,froxfield,voyager,11101111,-5.5,6.776,6.031,-0.7450000000000001
bristol,froxfield,voyager,11101111,-5.0,6.757,6.013,-0.7439999999999998
bristol,froxfield,voyager,11101111,-4.5,6.736,5.991,-0.7450000000000001
bristol,froxfield,voyager,11110000,-5.5,7.36,6.688,-0.6720000000000006
bristol,froxfield,voyager,11110000,-5.0,7.342,6.67,-0.6719999999999997
bristol,froxfield,voyager,11110000,-4.5,7.317,6.645,-0.6720000000000006
bristol,froxfield,voyager,11110001,-5.5,7.538,6.916,-0.6219999999999999
bristol,froxfield,voyager,11110001,-5.0,7.52,6.896,-0.6239999999999997
bristol,froxfield,voyager,11110001,-4.5,7.498,6.872,-0.6260000000000003
bristol,froxfield,voyager,11110010,-5.5,7.454,6.81,-0.6440000000000001
bristol,froxfield,voyager,11110010,-5.0,7.434,6.792,-0.6420000000000003
bristol,froxfield,voyager,11110010,-4.5,7.412,6.77,-0.6420000000000003
bristol,froxfield,voyager,11110011,-5.5,7.195,6.503,-0.6920000000000002
bristol,froxfield,voyager,11110011,-5.0,7.175,6.487,-0.6879999999999997
bristol,froxfield,voyager,11110011,-4.5,7.153,6.463,-0.6899999999999995
bristol,froxfield,voyager,11110100,-5.5,7.308,6.64,-0.6680000000000001
bristol,froxfield,voyager,11110100,-5.0,7.29,6.622,-0.6680000000000001
bristol,froxfield,voyager,11110100,-4.5,7.268,6.6,-0.6680000000000001
bristol,froxfield,voyager,11110101,-5.5,7.275,6.61,-0.665
bristol,froxfield,voyager,11110101,-5.0,7.255,6.59,-0.665
bristol,froxfield,voyager,11110101,-4.5,7.233,6.568,-0.665
bristol,froxfield,voyager,11110110,-5.5,7.032,6.32,-0.7119999999999997
bristol,froxfield,voyager,11110110,-5.0,7.015,6.303,-0.7119999999999997
bristol,froxfield,voyager,11110110,-4.5,6.992,6.28,-0.7119999999999997
bristol,froxfield,voyager,11110111,-5.5,6.776,6.033,-0.7429999999999994
bristol,froxfield,voyager,11110111,-5.0,6.76,6.013,-0.7469999999999999
bristol,froxfield,voyager,11110111,-4.5,6.734,5.991,-0.7430000000000003
bristol,froxfield,voyager,11111000,-5.5,6.992,6.268,-0.7240000000000002
bristol,froxfield,voyager,11111000,-5.0,6.976,6.252,-0.7240000000000002
bristol,froxfield,voyager,11111000,-4.5,6.95,6.226,-0.7240000000000002
bristol,froxfield,voyager,11111001,-5.5,7.09,6.395,-0.6950000000000003
bristol,froxfield,voyager,11111001,-5.0,7.072,6.377,-0.6950000000000003
bristol,froxfield,voyager,11111001,-4.5,7.05,6.355,-0.6949999999999994
bristol,froxfield,voyager,11111010,-5.5,6.97,6.255,-0.7149999999999999
bristol,froxfield,voyager,11111010,-5.0,6.95,6.235,-0.7149999999999999
bristol,froxfield,voyager,11111010,-4.5,6.928,6.208,-0.7199999999999998
bristol,froxfield,voyager,11111011,-5.5,6.756,6.009,-0.7469999999999999
bristol,froxfield,voyager,11111011,-5.0,6.739,5.993,-0.7459999999999996
bristol,froxfield,voyager,11111011,-4.5,6.716,5.966,-0.75
bristol,froxfield,voyager,11111100,-5.5,6.708,5.95,-0.758
bristol,froxfield,voyager,11111100,-5.0,6.69,5.93,-0.7600000000000007
bristol,froxfield,voyager,11111100,-4.5,6.665,5.907,-0.758
bristol,froxfield,voyager,11111101,-5.5,6.697,5.947,-0.75
bristol,froxfield,voyager,11111101,-5.0,6.681,5.929,-0.7519999999999998
bristol,froxfield,voyager,11111101,-4.5,6.653,5.904,-0.7489999999999997
bristol,froxfield,voyager,11111110,-5.5,6.476,5.691,-0.7850000000000001
bristol,froxfield,voyager,11111110,-5.0,6.457,5.671,-0.7859999999999996
bristol,froxfield,voyager,11111110,-4.5,6.436,5.65,-0.7859999999999996
bristol,froxfield,voyager,11111111,-5.5,6.284,5.478,-0.806
bristol,froxfield,voyager,11111111,-5.0,6.265,5.46,-0.8049999999999997
bristol,froxfield,voyager,11111111,-4.5,6.242,5.434,-0.8079999999999998
bristol,powergate,voyager,00000001,-5.5,9.92,9.93,0.009999999999999787
bristol,powergate,voyager,00000001,-5.0,9.97,9.98,0.009999999999999787
bristol,powergate,voyager,00000001,-4.5,9.99,10.0,0.009999999999999787
bristol,powergate,voyager,00000010,-5.5,9.93,9.94,0.009999999999999787
bristol,powergate,voyager,00000010,-5.0,9.97,9.98,0.009999999999999787
bristol,powergate,voyager,00000010,-4.5,9.99,10.0,0.009999999999999787
bristol,powergate,voyager,00000011,-5.5,8.37,7.94,-0.4299999999999988
bristol,powergate,voyager,00000011,-5.0,8.42,7.985,-0.4349999999999996
bristol,powergate,voyager,00000011,-4.5,8.44,8.005,-0.4349999999999987
bristol,powergate,voyager,00000100,-5.5,9.93,9.94,0.009999999999999787
bristol,powergate,voyager,00000100,-5.0,9.98,9.99,0.009999999999999787
bristol,powergate,voyager,00000100,-4.5,10.0,10.01,0.009999999999999787
bristol,powergate,voyager,00000101,-5.5,9.095,8.855,-0.2400000000000002
bristol,powergate,voyager,00000101,-5.0,9.145,8.9,-0.24499999999999922
bristol,powergate,voyager,00000101,-4.5,9.165,8.92,-0.24499999999999922
bristol,powergate,voyager,00000110,-5.5,8.375,7.94,-0.4349999999999996
bristol,powergate,voyager,00000110,-5.0,8.425,7.99,-0.4350000000000005
bristol,powergate,voyager,00000110,-4.5,8.445,8.01,-0.4350000000000005
bristol,powergate,voyager,00000111,-5.5,7.593,7.01,-0.5830000000000002
bristol,powergate,voyager,00000111,-5.0,7.643,7.06,-0.5830000000000002
bristol,powergate,voyager,00000111,-4.5,7.663,7.08,-0.5830000000000002
bristol,powergate,voyager,00001000,-5.5,9.94,9.94,0.0
bristol,powergate,voyager,00001000,-5.0,9.99,9.99,0.0
bristol,powergate,voyager,00001000,-4.5,10.0,10.01,0.009999999999999787
bristol,powergate,voyager,00001001,-5.5,9.36,9.19,-0.16999999999999993
bristol,powergate,voyager,00001001,-5.0,9.405,9.235,-0.16999999999999993
bristol,powergate,voyager,00001001,-4.5,9.425,9.255,-0.16999999999999993
bristol,powergate,voyager,00001010,-5.5,9.095,8.855,-0.2400000000000002
bristol,powergate,voyager,00001010,-5.0,9.145,8.905,-0.2400000000000002
bristol,powergate,voyager,00001010,-4.5,9.165,8.925,-0.23999999999999844
bristol,powergate,voyager,00001011,-5.5,8.12,7.647,-0.472999999999999
bristol,powergate,voyager,00001011,-5.0,8.17,7.697,-0.47299999999999986
bristol,powergate,voyager,00001011,-4.5,8.19,7.72,-0.46999999999999975
bristol,powergate,voyager,00001100,-5.5,8.38,7.945,-0.4350000000000005
bristol,powergate,voyager,00001100,-5.0,8.43,7.995,-0.4349999999999996
bristol,powergate,voyager,00001100,-4.5,8.45,8.015,-0.4349999999999987
bristol,powergate,voyager,00001101,-5.5,8.123,7.647,-0.4759999999999991
bristol,powergate,voyager,00001101,-5.0,8.173,7.697,-0.476
bristol,powergate,voyager,00001101,-4.5,8.193,7.717,-0.476
bristol,powergate,voyager,00001110,-5.5,7.597,7.01,-0.5870000000000006
bristol,powergate,voyager,00001110,-5.0,7.647,7.06,-0.5870000000000006
bristol,powergate,voyager,00001110,-4.5,7.667,7.083,-0.5839999999999996
bristol,powergate,voyager,00001111,-5.5,7.092,6.428,-0.6639999999999997
bristol,powergate,voyager,00001111,-5.0,7.143,6.478,-0.665
bristol,powergate,voyager,00001111,-4.5,7.162,6.5,-0.6619999999999999
bristol,powergate,voyager,00010000,-5.5,9.94,9.95,0.009999999999999787
bristol,powergate,voyager,00010000,-5.0,9.99,9.99,0.0
bristol,powergate,voyager,00010000,-4.5,10.01,10.01,0.0
bristol,powergate,voyager,00010001,-5.5,9.5,9.37,-0.13000000000000078
bristol,powergate,voyager,00010001,-5.0,9.545,9.415,-0.13000000000000078
bristol,powergate,voyager,00010001,-4.5,9.565,9.435,-0.129999999999999
bristol,powergate,voyager,00010010,-5.5,9.365,9.195,-0.16999999999999993
bristol,powergate,voyager,00010010,-5.0,9.41,9.245,-0.16500000000000092
bristol,powergate,voyager,00010010,-4.5,9.43,9.26,-0.16999999999999993
bristol,powergate,voyager,00010011,-5.5,8.34,7.91,-0.4299999999999997
bristol,powergate,voyager,00010011,-5.0,8.387,7.96,-0.4270000000000005
bristol,powergate,voyager,00010011,-4.5,8.407,7.98,-0.4269999999999996
bristol,powergate,voyager,00010100,-5.5,9.105,8.86,-0.245000000000001
bristol,powergate,voyager,00010100,-5.0,9.155,8.905,-0.25
bristol,powergate,voyager,00010100,-4.5,9.175,8.925,-0.25
bristol,powergate,voyager,00010101,-5.5,8.627,8.267,-0.3600000000000012
bristol,powergate,voyager,00010101,-5.0,8.673,8.313,-0.35999999999999943
bristol,powergate,voyager,00010101,-4.5,8.693,8.333,-0.35999999999999943
bristol,powergate,voyager,00010110,-5.5,8.127,7.65,-0.4770000000000003
bristol,powergate,voyager,00010110,-5.0,8.173,7.7,-0.47299999999999986
bristol,powergate,voyager,00010110,-4.5,8.193,7.72,-0.47299999999999986
bristol,powergate,voyager,00010111,-5.5,7.492,6.9,-0.5919999999999996
bristol,powergate,voyager,00010111,-5.0,7.542,6.95,-0.5919999999999996
bristol,powergate,voyager,00010111,-4.5,7.562,6.975,-0.5870000000000006
bristol,powergate,voyager,00011000,-5.5,8.385,7.95,-0.4349999999999996
bristol,powergate,voyager,00011000,-5.0,8.435,8.0,-0.4350000000000005
bristol,powergate,voyager,00011000,-4.5,8.455,8.02,-0.4350000000000005
bristol,powergate,voyager,00011001,-5.5,8.343,7.913,-0.4299999999999997
bristol,powergate,voyager,00011001,-5.0,8.39,7.963,-0.4270000000000005
bristol,powergate,voyager,00011001,-4.5,8.41,7.983,-0.4270000000000005
bristol,powergate,voyager,00011010,-5.5,8.127,7.65,-0.4770000000000003
bristol,powergate,voyager,00011010,-5.0,8.173,7.7,-0.47299999999999986
bristol,powergate,voyager,00011010,-4.5,8.193,7.723,-0.46999999999999975
bristol,powergate,voyager,00011011,-5.5,7.558,6.97,-0.5880000000000001
bristol,powergate,voyager,00011011,-5.0,7.607,7.02,-0.5870000000000006
bristol,powergate,voyager,00011011,-4.5,7.627,7.04,-0.5869999999999997
bristol,powergate,voyager,00011100,-5.5,7.603,7.02,-0.5830000000000002
bristol,powergate,voyager,00011100,-5.0,7.653,7.07,-0.5829999999999993
bristol,powergate,voyager,00011100,-4.5,7.673,7.09,-0.5830000000000002
bristol,powergate,voyager,00011101,-5.5,7.492,6.902,-0.5899999999999999
bristol,powergate,voyager,00011101,-5.0,7.543,6.952,-0.5910000000000002
bristol,powergate,voyager,00011101,-4.5,7.565,6.978,-0.5870000000000006
bristol,powergate,voyager,00011110,-5.5,7.098,6.433,-0.665
bristol,powergate,voyager,00011110,-5.0,7.147,6.482,-0.665
bristol,powergate,voyager,00011110,-4.5,7.168,6.502,-0.6660000000000004
bristol,powergate,voyager,00011111,-5.5,6.732,6.014,-0.718
bristol,powergate,voyager,00011111,-5.0,6.782,6.064,-0.718
bristol,powergate,voyager,00011111,-4.5,6.802,6.084,-0.718
bristol,powergate,voyager,00100000,-5.5,9.95,9.95,0.0
bristol,powergate,voyager,00100000,-5.0,10.0,10.0,0.0
bristol,powergate,voyager,00100000,-4.5,10.01,10.02,0.009999999999999787
bristol,powergate,voyager,00100001,-5.5,9.585,9.48,-0.10500000000000043
bristol,powergate,voyager,00100001,-5.0,9.635,9.53,-0.10500000000000043
bristol,powergate,voyager,00100001,-4.5,9.65,9.55,-0.09999999999999964
bristol,powergate,voyager,00100010,-5.5,9.5,9.37,-0.13000000000000078
bristol,powergate,voyager,00100010,-5.0,9.55,9.42,-0.13000000000000078
bristol,powergate,voyager,00100010,-4.5,9.57,9.44,-0.13000000000000078
bristol,powergate,voyager,00100011,-5.5,8.457,8.06,-0.39700000000000024
bristol,powergate,voyager,00100011,-5.0,8.507,8.11,-0.39700000000000024
bristol,powergate,voyager,00100011,-4.5,8.527,8.13,-0.39699999999999847
bristol,powergate,voyager,00100100,-5.5,9.37,9.195,-0.17499999999999893
bristol,powergate,voyager,00100100,-5.0,9.42,9.245,-0.1750000000000007
bristol,powergate,voyager,00100100,-4.5,9.435,9.265,-0.16999999999999993
bristol,powergate,voyager,00100101,-5.5,8.83,8.517,-0.3130000000000006
bristol,powergate,voyager,00100101,-5.0,8.877,8.567,-0.3100000000000005
bristol,powergate,voyager,00100101,-4.5,8.897,8.587,-0.3100000000000005
bristol,powergate,voyager,00100110,-5.5,8.34,7.917,-0.42300000000000004
bristol,powergate,voyager,00100110,-5.0,8.39,7.967,-0.42300000000000093
bristol,powergate,voyager,00100110,-4.5,8.41,7.987,-0.42300000000000004
bristol,powergate,voyager,00100111,-5.5,7.668,7.112,-0.556
bristol,powergate,voyager,00100111,-5.0,7.717,7.16,-0.5569999999999995
bristol,powergate,voyager,00100111,-4.5,7.737,7.183,-0.5540000000000003
bristol,powergate,voyager,00101000,-5.5,9.11,8.865,-0.24499999999999922
bristol,powergate,voyager,00101000,-5.0,9.155,8.915,-0.2400000000000002
bristol,powergate,voyager,00101000,-4.5,9.175,8.935,-0.2400000000000002
bristol,powergate,voyager,00101001,-5.5,8.83,8.52,-0.3100000000000005
bristol,powergate,voyager,00101001,-5.0,8.88,8.57,-0.3100000000000005
bristol,powergate,voyager,00101001,-4.5,8.9,8.59,-0.3100000000000005
bristol,powergate,voyager,00101010,-5.5,8.63,8.27,-0.3600000000000012
bristol,powergate,voyager,00101010,-5.0,8.677,8.32,-0.3569999999999993
bristol,powergate,voyager,00101010,-4.5,8.697,8.34,-0.3569999999999993
bristol,powergate,voyager,00101011,-5.5,7.928,7.42,-0.508
bristol,powergate,voyager,00101011,-5.0,7.978,7.47,-0.508
bristol,powergate,voyager,00101011,-4.5,7.998,7.49,-0.508
bristol,powergate,voyager,00101100,-5.5,8.13,7.653,-0.4770000000000012
bristol,powergate,voyager,00101100,-5.0,8.18,7.703,-0.4769999999999994
bristol,powergate,voyager,00101100,-4.5,8.2,7.723,-0.4769999999999994
bristol,powergate,voyager,00101101,-5.5,7.895,7.38,-0.5149999999999997
bristol,powergate,voyager,00101101,-5.0,7.942,7.428,-0.5140000000000002
bristol,powergate,voyager,00101101,-4.5,7.963,7.447,-0.516
bristol,powergate,voyager,00101110,-5.5,7.498,6.907,-0.5910000000000002
bristol,powergate,voyager,00101110,-5.0,7.547,6.957,-0.5899999999999999
bristol,powergate,voyager,00101110,-4.5,7.568,6.978,-0.5899999999999999
bristol,powergate,voyager,00101111,-5.5,7.05,6.388,-0.6619999999999999
bristol,powergate,voyager,00101111,-5.0,7.1,6.438,-0.6619999999999999
bristol,powergate,voyager,00101111,-4.5,7.12,6.46,-0.6600000000000001
bristol,powergate,voyager,00110000,-5.5,8.39,7.955,-0.4350000000000005
bristol,powergate,voyager,00110000,-5.0,8.44,8.005,-0.4349999999999987
bristol,powergate,voyager,00110000,-4.5,8.46,8.025,-0.4350000000000005
bristol,powergate,voyager,00110001,-5.5,8.467,8.063,-0.4039999999999999
bristol,powergate,voyager,00110001,-5.0,8.513,8.113,-0.40000000000000036
bristol,powergate,voyager,00110001,-4.5,8.533,8.133,-0.40000000000000036
bristol,powergate,voyager,00110010,-5.5,8.347,7.917,-0.4299999999999997
bristol,powergate,voyager,00110010,-5.0,8.393,7.967,-0.42600000000000104
bristol,powergate,voyager,00110010,-4.5,8.417,7.99,-0.4269999999999996
bristol,powergate,voyager,00110011,-5.5,7.765,7.213,-0.5519999999999996
bristol,powergate,voyager,00110011,-5.0,7.815,7.263,-0.5520000000000005
bristol,powergate,voyager,00110011,-4.5,7.835,7.283,-0.5519999999999996
bristol,powergate,voyager,00110100,-5.5,8.133,7.657,-0.4759999999999991
bristol,powergate,voyager,00110100,-5.0,8.183,7.707,-0.476
bristol,powergate,voyager,00110100,-4.5,8.203,7.727,-0.4759999999999991
bristol,powergate,voyager,00110101,-5.5,7.933,7.423,-0.5099999999999998
bristol,powergate,voyager,00110101,-5.0,7.982,7.47,-0.5120000000000005
bristol,powergate,voyager,00110101,-4.5,8.002,7.492,-0.5100000000000007
bristol,powergate,voyager,00110110,-5.5,7.56,6.973,-0.5869999999999997
bristol,powergate,voyager,00110110,-5.0,7.607,7.022,-0.585
bristol,powergate,voyager,00110110,-4.5,7.63,7.043,-0.5869999999999997
bristol,powergate,voyager,00110111,-5.5,7.116,6.46,-0.6559999999999997
bristol,powergate,voyager,00110111,-5.0,7.166,6.51,-0.6560000000000006
bristol,powergate,voyager,00110111,-4.5,7.188,6.532,-0.6559999999999997
bristol,powergate,voyager,00111000,-5.5,7.61,7.02,-0.5900000000000007
bristol,powergate,voyager,00111000,-5.0,7.657,7.07,-0.5869999999999997
bristol,powergate,voyager,00111000,-4.5,7.68,7.09,-0.5899999999999999
bristol,powergate,voyager,00111001,-5.5,7.675,7.117,-0.5579999999999998
bristol,powergate,voyager,00111001,-5.0,7.725,7.168,-0.5569999999999995
bristol,powergate,voyager,00111001,-4.5,7.745,7.188,-0.5570000000000004
bristol,powergate,voyager,00111010,-5.5,7.502,6.91,-0.5919999999999996
bristol,powergate,voyager,00111010,-5.0,7.55,6.96,-0.5899999999999999
bristol,powergate,voyager,00111010,-4.5,7.572,6.98,-0.5919999999999996
bristol,powergate,voyager,00111011,-5.5,7.12,6.462,-0.6580000000000004
bristol,powergate,voyager,00111011,-5.0,7.17,6.514,-0.6559999999999997
bristol,powergate,voyager,00111011,-4.5,7.192,6.534,-0.6580000000000004
bristol,powergate,voyager,00111100,-5.5,7.103,6.435,-0.6680000000000001
bristol,powergate,voyager,00111100,-5.0,7.152,6.485,-0.6669999999999998
bristol,powergate,voyager,00111100,-4.5,7.172,6.508,-0.6639999999999997
bristol,powergate,voyager,00111101,-5.5,7.052,6.388,-0.6639999999999997
bristol,powergate,voyager,00111101,-5.0,7.102,6.438,-0.6640000000000006
bristol,powergate,voyager,00111101,-4.5,7.126,6.462,-0.6640000000000006
bristol,powergate,voyager,00111110,-5.5,6.736,6.02,-0.7160000000000002
bristol,powergate,voyager,00111110,-5.0,6.786,6.072,-0.7139999999999995
bristol,powergate,voyager,00111110,-4.5,6.808,6.092,-0.7160000000000002
bristol,powergate,voyager,00111111,-5.5,6.453,5.7,-0.7530000000000001
bristol,powergate,voyager,00111111,-5.0,6.503,5.75,-0.7530000000000001
bristol,powergate,voyager,00111111,-4.5,6.523,5.772,-0.7509999999999994
bristol,powergate,voyager,01000000,-5.5,9.95,9.96,0.010000000000001563
bristol,powergate,voyager,01000000,-5.0,10.0,10.0,0.0
bristol,powergate,voyager,01000000,-4.5,10.02,10.02,0.0
bristol,powergate,voyager,01000001,-5.5,9.645,9.555,-0.08999999999999986
bristol,powergate,voyager,01000001,-5.0,9.69,9.6,-0.08999999999999986
bristol,powergate,voyager,01000001,-4.5,9.71,9.62,-0.09000000000000163
bristol,powergate,voyager,01000010,-5.5,9.59,9.48,-0.10999999999999943
bristol,powergate,voyager,01000010,-5.0,9.635,9.53,-0.10500000000000043
bristol,powergate,voyager,01000010,-4.5,9.655,9.55,-0.10499999999999865
bristol,powergate,voyager,01000011,-5.5,8.537,8.157,-0.3800000000000008
bristol,powergate,voyager,01000011,-5.0,8.587,8.207,-0.379999999999999
bristol,powergate,voyager,01000011,-4.5,8.607,8.227,-0.379999999999999
bristol,powergate,voyager,01000100,-5.5,9.51,9.375,-0.1349999999999998
bristol,powergate,voyager,01000100,-5.0,9.56,9.425,-0.1349999999999998
bristol,powergate,voyager,01000100,-4.5,9.575,9.44,-0.1349999999999998
bristol,powergate,voyager,01000101,-5.5,8.943,8.66,-0.2829999999999995
bristol,powergate,voyager,01000101,-5.0,8.993,8.71,-0.2829999999999995
bristol,powergate,voyager,01000101,-4.5,9.013,8.73,-0.2829999999999995
bristol,powergate,voyager,01000110,-5.5,8.463,8.063,-0.3999999999999986
bristol,powergate,voyager,01000110,-5.0,8.513,8.11,-0.40300000000000047
bristol,powergate,voyager,01000110,-4.5,8.533,8.13,-0.4029999999999987
bristol,powergate,voyager,01000111,-5.5,7.772,7.235,-0.5369999999999999
bristol,powergate,voyager,01000111,-5.0,7.822,7.285,-0.5369999999999999
bristol,powergate,voyager,01000111,-4.5,7.843,7.305,-0.5380000000000003
bristol,powergate,voyager,01001000,-5.5,9.375,9.205,-0.16999999999999993
bristol,powergate,voyager,01001000,-5.0,9.42,9.25,-0.16999999999999993
bristol,powergate,voyager,01001000,-4.5,9.44,9.27,-0.16999999999999993
bristol,powergate,voyager,01001001,-5.5,9.023,8.763,-0.2599999999999998
bristol,powergate,voyager,01001001,-5.0,9.073,8.813,-0.2599999999999998
bristol,powergate,voyager,01001001,-4.5,9.093,8.833,-0.2599999999999998
bristol,powergate,voyager,01001010,-5.5,8.833,8.527,-0.30600000000000094
bristol,powergate,voyager,01001010,-5.0,8.883,8.573,-0.3099999999999987
bristol,powergate,voyager,01001010,-4.5,8.903,8.593,-0.3100000000000005
bristol,powergate,voyager,01001011,-5.5,8.09,7.61,-0.47999999999999954
bristol,powergate,voyager,01001011,-5.0,8.14,7.66,-0.4800000000000004
bristol,powergate,voyager,01001011,-4.5,8.16,7.683,-0.4770000000000003
bristol,powergate,voyager,01001100,-5.5,8.35,7.917,-0.43299999999999983
bristol,powergate,voyager,01001100,-5.0,8.4,7.967,-0.4330000000000007
bristol,powergate,voyager,01001100,-4.5,8.42,7.987,-0.43299999999999983
bristol,powergate,voyager,01001101,-5.5,8.065,7.588,-0.4769999999999994
bristol,powergate,voyager,01001101,-5.0,8.115,7.638,-0.4770000000000003
bristol,powergate,voyager,01001101,-4.5,8.135,7.658,-0.4769999999999994
bristol,powergate,voyager,01001110,-5.5,7.678,7.117,-0.5609999999999999
bristol,powergate,voyager,01001110,-5.0,7.725,7.168,-0.5569999999999995
bristol,powergate,voyager,01001110,-4.5,7.745,7.188,-0.5570000000000004
bristol,powergate,voyager,01001111,-5.5,7.194,6.56,-0.6340000000000003
bristol,powergate,voyager,01001111,-5.0,7.244,6.612,-0.6319999999999997
bristol,powergate,voyager,01001111,-4.5,7.264,6.632,-0.6320000000000006
bristol,powergate,voyager,01010000,-5.5,9.115,8.865,-0.25
bristol,powergate,voyager,01010000,-5.0,9.165,8.915,-0.25
bristol,powergate,voyager,01010000,-4.5,9.185,8.935,-0.25
bristol,powergate,voyager,01010001,-5.5,8.95,8.667,-0.2829999999999995
bristol,powergate,voyager,01010001,-5.0,8.997,8.717,-0.27999999999999936
bristol,powergate,voyager,01010001,-4.5,9.017,8.733,-0.2839999999999989
bristol,powergate,voyager,01010010,-5.5,8.837,8.523,-0.31400000000000006
bristol,powergate,voyager,01010010,-5.0,8.883,8.573,-0.3099999999999987
bristol,powergate,voyager,01010010,-4.5,8.903,8.593,-0.3100000000000005
bristol,powergate,voyager,01010011,-5.5,8.127,7.658,-0.4690000000000003
bristol,powergate,voyager,01010011,-5.0,8.178,7.702,-0.47600000000000087
bristol,powergate,voyager,01010011,-4.5,8.197,7.725,-0.47199999999999953
bristol,powergate,voyager,01010100,-5.5,8.637,8.273,-0.36400000000000077
bristol,powergate,voyager,01010100,-5.0,8.687,8.323,-0.363999999999999
bristol,powergate,voyager,01010100,-4.5,8.707,8.343,-0.36400000000000077
bristol,powergate,voyager,01010101,-5.5,8.305,7.875,-0.4299999999999997
bristol,powergate,voyager,01010101,-5.0,8.355,7.925,-0.4300000000000006
bristol,powergate,voyager,01010101,-4.5,8.375,7.945,-0.4299999999999997
bristol,powergate,voyager,01010110,-5.5,7.935,7.425,-0.5099999999999998
bristol,powergate,voyager,01010110,-5.0,7.985,7.473,-0.5120000000000005
bristol,powergate,voyager,01010110,-4.5,8.005,7.495,-0.5100000000000007
bristol,powergate,voyager,01010111,-5.5,7.414,6.812,-0.6019999999999994
bristol,powergate,voyager,01010111,-5.0,7.464,6.862,-0.6020000000000003
bristol,powergate,voyager,01010111,-4.5,7.486,6.884,-0.6019999999999994
bristol,powergate,voyager,01011000,-5.5,8.137,7.66,-0.4770000000000003
bristol,powergate,voyager,01011000,-5.0,8.187,7.71,-0.4769999999999994
bristol,powergate,voyager,01011000,-4.5,8.207,7.73,-0.4770000000000003
bristol,powergate,voyager,01011001,-5.5,8.067,7.588,-0.4790000000000001
bristol,powergate,voyager,01011001,-5.0,8.117,7.638,-0.479000000000001
bristol,powergate,voyager,01011001,-4.5,8.137,7.658,-0.4790000000000001
bristol,powergate,voyager,01011010,-5.5,7.897,7.385,-0.5120000000000005
bristol,powergate,voyager,01011010,-5.0,7.947,7.435,-0.5120000000000005
bristol,powergate,voyager,01011010,-4.5,7.967,7.455,-0.5119999999999996
bristol,powergate,voyager,01011011,-5.5,7.434,6.834,-0.6000000000000005
bristol,powergate,voyager,01011011,-5.0,7.484,6.884,-0.5999999999999996
bristol,powergate,voyager,01011011,-4.5,7.504,6.904,-0.5999999999999996
bristol,powergate,voyager,01011100,-5.5,7.502,6.907,-0.5949999999999998
bristol,powergate,voyager,01011100,-5.0,7.552,6.957,-0.5949999999999998
bristol,powergate,voyager,01011100,-4.5,7.575,6.98,-0.5949999999999998
bristol,powergate,voyager,01011101,-5.5,7.37,6.766,-0.6040000000000001
bristol,powergate,voyager,01011101,-5.0,7.42,6.816,-0.6040000000000001
bristol,powergate,voyager,01011101,-4.5,7.44,6.836,-0.6040000000000001
bristol,powergate,voyager,01011110,-5.5,7.056,6.392,-0.6639999999999997
bristol,powergate,voyager,01011110,-5.0,7.106,6.444,-0.6619999999999999
bristol,powergate,voyager,01011110,-4.5,7.126,6.464,-0.6619999999999999
bristol,powergate,voyager,01011111,-5.5,6.713,6.003,-0.71
bristol,powergate,voyager,01011111,-5.0,6.763,6.053,-0.71
bristol,powergate,voyager,01011111,-4.5,6.785,6.077,-0.7080000000000002
bristol,powergate,voyager,01100000,-5.5,8.395,7.96,-0.4349999999999996
bristol,powergate,voyager,01100000,-5.0,8.445,8.01,-0.4350000000000005
bristol,powergate,voyager,01100000,-4.5,8.465,8.03,-0.4350000000000005
bristol,powergate,voyager,01100001,-5.5,8.547,8.163,-0.38400000000000034
bristol,powergate,voyager,01100001,-5.0,8.593,8.213,-0.3800000000000008
bristol,powergate,voyager,01100001,-4.5,8.617,8.233,-0.38400000000000034
bristol,powergate,voyager,01100010,-5.5,8.47,8.07,-0.40000000000000036
bristol,powergate,voyager,01100010,-5.0,8.517,8.117,-0.3999999999999986
bristol,powergate,voyager,01100010,-4.5,8.54,8.137,-0.4029999999999987
bristol,powergate,voyager,01100011,-5.5,7.888,7.36,-0.5279999999999996
bristol,powergate,voyager,01100011,-5.0,7.938,7.41,-0.5279999999999996
bristol,powergate,voyager,01100011,-4.5,7.957,7.43,-0.5270000000000001
bristol,powergate,voyager,01100100,-5.5,8.353,7.923,-0.4299999999999997
bristol,powergate,voyager,01100100,-5.0,8.403,7.97,-0.4330000000000007
bristol,powergate,voyager,01100100,-4.5,8.423,7.99,-0.43299999999999983
bristol,powergate,voyager,01100101,-5.5,8.133,7.657,-0.4759999999999991
bristol,powergate,voyager,01100101,-5.0,8.18,7.707,-0.47299999999999986
bristol,powergate,voyager,01100101,-4.5,8.203,7.728,-0.47499999999999964
bristol,powergate,voyager,01100110,-5.5,7.772,7.22,-0.5520000000000005
bristol,powergate,voyager,01100110,-5.0,7.82,7.27,-0.5500000000000007
bristol,powergate,voyager,01100110,-4.5,7.843,7.293,-0.5499999999999998
bristol,powergate,voyager,01100111,-5.5,7.306,6.676,-0.6299999999999999
bristol,powergate,voyager,01100111,-5.0,7.354,6.726,-0.6280000000000001
bristol,powergate,voyager,01100111,-4.5,7.376,6.748,-0.6280000000000001
bristol,powergate,voyager,01101000,-5.5,8.14,7.66,-0.4800000000000004
bristol,powergate,voyager,01101000,-5.0,8.187,7.71,-0.4769999999999994
bristol,powergate,voyager,01101000,-4.5,8.21,7.73,-0.4800000000000004
bristol,powergate,voyager,01101001,-5.5,8.095,7.617,-0.47800000000000065
bristol,powergate,voyager,01101001,-5.0,8.145,7.667,-0.47799999999999976
bristol,powergate,voyager,01101001,-4.5,8.165,7.688,-0.4769999999999994
bristol,powergate,voyager,01101010,-5.5,7.94,7.428,-0.5120000000000005
bristol,powergate,voyager,01101010,-5.0,7.988,7.478,-0.5100000000000007
bristol,powergate,voyager,01101010,-4.5,8.01,7.498,-0.5119999999999996
bristol,powergate,voyager,01101011,-5.5,7.476,6.878,-0.5979999999999999
bristol,powergate,voyager,01101011,-5.0,7.524,6.926,-0.5979999999999999
bristol,powergate,voyager,01101011,-4.5,7.546,6.948,-0.5979999999999999
bristol,powergate,voyager,01101100,-5.5,7.567,6.975,-0.5920000000000005
bristol,powergate,voyager,01101100,-5.0,7.617,7.025,-0.5919999999999996
bristol,powergate,voyager,01101100,-4.5,7.638,7.05,-0.5880000000000001
bristol,powergate,voyager,01101101,-5.5,7.436,6.832,-0.6040000000000001
bristol,powergate,voyager,01101101,-5.0,7.486,6.882,-0.6040000000000001
bristol,powergate,voyager,01101101,-4.5,7.506,6.906,-0.6000000000000005
bristol,powergate,voyager,01101110,-5.5,7.126,6.464,-0.6619999999999999
bristol,powergate,voyager,01101110,-5.0,7.176,6.516,-0.6600000000000001
bristol,powergate,voyager,01101110,-4.5,7.196,6.536,-0.6600000000000001
bristol,powergate,voyager,01101111,-5.5,6.78,6.075,-0.7050000000000001
bristol,powergate,voyager,01101111,-5.0,6.83,6.125,-0.7050000000000001
bristol,powergate,voyager,01101111,-4.5,6.852,6.145,-0.7070000000000007
bristol,powergate,voyager,01110000,-5.5,7.613,7.023,-0.5900000000000007
bristol,powergate,voyager,01110000,-5.0,7.663,7.073,-0.5899999999999999
bristol,powergate,voyager,01110000,-4.5,7.683,7.1,-0.5830000000000002
bristol,powergate,voyager,01110001,-5.5,7.78,7.24,-0.54
bristol,powergate,voyager,01110001,-5.0,7.83,7.29,-0.54
bristol,powergate,voyager,01110001,-4.5,7.85,7.312,-0.5379999999999994
bristol,powergate,voyager,01110010,-5.5,7.678,7.12,-0.5579999999999998
bristol,powergate,voyager,01110010,-5.0,7.728,7.17,-0.5579999999999998
bristol,powergate,voyager,01110010,-4.5,7.748,7.19,-0.5579999999999998
bristol,powergate,voyager,01110011,-5.5,7.306,6.676,-0.6299999999999999
bristol,powergate,voyager,01110011,-5.0,7.356,6.726,-0.6299999999999999
bristol,powergate,voyager,01110011,-4.5,7.376,6.748,-0.6280000000000001
bristol,powergate,voyager,01110100,-5.5,7.508,6.912,-0.5960000000000001
bristol,powergate,voyager,01110100,-5.0,7.555,6.963,-0.5919999999999996
bristol,powergate,voyager,01110100,-4.5,7.577,6.982,-0.5949999999999998
bristol,powergate,voyager,01110101,-5.5,7.418,6.816,-0.6020000000000003
bristol,powergate,voyager,01110101,-5.0,7.468,6.866,-0.6020000000000003
bristol,powergate,voyager,01110101,-4.5,7.488,6.886,-0.6020000000000003
bristol,powergate,voyager,01110110,-5.5,7.126,6.464,-0.6619999999999999
bristol,powergate,voyager,01110110,-5.0,7.176,6.514,-0.6619999999999999
bristol,powergate,voyager,01110110,-4.5,7.196,6.536,-0.6600000000000001
bristol,powergate,voyager,01110111,-5.5,6.797,6.093,-0.7039999999999997
bristol,powergate,voyager,01110111,-5.0,6.847,6.143,-0.7040000000000006
bristol,powergate,voyager,01110111,-4.5,6.867,6.165,-0.702
bristol,powergate,voyager,01111000,-5.5,7.107,6.442,-0.665
bristol,powergate,voyager,01111000,-5.0,7.158,6.492,-0.6660000000000004
bristol,powergate,voyager,01111000,-4.5,7.18,6.513,-0.6669999999999998
bristol,powergate,voyager,01111001,-5.5,7.202,6.562,-0.6399999999999997
bristol,powergate,voyager,01111001,-5.0,7.252,6.614,-0.6379999999999999
bristol,powergate,voyager,01111001,-4.5,7.274,6.638,-0.6360000000000001
bristol,powergate,voyager,01111010,-5.5,7.058,6.394,-0.6639999999999997
bristol,powergate,voyager,01111010,-5.0,7.108,6.448,-0.6599999999999993
bristol,powergate,voyager,01111010,-4.5,7.13,6.468,-0.6619999999999999
bristol,powergate,voyager,01111011,-5.5,6.78,6.073,-0.7069999999999999
bristol,powergate,voyager,01111011,-5.0,6.83,6.123,-0.7069999999999999
bristol,powergate,voyager,01111011,-4.5,6.855,6.148,-0.7070000000000007
bristol,powergate,voyager,01111100,-5.5,6.742,6.022,-0.7199999999999998
bristol,powergate,voyager,01111100,-5.0,6.792,6.072,-0.7199999999999998
bristol,powergate,voyager,01111100,-4.5,6.814,6.094,-0.7199999999999998
bristol,powergate,voyager,01111101,-5.5,6.72,6.008,-0.7119999999999997
bristol,powergate,voyager,01111101,-5.0,6.77,6.057,-0.7129999999999992
bristol,powergate,voyager,01111101,-4.5,6.79,6.08,-0.71
bristol,powergate,voyager,01111110,-5.5,6.458,5.702,-0.7560000000000002
bristol,powergate,voyager,01111110,-5.0,6.508,5.752,-0.7560000000000002
bristol,powergate,voyager,01111110,-4.5,6.53,5.777,-0.7530000000000001
bristol,powergate,voyager,01111111,-5.5,6.227,5.447,-0.7800000000000002
bristol,powergate,voyager,01111111,-5.0,6.277,5.499,-0.7780000000000005
bristol,powergate,voyager,01111111,-4.5,6.297,5.519,-0.7779999999999996
bristol,powergate,voyager,10000000,-5.5,9.96,9.96,0.0
bristol,powergate,voyager,10000000,-5.0,10.01,10.01,0.0
bristol,powergate,voyager,10000000,-4.5,10.03,10.03,0.0
bristol,powergate,voyager,10000001,-5.5,9.69,9.61,-0.08000000000000007
bristol,powergate,voyager,10000001,-5.0,9.735,9.655,-0.08000000000000007
bristol,powergate,voyager,10000001,-4.5,9.75,9.675,-0.07499999999999929
bristol,powergate,voyager,10000010,-5.5,9.65,9.56,-0.08999999999999986
bristol,powergate,voyager,10000010,-5.0,9.695,9.605,-0.08999999999999986
bristol,powergate,voyager,10000010,-4.5,9.715,9.625,-0.08999999999999986
bristol,powergate,voyager,10000011,-5.5,8.593,8.223,-0.3699999999999992
bristol,powergate,voyager,10000011,-5.0,8.643,8.273,-0.370000000000001
bristol,powergate,voyager,10000011,-4.5,8.66,8.293,-0.3670000000000009
bristol,powergate,voyager,10000100,-5.5,9.595,9.49,-0.10500000000000043
bristol,powergate,voyager,10000100,-5.0,9.645,9.535,-0.10999999999999943
bristol,powergate,voyager,10000100,-4.5,9.665,9.55,-0.11499999999999844
bristol,powergate,voyager,10000101,-5.5,9.02,8.753,-0.26699999999999946
bristol,powergate,voyager,10000101,-5.0,9.07,8.803,-0.26699999999999946
bristol,powergate,voyager,10000101,-4.5,9.09,8.823,-0.26699999999999946
bristol,powergate,voyager,10000110,-5.5,8.543,8.163,-0.379999999999999
bristol,powergate,voyager,10000110,-5.0,8.59,8.207,-0.3829999999999991
bristol,powergate,voyager,10000110,-4.5,8.61,8.23,-0.379999999999999
bristol,powergate,voyager,10000111,-5.5,7.84,7.317,-0.5229999999999997
bristol,powergate,voyager,10000111,-5.0,7.888,7.367,-0.5209999999999999
bristol,powergate,voyager,10000111,-4.5,7.907,7.39,-0.5170000000000003
bristol,powergate,voyager,10001000,-5.5,9.51,9.38,-0.129999999999999
bristol,powergate,voyager,10001000,-5.0,9.56,9.43,-0.13000000000000078
bristol,powergate,voyager,10001000,-4.5,9.58,9.45,-0.13000000000000078
bristol,powergate,voyager,10001001,-5.5,9.133,8.9,-0.23299999999999876
bristol,powergate,voyager,10001001,-5.0,9.18,8.95,-0.23000000000000043
bristol,powergate,voyager,10001001,-4.5,9.2,8.97,-0.22999999999999865
bristol,powergate,voyager,10001010,-5.5,8.95,8.67,-0.27999999999999936
bristol,powergate,voyager,10001010,-5.0,9.0,8.713,-0.2870000000000008
bristol,powergate,voyager,10001010,-4.5,9.017,8.733,-0.2839999999999989
bristol,powergate,voyager,10001011,-5.5,8.182,7.728,-0.4540000000000006
bristol,powergate,voyager,10001011,-5.0,8.232,7.777,-0.4549999999999992
bristol,powergate,voyager,10001011,-4.5,8.252,7.798,-0.4540000000000006
bristol,powergate,voyager,10001100,-5.5,8.47,8.07,-0.40000000000000036
bristol,powergate,voyager,10001100,-5.0,8.517,8.117,-0.3999999999999986
bristol,powergate,voyager,10001100,-4.5,8.537,8.14,-0.39700000000000024
bristol,powergate,voyager,10001101,-5.5,8.165,7.707,-0.4579999999999993
bristol,powergate,voyager,10001101,-5.0,8.215,7.758,-0.45699999999999985
bristol,powergate,voyager,10001101,-4.5,8.235,7.78,-0.4549999999999992
bristol,powergate,voyager,10001110,-5.5,7.775,7.24,-0.5350000000000001
bristol,powergate,voyager,10001110,-5.0,7.825,7.29,-0.5350000000000001
bristol,powergate,voyager,10001110,-4.5,7.843,7.31,-0.5330000000000004
bristol,powergate,voyager,10001111,-5.5,7.282,6.664,-0.6180000000000003
bristol,powergate,voyager,10001111,-5.0,7.332,6.712,-0.6200000000000001
bristol,powergate,voyager,10001111,-4.5,7.354,6.734,-0.6200000000000001
bristol,powergate,voyager,10010000,-5.5,9.38,9.205,-0.1750000000000007
bristol,powergate,voyager,10010000,-5.0,9.43,9.255,-0.17499999999999893
bristol,powergate,voyager,10010000,-4.5,9.45,9.275,-0.17499999999999893
bristol,powergate,voyager,10010001,-5.5,9.14,8.9,-0.2400000000000002
bristol,powergate,voyager,10010001,-5.0,9.183,8.95,-0.23300000000000054
bristol,powergate,voyager,10010001,-4.5,9.203,8.97,-0.23299999999999876
bristol,powergate,voyager,10010010,-5.5,9.033,8.767,-0.266
bristol,powergate,voyager,10010010,-5.0,9.08,8.817,-0.2629999999999999
bristol,powergate,voyager,10010010,-4.5,9.1,8.837,-0.2629999999999999
bristol,powergate,voyager,10010011,-5.5,8.277,7.84,-0.4369999999999994
bristol,powergate,voyager,10010011,-5.0,8.325,7.89,-0.4349999999999996
bristol,powergate,voyager,10010011,-4.5,8.348,7.91,-0.4380000000000006
bristol,powergate,voyager,10010100,-5.5,8.84,8.527,-0.3130000000000006
bristol,powergate,voyager,10010100,-5.0,8.89,8.577,-0.3130000000000006
bristol,powergate,voyager,10010100,-4.5,8.91,8.597,-0.3130000000000006
bristol,powergate,voyager,10010101,-5.5,8.465,8.07,-0.3949999999999996
bristol,powergate,voyager,10010101,-5.0,8.515,8.12,-0.39500000000000135
bristol,powergate,voyager,10010101,-4.5,8.535,8.14,-0.3949999999999996
bristol,powergate,voyager,10010110,-5.5,8.095,7.617,-0.47800000000000065
bristol,powergate,voyager,10010110,-5.0,8.143,7.668,-0.47500000000000053
bristol,powergate,voyager,10010110,-4.5,8.165,7.69,-0.47499999999999876
bristol,powergate,voyager,10010111,-5.5,7.544,6.968,-0.5759999999999996
bristol,powergate,voyager,10010111,-5.0,7.594,7.016,-0.5780000000000003
bristol,powergate,voyager,10010111,-4.5,7.616,7.042,-0.5739999999999998
bristol,powergate,voyager,10011000,-5.5,8.35,7.923,-0.4269999999999996
bristol,powergate,voyager,10011000,-5.0,8.4,7.97,-0.4300000000000006
bristol,powergate,voyager,10011000,-4.5,8.42,7.993,-0.4269999999999996
bristol,powergate,voyager,10011001,-5.5,8.238,7.793,-0.4449999999999994
bristol,powergate,voyager,10011001,-5.0,8.287,7.842,-0.4450000000000012
bristol,powergate,voyager,10011001,-4.5,8.307,7.862,-0.4450000000000003
bristol,powergate,voyager,10011010,-5.5,8.072,7.593,-0.4789999999999992
bristol,powergate,voyager,10011010,-5.0,8.123,7.643,-0.47999999999999954
bristol,powergate,voyager,10011010,-4.5,8.143,7.662,-0.48100000000000076
bristol,powergate,voyager,10011011,-5.5,7.574,7.0,-0.5739999999999998
bristol,powergate,voyager,10011011,-5.0,7.624,7.05,-0.5739999999999998
bristol,powergate,voyager,10011011,-4.5,7.644,7.072,-0.5720000000000001
bristol,powergate,voyager,10011100,-5.5,7.678,7.117,-0.5609999999999999
bristol,powergate,voyager,10011100,-5.0,7.728,7.168,-0.5599999999999996
bristol,powergate,voyager,10011100,-4.5,7.747,7.19,-0.5569999999999995
bristol,powergate,voyager,10011101,-5.5,7.516,6.936,-0.5800000000000001
bristol,powergate,voyager,10011101,-5.0,7.566,6.986,-0.5800000000000001
bristol,powergate,voyager,10011101,-4.5,7.586,7.008,-0.5780000000000003
bristol,powergate,voyager,10011110,-5.5,7.2,6.562,-0.6379999999999999
bristol,powergate,voyager,10011110,-5.0,7.25,6.612,-0.6379999999999999
bristol,powergate,voyager,10011110,-4.5,7.272,6.634,-0.6379999999999999
bristol,powergate,voyager,10011111,-5.5,6.838,6.15,-0.6879999999999997
bristol,powergate,voyager,10011111,-5.0,6.887,6.2,-0.6869999999999994
bristol,powergate,voyager,10011111,-4.5,6.908,6.22,-0.6880000000000006
bristol,powergate,voyager,10100000,-5.5,9.125,8.875,-0.25
bristol,powergate,voyager,10100000,-5.0,9.165,8.92,-0.24499999999999922
bristol,powergate,voyager,10100000,-4.5,9.185,8.94,-0.245000000000001
bristol,powergate,voyager,10100001,-5.5,9.027,8.76,-0.26699999999999946
bristol,powergate,voyager,10100001,-5.0,9.07,8.807,-0.2629999999999999
bristol,powergate,voyager,10100001,-4.5,9.09,8.827,-0.2629999999999999
bristol,powergate,voyager,10100010,-5.5,8.95,8.67,-0.27999999999999936
bristol,powergate,voyager,10100010,-5.0,9.0,8.72,-0.27999999999999936
bristol,powergate,voyager,10100010,-4.5,9.02,8.74,-0.27999999999999936
bristol,powergate,voyager,10100011,-5.5,8.245,7.798,-0.4469999999999992
bristol,powergate,voyager,10100011,-5.0,8.295,7.848,-0.44700000000000006
bristol,powergate,voyager,10100011,-4.5,8.315,7.867,-0.4479999999999995
bristol,powergate,voyager,10100100,-5.5,8.84,8.527,-0.3130000000000006
bristol,powergate,voyager,10100100,-5.0,8.89,8.577,-0.3130000000000006
bristol,powergate,voyager,10100100,-4.5,8.91,8.597,-0.3130000000000006
bristol,powergate,voyager,10100101,-5.5,8.495,8.102,-0.3929999999999989
bristol,powergate,voyager,10100101,-5.0,8.543,8.15,-0.3929999999999989
bristol,powergate,voyager,10100101,-4.5,8.562,8.17,-0.39199999999999946
bristol,powergate,voyager,10100110,-5.5,8.133,7.66,-0.472999999999999
bristol,powergate,voyager,10100110,-5.0,8.18,7.71,-0.46999999999999975
bristol,powergate,voyager,10100110,-4.5,8.2,7.73,-0.46999999999999886
bristol,powergate,voyager,10100111,-5.5,7.59,7.018,-0.5720000000000001
bristol,powergate,voyager,10100111,-5.0,7.64,7.066,-0.5739999999999998
bristol,powergate,voyager,10100111,-4.5,7.66,7.088,-0.5720000000000001
bristol,powergate,voyager,10101000,-5.5,8.64,8.277,-0.3630000000000013
bristol,powergate,voyager,10101000,-5.0,8.69,8.327,-0.36299999999999955
bristol,powergate,voyager,10101000,-4.5,8.71,8.347,-0.3630000000000013
bristol,powergate,voyager,10101001,-5.5,8.468,8.072,-0.3960000000000008
bristol,powergate,voyager,10101001,-5.0,8.518,8.123,-0.39500000000000135
bristol,powergate,voyager,10101001,-4.5,8.537,8.143,-0.39400000000000013
bristol,powergate,voyager,10101010,-5.5,8.315,7.88,-0.4349999999999996
bristol,powergate,voyager,10101010,-5.0,8.36,7.93,-0.4299999999999997
bristol,powergate,voyager,10101010,-4.5,8.38,7.95,-0.4300000000000006
bristol,powergate,voyager,10101011,-5.5,7.768,7.23,-0.5379999999999994
bristol,powergate,voyager,10101011,-5.0,7.818,7.28,-0.5379999999999994
bristol,powergate,voyager,10101011,-4.5,7.838,7.3,-0.5380000000000003
bristol,powergate,voyager,10101100,-5.5,7.938,7.428,-0.5099999999999998
bristol,powergate,voyager,10101100,-5.0,7.987,7.478,-0.5090000000000003
bristol,powergate,voyager,10101100,-4.5,8.008,7.498,-0.5099999999999989
bristol,powergate,voyager,10101101,-5.5,7.732,7.188,-0.5440000000000005
bristol,powergate,voyager,10101101,-5.0,7.782,7.238,-0.5439999999999996
bristol,powergate,voyager,10101101,-4.5,7.802,7.258,-0.5439999999999996
bristol,powergate,voyager,10101110,-5.5,7.418,6.816,-0.6020000000000003
bristol,powergate,voyager,10101110,-5.0,7.468,6.866,-0.6020000000000003
bristol,powergate,voyager,10101110,-4.5,7.488,6.89,-0.5980000000000008
bristol,powergate,voyager,10101111,-5.5,7.023,6.36,-0.6629999999999994
bristol,powergate,voyager,10101111,-5.0,7.073,6.41,-0.6630000000000003
bristol,powergate,voyager,10101111,-4.5,7.093,6.433,-0.6600000000000001
bristol,powergate,voyager,10110000,-5.5,8.143,7.66,-0.48300000000000054
bristol,powergate,voyager,10110000,-5.0,8.19,7.71,-0.47999999999999954
bristol,powergate,voyager,10110000,-4.5,8.213,7.733,-0.47999999999999954
bristol,powergate,voyager,10110001,-5.5,8.172,7.713,-0.4590000000000005
bristol,powergate,voyager,10110001,-5.0,8.223,7.763,-0.46000000000000085
bristol,powergate,voyager,10110001,-4.5,8.242,7.782,-0.46000000000000085
bristol,powergate,voyager,10110010,-5.5,8.075,7.598,-0.4769999999999994
bristol,powergate,voyager,10110010,-5.0,8.123,7.643,-0.47999999999999954
bristol,powergate,voyager,10110010,-4.5,8.145,7.662,-0.48299999999999965
bristol,powergate,voyager,10110011,-5.5,7.62,7.048,-0.5720000000000001
bristol,powergate,voyager,10110011,-5.0,7.668,7.098,-0.5700000000000003
bristol,powergate,voyager,10110011,-4.5,7.69,7.118,-0.5720000000000001
bristol,powergate,voyager,10110100,-5.5,7.905,7.385,-0.5200000000000005
bristol,powergate,voyager,10110100,-5.0,7.955,7.435,-0.5200000000000005
bristol,powergate,voyager,10110100,-4.5,7.975,7.457,-0.5179999999999998
bristol,powergate,voyager,10110101,-5.5,7.732,7.188,-0.5440000000000005
bristol,powergate,voyager,10110101,-5.0,7.782,7.238,-0.5439999999999996
bristol,powergate,voyager,10110101,-4.5,7.802,7.258,-0.5439999999999996
bristol,powergate,voyager,10110110,-5.5,7.44,6.836,-0.6040000000000001
bristol,powergate,voyager,10110110,-5.0,7.488,6.886,-0.6020000000000003
bristol,powergate,voyager,10110110,-4.5,7.51,6.906,-0.6040000000000001
bristol,powergate,voyager,10110111,-5.5,7.055,6.395,-0.6600000000000001
bristol,powergate,voyager,10110111,-5.0,7.105,6.445,-0.6600000000000001
bristol,powergate,voyager,10110111,-4.5,7.127,6.467,-0.6600000000000001
bristol,powergate,voyager,10111000,-5.5,7.508,6.918,-0.5899999999999999
bristol,powergate,voyager,10111000,-5.0,7.558,6.968,-0.5899999999999999
bristol,powergate,voyager,10111000,-4.5,7.578,6.987,-0.5910000000000002
bristol,powergate,voyager,10111001,-5.5,7.522,6.942,-0.5800000000000001
bristol,powergate,voyager,10111001,-5.0,7.572,6.992,-0.5800000000000001
bristol,powergate,voyager,10111001,-4.5,7.592,7.012,-0.5800000000000001
bristol,powergate,voyager,10111010,-5.5,7.38,6.768,-0.6120000000000001
bristol,powergate,voyager,10111010,-5.0,7.43,6.82,-0.6099999999999994
bristol,powergate,voyager,10111010,-4.5,7.45,6.842,-0.6080000000000005
bristol,powergate,voyager,10111011,-5.5,7.047,6.38,-0.6669999999999998
bristol,powergate,voyager,10111011,-5.0,7.097,6.43,-0.6670000000000007
bristol,powergate,voyager,10111011,-4.5,7.117,6.452,-0.665
bristol,powergate,voyager,10111100,-5.5,7.06,6.394,-0.6659999999999995
bristol,powergate,voyager,10111100,-5.0,7.11,6.446,-0.6640000000000006
bristol,powergate,voyager,10111100,-4.5,7.132,6.468,-0.6639999999999997
bristol,powergate,voyager,10111101,-5.5,6.98,6.317,-0.6630000000000003
bristol,powergate,voyager,10111101,-5.0,7.03,6.367,-0.6630000000000003
bristol,powergate,voyager,10111101,-4.5,7.052,6.387,-0.665
bristol,powergate,voyager,10111110,-5.5,6.723,6.01,-0.7130000000000001
bristol,powergate,voyager,10111110,-5.0,6.773,6.06,-0.7130000000000001
bristol,powergate,voyager,10111110,-4.5,6.793,6.08,-0.7130000000000001
bristol,powergate,voyager,10111111,-5.5,6.453,5.704,-0.7490000000000006
bristol,powergate,voyager,10111111,-5.0,6.503,5.754,-0.7490000000000006
bristol,powergate,voyager,10111111,-4.5,6.523,5.777,-0.7459999999999996
bristol,powergate,voyager,11000000,-5.5,8.405,7.96,-0.4449999999999994
bristol,powergate,voyager,11000000,-5.0,8.45,8.01,-0.4399999999999995
bristol,powergate,voyager,11000000,-4.5,8.47,8.03,-0.4400000000000013
bristol,powergate,voyager,11000001,-5.5,8.603,8.23,-0.37299999999999933
bristol,powergate,voyager,11000001,-5.0,8.653,8.28,-0.3730000000000011
bristol,powergate,voyager,11000001,-4.5,8.673,8.3,-0.37299999999999933
bristol,powergate,voyager,11000010,-5.5,8.55,8.163,-0.38700000000000045
bristol,powergate,voyager,11000010,-5.0,8.6,8.213,-0.38700000000000045
bristol,powergate,voyager,11000010,-4.5,8.62,8.233,-0.3869999999999987
bristol,powergate,voyager,11000011,-5.5,7.975,7.457,-0.5179999999999998
bristol,powergate,voyager,11000011,-5.0,8.025,7.508,-0.5170000000000003
bristol,powergate,voyager,11000011,-4.5,8.045,7.527,-0.5179999999999998
bristol,powergate,voyager,11000100,-5.5,8.477,8.073,-0.4039999999999999
bristol,powergate,voyager,11000100,-5.0,8.527,8.123,-0.4039999999999999
bristol,powergate,voyager,11000100,-4.5,8.547,8.143,-0.4039999999999999
bristol,powergate,voyager,11000101,-5.5,8.25,7.8,-0.4500000000000002
bristol,powergate,voyager,11000101,-5.0,8.3,7.848,-0.45200000000000085
bristol,powergate,voyager,11000101,-4.5,8.32,7.867,-0.4530000000000003
bristol,powergate,voyager,11000110,-5.5,7.897,7.365,-0.532
bristol,powergate,voyager,11000110,-5.0,7.947,7.415,-0.532
bristol,powergate,voyager,11000110,-4.5,7.967,7.435,-0.532
bristol,powergate,voyager,11000111,-5.5,7.42,6.806,-0.6139999999999999
bristol,powergate,voyager,11000111,-5.0,7.468,6.856,-0.6120000000000001
bristol,powergate,voyager,11000111,-4.5,7.492,6.876,-0.6159999999999997
bristol,powergate,voyager,11001000,-5.5,8.357,7.923,-0.4339999999999993
bristol,powergate,voyager,11001000,-5.0,8.407,7.973,-0.43400000000000016
bristol,powergate,voyager,11001000,-4.5,8.427,7.993,-0.4339999999999993
bristol,powergate,voyager,11001001,-5.5,8.283,7.845,-0.4379999999999997
bristol,powergate,voyager,11001001,-5.0,8.332,7.893,-0.43900000000000095
bristol,powergate,voyager,11001001,-4.5,8.352,7.912,-0.4400000000000004
bristol,powergate,voyager,11001010,-5.5,8.135,7.66,-0.47499999999999964
bristol,powergate,voyager,11001010,-5.0,8.185,7.71,-0.47500000000000053
bristol,powergate,voyager,11001010,-4.5,8.205,7.732,-0.47299999999999986
bristol,powergate,voyager,11001011,-5.5,7.644,7.076,-0.5680000000000005
bristol,powergate,voyager,11001011,-5.0,7.692,7.124,-0.5680000000000005
bristol,powergate,voyager,11001011,-4.5,7.714,7.146,-0.5680000000000005
bristol,powergate,voyager,11001100,-5.5,7.775,7.223,-0.5520000000000005
bristol,powergate,voyager,11001100,-5.0,7.825,7.272,-0.5529999999999999
bristol,powergate,voyager,11001100,-4.5,7.845,7.293,-0.5519999999999996
bristol,powergate,voyager,11001101,-5.5,7.618,7.046,-0.5720000000000001
bristol,powergate,voyager,11001101,-5.0,7.668,7.096,-0.5720000000000001
bristol,powergate,voyager,11001101,-4.5,7.69,7.118,-0.5720000000000001
bristol,powergate,voyager,11001110,-5.5,7.31,6.678,-0.6319999999999997
bristol,powergate,voyager,11001110,-5.0,7.36,6.728,-0.6320000000000006
bristol,powergate,voyager,11001110,-4.5,7.382,6.75,-0.6319999999999997
bristol,powergate,voyager,11001111,-5.5,6.945,6.26,-0.6850000000000005
bristol,powergate,voyager,11001111,-5.0,6.995,6.31,-0.6850000000000005
bristol,powergate,voyager,11001111,-4.5,7.017,6.332,-0.6850000000000005
bristol,powergate,voyager,11010000,-5.5,8.143,7.663,-0.4800000000000004
bristol,powergate,voyager,11010000,-5.0,8.193,7.713,-0.47999999999999954
bristol,powergate,voyager,11010000,-4.5,8.213,7.737,-0.4759999999999991
bristol,powergate,voyager,11010001,-5.5,8.193,7.73,-0.4629999999999992
bristol,powergate,voyager,11010001,-5.0,8.24,7.78,-0.45999999999999996
bristol,powergate,voyager,11010001,-4.5,8.263,7.803,-0.45999999999999996
bristol,powergate,voyager,11010010,-5.5,8.098,7.62,-0.47800000000000065
bristol,powergate,voyager,11010010,-5.0,8.148,7.67,-0.47799999999999976
bristol,powergate,voyager,11010010,-4.5,8.168,7.69,-0.47799999999999887
bristol,powergate,voyager,11010011,-5.5,7.646,7.076,-0.5700000000000003
bristol,powergate,voyager,11010011,-5.0,7.696,7.124,-0.5720000000000001
bristol,powergate,voyager,11010011,-4.5,7.716,7.148,-0.5680000000000005
bristol,powergate,voyager,11010100,-5.5,7.942,7.43,-0.5120000000000005
bristol,powergate,voyager,11010100,-5.0,7.992,7.48,-0.5119999999999996
bristol,powergate,voyager,11010100,-4.5,8.012,7.5,-0.5120000000000005
bristol,powergate,voyager,11010101,-5.5,7.776,7.234,-0.5419999999999998
bristol,powergate,voyager,11010101,-5.0,7.824,7.282,-0.5419999999999998
bristol,powergate,voyager,11010101,-4.5,7.844,7.304,-0.54
bristol,powergate,voyager,11010110,-5.5,7.482,6.88,-0.6020000000000003
bristol,powergate,voyager,11010110,-5.0,7.532,6.93,-0.6020000000000003
bristol,powergate,voyager,11010110,-4.5,7.552,6.952,-0.5999999999999996
bristol,powergate,voyager,11010111,-5.5,7.097,6.437,-0.6600000000000001
bristol,powergate,voyager,11010111,-5.0,7.145,6.487,-0.6579999999999995
bristol,powergate,voyager,11010111,-4.5,7.167,6.508,-0.6589999999999998
bristol,powergate,voyager,11011000,-5.5,7.57,6.982,-0.5880000000000001
bristol,powergate,voyager,11011000,-5.0,7.62,7.032,-0.5880000000000001
bristol,powergate,voyager,11011000,-4.5,7.64,7.053,-0.5869999999999997
bristol,powergate,voyager,11011001,-5.5,7.578,7.002,-0.5760000000000005
bristol,powergate,voyager,11011001,-5.0,7.628,7.052,-0.5760000000000005
bristol,powergate,voyager,11011001,-4.5,7.65,7.074,-0.5760000000000005
bristol,powergate,voyager,11011010,-5.5,7.442,6.84,-0.6020000000000003
bristol,powergate,voyager,11011010,-5.0,7.492,6.89,-0.6020000000000003
bristol,powergate,voyager,11011010,-4.5,7.512,6.91,-0.6019999999999994
bristol,powergate,voyager,11011011,-5.5,7.103,6.443,-0.6600000000000001
bristol,powergate,voyager,11011011,-5.0,7.153,6.493,-0.6599999999999993
bristol,powergate,voyager,11011011,-4.5,7.173,6.515,-0.6580000000000004
bristol,powergate,voyager,11011100,-5.5,7.128,6.47,-0.6580000000000004
bristol,powergate,voyager,11011100,-5.0,7.178,6.52,-0.6580000000000004
bristol,powergate,voyager,11011100,-4.5,7.2,6.54,-0.6600000000000001
bristol,powergate,voyager,11011101,-5.5,7.047,6.383,-0.6639999999999997
bristol,powergate,voyager,11011101,-5.0,7.097,6.433,-0.6640000000000006
bristol,powergate,voyager,11011101,-4.5,7.117,6.453,-0.6639999999999997
bristol,powergate,voyager,11011110,-5.5,6.787,6.077,-0.71
bristol,powergate,voyager,11011110,-5.0,6.837,6.127,-0.71
bristol,powergate,voyager,11011110,-4.5,6.858,6.15,-0.7079999999999993
bristol,powergate,voyager,11011111,-5.5,6.509,5.769,-0.7400000000000002
bristol,powergate,voyager,11011111,-5.0,6.559,5.819,-0.7400000000000002
bristol,powergate,voyager,11011111,-4.5,6.58,5.839,-0.7409999999999997
bristol,powergate,voyager,11100000,-5.5,7.623,7.03,-0.593
bristol,powergate,voyager,11100000,-5.0,7.67,7.08,-0.5899999999999999
bristol,powergate,voyager,11100000,-4.5,7.693,7.1,-0.593
bristol,powergate,voyager,11100001,-5.5,7.853,7.328,-0.5249999999999995
bristol,powergate,voyager,11100001,-5.0,7.902,7.378,-0.524
bristol,powergate,voyager,11100001,-4.5,7.92,7.4,-0.5199999999999996
bristol,powergate,voyager,11100010,-5.5,7.785,7.248,-0.5369999999999999
bristol,powergate,voyager,11100010,-5.0,7.833,7.297,-0.5360000000000005
bristol,powergate,voyager,11100010,-4.5,7.855,7.318,-0.5370000000000008
bristol,powergate,voyager,11100011,-5.5,7.422,6.808,-0.6139999999999999
bristol,powergate,voyager,11100011,-5.0,7.472,6.858,-0.6140000000000008
bristol,powergate,voyager,11100011,-4.5,7.494,6.88,-0.6139999999999999
bristol,powergate,voyager,11100100,-5.5,7.685,7.123,-0.5619999999999994
bristol,powergate,voyager,11100100,-5.0,7.735,7.17,-0.5650000000000004
bristol,powergate,voyager,11100100,-4.5,7.755,7.197,-0.5579999999999998
bristol,powergate,voyager,11100101,-5.5,7.596,7.02,-0.5760000000000005
bristol,powergate,voyager,11100101,-5.0,7.646,7.07,-0.5759999999999996
bristol,powergate,voyager,11100101,-4.5,7.666,7.09,-0.5760000000000005
bristol,powergate,voyager,11100110,-5.5,7.316,6.682,-0.6339999999999995
bristol,powergate,voyager,11100110,-5.0,7.366,6.732,-0.6339999999999995
bristol,powergate,voyager,11100110,-4.5,7.386,6.754,-0.6320000000000006
bristol,powergate,voyager,11100111,-5.5,6.972,6.29,-0.6820000000000004
bristol,powergate,voyager,11100111,-5.0,7.022,6.34,-0.6820000000000004
bristol,powergate,voyager,11100111,-4.5,7.043,6.362,-0.681
bristol,powergate,voyager,11101000,-5.5,7.513,6.918,-0.5949999999999998
bristol,powergate,voyager,11101000,-5.0,7.562,6.968,-0.5940000000000003
bristol,powergate,voyager,11101000,-4.5,7.582,6.987,-0.5949999999999998
bristol,powergate,voyager,11101001,-5.5,7.552,6.976,-0.5759999999999996
bristol,powergate,voyager,11101001,-5.0,7.602,7.024,-0.5780000000000003
bristol,powergate,voyager,11101001,-4.5,7.622,7.044,-0.5780000000000003
bristol,powergate,voyager,11101010,-5.5,7.424,6.82,-0.6040000000000001
bristol,powergate,voyager,11101010,-5.0,7.472,6.87,-0.6020000000000003
bristol,powergate,voyager,11101010,-4.5,7.494,6.892,-0.6019999999999994
bristol,powergate,voyager,11101011,-5.5,7.098,6.437,-0.6609999999999996
bristol,powergate,voyager,11101011,-5.0,7.147,6.487,-0.6600000000000001
bristol,powergate,voyager,11101011,-4.5,7.168,6.51,-0.6580000000000004
bristol,powergate,voyager,11101100,-5.5,7.132,6.47,-0.6619999999999999
bristol,powergate,voyager,11101100,-5.0,7.182,6.522,-0.6600000000000001
bristol,powergate,voyager,11101100,-4.5,7.202,6.544,-0.6580000000000004
bristol,powergate,voyager,11101101,-5.5,7.06,6.397,-0.6629999999999994
bristol,powergate,voyager,11101101,-5.0,7.11,6.448,-0.6619999999999999
bristol,powergate,voyager,11101101,-4.5,7.13,6.468,-0.6619999999999999
bristol,powergate,voyager,11101110,-5.5,6.807,6.095,-0.7120000000000006
bristol,powergate,voyager,11101110,-5.0,6.855,6.145,-0.7100000000000009
bristol,powergate,voyager,11101110,-4.5,6.877,6.168,-0.7089999999999996
bristol,powergate,voyager,11101111,-5.5,6.533,5.79,-0.7430000000000003
bristol,powergate,voyager,11101111,-5.0,6.584,5.84,-0.7439999999999998
bristol,powergate,voyager,11101111,-4.5,6.604,5.863,-0.7409999999999997
bristol,powergate,voyager,11110000,-5.5,7.112,6.442,-0.6699999999999999
bristol,powergate,voyager,11110000,-5.0,7.162,6.492,-0.6699999999999999
bristol,powergate,voyager,11110000,-4.5,7.185,6.515,-0.6699999999999999
bristol,powergate,voyager,11110001,-5.5,7.294,6.67,-0.6239999999999997
bristol,powergate,voyager,11110001,-5.0,7.34,6.722,-0.6179999999999994
bristol,powergate,voyager,11110001,-4.5,7.362,6.742,-0.6200000000000001
bristol,powergate,voyager,11110010,-5.5,7.206,6.57,-0.6360000000000001
bristol,powergate,voyager,11110010,-5.0,7.256,6.618,-0.6379999999999999
bristol,powergate,voyager,11110010,-4.5,7.276,6.638,-0.6379999999999999
bristol,powergate,voyager,11110011,-5.5,6.947,6.263,-0.6840000000000002
bristol,powergate,voyager,11110011,-5.0,6.997,6.313,-0.6840000000000002
bristol,powergate,voyager,11110011,-4.5,7.018,6.337,-0.681
bristol,powergate,voyager,11110100,-5.5,7.064,6.398,-0.6660000000000004
bristol,powergate,voyager,11110100,-5.0,7.114,6.448,-0.6659999999999995
bristol,powergate,voyager,11110100,-4.5,7.136,6.468,-0.6680000000000001
bristol,powergate,voyager,11110101,-5.5,7.028,6.365,-0.6629999999999994
bristol,powergate,voyager,11110101,-5.0,7.078,6.415,-0.6630000000000003
bristol,powergate,voyager,11110101,-4.5,7.098,6.437,-0.6609999999999996
bristol,powergate,voyager,11110110,-5.5,6.788,6.08,-0.7080000000000002
bristol,powergate,voyager,11110110,-5.0,6.838,6.13,-0.7080000000000002
bristol,powergate,voyager,11110110,-4.5,6.858,6.153,-0.7050000000000001
bristol,powergate,voyager,11110111,-5.5,6.533,5.791,-0.742
bristol,powergate,voyager,11110111,-5.0,6.583,5.841,-0.742
bristol,powergate,voyager,11110111,-4.5,6.606,5.863,-0.7429999999999994
bristol,powergate,voyager,11111000,-5.5,6.746,6.026,-0.7200000000000006
bristol,powergate,voyager,11111000,-5.0,6.796,6.078,-0.718
bristol,powergate,voyager,11111000,-4.5,6.82,6.102,-0.718
bristol,powergate,voyager,11111001,-5.5,6.845,6.153,-0.6920000000000002
bristol,powergate,voyager,11111001,-5.0,6.895,6.203,-0.6919999999999993
bristol,powergate,voyager,11111001,-4.5,6.917,6.223,-0.694
bristol,powergate,voyager,11111010,-5.5,6.725,6.012,-0.7130000000000001
bristol,powergate,voyager,11111010,-5.0,6.775,6.062,-0.7130000000000001
bristol,powergate,voyager,11111010,-4.5,6.795,6.083,-0.7119999999999997
bristol,powergate,voyager,11111011,-5.5,6.513,5.769,-0.7439999999999998
bristol,powergate,voyager,11111011,-5.0,6.564,5.819,-0.7450000000000001
bristol,powergate,voyager,11111011,-4.5,6.586,5.841,-0.7450000000000001
bristol,powergate,voyager,11111100,-5.5,6.463,5.71,-0.7530000000000001
bristol,powergate,voyager,11111100,-5.0,6.513,5.76,-0.7530000000000001
bristol,powergate,voyager,11111100,-4.5,6.533,5.78,-0.7530000000000001
bristol,powergate,voyager,11111101,-5.5,6.453,5.706,-0.7469999999999999
bristol,powergate,voyager,11111101,-5.0,6.503,5.756,-0.7469999999999999
bristol,powergate,voyager,11111101,-4.5,6.526,5.779,-0.7469999999999999
bristol,powergate,voyager,11111110,-5.5,6.236,5.451,-0.7850000000000001
bristol,powergate,voyager,11111110,-5.0,6.286,5.501,-0.7849999999999993
bristol,powergate,voyager,11111110,-4.5,6.306,5.523,-0.7830000000000004
bristol,powergate,voyager,11111111,-5.5,6.04,5.237,-0.8029999999999999
bristol,powergate,voyager,11111111,-5.0,6.091,5.289,-0.8020000000000005
bristol,powergate,voyager,11111111,-4.5,6.112,5.312,-0.7999999999999998
bristol,reading,voyager,00000001,-5.5,10.08,10.09,0.009999999999999787
bristol,reading,voyager,00000001,-5.0,10.08,10.09,0.009999999999999787
bristol,reading,voyager,00000001,-4.5,10.07,10.08,0.009999999999999787
bristol,reading,voyager,00000010,-5.5,10.09,10.1,0.009999999999999787
bristol,reading,voyager,00000010,-5.0,10.09,10.09,0.0
bristol,reading,voyager,00000010,-4.5,10.07,10.08,0.009999999999999787
bristol,reading,voyager,00000011,-5.5,8.53,8.095,-0.4349999999999987
bristol,reading,voyager,00000011,-5.0,8.525,8.09,-0.4350000000000005
bristol,reading,voyager,00000011,-4.5,8.515,8.08,-0.4350000000000005
bristol,reading,voyager,00000100,-5.5,10.09,10.1,0.009999999999999787
bristol,reading,voyager,00000100,-5.0,10.09,10.1,0.009999999999999787
bristol,reading,voyager,00000100,-4.5,10.08,10.09,0.009999999999999787
bristol,reading,voyager,00000101,-5.5,9.255,9.015,-0.2400000000000002
bristol,reading,voyager,00000101,-5.0,9.25,9.005,-0.24499999999999922
bristol,reading,voyager,00000101,-4.5,9.235,8.995,-0.2400000000000002
bristol,reading,voyager,00000110,-5.5,8.535,8.1,-0.4350000000000005
bristol,reading,voyager,00000110,-5.0,8.53,8.095,-0.4349999999999987
bristol,reading,voyager,00000110,-4.5,8.52,8.085,-0.4349999999999987
bristol,reading,voyager,00000111,-5.5,7.753,7.163,-0.5899999999999999
bristol,reading,voyager,00000111,-5.0,7.743,7.16,-0.5830000000000002
bristol,reading,voyager,00000111,-4.5,7.733,7.15,-0.5829999999999993
bristol,reading,voyager,00001000,-5.5,10.1,10.11,0.009999999999999787
bristol,reading,voyager,00001000,-5.0,10.1,10.1,0.0
bristol,reading,voyager,00001000,-4.5,10.09,10.09,0.0
bristol,reading,voyager,00001001,-5.5,9.52,9.35,-0.16999999999999993
bristol,reading,voyager,00001001,-5.0,9.515,9.345,-0.16999999999999993
bristol,reading,voyager,00001001,-4.5,9.505,9.335,-0.16999999999999993
bristol,reading,voyager,00001010,-5.5,9.255,9.015,-0.2400000000000002
bristol,reading,voyager,00001010,-5.0,9.255,9.015,-0.2400000000000002
bristol,reading,voyager,00001010,-4.5,9.245,9.0,-0.24499999999999922
bristol,reading,voyager,00001011,-5.5,8.28,7.8,-0.47999999999999954
bristol,reading,voyager,00001011,-5.0,8.273,7.8,-0.47299999999999986
bristol,reading,voyager,00001011,-4.5,8.263,7.79,-0.47299999999999986
bristol,reading,voyager,00001100,-5.5,8.54,8.105,-0.4349999999999987
bristol,reading,voyager,00001100,-5.0,8.535,8.1,-0.4350000000000005
bristol,reading,voyager,00001100,-4.5,8.525,8.09,-0.4350000000000005
bristol,reading,voyager,00001101,-5.5,8.28,7.803,-0.4769999999999994
bristol,reading,voyager,00001101,-5.0,8.277,7.8,-0.4769999999999994
bristol,reading,voyager,00001101,-4.5,8.267,7.79,-0.4769999999999994
bristol,reading,voyager,00001110,-5.5,7.753,7.17,-0.5830000000000002
bristol,reading,voyager,00001110,-5.0,7.753,7.167,-0.5860000000000003
bristol,reading,voyager,00001110,-4.5,7.743,7.153,-0.5900000000000007
bristol,reading,voyager,00001111,-5.5,7.248,6.582,-0.6660000000000004
bristol,reading,voyager,00001111,-5.0,7.245,6.582,-0.6630000000000003
bristol,reading,voyager,00001111,-4.5,7.232,6.57,-0.6619999999999999
bristol,reading,voyager,00010000,-5.5,10.11,10.11,0.0
bristol,reading,voyager,00010000,-5.0,10.1,10.11,0.009999999999999787
bristol,reading,voyager,00010000,-4.5,10.09,10.09,0.0
bristol,reading,voyager,00010001,-5.5,9.66,9.53,-0.13000000000000078
bristol,reading,voyager,00010001,-5.0,9.655,9.525,-0.129999999999999
bristol,reading,voyager,00010001,-4.5,9.64,9.515,-0.125
bristol,reading,voyager,00010010,-5.5,9.525,9.355,-0.16999999999999993
bristol,reading,voyager,00010010,-5.0,9.52,9.35,-0.16999999999999993
bristol,reading,voyager,00010010,-4.5,9.51,9.34,-0.16999999999999993
bristol,reading,voyager,00010011,-5.5,8.497,8.067,-0.4299999999999997
bristol,reading,voyager,00010011,-5.0,8.49,8.067,-0.42300000000000004
bristol,reading,voyager,00010011,-4.5,8.48,8.053,-0.4269999999999996
bristol,reading,voyager,00010100,-5.5,9.265,9.02,-0.245000000000001
bristol,reading,voyager,00010100,-5.0,9.265,9.015,-0.25
bristol,reading,voyager,00010100,-4.5,9.25,9.005,-0.24499999999999922
bristol,reading,voyager,00010101,-5.5,8.783,8.423,-0.35999999999999943
bristol,reading,voyager,00010101,-5.0,8.78,8.42,-0.35999999999999943
bristol,reading,voyager,00010101,-4.5,8.767,8.41,-0.3569999999999993
bristol,reading,voyager,00010110,-5.5,8.283,7.807,-0.4759999999999991
bristol,reading,voyager,00010110,-5.0,8.28,7.807,-0.472999999999999
bristol,reading,voyager,00010110,-4.5,8.27,7.79,-0.47999999999999954
bristol,reading,voyager,00010111,-5.5,7.65,7.057,-0.593
bristol,reading,voyager,00010111,-5.0,7.648,7.057,-0.5909999999999993
bristol,reading,voyager,00010111,-4.5,7.635,7.047,-0.5880000000000001
bristol,reading,voyager,00011000,-5.5,8.545,8.11,-0.4350000000000005
bristol,reading,voyager,00011000,-5.0,8.54,8.105,-0.4349999999999987
bristol,reading,voyager,00011000,-4.5,8.53,8.095,-0.4349999999999987
bristol,reading,voyager,00011001,-5.5,8.5,8.073,-0.4269999999999996
bristol,reading,voyager,00011001,-5.0,8.497,8.067,-0.4299999999999997
bristol,reading,voyager,00011001,-4.5,8.483,8.057,-0.42600000000000016
bristol,reading,voyager,00011010,-5.5,8.287,7.81,-0.4770000000000012
bristol,reading,voyager,00011010,-5.0,8.283,7.807,-0.4759999999999991
bristol,reading,voyager,00011010,-4.5,8.273,7.793,-0.47999999999999954
bristol,reading,voyager,00011011,-5.5,7.71,7.122,-0.5880000000000001
bristol,reading,voyager,00011011,-5.0,7.707,7.122,-0.585
bristol,reading,voyager,00011011,-4.5,7.697,7.112,-0.585
bristol,reading,voyager,00011100,-5.5,7.763,7.17,-0.593
bristol,reading,voyager,00011100,-5.0,7.753,7.17,-0.5830000000000002
bristol,reading,voyager,00011100,-4.5,7.743,7.16,-0.5830000000000002
bristol,reading,voyager,00011101,-5.5,7.652,7.062,-0.5899999999999999
bristol,reading,voyager,00011101,-5.0,7.65,7.058,-0.5920000000000005
bristol,reading,voyager,00011101,-4.5,7.638,7.047,-0.5910000000000002
bristol,reading,voyager,00011110,-5.5,7.252,6.588,-0.6639999999999997
bristol,reading,voyager,00011110,-5.0,7.252,6.582,-0.6699999999999999
bristol,reading,voyager,00011110,-4.5,7.242,6.572,-0.6699999999999999
bristol,reading,voyager,00011111,-5.5,6.886,6.172,-0.7140000000000004
bristol,reading,voyager,00011111,-5.0,6.884,6.166,-0.718
bristol,reading,voyager,00011111,-4.5,6.874,6.154,-0.7199999999999998
bristol,reading,voyager,00100000,-5.5,10.11,10.11,0.0
bristol,reading,voyager,00100000,-5.0,10.11,10.11,0.0
bristol,reading,voyager,00100000,-4.5,10.1,10.1,0.0
bristol,reading,voyager,00100001,-5.5,9.745,9.64,-0.10499999999999865
bristol,reading,voyager,00100001,-5.0,9.745,9.64,-0.10499999999999865
bristol,reading,voyager,00100001,-4.5,9.73,9.625,-0.10500000000000043
bristol,reading,voyager,00100010,-5.5,9.66,9.53,-0.13000000000000078
bristol,reading,voyager,00100010,-5.0,9.66,9.53,-0.13000000000000078
bristol,reading,voyager,00100010,-4.5,9.65,9.52,-0.13000000000000078
bristol,reading,voyager,00100011,-5.5,8.62,8.217,-0.4029999999999987
bristol,reading,voyager,00100011,-5.0,8.613,8.213,-0.40000000000000036
bristol,reading,voyager,00100011,-4.5,8.603,8.203,-0.40000000000000036
bristol,reading,voyager,00100100,-5.5,9.53,9.355,-0.17499999999999893
bristol,reading,voyager,00100100,-5.0,9.525,9.355,-0.16999999999999993
bristol,reading,voyager,00100100,-4.5,9.515,9.345,-0.16999999999999993
bristol,reading,voyager,00100101,-5.5,8.99,8.677,-0.3130000000000006
bristol,reading,voyager,00100101,-5.0,8.983,8.677,-0.30600000000000094
bristol,reading,voyager,00100101,-4.5,8.973,8.667,-0.30600000000000094
bristol,reading,voyager,00100110,-5.5,8.5,8.073,-0.4269999999999996
bristol,reading,voyager,00100110,-5.0,8.5,8.067,-0.43299999999999983
bristol,reading,voyager,00100110,-4.5,8.487,8.057,-0.4299999999999997
bristol,reading,voyager,00100111,-5.5,7.827,7.268,-0.5590000000000002
bristol,reading,voyager,00100111,-5.0,7.822,7.265,-0.5570000000000004
bristol,reading,voyager,00100111,-4.5,7.808,7.255,-0.5529999999999999
bristol,reading,voyager,00101000,-5.5,9.27,9.025,-0.24499999999999922
bristol,reading,voyager,00101000,-5.0,9.265,9.02,-0.245000000000001
bristol,reading,voyager,00101000,-4.5,9.255,9.005,-0.25
bristol,reading,voyager,00101001,-5.5,8.99,8.677,-0.3130000000000006
bristol,reading,voyager,00101001,-5.0,8.987,8.677,-0.3100000000000005
bristol,reading,voyager,00101001,-4.5,8.977,8.667,-0.3100000000000005
bristol,reading,voyager,00101010,-5.5,8.787,8.43,-0.3570000000000011
bristol,reading,voyager,00101010,-5.0,8.787,8.427,-0.3600000000000012
bristol,reading,voyager,00101010,-4.5,8.777,8.413,-0.363999999999999
bristol,reading,voyager,00101011,-5.5,8.085,7.575,-0.5100000000000007
bristol,reading,voyager,00101011,-5.0,8.085,7.572,-0.5130000000000008
bristol,reading,voyager,00101011,-4.5,8.075,7.56,-0.5149999999999997
bristol,reading,voyager,00101100,-5.5,8.29,7.81,-0.47999999999999954
bristol,reading,voyager,00101100,-5.0,8.287,7.81,-0.4770000000000012
bristol,reading,voyager,00101100,-4.5,8.273,7.797,-0.476
bristol,reading,voyager,00101101,-5.5,8.05,7.535,-0.5150000000000006
bristol,reading,voyager,00101101,-5.0,8.047,7.532,-0.5150000000000006
bristol,reading,voyager,00101101,-4.5,8.035,7.522,-0.5129999999999999
bristol,reading,voyager,00101110,-5.5,7.655,7.062,-0.593
bristol,reading,voyager,00101110,-5.0,7.652,7.057,-0.5949999999999998
bristol,reading,voyager,00101110,-4.5,7.643,7.047,-0.5960000000000001
bristol,reading,voyager,00101111,-5.5,7.208,6.544,-0.6640000000000006
bristol,reading,voyager,00101111,-5.0,7.202,6.542,-0.6600000000000001
bristol,reading,voyager,00101111,-4.5,7.19,6.53,-0.6600000000000001
bristol,reading,voyager,00110000,-5.5,8.55,8.11,-0.4400000000000013
bristol,reading,voyager,00110000,-5.0,8.545,8.11,-0.4350000000000005
bristol,reading,voyager,00110000,-4.5,8.535,8.1,-0.4350000000000005
bristol,reading,voyager,00110001,-5.5,8.623,8.223,-0.3999999999999986
bristol,reading,voyager,00110001,-5.0,8.62,8.22,-0.3999999999999986
bristol,reading,voyager,00110001,-4.5,8.607,8.21,-0.39699999999999847
bristol,reading,voyager,00110010,-5.5,8.503,8.073,-0.4299999999999997
bristol,reading,voyager,00110010,-5.0,8.503,8.073,-0.4299999999999997
bristol,reading,voyager,00110010,-4.5,8.493,8.063,-0.4299999999999997
bristol,reading,voyager,00110011,-5.5,7.923,7.373,-0.5499999999999998
bristol,reading,voyager,00110011,-5.0,7.92,7.367,-0.5529999999999999
bristol,reading,voyager,00110011,-4.5,7.91,7.355,-0.5549999999999997
bristol,reading,voyager,00110100,-5.5,8.29,7.813,-0.4769999999999994
bristol,reading,voyager,00110100,-5.0,8.287,7.81,-0.4770000000000012
bristol,reading,voyager,00110100,-4.5,8.277,7.8,-0.4769999999999994
bristol,reading,voyager,00110101,-5.5,8.09,7.578,-0.5119999999999996
bristol,reading,voyager,00110101,-5.0,8.085,7.575,-0.5100000000000007
bristol,reading,voyager,00110101,-4.5,8.072,7.562,-0.5099999999999989
bristol,reading,voyager,00110110,-5.5,7.718,7.13,-0.5880000000000001
bristol,reading,voyager,00110110,-5.0,7.718,7.122,-0.5960000000000001
bristol,reading,voyager,00110110,-4.5,7.705,7.112,-0.593
bristol,reading,voyager,00110111,-5.5,7.276,6.616,-0.6600000000000001
bristol,reading,voyager,00110111,-5.0,7.274,6.614,-0.6600000000000001
bristol,reading,voyager,00110111,-4.5,7.264,6.6,-0.6640000000000006
bristol,reading,voyager,00111000,-5.5,7.763,7.18,-0.5830000000000002
bristol,reading,voyager,00111000,-5.0,7.763,7.173,-0.5899999999999999
bristol,reading,voyager,00111000,-4.5,7.753,7.16,-0.593
bristol,reading,voyager,00111001,-5.5,7.83,7.27,-0.5600000000000005
bristol,reading,voyager,00111001,-5.0,7.828,7.27,-0.5580000000000007
bristol,reading,voyager,00111001,-4.5,7.817,7.26,-0.5570000000000004
bristol,reading,voyager,00111010,-5.5,7.657,7.062,-0.5949999999999998
bristol,reading,voyager,00111010,-5.0,7.655,7.062,-0.593
bristol,reading,voyager,00111010,-4.5,7.643,7.05,-0.593
bristol,reading,voyager,00111011,-5.5,7.276,6.616,-0.6600000000000001
bristol,reading,voyager,00111011,-5.0,7.272,6.614,-0.6580000000000004
bristol,reading,voyager,00111011,-4.5,7.262,6.604,-0.6579999999999995
bristol,reading,voyager,00111100,-5.5,7.26,6.593,-0.6669999999999998
bristol,reading,voyager,00111100,-5.0,7.258,6.588,-0.6699999999999999
bristol,reading,voyager,00111100,-4.5,7.245,6.578,-0.6669999999999998
bristol,reading,voyager,00111101,-5.5,7.208,6.548,-0.6600000000000001
bristol,reading,voyager,00111101,-5.0,7.208,6.544,-0.6640000000000006
bristol,reading,voyager,00111101,-4.5,7.196,6.53,-0.6659999999999995
bristol,reading,voyager,00111110,-5.5,6.894,6.174,-0.7199999999999998
bristol,reading,voyager,00111110,-5.0,6.89,6.172,-0.718
bristol,reading,voyager,00111110,-4.5,6.878,6.162,-0.7160000000000002
bristol,reading,voyager,00111111,-5.5,6.61,5.853,-0.7570000000000006
bristol,reading,voyager,00111111,-5.0,6.605,5.85,-0.7550000000000008
bristol,reading,voyager,00111111,-4.5,6.593,5.84,-0.7530000000000001
bristol,reading,voyager,01000000,-5.5,10.12,10.12,0.0
bristol,reading,voyager,01000000,-5.0,10.11,10.11,0.0
bristol,reading,voyager,01000000,-4.5,10.1,10.1,0.0
bristol,reading,voyager,01000001,-5.5,9.805,9.715,-0.08999999999999986
bristol,reading,voyager,01000001,-5.0,9.8,9.715,-0.08500000000000085
bristol,reading,voyager,01000001,-4.5,9.79,9.7,-0.08999999999999986
bristol,reading,voyager,01000010,-5.5,9.75,9.64,-0.10999999999999943
bristol,reading,voyager,01000010,-5.0,9.745,9.64,-0.10499999999999865
bristol,reading,voyager,01000010,-4.5,9.735,9.63,-0.10499999999999865
bristol,reading,voyager,01000011,-5.5,8.697,8.313,-0.38399999999999856
bristol,reading,voyager,01000011,-5.0,8.693,8.313,-0.379999999999999
bristol,reading,voyager,01000011,-4.5,8.683,8.3,-0.3829999999999991
bristol,reading,voyager,01000100,-5.5,9.67,9.535,-0.1349999999999998
bristol,reading,voyager,01000100,-5.0,9.67,9.535,-0.1349999999999998
bristol,reading,voyager,01000100,-4.5,9.655,9.52,-0.1349999999999998
bristol,reading,voyager,01000101,-5.5,9.103,8.82,-0.2829999999999995
bristol,reading,voyager,01000101,-5.0,9.1,8.82,-0.27999999999999936
bristol,reading,voyager,01000101,-4.5,9.09,8.81,-0.27999999999999936
bristol,reading,voyager,01000110,-5.5,8.623,8.223,-0.3999999999999986
bristol,reading,voyager,01000110,-5.0,8.62,8.22,-0.3999999999999986
bristol,reading,voyager,01000110,-4.5,8.61,8.207,-0.4029999999999987
bristol,reading,voyager,01000111,-5.5,7.928,7.39,-0.5380000000000003
bristol,reading,voyager,01000111,-5.0,7.925,7.39,-0.5350000000000001
bristol,reading,voyager,01000111,-4.5,7.915,7.378,-0.5369999999999999
bristol,reading,voyager,01001000,-5.5,9.535,9.365,-0.16999999999999993
bristol,reading,voyager,01001000,-5.0,9.53,9.36,-0.16999999999999993
bristol,reading,voyager,01001000,-4.5,9.52,9.345,-0.17499999999999893
bristol,reading,voyager,01001001,-5.5,9.183,8.923,-0.2599999999999998
bristol,reading,voyager,01001001,-5.0,9.183,8.92,-0.2629999999999999
bristol,reading,voyager,01001001,-4.5,9.173,8.907,-0.266
bristol,reading,voyager,01001010,-5.5,8.993,8.68,-0.3130000000000006
bristol,reading,voyager,01001010,-5.0,8.99,8.677,-0.3130000000000006
bristol,reading,voyager,01001010,-4.5,8.98,8.667,-0.3130000000000006
bristol,reading,voyager,01001011,-5.5,8.248,7.77,-0.47799999999999976
bristol,reading,voyager,01001011,-5.0,8.242,7.768,-0.4740000000000011
bristol,reading,voyager,01001011,-4.5,8.232,7.758,-0.4739999999999993
bristol,reading,voyager,01001100,-5.5,8.507,8.077,-0.4299999999999997
bristol,reading,voyager,01001100,-5.0,8.503,8.073,-0.4299999999999997
bristol,reading,voyager,01001100,-4.5,8.49,8.063,-0.4269999999999996
bristol,reading,voyager,01001101,-5.5,8.225,7.742,-0.48299999999999965
bristol,reading,voyager,01001101,-5.0,8.223,7.742,-0.48100000000000076
bristol,reading,voyager,01001101,-4.5,8.213,7.728,-0.48499999999999943
bristol,reading,voyager,01001110,-5.5,7.827,7.272,-0.5549999999999997
bristol,reading,voyager,01001110,-5.0,7.827,7.268,-0.5590000000000002
bristol,reading,voyager,01001110,-4.5,7.817,7.258,-0.5590000000000002
bristol,reading,voyager,01001111,-5.5,7.35,6.714,-0.6359999999999992
bristol,reading,voyager,01001111,-5.0,7.35,6.712,-0.6379999999999999
bristol,reading,voyager,01001111,-4.5,7.338,6.702,-0.6360000000000001
bristol,reading,voyager,01010000,-5.5,9.275,9.025,-0.25
bristol,reading,voyager,01010000,-5.0,9.275,9.025,-0.25
bristol,reading,voyager,01010000,-4.5,9.265,9.015,-0.25
bristol,reading,voyager,01010001,-5.5,9.11,8.827,-0.2829999999999995
bristol,reading,voyager,01010001,-5.0,9.103,8.82,-0.2829999999999995
bristol,reading,voyager,01010001,-4.5,9.09,8.81,-0.27999999999999936
bristol,reading,voyager,01010010,-5.5,8.997,8.683,-0.31400000000000006
bristol,reading,voyager,01010010,-5.0,8.993,8.68,-0.3130000000000006
bristol,reading,voyager,01010010,-4.5,8.98,8.667,-0.3130000000000006
bristol,reading,voyager,01010011,-5.5,8.287,7.81,-0.4770000000000012
bristol,reading,voyager,01010011,-5.0,8.283,7.81,-0.47299999999999986
bristol,reading,voyager,01010011,-4.5,8.27,7.8,-0.46999999999999975
bristol,reading,voyager,01010100,-5.5,8.797,8.433,-0.36400000000000077
bristol,reading,voyager,01010100,-5.0,8.79,8.43,-0.35999999999999943
bristol,reading,voyager,01010100,-4.5,8.777,8.417,-0.35999999999999943
bristol,reading,voyager,01010101,-5.5,8.465,8.033,-0.4320000000000004
bristol,reading,voyager,01010101,-5.0,8.463,8.03,-0.43299999999999983
bristol,reading,voyager,01010101,-4.5,8.447,8.02,-0.4269999999999996
bristol,reading,voyager,01010110,-5.5,8.095,7.58,-0.5150000000000006
bristol,reading,voyager,01010110,-5.0,8.09,7.58,-0.5099999999999998
bristol,reading,voyager,01010110,-4.5,8.075,7.565,-0.5099999999999989
bristol,reading,voyager,01010111,-5.5,7.572,6.968,-0.6040000000000001
bristol,reading,voyager,01010111,-5.0,7.568,6.966,-0.6019999999999994
bristol,reading,voyager,01010111,-4.5,7.556,6.954,-0.6020000000000003
bristol,reading,voyager,01011000,-5.5,8.293,7.817,-0.4759999999999991
bristol,reading,voyager,01011000,-5.0,8.29,7.81,-0.47999999999999954
bristol,reading,voyager,01011000,-4.5,8.28,7.8,-0.47999999999999954
bristol,reading,voyager,01011001,-5.5,8.227,7.748,-0.4790000000000001
bristol,reading,voyager,01011001,-5.0,8.223,7.745,-0.47800000000000065
bristol,reading,voyager,01011001,-4.5,8.213,7.73,-0.48299999999999876
bristol,reading,voyager,01011010,-5.5,8.055,7.542,-0.5129999999999999
bristol,reading,voyager,01011010,-5.0,8.055,7.535,-0.5199999999999996
bristol,reading,voyager,01011010,-4.5,8.045,7.525,-0.5199999999999996
bristol,reading,voyager,01011011,-5.5,7.59,6.988,-0.6019999999999994
bristol,reading,voyager,01011011,-5.0,7.588,6.986,-0.6020000000000003
bristol,reading,voyager,01011011,-4.5,7.578,6.974,-0.6040000000000001
bristol,reading,voyager,01011100,-5.5,7.662,7.067,-0.5949999999999998
bristol,reading,voyager,01011100,-5.0,7.658,7.067,-0.5910000000000002
bristol,reading,voyager,01011100,-4.5,7.648,7.053,-0.5949999999999998
bristol,reading,voyager,01011101,-5.5,7.53,6.92,-0.6100000000000003
bristol,reading,voyager,01011101,-5.0,7.528,6.918,-0.6099999999999994
bristol,reading,voyager,01011101,-4.5,7.514,6.908,-0.6059999999999999
bristol,reading,voyager,01011110,-5.5,7.21,6.548,-0.6619999999999999
bristol,reading,voyager,01011110,-5.0,7.21,6.544,-0.6660000000000004
bristol,reading,voyager,01011110,-4.5,7.198,6.534,-0.6640000000000006
bristol,reading,voyager,01011111,-5.5,6.872,6.162,-0.71
bristol,reading,voyager,01011111,-5.0,6.87,6.157,-0.7130000000000001
bristol,reading,voyager,01011111,-4.5,6.855,6.145,-0.7100000000000009
bristol,reading,voyager,01100000,-5.5,8.555,8.115,-0.4399999999999995
bristol,reading,voyager,01100000,-5.0,8.555,8.11,-0.4450000000000003
bristol,reading,voyager,01100000,-4.5,8.54,8.1,-0.4399999999999995
bristol,reading,voyager,01100001,-5.5,8.703,8.323,-0.379999999999999
bristol,reading,voyager,01100001,-5.0,8.703,8.313,-0.3899999999999988
bristol,reading,voyager,01100001,-4.5,8.69,8.303,-0.3869999999999987
bristol,reading,voyager,01100010,-5.5,8.627,8.227,-0.40000000000000036
bristol,reading,voyager,01100010,-5.0,8.627,8.223,-0.4039999999999999
bristol,reading,voyager,01100010,-4.5,8.617,8.213,-0.4040000000000017
bristol,reading,voyager,01100011,-5.5,8.047,7.518,-0.5290000000000008
bristol,reading,voyager,01100011,-5.0,8.047,7.515,-0.5320000000000009
bristol,reading,voyager,01100011,-4.5,8.035,7.503,-0.532
bristol,reading,voyager,01100100,-5.5,8.51,8.08,-0.4299999999999997
bristol,reading,voyager,01100100,-5.0,8.507,8.073,-0.4339999999999993
bristol,reading,voyager,01100100,-4.5,8.493,8.063,-0.4299999999999997
bristol,reading,voyager,01100101,-5.5,8.287,7.815,-0.4720000000000004
bristol,reading,voyager,01100101,-5.0,8.283,7.812,-0.4709999999999992
bristol,reading,voyager,01100101,-4.5,8.273,7.797,-0.476
bristol,reading,voyager,01100110,-5.5,7.93,7.373,-0.5569999999999995
bristol,reading,voyager,01100110,-5.0,7.925,7.373,-0.5519999999999996
bristol,reading,voyager,01100110,-4.5,7.915,7.362,-0.5529999999999999
bristol,reading,voyager,01100111,-5.5,7.46,6.83,-0.6299999999999999
bristol,reading,voyager,01100111,-5.0,7.46,6.828,-0.6319999999999997
bristol,reading,voyager,01100111,-4.5,7.448,6.818,-0.6300000000000008
bristol,reading,voyager,01101000,-5.5,8.297,7.817,-0.4800000000000004
bristol,reading,voyager,01101000,-5.0,8.293,7.813,-0.47999999999999954
bristol,reading,voyager,01101000,-4.5,8.283,7.803,-0.47999999999999954
bristol,reading,voyager,01101001,-5.5,8.255,7.775,-0.4800000000000004
bristol,reading,voyager,01101001,-5.0,8.248,7.77,-0.47799999999999976
bristol,reading,voyager,01101001,-4.5,8.238,7.76,-0.47799999999999976
bristol,reading,voyager,01101010,-5.5,8.092,7.583,-0.5090000000000003
bristol,reading,voyager,01101010,-5.0,8.092,7.58,-0.5120000000000005
bristol,reading,voyager,01101010,-4.5,8.082,7.567,-0.5150000000000006
bristol,reading,voyager,01101011,-5.5,7.634,7.034,-0.6000000000000005
bristol,reading,voyager,01101011,-5.0,7.63,7.03,-0.5999999999999996
bristol,reading,voyager,01101011,-4.5,7.618,7.018,-0.6000000000000005
bristol,reading,voyager,01101100,-5.5,7.725,7.133,-0.5919999999999996
bristol,reading,voyager,01101100,-5.0,7.72,7.13,-0.5899999999999999
bristol,reading,voyager,01101100,-4.5,7.707,7.12,-0.5869999999999997
bristol,reading,voyager,01101101,-5.5,7.592,6.99,-0.6019999999999994
bristol,reading,voyager,01101101,-5.0,7.592,6.99,-0.6019999999999994
bristol,reading,voyager,01101101,-4.5,7.578,6.978,-0.6000000000000005
bristol,reading,voyager,01101110,-5.5,7.282,6.62,-0.6619999999999999
bristol,reading,voyager,01101110,-5.0,7.276,6.62,-0.6559999999999997
bristol,reading,voyager,01101110,-4.5,7.266,6.608,-0.6580000000000004
bristol,reading,voyager,01101111,-5.5,6.938,6.228,-0.71
bristol,reading,voyager,01101111,-5.0,6.932,6.225,-0.7070000000000007
bristol,reading,voyager,01101111,-4.5,6.922,6.215,-0.7069999999999999
bristol,reading,voyager,01110000,-5.5,7.773,7.18,-0.593
bristol,reading,voyager,01110000,-5.0,7.77,7.18,-0.5899999999999999
bristol,reading,voyager,01110000,-4.5,7.753,7.17,-0.5830000000000002
bristol,reading,voyager,01110001,-5.5,7.94,7.4,-0.54
bristol,reading,voyager,01110001,-5.0,7.93,7.395,-0.5350000000000001
bristol,reading,voyager,01110001,-4.5,7.92,7.382,-0.5380000000000003
bristol,reading,voyager,01110010,-5.5,7.838,7.28,-0.5579999999999998
bristol,reading,voyager,01110010,-5.0,7.835,7.27,-0.5650000000000004
bristol,reading,voyager,01110010,-4.5,7.825,7.26,-0.5650000000000004
bristol,reading,voyager,01110011,-5.5,7.466,6.834,-0.6320000000000006
bristol,reading,voyager,01110011,-5.0,7.46,6.832,-0.6280000000000001
bristol,reading,voyager,01110011,-4.5,7.45,6.818,-0.6320000000000006
bristol,reading,voyager,01110100,-5.5,7.662,7.07,-0.5919999999999996
bristol,reading,voyager,01110100,-5.0,7.66,7.065,-0.5949999999999998
bristol,reading,voyager,01110100,-4.5,7.65,7.053,-0.5970000000000004
bristol,reading,voyager,01110101,-5.5,7.574,6.972,-0.6019999999999994
bristol,reading,voyager,01110101,-5.0,7.572,6.968,-0.6040000000000001
bristol,reading,voyager,01110101,-4.5,7.562,6.956,-0.6059999999999999
bristol,reading,voyager,01110110,-5.5,7.282,6.622,-0.6600000000000001
bristol,reading,voyager,01110110,-5.0,7.28,6.62,-0.6600000000000001
bristol,reading,voyager,01110110,-4.5,7.266,6.606,-0.6600000000000001
bristol,reading,voyager,01110111,-5.5,6.957,6.247,-0.71
bristol,reading,voyager,01110111,-5.0,6.952,6.243,-0.7089999999999996
bristol,reading,voyager,01110111,-4.5,6.938,6.233,-0.7050000000000001
bristol,reading,voyager,01111000,-5.5,7.263,6.593,-0.6699999999999999
bristol,reading,voyager,01111000,-5.0,7.263,6.593,-0.6699999999999999
bristol,reading,voyager,01111000,-4.5,7.252,6.582,-0.6699999999999999
bristol,reading,voyager,01111001,-5.5,7.358,6.72,-0.6379999999999999
bristol,reading,voyager,01111001,-5.0,7.354,6.72,-0.6340000000000003
bristol,reading,voyager,01111001,-4.5,7.344,6.706,-0.6379999999999999
bristol,reading,voyager,01111010,-5.5,7.214,6.55,-0.6640000000000006
bristol,reading,voyager,01111010,-5.0,7.212,6.548,-0.6639999999999997
bristol,reading,voyager,01111010,-4.5,7.202,6.538,-0.6639999999999997
bristol,reading,voyager,01111011,-5.5,6.938,6.23,-0.7079999999999993
bristol,reading,voyager,01111011,-5.0,6.937,6.227,-0.71
bristol,reading,voyager,01111011,-4.5,6.927,6.213,-0.7139999999999995
bristol,reading,voyager,01111100,-5.5,6.896,6.178,-0.718
bristol,reading,voyager,01111100,-5.0,6.896,6.174,-0.7219999999999995
bristol,reading,voyager,01111100,-4.5,6.884,6.164,-0.7200000000000006
bristol,reading,voyager,01111101,-5.5,6.877,6.162,-0.7149999999999999
bristol,reading,voyager,01111101,-5.0,6.87,6.158,-0.7119999999999997
bristol,reading,voyager,01111101,-4.5,6.86,6.148,-0.7120000000000006
bristol,reading,voyager,01111110,-5.5,6.613,5.86,-0.7530000000000001
bristol,reading,voyager,01111110,-5.0,6.61,5.855,-0.7549999999999999
bristol,reading,voyager,01111110,-4.5,6.6,5.843,-0.7569999999999997
bristol,reading,voyager,01111111,-5.5,6.386,5.601,-0.7850000000000001
bristol,reading,voyager,01111111,-5.0,6.379,5.599,-0.7799999999999994
bristol,reading,voyager,01111111,-4.5,6.369,5.587,-0.782
bristol,reading,voyager,10000000,-5.5,10.12,10.12,0.0
bristol,reading,voyager,10000000,-5.0,10.12,10.12,0.0
bristol,reading,voyager,10000000,-4.5,10.11,10.11,0.0
bristol,reading,voyager,10000001,-5.5,9.85,9.775,-0.07499999999999929
bristol,reading,voyager,10000001,-5.0,9.845,9.765,-0.08000000000000007
bristol,reading,voyager,10000001,-4.5,9.83,9.755,-0.07499999999999929
bristol,reading,voyager,10000010,-5.5,9.81,9.72,-0.08999999999999986
bristol,reading,voyager,10000010,-5.0,9.805,9.715,-0.08999999999999986
bristol,reading,voyager,10000010,-4.5,9.795,9.705,-0.08999999999999986
bristol,reading,voyager,10000011,-5.5,8.753,8.383,-0.370000000000001
bristol,reading,voyager,10000011,-5.0,8.75,8.377,-0.37299999999999933
bristol,reading,voyager,10000011,-4.5,8.737,8.367,-0.3699999999999992
bristol,reading,voyager,10000100,-5.5,9.755,9.65,-0.10500000000000043
bristol,reading,voyager,10000100,-5.0,9.755,9.645,-0.11000000000000121
bristol,reading,voyager,10000100,-4.5,9.745,9.63,-0.11499999999999844
bristol,reading,voyager,10000101,-5.5,9.18,8.917,-0.2629999999999999
bristol,reading,voyager,10000101,-5.0,9.173,8.913,-0.2599999999999998
bristol,reading,voyager,10000101,-4.5,9.163,8.903,-0.2599999999999998
bristol,reading,voyager,10000110,-5.5,8.703,8.32,-0.3829999999999991
bristol,reading,voyager,10000110,-5.0,8.697,8.313,-0.38399999999999856
bristol,reading,voyager,10000110,-4.5,8.687,8.303,-0.38399999999999856
bristol,reading,voyager,10000111,-5.5,8.0,7.475,-0.5250000000000004
bristol,reading,voyager,10000111,-5.0,7.995,7.473,-0.5220000000000002
bristol,reading,voyager,10000111,-4.5,7.98,7.46,-0.5200000000000005
bristol,reading,voyager,10001000,-5.5,9.675,9.54,-0.13500000000000156
bristol,reading,voyager,10001000,-5.0,9.67,9.54,-0.13000000000000078
bristol,reading,voyager,10001000,-4.5,9.66,9.525,-0.1349999999999998
bristol,reading,voyager,10001001,-5.5,9.297,9.06,-0.2370000000000001
bristol,reading,voyager,10001001,-5.0,9.29,9.06,-0.22999999999999865
bristol,reading,voyager,10001001,-4.5,9.28,9.043,-0.2370000000000001
bristol,reading,voyager,10001010,-5.5,9.11,8.827,-0.2829999999999995
bristol,reading,voyager,10001010,-5.0,9.107,8.82,-0.28699999999999903
bristol,reading,voyager,10001010,-4.5,9.093,8.81,-0.2829999999999995
bristol,reading,voyager,10001011,-5.5,8.34,7.885,-0.45500000000000007
bristol,reading,voyager,10001011,-5.0,8.34,7.88,-0.45999999999999996
bristol,reading,voyager,10001011,-4.5,8.328,7.87,-0.4579999999999993
bristol,reading,voyager,10001100,-5.5,8.63,8.227,-0.40300000000000047
bristol,reading,voyager,10001100,-5.0,8.623,8.223,-0.3999999999999986
bristol,reading,voyager,10001100,-4.5,8.613,8.213,-0.40000000000000036
bristol,reading,voyager,10001101,-5.5,8.325,7.867,-0.4579999999999993
bristol,reading,voyager,10001101,-5.0,8.325,7.865,-0.4599999999999991
bristol,reading,voyager,10001101,-4.5,8.312,7.855,-0.45699999999999896
bristol,reading,voyager,10001110,-5.5,7.935,7.397,-0.5379999999999994
bristol,reading,voyager,10001110,-5.0,7.933,7.39,-0.5430000000000001
bristol,reading,voyager,10001110,-4.5,7.92,7.38,-0.54
bristol,reading,voyager,10001111,-5.5,7.436,6.818,-0.6180000000000003
bristol,reading,voyager,10001111,-5.0,7.436,6.814,-0.6219999999999999
bristol,reading,voyager,10001111,-4.5,7.426,6.804,-0.6219999999999999
bristol,reading,voyager,10010000,-5.5,9.54,9.365,-0.17499999999999893
bristol,reading,voyager,10010000,-5.0,9.54,9.365,-0.17499999999999893
bristol,reading,voyager,10010000,-4.5,9.525,9.355,-0.16999999999999993
bristol,reading,voyager,10010001,-5.5,9.3,9.06,-0.2400000000000002
bristol,reading,voyager,10010001,-5.0,9.29,9.057,-0.23299999999999876
bristol,reading,voyager,10010001,-4.5,9.28,9.047,-0.23299999999999876
bristol,reading,voyager,10010010,-5.5,9.193,8.927,-0.266
bristol,reading,voyager,10010010,-5.0,9.187,8.923,-0.26399999999999935
bristol,reading,voyager,10010010,-4.5,9.173,8.913,-0.2599999999999998
bristol,reading,voyager,10010011,-5.5,8.435,7.997,-0.4380000000000006
bristol,reading,voyager,10010011,-5.0,8.435,7.99,-0.4450000000000003
bristol,reading,voyager,10010011,-4.5,8.42,7.98,-0.4399999999999995
bristol,reading,voyager,10010100,-5.5,9.0,8.687,-0.3130000000000006
bristol,reading,voyager,10010100,-5.0,8.997,8.687,-0.3100000000000005
bristol,reading,voyager,10010100,-4.5,8.983,8.67,-0.3130000000000006
bristol,reading,voyager,10010101,-5.5,8.625,8.23,-0.3949999999999996
bristol,reading,voyager,10010101,-5.0,8.62,8.225,-0.3949999999999996
bristol,reading,voyager,10010101,-4.5,8.61,8.213,-0.39700000000000024
bristol,reading,voyager,10010110,-5.5,8.252,7.777,-0.47500000000000053
bristol,reading,voyager,10010110,-5.0,8.25,7.77,-0.4800000000000004
bristol,reading,voyager,10010110,-4.5,8.238,7.76,-0.47799999999999976
bristol,reading,voyager,10010111,-5.5,7.702,7.124,-0.5780000000000003
bristol,reading,voyager,10010111,-5.0,7.698,7.124,-0.5740000000000007
bristol,reading,voyager,10010111,-4.5,7.686,7.112,-0.5739999999999998
bristol,reading,voyager,10011000,-5.5,8.51,8.083,-0.4269999999999996
bristol,reading,voyager,10011000,-5.0,8.51,8.077,-0.43299999999999983
bristol,reading,voyager,10011000,-4.5,8.5,8.067,-0.43299999999999983
bristol,reading,voyager,10011001,-5.5,8.398,7.953,-0.4449999999999994
bristol,reading,voyager,10011001,-5.0,8.395,7.95,-0.4449999999999994
bristol,reading,voyager,10011001,-4.5,8.383,7.94,-0.44299999999999873
bristol,reading,voyager,10011010,-5.5,8.232,7.748,-0.4839999999999991
bristol,reading,voyager,10011010,-5.0,8.225,7.748,-0.4769999999999994
bristol,reading,voyager,10011010,-4.5,8.215,7.732,-0.48299999999999965
bristol,reading,voyager,10011011,-5.5,7.732,7.154,-0.5780000000000003
bristol,reading,voyager,10011011,-5.0,7.728,7.154,-0.5739999999999998
bristol,reading,voyager,10011011,-4.5,7.718,7.144,-0.5739999999999998
bristol,reading,voyager,10011100,-5.5,7.838,7.277,-0.5609999999999999
bristol,reading,voyager,10011100,-5.0,7.838,7.272,-0.5659999999999998
bristol,reading,voyager,10011100,-4.5,7.822,7.263,-0.5590000000000002
bristol,reading,voyager,10011101,-5.5,7.676,7.094,-0.5819999999999999
bristol,reading,voyager,10011101,-5.0,7.668,7.09,-0.5780000000000003
bristol,reading,voyager,10011101,-4.5,7.658,7.076,-0.5820000000000007
bristol,reading,voyager,10011110,-5.5,7.358,6.72,-0.6379999999999999
bristol,reading,voyager,10011110,-5.0,7.354,6.716,-0.6379999999999999
bristol,reading,voyager,10011110,-4.5,7.344,6.704,-0.6400000000000006
bristol,reading,voyager,10011111,-5.5,6.993,6.305,-0.6880000000000006
bristol,reading,voyager,10011111,-5.0,6.99,6.3,-0.6900000000000004
bristol,reading,voyager,10011111,-4.5,6.98,6.29,-0.6900000000000004
bristol,reading,voyager,10100000,-5.5,9.285,9.035,-0.25
bristol,reading,voyager,10100000,-5.0,9.275,9.025,-0.25
bristol,reading,voyager,10100000,-4.5,9.265,9.015,-0.25
bristol,reading,voyager,10100001,-5.5,9.187,8.92,-0.26699999999999946
bristol,reading,voyager,10100001,-5.0,9.18,8.917,-0.2629999999999999
bristol,reading,voyager,10100001,-4.5,9.17,8.907,-0.2629999999999999
bristol,reading,voyager,10100010,-5.5,9.11,8.83,-0.27999999999999936
bristol,reading,voyager,10100010,-5.0,9.11,8.827,-0.2829999999999995
bristol,reading,voyager,10100010,-4.5,9.1,8.813,-0.28699999999999903
bristol,reading,voyager,10100011,-5.5,8.405,7.953,-0.45199999999999907
bristol,reading,voyager,10100011,-5.0,8.4,7.95,-0.4500000000000002
bristol,reading,voyager,10100011,-4.5,8.39,7.94,-0.4500000000000002
bristol,reading,voyager,10100100,-5.5,9.0,8.687,-0.3130000000000006
bristol,reading,voyager,10100100,-5.0,8.997,8.687,-0.3100000000000005
bristol,reading,voyager,10100100,-4.5,8.987,8.673,-0.31400000000000006
bristol,reading,voyager,10100101,-5.5,8.652,8.26,-0.39199999999999946
bristol,reading,voyager,10100101,-5.0,8.645,8.258,-0.38700000000000045
bristol,reading,voyager,10100101,-4.5,8.635,8.245,-0.39000000000000057
bristol,reading,voyager,10100110,-5.5,8.29,7.82,-0.46999999999999886
bristol,reading,voyager,10100110,-5.0,8.287,7.81,-0.4770000000000012
bristol,reading,voyager,10100110,-4.5,8.277,7.8,-0.4769999999999994
bristol,reading,voyager,10100111,-5.5,7.748,7.176,-0.5720000000000001
bristol,reading,voyager,10100111,-5.0,7.742,7.172,-0.5700000000000003
bristol,reading,voyager,10100111,-4.5,7.73,7.162,-0.5680000000000005
bristol,reading,voyager,10101000,-5.5,8.797,8.437,-0.3600000000000012
bristol,reading,voyager,10101000,-5.0,8.797,8.433,-0.36400000000000077
bristol,reading,voyager,10101000,-4.5,8.787,8.423,-0.36400000000000077
bristol,reading,voyager,10101001,-5.5,8.625,8.23,-0.3949999999999996
bristol,reading,voyager,10101001,-5.0,8.625,8.227,-0.3979999999999997
bristol,reading,voyager,10101001,-4.5,8.613,8.213,-0.40000000000000036
bristol,reading,voyager,10101010,-5.5,8.467,8.04,-0.4270000000000014
bristol,reading,voyager,10101010,-5.0,8.465,8.033,-0.4320000000000004
bristol,reading,voyager,10101010,-4.5,8.455,8.022,-0.43299999999999983
bristol,reading,voyager,10101011,-5.5,7.926,7.388,-0.5380000000000003
bristol,reading,voyager,10101011,-5.0,7.926,7.384,-0.5419999999999998
bristol,reading,voyager,10101011,-4.5,7.914,7.372,-0.5419999999999998
bristol,reading,voyager,10101100,-5.5,8.095,7.585,-0.5100000000000007
bristol,reading,voyager,10101100,-5.0,8.095,7.58,-0.5150000000000006
bristol,reading,voyager,10101100,-4.5,8.085,7.57,-0.5150000000000006
bristol,reading,voyager,10101101,-5.5,7.89,7.346,-0.5439999999999996
bristol,reading,voyager,10101101,-5.0,7.886,7.34,-0.5460000000000003
bristol,reading,voyager,10101101,-4.5,7.874,7.33,-0.5439999999999996
bristol,reading,voyager,10101110,-5.5,7.576,6.974,-0.6019999999999994
bristol,reading,voyager,10101110,-5.0,7.574,6.97,-0.6040000000000001
bristol,reading,voyager,10101110,-4.5,7.562,6.958,-0.6040000000000001
bristol,reading,voyager,10101111,-5.5,7.18,6.517,-0.6629999999999994
bristol,reading,voyager,10101111,-5.0,7.175,6.513,-0.6619999999999999
bristol,reading,voyager,10101111,-4.5,7.163,6.503,-0.6600000000000001
bristol,reading,voyager,10110000,-5.5,8.3,7.82,-0.4800000000000004
bristol,reading,voyager,10110000,-5.0,8.3,7.817,-0.48300000000000054
bristol,reading,voyager,10110000,-4.5,8.287,7.807,-0.4800000000000004
bristol,reading,voyager,10110001,-5.5,8.332,7.87,-0.46200000000000063
bristol,reading,voyager,10110001,-5.0,8.328,7.87,-0.4579999999999993
bristol,reading,voyager,10110001,-4.5,8.315,7.86,-0.4549999999999992
bristol,reading,voyager,10110010,-5.5,8.232,7.748,-0.4839999999999991
bristol,reading,voyager,10110010,-5.0,8.23,7.748,-0.4820000000000002
bristol,reading,voyager,10110010,-4.5,8.218,7.738,-0.47999999999999954
bristol,reading,voyager,10110011,-5.5,7.778,7.202,-0.5759999999999996
bristol,reading,voyager,10110011,-5.0,7.772,7.2,-0.5720000000000001
bristol,reading,voyager,10110011,-4.5,7.76,7.188,-0.5720000000000001
bristol,reading,voyager,10110100,-5.5,8.065,7.545,-0.5199999999999996
bristol,reading,voyager,10110100,-5.0,8.057,7.542,-0.5150000000000006
bristol,reading,voyager,10110100,-4.5,8.047,7.532,-0.5150000000000006
bristol,reading,voyager,10110101,-5.5,7.89,7.346,-0.5439999999999996
bristol,reading,voyager,10110101,-5.0,7.888,7.344,-0.5439999999999996
bristol,reading,voyager,10110101,-4.5,7.878,7.33,-0.548
bristol,reading,voyager,10110110,-5.5,7.598,6.994,-0.6040000000000001
bristol,reading,voyager,10110110,-5.0,7.592,6.99,-0.6019999999999994
bristol,reading,voyager,10110110,-4.5,7.582,6.978,-0.6040000000000001
bristol,reading,voyager,10110111,-5.5,7.213,6.55,-0.6630000000000003
bristol,reading,voyager,10110111,-5.0,7.208,6.548,-0.6600000000000001
bristol,reading,voyager,10110111,-4.5,7.198,6.535,-0.6630000000000003
bristol,reading,voyager,10111000,-5.5,7.668,7.067,-0.601
bristol,reading,voyager,10111000,-5.0,7.662,7.067,-0.5949999999999998
bristol,reading,voyager,10111000,-4.5,7.652,7.057,-0.5949999999999998
bristol,reading,voyager,10111001,-5.5,7.676,7.094,-0.5819999999999999
bristol,reading,voyager,10111001,-5.0,7.674,7.092,-0.5820000000000007
bristol,reading,voyager,10111001,-4.5,7.662,7.082,-0.5800000000000001
bristol,reading,voyager,10111010,-5.5,7.532,6.926,-0.6059999999999999
bristol,reading,voyager,10111010,-5.0,7.53,6.924,-0.6059999999999999
bristol,reading,voyager,10111010,-4.5,7.52,6.91,-0.6099999999999994
bristol,reading,voyager,10111011,-5.5,7.2,6.538,-0.6619999999999999
bristol,reading,voyager,10111011,-5.0,7.198,6.533,-0.665
bristol,reading,voyager,10111011,-4.5,7.188,6.52,-0.6680000000000001
bristol,reading,voyager,10111100,-5.5,7.218,6.552,-0.6660000000000004
bristol,reading,voyager,10111100,-5.0,7.212,6.55,-0.6619999999999999
bristol,reading,voyager,10111100,-4.5,7.202,6.538,-0.6639999999999997
bristol,reading,voyager,10111101,-5.5,7.138,6.467,-0.6710000000000003
bristol,reading,voyager,10111101,-5.0,7.135,6.467,-0.6680000000000001
bristol,reading,voyager,10111101,-4.5,7.125,6.457,-0.6680000000000001
bristol,reading,voyager,10111110,-5.5,6.875,6.162,-0.7130000000000001
bristol,reading,voyager,10111110,-5.0,6.873,6.162,-0.7110000000000003
bristol,reading,voyager,10111110,-4.5,6.863,6.152,-0.7110000000000003
bristol,reading,voyager,10111111,-5.5,6.604,5.859,-0.7450000000000001
bristol,reading,voyager,10111111,-5.0,6.603,5.854,-0.7489999999999997
bristol,reading,voyager,10111111,-4.5,6.593,5.844,-0.7489999999999997
bristol,reading,voyager,11000000,-5.5,8.56,8.12,-0.4400000000000013
bristol,reading,voyager,11000000,-5.0,8.56,8.115,-0.4450000000000003
bristol,reading,voyager,11000000,-4.5,8.545,8.105,-0.4399999999999995
bristol,reading,voyager,11000001,-5.5,8.76,8.393,-0.3669999999999991
bristol,reading,voyager,11000001,-5.0,8.76,8.383,-0.37700000000000067
bristol,reading,voyager,11000001,-4.5,8.75,8.373,-0.37700000000000067
bristol,reading,voyager,11000010,-5.5,8.71,8.323,-0.38700000000000045
bristol,reading,voyager,11000010,-5.0,8.707,8.323,-0.38400000000000034
bristol,reading,voyager,11000010,-4.5,8.697,8.313,-0.38399999999999856
bristol,reading,voyager,11000011,-5.5,8.13,7.615,-0.5150000000000006
bristol,reading,voyager,11000011,-5.0,8.127,7.612,-0.5150000000000006
bristol,reading,voyager,11000011,-4.5,8.117,7.6,-0.5170000000000012
bristol,reading,voyager,11000100,-5.5,8.637,8.23,-0.40700000000000003
bristol,reading,voyager,11000100,-5.0,8.633,8.227,-0.4059999999999988
bristol,reading,voyager,11000100,-4.5,8.617,8.213,-0.4040000000000017
bristol,reading,voyager,11000101,-5.5,8.408,7.955,-0.4529999999999994
bristol,reading,voyager,11000101,-5.0,8.402,7.952,-0.4499999999999993
bristol,reading,voyager,11000101,-4.5,8.393,7.942,-0.4510000000000005
bristol,reading,voyager,11000110,-5.5,8.053,7.52,-0.5330000000000013
bristol,reading,voyager,11000110,-5.0,8.047,7.518,-0.5290000000000008
bristol,reading,voyager,11000110,-4.5,8.037,7.508,-0.5290000000000008
bristol,reading,voyager,11000111,-5.5,7.576,6.964,-0.6119999999999992
bristol,reading,voyager,11000111,-5.0,7.574,6.96,-0.6139999999999999
bristol,reading,voyager,11000111,-4.5,7.564,6.948,-0.6159999999999997
bristol,reading,voyager,11001000,-5.5,8.513,8.083,-0.4299999999999997
bristol,reading,voyager,11001000,-5.0,8.513,8.083,-0.4299999999999997
bristol,reading,voyager,11001000,-4.5,8.503,8.07,-0.43299999999999983
bristol,reading,voyager,11001001,-5.5,8.442,8.0,-0.44200000000000017
bristol,reading,voyager,11001001,-5.0,8.438,7.997,-0.4410000000000007
bristol,reading,voyager,11001001,-4.5,8.428,7.985,-0.4430000000000005
bristol,reading,voyager,11001010,-5.5,8.293,7.817,-0.4759999999999991
bristol,reading,voyager,11001010,-5.0,8.293,7.815,-0.47799999999999887
bristol,reading,voyager,11001010,-4.5,8.283,7.805,-0.47799999999999976
bristol,reading,voyager,11001011,-5.5,7.802,7.232,-0.5699999999999994
bristol,reading,voyager,11001011,-5.0,7.802,7.228,-0.5739999999999998
bristol,reading,voyager,11001011,-4.5,7.79,7.216,-0.5739999999999998
bristol,reading,voyager,11001100,-5.5,7.933,7.383,-0.5499999999999998
bristol,reading,voyager,11001100,-5.0,7.933,7.373,-0.5599999999999996
bristol,reading,voyager,11001100,-4.5,7.92,7.362,-0.5579999999999998
bristol,reading,voyager,11001101,-5.5,7.776,7.204,-0.5720000000000001
bristol,reading,voyager,11001101,-5.0,7.776,7.2,-0.5759999999999996
bristol,reading,voyager,11001101,-4.5,7.764,7.19,-0.5739999999999998
bristol,reading,voyager,11001110,-5.5,7.466,6.836,-0.6299999999999999
bristol,reading,voyager,11001110,-5.0,7.466,6.832,-0.6340000000000003
bristol,reading,voyager,11001110,-4.5,7.454,6.822,-0.6319999999999997
bristol,reading,voyager,11001111,-5.5,7.1,6.415,-0.6849999999999996
bristol,reading,voyager,11001111,-5.0,7.097,6.41,-0.6870000000000003
bristol,reading,voyager,11001111,-4.5,7.087,6.4,-0.6869999999999994
bristol,reading,voyager,11010000,-5.5,8.303,7.82,-0.48300000000000054
bristol,reading,voyager,11010000,-5.0,8.3,7.82,-0.4800000000000004
bristol,reading,voyager,11010000,-4.5,8.287,7.807,-0.4800000000000004
bristol,reading,voyager,11010001,-5.5,8.35,7.89,-0.45999999999999996
bristol,reading,voyager,11010001,-5.0,8.345,7.89,-0.45500000000000096
bristol,reading,voyager,11010001,-4.5,8.335,7.877,-0.4580000000000011
bristol,reading,voyager,11010010,-5.5,8.258,7.78,-0.47799999999999887
bristol,reading,voyager,11010010,-5.0,8.255,7.775,-0.4800000000000004
bristol,reading,voyager,11010010,-4.5,8.245,7.765,-0.47999999999999954
bristol,reading,voyager,11010011,-5.5,7.802,7.232,-0.5699999999999994
bristol,reading,voyager,11010011,-5.0,7.8,7.228,-0.5720000000000001
bristol,reading,voyager,11010011,-4.5,7.79,7.218,-0.5720000000000001
bristol,reading,voyager,11010100,-5.5,8.103,7.588,-0.5149999999999997
bristol,reading,voyager,11010100,-5.0,8.098,7.583,-0.5150000000000006
bristol,reading,voyager,11010100,-4.5,8.082,7.572,-0.5100000000000007
bristol,reading,voyager,11010101,-5.5,7.93,7.392,-0.5379999999999994
bristol,reading,voyager,11010101,-5.0,7.926,7.384,-0.5419999999999998
bristol,reading,voyager,11010101,-4.5,7.916,7.374,-0.5420000000000007
bristol,reading,voyager,11010110,-5.5,7.636,7.038,-0.5979999999999999
bristol,reading,voyager,11010110,-5.0,7.636,7.036,-0.6000000000000005
bristol,reading,voyager,11010110,-4.5,7.624,7.024,-0.5999999999999996
bristol,reading,voyager,11010111,-5.5,7.253,6.593,-0.6600000000000001
bristol,reading,voyager,11010111,-5.0,7.25,6.588,-0.6619999999999999
bristol,reading,voyager,11010111,-4.5,7.238,6.578,-0.6600000000000001
bristol,reading,voyager,11011000,-5.5,7.728,7.138,-0.5899999999999999
bristol,reading,voyager,11011000,-5.0,7.728,7.133,-0.5949999999999998
bristol,reading,voyager,11011000,-4.5,7.718,7.122,-0.5960000000000001
bristol,reading,voyager,11011001,-5.5,7.736,7.16,-0.5759999999999996
bristol,reading,voyager,11011001,-5.0,7.736,7.158,-0.5779999999999994
bristol,reading,voyager,11011001,-4.5,7.726,7.146,-0.5800000000000001
bristol,reading,voyager,11011010,-5.5,7.598,6.994,-0.6040000000000001
bristol,reading,voyager,11011010,-5.0,7.596,6.99,-0.6059999999999999
bristol,reading,voyager,11011010,-4.5,7.586,6.98,-0.6059999999999999
bristol,reading,voyager,11011011,-5.5,7.26,6.598,-0.6619999999999999
bristol,reading,voyager,11011011,-5.0,7.258,6.597,-0.6609999999999996
bristol,reading,voyager,11011011,-4.5,7.247,6.583,-0.6639999999999997
bristol,reading,voyager,11011100,-5.5,7.286,6.624,-0.6619999999999999
bristol,reading,voyager,11011100,-5.0,7.284,6.62,-0.6639999999999997
bristol,reading,voyager,11011100,-4.5,7.274,6.61,-0.6639999999999997
bristol,reading,voyager,11011101,-5.5,7.203,6.537,-0.6660000000000004
bristol,reading,voyager,11011101,-5.0,7.2,6.535,-0.665
bristol,reading,voyager,11011101,-4.5,7.188,6.525,-0.6629999999999994
bristol,reading,voyager,11011110,-5.5,6.942,6.233,-0.7090000000000005
bristol,reading,voyager,11011110,-5.0,6.94,6.232,-0.7080000000000002
bristol,reading,voyager,11011110,-4.5,6.93,6.218,-0.7119999999999997
bristol,reading,voyager,11011111,-5.5,6.667,5.923,-0.7439999999999998
bristol,reading,voyager,11011111,-5.0,6.663,5.919,-0.7440000000000007
bristol,reading,voyager,11011111,-4.5,6.653,5.909,-0.7439999999999998
bristol,reading,voyager,11100000,-5.5,7.773,7.187,-0.5859999999999994
bristol,reading,voyager,11100000,-5.0,7.773,7.18,-0.593
bristol,reading,voyager,11100000,-4.5,7.763,7.17,-0.593
bristol,reading,voyager,11100001,-5.5,8.01,7.482,-0.5279999999999996
bristol,reading,voyager,11100001,-5.0,8.002,7.48,-0.5220000000000002
bristol,reading,voyager,11100001,-4.5,7.992,7.47,-0.5220000000000002
bristol,reading,voyager,11100010,-5.5,7.94,7.4,-0.54
bristol,reading,voyager,11100010,-5.0,7.94,7.4,-0.54
bristol,reading,voyager,11100010,-4.5,7.93,7.39,-0.54
bristol,reading,voyager,11100011,-5.5,7.58,6.966,-0.6139999999999999
bristol,reading,voyager,11100011,-5.0,7.574,6.964,-0.6099999999999994
bristol,reading,voyager,11100011,-4.5,7.564,6.95,-0.6139999999999999
bristol,reading,voyager,11100100,-5.5,7.842,7.28,-0.5619999999999994
bristol,reading,voyager,11100100,-5.0,7.838,7.28,-0.5579999999999998
bristol,reading,voyager,11100100,-4.5,7.828,7.27,-0.5580000000000007
bristol,reading,voyager,11100101,-5.5,7.752,7.18,-0.5720000000000001
bristol,reading,voyager,11100101,-5.0,7.75,7.178,-0.5720000000000001
bristol,reading,voyager,11100101,-4.5,7.738,7.164,-0.5740000000000007
bristol,reading,voyager,11100110,-5.5,7.468,6.836,-0.6319999999999997
bristol,reading,voyager,11100110,-5.0,7.466,6.834,-0.6320000000000006
bristol,reading,voyager,11100110,-4.5,7.456,6.824,-0.6320000000000006
bristol,reading,voyager,11100111,-5.5,7.132,6.448,-0.6839999999999993
bristol,reading,voyager,11100111,-5.0,7.128,6.442,-0.6859999999999999
bristol,reading,voyager,11100111,-4.5,7.115,6.43,-0.6850000000000005
bristol,reading,voyager,11101000,-5.5,7.67,7.072,-0.5979999999999999
bristol,reading,voyager,11101000,-5.0,7.665,7.07,-0.5949999999999998
bristol,reading,voyager,11101000,-4.5,7.655,7.06,-0.5950000000000006
bristol,reading,voyager,11101001,-5.5,7.71,7.13,-0.5800000000000001
bristol,reading,voyager,11101001,-5.0,7.706,7.13,-0.5760000000000005
bristol,reading,voyager,11101001,-4.5,7.694,7.118,-0.5759999999999996
bristol,reading,voyager,11101010,-5.5,7.58,6.976,-0.6040000000000001
bristol,reading,voyager,11101010,-5.0,7.578,6.974,-0.6040000000000001
bristol,reading,voyager,11101010,-4.5,7.566,6.964,-0.6019999999999994
bristol,reading,voyager,11101011,-5.5,7.253,6.593,-0.6600000000000001
bristol,reading,voyager,11101011,-5.0,7.253,6.592,-0.6610000000000005
bristol,reading,voyager,11101011,-4.5,7.242,6.578,-0.6639999999999997
bristol,reading,voyager,11101100,-5.5,7.286,6.624,-0.6619999999999999
bristol,reading,voyager,11101100,-5.0,7.284,6.624,-0.6600000000000001
bristol,reading,voyager,11101100,-4.5,7.272,6.612,-0.6600000000000001
bristol,reading,voyager,11101101,-5.5,7.217,6.552,-0.665
bristol,reading,voyager,11101101,-5.0,7.213,6.55,-0.6630000000000003
bristol,reading,voyager,11101101,-4.5,7.2,6.538,-0.6619999999999999
bristol,reading,voyager,11101110,-5.5,6.957,6.25,-0.7069999999999999
bristol,reading,voyager,11101110,-5.0,6.957,6.248,-0.7089999999999996
bristol,reading,voyager,11101110,-4.5,6.947,6.237,-0.71
bristol,reading,voyager,11101111,-5.5,6.687,5.943,-0.7440000000000007
bristol,reading,voyager,11101111,-5.0,6.686,5.943,-0.7430000000000003
bristol,reading,voyager,11101111,-4.5,6.676,5.931,-0.7450000000000001
bristol,reading,voyager,11110000,-5.5,7.272,6.6,-0.6720000000000006
bristol,reading,voyager,11110000,-5.0,7.268,6.598,-0.6699999999999999
bristol,reading,voyager,11110000,-4.5,7.258,6.585,-0.673
bristol,reading,voyager,11110001,-5.5,7.448,6.828,-0.6200000000000001
bristol,reading,voyager,11110001,-5.0,7.446,6.824,-0.6219999999999999
bristol,reading,voyager,11110001,-4.5,7.436,6.812,-0.6239999999999997
bristol,reading,voyager,11110010,-5.5,7.362,6.722,-0.6399999999999997
bristol,reading,voyager,11110010,-5.0,7.362,6.72,-0.6420000000000003
bristol,reading,voyager,11110010,-4.5,7.35,6.71,-0.6399999999999997
bristol,reading,voyager,11110011,-5.5,7.105,6.418,-0.6870000000000003
bristol,reading,voyager,11110011,-5.0,7.1,6.415,-0.6849999999999996
bristol,reading,voyager,11110011,-4.5,7.09,6.403,-0.6870000000000003
bristol,reading,voyager,11110100,-5.5,7.22,6.554,-0.6659999999999995
bristol,reading,voyager,11110100,-5.0,7.218,6.55,-0.6680000000000001
bristol,reading,voyager,11110100,-4.5,7.208,6.54,-0.6680000000000001
bristol,reading,voyager,11110101,-5.5,7.185,6.52,-0.665
bristol,reading,voyager,11110101,-5.0,7.182,6.518,-0.6640000000000006
bristol,reading,voyager,11110101,-4.5,7.17,6.505,-0.665
bristol,reading,voyager,11110110,-5.5,6.945,6.233,-0.7120000000000006
bristol,reading,voyager,11110110,-5.0,6.94,6.232,-0.7080000000000002
bristol,reading,voyager,11110110,-4.5,6.928,6.22,-0.7080000000000002
bristol,reading,voyager,11110111,-5.5,6.69,5.944,-0.7460000000000004
bristol,reading,voyager,11110111,-5.0,6.686,5.943,-0.7430000000000003
bristol,reading,voyager,11110111,-4.5,6.674,5.933,-0.7410000000000005
bristol,reading,voyager,11111000,-5.5,6.904,6.182,-0.7219999999999995
bristol,reading,voyager,11111000,-5.0,6.9,6.18,-0.7200000000000006
bristol,reading,voyager,11111000,-4.5,6.89,6.17,-0.7199999999999998
bristol,reading,voyager,11111001,-5.5,7.0,6.308,-0.6920000000000002
bristol,reading,voyager,11111001,-5.0,6.998,6.303,-0.6950000000000003
bristol,reading,voyager,11111001,-4.5,6.988,6.293,-0.6950000000000003
bristol,reading,voyager,11111010,-5.5,6.88,6.168,-0.7119999999999997
bristol,reading,voyager,11111010,-5.0,6.877,6.163,-0.7139999999999995
bristol,reading,voyager,11111010,-4.5,6.867,6.153,-0.7140000000000004
bristol,reading,voyager,11111011,-5.5,6.669,5.924,-0.7449999999999992
bristol,reading,voyager,11111011,-5.0,6.666,5.921,-0.7450000000000001
bristol,reading,voyager,11111011,-4.5,6.656,5.91,-0.7459999999999996
bristol,reading,voyager,11111100,-5.5,6.62,5.862,-0.758
bristol,reading,voyager,11111100,-5.0,6.617,5.86,-0.7569999999999997
bristol,reading,voyager,11111100,-4.5,6.603,5.85,-0.7530000000000001
bristol,reading,voyager,11111101,-5.5,6.613,5.861,-0.7520000000000007
bristol,reading,voyager,11111101,-5.0,6.606,5.859,-0.7469999999999999
bristol,reading,voyager,11111101,-4.5,6.594,5.847,-0.7469999999999999
bristol,reading,voyager,11111110,-5.5,6.387,5.606,-0.7809999999999997
bristol,reading,voyager,11111110,-5.0,6.386,5.601,-0.7850000000000001
bristol,reading,voyager,11111110,-4.5,6.376,5.591,-0.7850000000000001
bristol,reading,voyager,11111111,-5.5,6.196,5.393,-0.8029999999999999
bristol,reading,voyager,11111111,-5.0,6.194,5.39,-0.8040000000000003
bristol,reading,voyager,11111111,-4.5,6.183,5.377,-0.806
