scenario_id,stderr_chars,missing_type_variety,missing_pmd,missing_pdl,missing_pmd_coef,edfa_below_min_gain,roadm_target_power_unmet,has_critical_configuration_warning
iter-1-scenario-10,2481,1,1,1,1,8,2,True
iter-1-scenario-100,2481,1,1,1,1,8,2,True
iter-1-scenario-1000,2481,1,1,1,1,8,2,True
iter-1-scenario-1001,2481,1,1,1,1,8,2,True
iter-1-scenario-1002,2481,1,1,1,1,8,2,True
iter-1-scenario-1003,2481,1,1,1,1,8,2,True
iter-1-scenario-1004,2481,1,1,1,1,8,2,True
iter-1-scenario-1005,2481,1,1,1,1,8,2,True
iter-1-scenario-1006,2481,1,1,1,1,8,2,True
iter-1-scenario-1007,2481,1,1,1,1,8,2,True
iter-1-scenario-1008,2481,1,1,1,1,8,2,True
iter-1-scenario-1009,2481,1,1,1,1,8,2,True
iter-1-scenario-101,2481,1,1,1,1,8,2,True
iter-1-scenario-1010,2481,1,1,1,1,8,2,True
iter-1-scenario-1011,2481,1,1,1,1,8,2,True
iter-1-scenario-1012,2481,1,1,1,1,8,2,True
iter-1-scenario-1013,2481,1,1,1,1,8,2,True
iter-1-scenario-1014,2481,1,1,1,1,8,2,True
iter-1-scenario-1015,2481,1,1,1,1,8,2,True
iter-1-scenario-1016,2481,1,1,1,1,8,2,True
iter-1-scenario-1017,2481,1,1,1,1,8,2,True
iter-1-scenario-1018,2481,1,1,1,1,8,2,True
iter-1-scenario-1019,2481,1,1,1,1,8,2,True
iter-1-scenario-102,2481,1,1,1,1,8,2,True
iter-1-scenario-1020,2481,1,1,1,1,8,2,True
iter-1-scenario-1021,2481,1,1,1,1,8,2,True
iter-1-scenario-1022,2481,1,1,1,1,8,2,True
iter-1-scenario-1023,2481,1,1,1,1,8,2,True
iter-1-scenario-1024,2481,1,1,1,1,8,2,True
iter-1-scenario-1026,2481,1,1,1,1,8,2,True
iter-1-scenario-1027,2481,1,1,1,1,8,2,True
iter-1-scenario-1028,2481,1,1,1,1,8,2,True
iter-1-scenario-1029,2481,1,1,1,1,8,2,True
iter-1-scenario-103,2481,1,1,1,1,8,2,True
iter-1-scenario-1030,2481,1,1,1,1,8,2,True
iter-1-scenario-1031,2481,1,1,1,1,8,2,True
iter-1-scenario-1032,2481,1,1,1,1,8,2,True
iter-1-scenario-1033,2481,1,1,1,1,8,2,True
iter-1-scenario-1034,2481,1,1,1,1,8,2,True
iter-1-scenario-1035,2481,1,1,1,1,8,2,True
iter-1-scenario-1036,2481,1,1,1,1,8,2,True
iter-1-scenario-1037,2481,1,1,1,1,8,2,True
iter-1-scenario-1038,2481,1,1,1,1,8,2,True
iter-1-scenario-1039,2481,1,1,1,1,8,2,True
iter-1-scenario-104,2481,1,1,1,1,8,2,True
iter-1-scenario-1040,2481,1,1,1,1,8,2,True
iter-1-scenario-1041,2481,1,1,1,1,8,2,True
iter-1-scenario-1042,2481,1,1,1,1,8,2,True
iter-1-scenario-1043,2481,1,1,1,1,8,2,True
iter-1-scenario-1044,2481,1,1,1,1,8,2,True
iter-1-scenario-1045,2481,1,1,1,1,8,2,True
iter-1-scenario-1046,2481,1,1,1,1,8,2,True
iter-1-scenario-1047,2481,1,1,1,1,8,2,True
iter-1-scenario-1048,2481,1,1,1,1,8,2,True
iter-1-scenario-1049,2481,1,1,1,1,8,2,True
iter-1-scenario-105,2481,1,1,1,1,8,2,True
iter-1-scenario-1050,2481,1,1,1,1,8,2,True
iter-1-scenario-1051,2481,1,1,1,1,8,2,True
iter-1-scenario-1052,2481,1,1,1,1,8,2,True
iter-1-scenario-1053,2481,1,1,1,1,8,2,True
iter-1-scenario-1054,2481,1,1,1,1,8,2,True
iter-1-scenario-1055,2481,1,1,1,1,8,2,True
iter-1-scenario-1056,2481,1,1,1,1,8,2,True
iter-1-scenario-1057,2481,1,1,1,1,8,2,True
iter-1-scenario-1058,2481,1,1,1,1,8,2,True
iter-1-scenario-1059,2481,1,1,1,1,8,2,True
iter-1-scenario-106,2481,1,1,1,1,8,2,True
iter-1-scenario-1060,2481,1,1,1,1,8,2,True
iter-1-scenario-1061,2481,1,1,1,1,8,2,True
iter-1-scenario-1062,2481,1,1,1,1,8,2,True
iter-1-scenario-1063,2481,1,1,1,1,8,2,True
iter-1-scenario-1064,2481,1,1,1,1,8,2,True
iter-1-scenario-1065,2481,1,1,1,1,8,2,True
iter-1-scenario-1066,2481,1,1,1,1,8,2,True
iter-1-scenario-1067,2481,1,1,1,1,8,2,True
iter-1-scenario-1068,2481,1,1,1,1,8,2,True
iter-1-scenario-1069,2481,1,1,1,1,8,2,True
iter-1-scenario-107,2481,1,1,1,1,8,2,True
iter-1-scenario-1070,2481,1,1,1,1,8,2,True
iter-1-scenario-1071,2481,1,1,1,1,8,2,True
iter-1-scenario-1072,2481,1,1,1,1,8,2,True
iter-1-scenario-1073,2481,1,1,1,1,8,2,True
iter-1-scenario-1074,2481,1,1,1,1,8,2,True
iter-1-scenario-1075,2481,1,1,1,1,8,2,True
iter-1-scenario-1076,2481,1,1,1,1,8,2,True
iter-1-scenario-1077,2481,1,1,1,1,8,2,True
iter-1-scenario-1078,2481,1,1,1,1,8,2,True
iter-1-scenario-1079,2481,1,1,1,1,8,2,True
iter-1-scenario-108,2481,1,1,1,1,8,2,True
iter-1-scenario-1080,2481,1,1,1,1,8,2,True
iter-1-scenario-1081,2481,1,1,1,1,8,2,True
iter-1-scenario-1082,2481,1,1,1,1,8,2,True
iter-1-scenario-1083,2481,1,1,1,1,8,2,True
iter-1-scenario-1084,2481,1,1,1,1,8,2,True
iter-1-scenario-1085,2481,1,1,1,1,8,2,True
iter-1-scenario-1086,2481,1,1,1,1,8,2,True
iter-1-scenario-1087,2481,1,1,1,1,8,2,True
iter-1-scenario-1088,2481,1,1,1,1,8,2,True
iter-1-scenario-1089,2481,1,1,1,1,8,2,True
iter-1-scenario-109,2481,1,1,1,1,8,2,True
iter-1-scenario-1090,2481,1,1,1,1,8,2,True
iter-1-scenario-1091,2481,1,1,1,1,8,2,True
iter-1-scenario-1092,2481,1,1,1,1,8,2,True
iter-1-scenario-1093,2481,1,1,1,1,8,2,True
iter-1-scenario-1094,2481,1,1,1,1,8,2,True
iter-1-scenario-1095,2481,1,1,1,1,8,2,True
iter-1-scenario-1096,2481,1,1,1,1,8,2,True
iter-1-scenario-1097,2481,1,1,1,1,8,2,True
iter-1-scenario-1098,2481,1,1,1,1,8,2,True
iter-1-scenario-1099,2481,1,1,1,1,8,2,True
iter-1-scenario-11,2481,1,1,1,1,8,2,True
iter-1-scenario-110,2481,1,1,1,1,8,2,True
iter-1-scenario-1100,2481,1,1,1,1,8,2,True
iter-1-scenario-1101,2481,1,1,1,1,8,2,True
iter-1-scenario-1102,2481,1,1,1,1,8,2,True
iter-1-scenario-1103,2481,1,1,1,1,8,2,True
iter-1-scenario-1104,2481,1,1,1,1,8,2,True
iter-1-scenario-1105,2481,1,1,1,1,8,2,True
iter-1-scenario-1106,2481,1,1,1,1,8,2,True
iter-1-scenario-1107,2481,1,1,1,1,8,2,True
iter-1-scenario-1108,2481,1,1,1,1,8,2,True
iter-1-scenario-1109,2481,1,1,1,1,8,2,True
iter-1-scenario-111,2481,1,1,1,1,8,2,True
iter-1-scenario-1110,2481,1,1,1,1,8,2,True
iter-1-scenario-1111,2481,1,1,1,1,8,2,True
iter-1-scenario-1112,2481,1,1,1,1,8,2,True
iter-1-scenario-1113,2481,1,1,1,1,8,2,True
iter-1-scenario-1114,2481,1,1,1,1,8,2,True
iter-1-scenario-1115,2481,1,1,1,1,8,2,True
iter-1-scenario-1116,2481,1,1,1,1,8,2,True
iter-1-scenario-1117,2481,1,1,1,1,8,2,True
iter-1-scenario-1118,2481,1,1,1,1,8,2,True
iter-1-scenario-1119,2481,1,1,1,1,8,2,True
iter-1-scenario-112,2481,1,1,1,1,8,2,True
iter-1-scenario-1120,2481,1,1,1,1,8,2,True
iter-1-scenario-1121,2481,1,1,1,1,8,2,True
iter-1-scenario-1122,2481,1,1,1,1,8,2,True
iter-1-scenario-1123,2481,1,1,1,1,8,2,True
iter-1-scenario-1124,2481,1,1,1,1,8,2,True
iter-1-scenario-1125,2481,1,1,1,1,8,2,True
iter-1-scenario-1126,2481,1,1,1,1,8,2,True
iter-1-scenario-1127,2481,1,1,1,1,8,2,True
iter-1-scenario-1128,2481,1,1,1,1,8,2,True
iter-1-scenario-1129,2481,1,1,1,1,8,2,True
iter-1-scenario-113,2481,1,1,1,1,8,2,True
iter-1-scenario-1130,2481,1,1,1,1,8,2,True
iter-1-scenario-1131,2481,1,1,1,1,8,2,True
iter-1-scenario-1132,2481,1,1,1,1,8,2,True
iter-1-scenario-1133,2481,1,1,1,1,8,2,True
iter-1-scenario-1134,2481,1,1,1,1,8,2,True
iter-1-scenario-1135,2481,1,1,1,1,8,2,True
iter-1-scenario-1136,2481,1,1,1,1,8,2,True
iter-1-scenario-1137,2481,1,1,1,1,8,2,True
iter-1-scenario-1138,2481,1,1,1,1,8,2,True
iter-1-scenario-1139,2481,1,1,1,1,8,2,True
iter-1-scenario-114,2481,1,1,1,1,8,2,True
iter-1-scenario-1140,2481,1,1,1,1,8,2,True
iter-1-scenario-1141,2481,1,1,1,1,8,2,True
iter-1-scenario-1142,2481,1,1,1,1,8,2,True
iter-1-scenario-1143,2481,1,1,1,1,8,2,True
iter-1-scenario-1144,2481,1,1,1,1,8,2,True
iter-1-scenario-1145,2481,1,1,1,1,8,2,True
iter-1-scenario-1146,2481,1,1,1,1,8,2,True
iter-1-scenario-1147,2481,1,1,1,1,8,2,True
iter-1-scenario-1148,2481,1,1,1,1,8,2,True
iter-1-scenario-1149,2481,1,1,1,1,8,2,True
iter-1-scenario-115,2481,1,1,1,1,8,2,True
iter-1-scenario-1150,2481,1,1,1,1,8,2,True
iter-1-scenario-1151,2481,1,1,1,1,8,2,True
iter-1-scenario-1152,2481,1,1,1,1,8,2,True
iter-1-scenario-1153,2481,1,1,1,1,8,2,True
iter-1-scenario-1154,2481,1,1,1,1,8,2,True
iter-1-scenario-1155,2481,1,1,1,1,8,2,True
iter-1-scenario-1156,2481,1,1,1,1,8,2,True
iter-1-scenario-1157,2481,1,1,1,1,8,2,True
iter-1-scenario-1158,2481,1,1,1,1,8,2,True
iter-1-scenario-1159,2481,1,1,1,1,8,2,True
iter-1-scenario-116,2481,1,1,1,1,8,2,True
iter-1-scenario-1160,2481,1,1,1,1,8,2,True
iter-1-scenario-1161,2481,1,1,1,1,8,2,True
iter-1-scenario-1162,2481,1,1,1,1,8,2,True
iter-1-scenario-1163,2481,1,1,1,1,8,2,True
iter-1-scenario-1164,2481,1,1,1,1,8,2,True
iter-1-scenario-1165,2481,1,1,1,1,8,2,True
iter-1-scenario-1166,2481,1,1,1,1,8,2,True
iter-1-scenario-1167,2481,1,1,1,1,8,2,True
iter-1-scenario-1168,2481,1,1,1,1,8,2,True
iter-1-scenario-1169,2481,1,1,1,1,8,2,True
iter-1-scenario-117,2481,1,1,1,1,8,2,True
iter-1-scenario-1170,2481,1,1,1,1,8,2,True
iter-1-scenario-1171,2481,1,1,1,1,8,2,True
iter-1-scenario-1172,2481,1,1,1,1,8,2,True
iter-1-scenario-1173,2481,1,1,1,1,8,2,True
iter-1-scenario-1174,2481,1,1,1,1,8,2,True
iter-1-scenario-1175,2481,1,1,1,1,8,2,True
iter-1-scenario-1176,2481,1,1,1,1,8,2,True
iter-1-scenario-1177,2481,1,1,1,1,8,2,True
iter-1-scenario-1178,2481,1,1,1,1,8,2,True
iter-1-scenario-1179,2481,1,1,1,1,8,2,True
iter-1-scenario-118,2481,1,1,1,1,8,2,True
iter-1-scenario-1180,2481,1,1,1,1,8,2,True
iter-1-scenario-1181,2481,1,1,1,1,8,2,True
iter-1-scenario-1182,2481,1,1,1,1,8,2,True
iter-1-scenario-1183,2481,1,1,1,1,8,2,True
iter-1-scenario-1184,2481,1,1,1,1,8,2,True
iter-1-scenario-1185,2481,1,1,1,1,8,2,True
iter-1-scenario-1186,2481,1,1,1,1,8,2,True
iter-1-scenario-1187,2481,1,1,1,1,8,2,True
iter-1-scenario-1188,2481,1,1,1,1,8,2,True
iter-1-scenario-1189,2481,1,1,1,1,8,2,True
iter-1-scenario-119,2481,1,1,1,1,8,2,True
iter-1-scenario-1190,2481,1,1,1,1,8,2,True
iter-1-scenario-1191,2481,1,1,1,1,8,2,True
iter-1-scenario-1192,2481,1,1,1,1,8,2,True
iter-1-scenario-1193,2481,1,1,1,1,8,2,True
iter-1-scenario-1194,2481,1,1,1,1,8,2,True
iter-1-scenario-1195,2481,1,1,1,1,8,2,True
iter-1-scenario-1196,2481,1,1,1,1,8,2,True
iter-1-scenario-1197,2481,1,1,1,1,8,2,True
iter-1-scenario-1198,2481,1,1,1,1,8,2,True
iter-1-scenario-1199,2481,1,1,1,1,8,2,True
iter-1-scenario-12,2481,1,1,1,1,8,2,True
iter-1-scenario-120,2481,1,1,1,1,8,2,True
iter-1-scenario-1200,2481,1,1,1,1,8,2,True
iter-1-scenario-1201,2481,1,1,1,1,8,2,True
iter-1-scenario-1202,2481,1,1,1,1,8,2,True
iter-1-scenario-1203,2481,1,1,1,1,8,2,True
iter-1-scenario-1204,2481,1,1,1,1,8,2,True
iter-1-scenario-1205,2481,1,1,1,1,8,2,True
iter-1-scenario-1206,2481,1,1,1,1,8,2,True
iter-1-scenario-1207,2481,1,1,1,1,8,2,True
iter-1-scenario-1208,2481,1,1,1,1,8,2,True
iter-1-scenario-1209,2481,1,1,1,1,8,2,True
iter-1-scenario-121,2481,1,1,1,1,8,2,True
iter-1-scenario-1210,2481,1,1,1,1,8,2,True
iter-1-scenario-1211,2481,1,1,1,1,8,2,True
iter-1-scenario-1212,2481,1,1,1,1,8,2,True
iter-1-scenario-1213,2481,1,1,1,1,8,2,True
iter-1-scenario-1214,2481,1,1,1,1,8,2,True
iter-1-scenario-1215,2481,1,1,1,1,8,2,True
iter-1-scenario-1216,2481,1,1,1,1,8,2,True
iter-1-scenario-1217,2481,1,1,1,1,8,2,True
iter-1-scenario-1218,2481,1,1,1,1,8,2,True
iter-1-scenario-1219,2481,1,1,1,1,8,2,True
iter-1-scenario-122,2481,1,1,1,1,8,2,True
iter-1-scenario-1220,2481,1,1,1,1,8,2,True
iter-1-scenario-1221,2481,1,1,1,1,8,2,True
iter-1-scenario-1222,2481,1,1,1,1,8,2,True
iter-1-scenario-1223,2481,1,1,1,1,8,2,True
iter-1-scenario-1224,2481,1,1,1,1,8,2,True
iter-1-scenario-1225,2481,1,1,1,1,8,2,True
iter-1-scenario-1226,2481,1,1,1,1,8,2,True
iter-1-scenario-1227,2481,1,1,1,1,8,2,True
iter-1-scenario-1228,2481,1,1,1,1,8,2,True
iter-1-scenario-1229,2481,1,1,1,1,8,2,True
iter-1-scenario-123,2481,1,1,1,1,8,2,True
iter-1-scenario-1230,2481,1,1,1,1,8,2,True
iter-1-scenario-1231,2481,1,1,1,1,8,2,True
iter-1-scenario-1232,2481,1,1,1,1,8,2,True
iter-1-scenario-1233,2481,1,1,1,1,8,2,True
iter-1-scenario-1234,2481,1,1,1,1,8,2,True
iter-1-scenario-1235,2481,1,1,1,1,8,2,True
iter-1-scenario-1236,2481,1,1,1,1,8,2,True
iter-1-scenario-1237,2481,1,1,1,1,8,2,True
iter-1-scenario-1238,2481,1,1,1,1,8,2,True
iter-1-scenario-1239,2481,1,1,1,1,8,2,True
iter-1-scenario-124,2481,1,1,1,1,8,2,True
iter-1-scenario-1240,2481,1,1,1,1,8,2,True
iter-1-scenario-1241,2481,1,1,1,1,8,2,True
iter-1-scenario-1242,2481,1,1,1,1,8,2,True
iter-1-scenario-1243,2481,1,1,1,1,8,2,True
iter-1-scenario-1244,2481,1,1,1,1,8,2,True
iter-1-scenario-1245,2481,1,1,1,1,8,2,True
iter-1-scenario-1246,2481,1,1,1,1,8,2,True
iter-1-scenario-1247,2481,1,1,1,1,8,2,True
iter-1-scenario-1248,2481,1,1,1,1,8,2,True
iter-1-scenario-1249,2481,1,1,1,1,8,2,True
iter-1-scenario-125,2481,1,1,1,1,8,2,True
iter-1-scenario-1250,2481,1,1,1,1,8,2,True
iter-1-scenario-1251,2481,1,1,1,1,8,2,True
iter-1-scenario-1252,2481,1,1,1,1,8,2,True
iter-1-scenario-1253,2481,1,1,1,1,8,2,True
iter-1-scenario-1254,2481,1,1,1,1,8,2,True
iter-1-scenario-1255,2481,1,1,1,1,8,2,True
iter-1-scenario-1256,2481,1,1,1,1,8,2,True
iter-1-scenario-1257,2481,1,1,1,1,8,2,True
iter-1-scenario-1258,2481,1,1,1,1,8,2,True
iter-1-scenario-1259,2481,1,1,1,1,8,2,True
iter-1-scenario-126,2481,1,1,1,1,8,2,True
iter-1-scenario-1260,2481,1,1,1,1,8,2,True
iter-1-scenario-1261,2481,1,1,1,1,8,2,True
iter-1-scenario-1262,2481,1,1,1,1,8,2,True
iter-1-scenario-1263,2481,1,1,1,1,8,2,True
iter-1-scenario-1264,2481,1,1,1,1,8,2,True
iter-1-scenario-1265,2481,1,1,1,1,8,2,True
iter-1-scenario-1266,2481,1,1,1,1,8,2,True
iter-1-scenario-1267,2481,1,1,1,1,8,2,True
iter-1-scenario-1268,2481,1,1,1,1,8,2,True
iter-1-scenario-1269,2481,1,1,1,1,8,2,True
iter-1-scenario-127,2481,1,1,1,1,8,2,True
iter-1-scenario-1270,2481,1,1,1,1,8,2,True
iter-1-scenario-1271,2481,1,1,1,1,8,2,True
iter-1-scenario-1272,2481,1,1,1,1,8,2,True
iter-1-scenario-1273,2481,1,1,1,1,8,2,True
iter-1-scenario-1274,2481,1,1,1,1,8,2,True
iter-1-scenario-1275,2481,1,1,1,1,8,2,True
iter-1-scenario-1276,2481,1,1,1,1,8,2,True
iter-1-scenario-1277,2481,1,1,1,1,8,2,True
iter-1-scenario-1278,2481,1,1,1,1,8,2,True
iter-1-scenario-1279,2481,1,1,1,1,8,2,True
iter-1-scenario-128,2481,1,1,1,1,8,2,True
iter-1-scenario-1280,2481,1,1,1,1,8,2,True
iter-1-scenario-1282,2481,1,1,1,1,8,2,True
iter-1-scenario-1283,2481,1,1,1,1,8,2,True
iter-1-scenario-1284,2481,1,1,1,1,8,2,True
iter-1-scenario-1285,2481,1,1,1,1,8,2,True
iter-1-scenario-1286,2481,1,1,1,1,8,2,True
iter-1-scenario-1287,2481,1,1,1,1,8,2,True
iter-1-scenario-1288,2481,1,1,1,1,8,2,True
iter-1-scenario-1289,2481,1,1,1,1,8,2,True
iter-1-scenario-129,2481,1,1,1,1,8,2,True
iter-1-scenario-1290,2481,1,1,1,1,8,2,True
iter-1-scenario-1291,2481,1,1,1,1,8,2,True
iter-1-scenario-1292,2481,1,1,1,1,8,2,True
iter-1-scenario-1293,2481,1,1,1,1,8,2,True
iter-1-scenario-1294,2481,1,1,1,1,8,2,True
iter-1-scenario-1295,2481,1,1,1,1,8,2,True
iter-1-scenario-1296,2481,1,1,1,1,8,2,True
iter-1-scenario-1297,2481,1,1,1,1,8,2,True
iter-1-scenario-1298,2481,1,1,1,1,8,2,True
iter-1-scenario-1299,2481,1,1,1,1,8,2,True
iter-1-scenario-13,2481,1,1,1,1,8,2,True
iter-1-scenario-130,2481,1,1,1,1,8,2,True
iter-1-scenario-1300,2481,1,1,1,1,8,2,True
iter-1-scenario-1301,2481,1,1,1,1,8,2,True
iter-1-scenario-1302,2481,1,1,1,1,8,2,True
iter-1-scenario-1303,2481,1,1,1,1,8,2,True
iter-1-scenario-1304,2481,1,1,1,1,8,2,True
iter-1-scenario-1305,2481,1,1,1,1,8,2,True
iter-1-scenario-1306,2481,1,1,1,1,8,2,True
iter-1-scenario-1307,2481,1,1,1,1,8,2,True
iter-1-scenario-1308,2481,1,1,1,1,8,2,True
iter-1-scenario-1309,2481,1,1,1,1,8,2,True
iter-1-scenario-131,2481,1,1,1,1,8,2,True
iter-1-scenario-1310,2481,1,1,1,1,8,2,True
iter-1-scenario-1311,2481,1,1,1,1,8,2,True
iter-1-scenario-1312,2481,1,1,1,1,8,2,True
iter-1-scenario-1313,2481,1,1,1,1,8,2,True
iter-1-scenario-1314,2481,1,1,1,1,8,2,True
iter-1-scenario-1315,2481,1,1,1,1,8,2,True
iter-1-scenario-1316,2481,1,1,1,1,8,2,True
iter-1-scenario-1317,2481,1,1,1,1,8,2,True
iter-1-scenario-1318,2481,1,1,1,1,8,2,True
iter-1-scenario-1319,2481,1,1,1,1,8,2,True
iter-1-scenario-132,2481,1,1,1,1,8,2,True
iter-1-scenario-1320,2481,1,1,1,1,8,2,True
iter-1-scenario-1321,2481,1,1,1,1,8,2,True
iter-1-scenario-1322,2481,1,1,1,1,8,2,True
iter-1-scenario-1323,2481,1,1,1,1,8,2,True
iter-1-scenario-1324,2481,1,1,1,1,8,2,True
iter-1-scenario-1325,2481,1,1,1,1,8,2,True
iter-1-scenario-1326,2481,1,1,1,1,8,2,True
iter-1-scenario-1327,2481,1,1,1,1,8,2,True
iter-1-scenario-1328,2481,1,1,1,1,8,2,True
iter-1-scenario-1329,2481,1,1,1,1,8,2,True
iter-1-scenario-133,2481,1,1,1,1,8,2,True
iter-1-scenario-1330,2481,1,1,1,1,8,2,True
iter-1-scenario-1331,2481,1,1,1,1,8,2,True
iter-1-scenario-1332,2481,1,1,1,1,8,2,True
iter-1-scenario-1333,2481,1,1,1,1,8,2,True
iter-1-scenario-1334,2481,1,1,1,1,8,2,True
iter-1-scenario-1335,2481,1,1,1,1,8,2,True
iter-1-scenario-1336,2481,1,1,1,1,8,2,True
iter-1-scenario-1337,2481,1,1,1,1,8,2,True
iter-1-scenario-1338,2481,1,1,1,1,8,2,True
iter-1-scenario-1339,2481,1,1,1,1,8,2,True
iter-1-scenario-134,2481,1,1,1,1,8,2,True
iter-1-scenario-1340,2481,1,1,1,1,8,2,True
iter-1-scenario-1341,2481,1,1,1,1,8,2,True
iter-1-scenario-1342,2481,1,1,1,1,8,2,True
iter-1-scenario-1343,2481,1,1,1,1,8,2,True
iter-1-scenario-1344,2481,1,1,1,1,8,2,True
iter-1-scenario-1345,2481,1,1,1,1,8,2,True
iter-1-scenario-1346,2481,1,1,1,1,8,2,True
iter-1-scenario-1347,2481,1,1,1,1,8,2,True
iter-1-scenario-1348,2481,1,1,1,1,8,2,True
iter-1-scenario-1349,2481,1,1,1,1,8,2,True
iter-1-scenario-135,2481,1,1,1,1,8,2,True
iter-1-scenario-1350,2481,1,1,1,1,8,2,True
iter-1-scenario-1351,2481,1,1,1,1,8,2,True
iter-1-scenario-1352,2481,1,1,1,1,8,2,True
iter-1-scenario-1353,2481,1,1,1,1,8,2,True
iter-1-scenario-1354,2481,1,1,1,1,8,2,True
iter-1-scenario-1355,2481,1,1,1,1,8,2,True
iter-1-scenario-1356,2481,1,1,1,1,8,2,True
iter-1-scenario-1357,2481,1,1,1,1,8,2,True
iter-1-scenario-1358,2481,1,1,1,1,8,2,True
iter-1-scenario-1359,2481,1,1,1,1,8,2,True
iter-1-scenario-136,2481,1,1,1,1,8,2,True
iter-1-scenario-1360,2481,1,1,1,1,8,2,True
iter-1-scenario-1361,2481,1,1,1,1,8,2,True
iter-1-scenario-1362,2481,1,1,1,1,8,2,True
iter-1-scenario-1363,2481,1,1,1,1,8,2,True
iter-1-scenario-1364,2481,1,1,1,1,8,2,True
iter-1-scenario-1365,2481,1,1,1,1,8,2,True
iter-1-scenario-1366,2481,1,1,1,1,8,2,True
iter-1-scenario-1367,2481,1,1,1,1,8,2,True
iter-1-scenario-1368,2481,1,1,1,1,8,2,True
iter-1-scenario-1369,2481,1,1,1,1,8,2,True
iter-1-scenario-137,2481,1,1,1,1,8,2,True
iter-1-scenario-1370,2481,1,1,1,1,8,2,True
iter-1-scenario-1371,2481,1,1,1,1,8,2,True
iter-1-scenario-1372,2481,1,1,1,1,8,2,True
iter-1-scenario-1373,2481,1,1,1,1,8,2,True
iter-1-scenario-1374,2481,1,1,1,1,8,2,True
iter-1-scenario-1375,2481,1,1,1,1,8,2,True
iter-1-scenario-1376,2481,1,1,1,1,8,2,True
iter-1-scenario-1377,2481,1,1,1,1,8,2,True
iter-1-scenario-1378,2481,1,1,1,1,8,2,True
iter-1-scenario-1379,2481,1,1,1,1,8,2,True
iter-1-scenario-138,2481,1,1,1,1,8,2,True
iter-1-scenario-1380,2481,1,1,1,1,8,2,True
iter-1-scenario-1381,2481,1,1,1,1,8,2,True
iter-1-scenario-1382,2481,1,1,1,1,8,2,True
iter-1-scenario-1383,2481,1,1,1,1,8,2,True
iter-1-scenario-1384,2481,1,1,1,1,8,2,True
iter-1-scenario-1385,2481,1,1,1,1,8,2,True
iter-1-scenario-1386,2481,1,1,1,1,8,2,True
iter-1-scenario-1387,2481,1,1,1,1,8,2,True
iter-1-scenario-1388,2481,1,1,1,1,8,2,True
iter-1-scenario-1389,2481,1,1,1,1,8,2,True
iter-1-scenario-139,2481,1,1,1,1,8,2,True
iter-1-scenario-1390,2481,1,1,1,1,8,2,True
iter-1-scenario-1391,2481,1,1,1,1,8,2,True
iter-1-scenario-1392,2481,1,1,1,1,8,2,True
iter-1-scenario-1393,2481,1,1,1,1,8,2,True
iter-1-scenario-1394,2481,1,1,1,1,8,2,True
iter-1-scenario-1395,2481,1,1,1,1,8,2,True
iter-1-scenario-1396,2481,1,1,1,1,8,2,True
iter-1-scenario-1397,2481,1,1,1,1,8,2,True
iter-1-scenario-1398,2481,1,1,1,1,8,2,True
iter-1-scenario-1399,2481,1,1,1,1,8,2,True
iter-1-scenario-14,2481,1,1,1,1,8,2,True
iter-1-scenario-140,2481,1,1,1,1,8,2,True
iter-1-scenario-1400,2481,1,1,1,1,8,2,True
iter-1-scenario-1401,2481,1,1,1,1,8,2,True
iter-1-scenario-1402,2481,1,1,1,1,8,2,True
iter-1-scenario-1403,2481,1,1,1,1,8,2,True
iter-1-scenario-1404,2481,1,1,1,1,8,2,True
iter-1-scenario-1405,2481,1,1,1,1,8,2,True
iter-1-scenario-1406,2481,1,1,1,1,8,2,True
iter-1-scenario-1407,2481,1,1,1,1,8,2,True
iter-1-scenario-1408,2481,1,1,1,1,8,2,True
iter-1-scenario-1409,2481,1,1,1,1,8,2,True
iter-1-scenario-141,2481,1,1,1,1,8,2,True
iter-1-scenario-1410,2481,1,1,1,1,8,2,True
iter-1-scenario-1411,2481,1,1,1,1,8,2,True
iter-1-scenario-1412,2481,1,1,1,1,8,2,True
iter-1-scenario-1413,2481,1,1,1,1,8,2,True
iter-1-scenario-1414,2481,1,1,1,1,8,2,True
iter-1-scenario-1415,2481,1,1,1,1,8,2,True
iter-1-scenario-1416,2481,1,1,1,1,8,2,True
iter-1-scenario-1417,2481,1,1,1,1,8,2,True
iter-1-scenario-1418,2481,1,1,1,1,8,2,True
iter-1-scenario-1419,2481,1,1,1,1,8,2,True
iter-1-scenario-142,2481,1,1,1,1,8,2,True
iter-1-scenario-1420,2481,1,1,1,1,8,2,True
iter-1-scenario-1421,2481,1,1,1,1,8,2,True
iter-1-scenario-1422,2481,1,1,1,1,8,2,True
iter-1-scenario-1423,2481,1,1,1,1,8,2,True
iter-1-scenario-1424,2481,1,1,1,1,8,2,True
iter-1-scenario-1425,2481,1,1,1,1,8,2,True
iter-1-scenario-1426,2481,1,1,1,1,8,2,True
iter-1-scenario-1427,2481,1,1,1,1,8,2,True
iter-1-scenario-1428,2481,1,1,1,1,8,2,True
iter-1-scenario-1429,2481,1,1,1,1,8,2,True
iter-1-scenario-143,2481,1,1,1,1,8,2,True
iter-1-scenario-1430,2481,1,1,1,1,8,2,True
iter-1-scenario-1431,2481,1,1,1,1,8,2,True
iter-1-scenario-1432,2481,1,1,1,1,8,2,True
iter-1-scenario-1433,2481,1,1,1,1,8,2,True
iter-1-scenario-1434,2481,1,1,1,1,8,2,True
iter-1-scenario-1435,2481,1,1,1,1,8,2,True
iter-1-scenario-1436,2481,1,1,1,1,8,2,True
iter-1-scenario-1437,2481,1,1,1,1,8,2,True
iter-1-scenario-1438,2481,1,1,1,1,8,2,True
iter-1-scenario-1439,2481,1,1,1,1,8,2,True
iter-1-scenario-144,2481,1,1,1,1,8,2,True
iter-1-scenario-1440,2481,1,1,1,1,8,2,True
iter-1-scenario-1441,2481,1,1,1,1,8,2,True
iter-1-scenario-1442,2481,1,1,1,1,8,2,True
iter-1-scenario-1443,2481,1,1,1,1,8,2,True
iter-1-scenario-1444,2481,1,1,1,1,8,2,True
iter-1-scenario-1445,2481,1,1,1,1,8,2,True
iter-1-scenario-1446,2481,1,1,1,1,8,2,True
iter-1-scenario-1447,2481,1,1,1,1,8,2,True
iter-1-scenario-1448,2481,1,1,1,1,8,2,True
iter-1-scenario-1449,2481,1,1,1,1,8,2,True
iter-1-scenario-145,2481,1,1,1,1,8,2,True
iter-1-scenario-1450,2481,1,1,1,1,8,2,True
iter-1-scenario-1451,2481,1,1,1,1,8,2,True
iter-1-scenario-1452,2481,1,1,1,1,8,2,True
iter-1-scenario-1453,2481,1,1,1,1,8,2,True
iter-1-scenario-1454,2481,1,1,1,1,8,2,True
iter-1-scenario-1455,2481,1,1,1,1,8,2,True
iter-1-scenario-1456,2481,1,1,1,1,8,2,True
iter-1-scenario-1457,2481,1,1,1,1,8,2,True
iter-1-scenario-1458,2481,1,1,1,1,8,2,True
iter-1-scenario-1459,2481,1,1,1,1,8,2,True
iter-1-scenario-146,2481,1,1,1,1,8,2,True
iter-1-scenario-1460,2481,1,1,1,1,8,2,True
iter-1-scenario-1461,2481,1,1,1,1,8,2,True
iter-1-scenario-1462,2481,1,1,1,1,8,2,True
iter-1-scenario-1463,2481,1,1,1,1,8,2,True
iter-1-scenario-1464,2481,1,1,1,1,8,2,True
iter-1-scenario-1465,2481,1,1,1,1,8,2,True
iter-1-scenario-1466,2481,1,1,1,1,8,2,True
iter-1-scenario-1467,2481,1,1,1,1,8,2,True
iter-1-scenario-1468,2481,1,1,1,1,8,2,True
iter-1-scenario-1469,2481,1,1,1,1,8,2,True
iter-1-scenario-147,2481,1,1,1,1,8,2,True
iter-1-scenario-1470,2481,1,1,1,1,8,2,True
iter-1-scenario-1471,2481,1,1,1,1,8,2,True
iter-1-scenario-1472,2481,1,1,1,1,8,2,True
iter-1-scenario-1473,2481,1,1,1,1,8,2,True
iter-1-scenario-1474,2481,1,1,1,1,8,2,True
iter-1-scenario-1475,2481,1,1,1,1,8,2,True
iter-1-scenario-1476,2481,1,1,1,1,8,2,True
iter-1-scenario-1477,2481,1,1,1,1,8,2,True
iter-1-scenario-1478,2481,1,1,1,1,8,2,True
iter-1-scenario-1479,2481,1,1,1,1,8,2,True
iter-1-scenario-148,2481,1,1,1,1,8,2,True
iter-1-scenario-1480,2481,1,1,1,1,8,2,True
iter-1-scenario-1481,2481,1,1,1,1,8,2,True
iter-1-scenario-1482,2481,1,1,1,1,8,2,True
iter-1-scenario-1483,2481,1,1,1,1,8,2,True
iter-1-scenario-1484,2481,1,1,1,1,8,2,True
iter-1-scenario-1485,2481,1,1,1,1,8,2,True
iter-1-scenario-1486,2481,1,1,1,1,8,2,True
iter-1-scenario-1487,2481,1,1,1,1,8,2,True
iter-1-scenario-1488,2481,1,1,1,1,8,2,True
iter-1-scenario-1489,2481,1,1,1,1,8,2,True
iter-1-scenario-149,2481,1,1,1,1,8,2,True
iter-1-scenario-1490,2481,1,1,1,1,8,2,True
iter-1-scenario-1491,2481,1,1,1,1,8,2,True
iter-1-scenario-1492,2481,1,1,1,1,8,2,True
iter-1-scenario-1493,2481,1,1,1,1,8,2,True
iter-1-scenario-1494,2481,1,1,1,1,8,2,True
iter-1-scenario-1495,2481,1,1,1,1,8,2,True
iter-1-scenario-1496,2481,1,1,1,1,8,2,True
iter-1-scenario-1497,2481,1,1,1,1,8,2,True
iter-1-scenario-1498,2481,1,1,1,1,8,2,True
iter-1-scenario-1499,2481,1,1,1,1,8,2,True
iter-1-scenario-15,2481,1,1,1,1,8,2,True
iter-1-scenario-150,2481,1,1,1,1,8,2,True
iter-1-scenario-1500,2481,1,1,1,1,8,2,True
iter-1-scenario-1501,2481,1,1,1,1,8,2,True
iter-1-scenario-1502,2481,1,1,1,1,8,2,True
iter-1-scenario-1503,2481,1,1,1,1,8,2,True
iter-1-scenario-1504,2481,1,1,1,1,8,2,True
iter-1-scenario-1505,2481,1,1,1,1,8,2,True
iter-1-scenario-1506,2481,1,1,1,1,8,2,True
iter-1-scenario-1507,2481,1,1,1,1,8,2,True
iter-1-scenario-1508,2481,1,1,1,1,8,2,True
iter-1-scenario-1509,2481,1,1,1,1,8,2,True
iter-1-scenario-151,2481,1,1,1,1,8,2,True
iter-1-scenario-1510,2481,1,1,1,1,8,2,True
iter-1-scenario-1511,2481,1,1,1,1,8,2,True
iter-1-scenario-1512,2481,1,1,1,1,8,2,True
iter-1-scenario-1513,2481,1,1,1,1,8,2,True
iter-1-scenario-1514,2481,1,1,1,1,8,2,True
iter-1-scenario-1515,2481,1,1,1,1,8,2,True
iter-1-scenario-1516,2481,1,1,1,1,8,2,True
iter-1-scenario-1517,2481,1,1,1,1,8,2,True
iter-1-scenario-1518,2481,1,1,1,1,8,2,True
iter-1-scenario-1519,2481,1,1,1,1,8,2,True
iter-1-scenario-152,2481,1,1,1,1,8,2,True
iter-1-scenario-1520,2481,1,1,1,1,8,2,True
iter-1-scenario-1521,2481,1,1,1,1,8,2,True
iter-1-scenario-1522,2481,1,1,1,1,8,2,True
iter-1-scenario-1523,2481,1,1,1,1,8,2,True
iter-1-scenario-1524,2481,1,1,1,1,8,2,True
iter-1-scenario-1525,2481,1,1,1,1,8,2,True
iter-1-scenario-1526,2481,1,1,1,1,8,2,True
iter-1-scenario-1527,2481,1,1,1,1,8,2,True
iter-1-scenario-1528,2481,1,1,1,1,8,2,True
iter-1-scenario-1529,2481,1,1,1,1,8,2,True
iter-1-scenario-153,2481,1,1,1,1,8,2,True
iter-1-scenario-1530,2481,1,1,1,1,8,2,True
iter-1-scenario-1531,2481,1,1,1,1,8,2,True
iter-1-scenario-1532,2481,1,1,1,1,8,2,True
iter-1-scenario-1533,2481,1,1,1,1,8,2,True
iter-1-scenario-1534,2481,1,1,1,1,8,2,True
iter-1-scenario-1535,2481,1,1,1,1,8,2,True
iter-1-scenario-1536,2481,1,1,1,1,8,2,True
iter-1-scenario-1538,2481,1,1,1,1,8,2,True
iter-1-scenario-1539,2481,1,1,1,1,8,2,True
iter-1-scenario-154,2481,1,1,1,1,8,2,True
iter-1-scenario-1540,2481,1,1,1,1,8,2,True
iter-1-scenario-1541,2481,1,1,1,1,8,2,True
iter-1-scenario-1542,2481,1,1,1,1,8,2,True
iter-1-scenario-1543,2481,1,1,1,1,8,2,True
iter-1-scenario-1544,2481,1,1,1,1,8,2,True
iter-1-scenario-1545,2481,1,1,1,1,8,2,True
iter-1-scenario-1546,2481,1,1,1,1,8,2,True
iter-1-scenario-1547,2481,1,1,1,1,8,2,True
iter-1-scenario-1548,2481,1,1,1,1,8,2,True
iter-1-scenario-1549,2481,1,1,1,1,8,2,True
iter-1-scenario-155,2481,1,1,1,1,8,2,True
iter-1-scenario-1550,2481,1,1,1,1,8,2,True
iter-1-scenario-1551,2481,1,1,1,1,8,2,True
iter-1-scenario-1552,2481,1,1,1,1,8,2,True
iter-1-scenario-1553,2481,1,1,1,1,8,2,True
iter-1-scenario-1554,2481,1,1,1,1,8,2,True
iter-1-scenario-1555,2481,1,1,1,1,8,2,True
iter-1-scenario-1556,2481,1,1,1,1,8,2,True
iter-1-scenario-1557,2481,1,1,1,1,8,2,True
iter-1-scenario-1558,2481,1,1,1,1,8,2,True
iter-1-scenario-1559,2481,1,1,1,1,8,2,True
iter-1-scenario-156,2481,1,1,1,1,8,2,True
iter-1-scenario-1560,2481,1,1,1,1,8,2,True
iter-1-scenario-1561,2481,1,1,1,1,8,2,True
iter-1-scenario-1562,2481,1,1,1,1,8,2,True
iter-1-scenario-1563,2481,1,1,1,1,8,2,True
iter-1-scenario-1564,2481,1,1,1,1,8,2,True
iter-1-scenario-1565,2481,1,1,1,1,8,2,True
iter-1-scenario-1566,2481,1,1,1,1,8,2,True
iter-1-scenario-1567,2481,1,1,1,1,8,2,True
iter-1-scenario-1568,2481,1,1,1,1,8,2,True
iter-1-scenario-1569,2481,1,1,1,1,8,2,True
iter-1-scenario-157,2481,1,1,1,1,8,2,True
iter-1-scenario-1570,2481,1,1,1,1,8,2,True
iter-1-scenario-1571,2481,1,1,1,1,8,2,True
iter-1-scenario-1572,2481,1,1,1,1,8,2,True
iter-1-scenario-1573,2481,1,1,1,1,8,2,True
iter-1-scenario-1574,2481,1,1,1,1,8,2,True
iter-1-scenario-1575,2481,1,1,1,1,8,2,True
iter-1-scenario-1576,2481,1,1,1,1,8,2,True
iter-1-scenario-1577,2481,1,1,1,1,8,2,True
iter-1-scenario-1578,2481,1,1,1,1,8,2,True
iter-1-scenario-1579,2481,1,1,1,1,8,2,True
iter-1-scenario-158,2481,1,1,1,1,8,2,True
iter-1-scenario-1580,2481,1,1,1,1,8,2,True
iter-1-scenario-1581,2481,1,1,1,1,8,2,True
iter-1-scenario-1582,2481,1,1,1,1,8,2,True
iter-1-scenario-1583,2481,1,1,1,1,8,2,True
iter-1-scenario-1584,2481,1,1,1,1,8,2,True
iter-1-scenario-1585,2481,1,1,1,1,8,2,True
iter-1-scenario-1586,2481,1,1,1,1,8,2,True
iter-1-scenario-1587,2481,1,1,1,1,8,2,True
iter-1-scenario-1588,2481,1,1,1,1,8,2,True
iter-1-scenario-1589,2481,1,1,1,1,8,2,True
iter-1-scenario-159,2481,1,1,1,1,8,2,True
iter-1-scenario-1590,2481,1,1,1,1,8,2,True
iter-1-scenario-1591,2481,1,1,1,1,8,2,True
iter-1-scenario-1592,2481,1,1,1,1,8,2,True
iter-1-scenario-1593,2481,1,1,1,1,8,2,True
iter-1-scenario-1594,2481,1,1,1,1,8,2,True
iter-1-scenario-1595,2481,1,1,1,1,8,2,True
iter-1-scenario-1596,2481,1,1,1,1,8,2,True
iter-1-scenario-1597,2481,1,1,1,1,8,2,True
iter-1-scenario-1598,2481,1,1,1,1,8,2,True
iter-1-scenario-1599,2481,1,1,1,1,8,2,True
iter-1-scenario-16,2481,1,1,1,1,8,2,True
iter-1-scenario-160,2481,1,1,1,1,8,2,True
iter-1-scenario-1600,2481,1,1,1,1,8,2,True
iter-1-scenario-1601,2481,1,1,1,1,8,2,True
iter-1-scenario-1602,2481,1,1,1,1,8,2,True
iter-1-scenario-1603,2481,1,1,1,1,8,2,True
iter-1-scenario-1604,2481,1,1,1,1,8,2,True
iter-1-scenario-1605,2481,1,1,1,1,8,2,True
iter-1-scenario-1606,2481,1,1,1,1,8,2,True
iter-1-scenario-1607,2481,1,1,1,1,8,2,True
iter-1-scenario-1608,2481,1,1,1,1,8,2,True
iter-1-scenario-1609,2481,1,1,1,1,8,2,True
iter-1-scenario-161,2481,1,1,1,1,8,2,True
iter-1-scenario-1610,2481,1,1,1,1,8,2,True
iter-1-scenario-1611,2481,1,1,1,1,8,2,True
iter-1-scenario-1612,2481,1,1,1,1,8,2,True
iter-1-scenario-1613,2481,1,1,1,1,8,2,True
iter-1-scenario-1614,2481,1,1,1,1,8,2,True
iter-1-scenario-1615,2481,1,1,1,1,8,2,True
iter-1-scenario-1616,2481,1,1,1,1,8,2,True
iter-1-scenario-1617,2481,1,1,1,1,8,2,True
iter-1-scenario-1618,2481,1,1,1,1,8,2,True
iter-1-scenario-1619,2481,1,1,1,1,8,2,True
iter-1-scenario-162,2481,1,1,1,1,8,2,True
iter-1-scenario-1620,2481,1,1,1,1,8,2,True
iter-1-scenario-1621,2481,1,1,1,1,8,2,True
iter-1-scenario-1622,2481,1,1,1,1,8,2,True
iter-1-scenario-1623,2481,1,1,1,1,8,2,True
iter-1-scenario-1624,2481,1,1,1,1,8,2,True
iter-1-scenario-1625,2481,1,1,1,1,8,2,True
iter-1-scenario-1626,2481,1,1,1,1,8,2,True
iter-1-scenario-1627,2481,1,1,1,1,8,2,True
iter-1-scenario-1628,2481,1,1,1,1,8,2,True
iter-1-scenario-1629,2481,1,1,1,1,8,2,True
iter-1-scenario-163,2481,1,1,1,1,8,2,True
iter-1-scenario-1630,2481,1,1,1,1,8,2,True
iter-1-scenario-1631,2481,1,1,1,1,8,2,True
iter-1-scenario-1632,2481,1,1,1,1,8,2,True
iter-1-scenario-1633,2481,1,1,1,1,8,2,True
iter-1-scenario-1634,2481,1,1,1,1,8,2,True
iter-1-scenario-1635,2481,1,1,1,1,8,2,True
iter-1-scenario-1636,2481,1,1,1,1,8,2,True
iter-1-scenario-1637,2481,1,1,1,1,8,2,True
iter-1-scenario-1638,2481,1,1,1,1,8,2,True
iter-1-scenario-1639,2481,1,1,1,1,8,2,True
iter-1-scenario-164,2481,1,1,1,1,8,2,True
iter-1-scenario-1640,2481,1,1,1,1,8,2,True
iter-1-scenario-1641,2481,1,1,1,1,8,2,True
iter-1-scenario-1642,2481,1,1,1,1,8,2,True
iter-1-scenario-1643,2481,1,1,1,1,8,2,True
iter-1-scenario-1644,2481,1,1,1,1,8,2,True
iter-1-scenario-1645,2481,1,1,1,1,8,2,True
iter-1-scenario-1646,2481,1,1,1,1,8,2,True
iter-1-scenario-1647,2481,1,1,1,1,8,2,True
iter-1-scenario-1648,2481,1,1,1,1,8,2,True
iter-1-scenario-1649,2481,1,1,1,1,8,2,True
iter-1-scenario-165,2481,1,1,1,1,8,2,True
iter-1-scenario-1650,2481,1,1,1,1,8,2,True
iter-1-scenario-1651,2481,1,1,1,1,8,2,True
iter-1-scenario-1652,2481,1,1,1,1,8,2,True
iter-1-scenario-1653,2481,1,1,1,1,8,2,True
iter-1-scenario-1654,2481,1,1,1,1,8,2,True
iter-1-scenario-1655,2481,1,1,1,1,8,2,True
iter-1-scenario-1656,2481,1,1,1,1,8,2,True
iter-1-scenario-1657,2481,1,1,1,1,8,2,True
iter-1-scenario-1658,2481,1,1,1,1,8,2,True
iter-1-scenario-1659,2481,1,1,1,1,8,2,True
iter-1-scenario-166,2481,1,1,1,1,8,2,True
iter-1-scenario-1660,2481,1,1,1,1,8,2,True
iter-1-scenario-1661,2481,1,1,1,1,8,2,True
iter-1-scenario-1662,2481,1,1,1,1,8,2,True
iter-1-scenario-1663,2481,1,1,1,1,8,2,True
iter-1-scenario-1664,2481,1,1,1,1,8,2,True
iter-1-scenario-1665,2481,1,1,1,1,8,2,True
iter-1-scenario-1666,2481,1,1,1,1,8,2,True
iter-1-scenario-1667,2481,1,1,1,1,8,2,True
iter-1-scenario-1668,2481,1,1,1,1,8,2,True
iter-1-scenario-1669,2481,1,1,1,1,8,2,True
iter-1-scenario-167,2481,1,1,1,1,8,2,True
iter-1-scenario-1670,2481,1,1,1,1,8,2,True
iter-1-scenario-1671,2481,1,1,1,1,8,2,True
iter-1-scenario-1672,2481,1,1,1,1,8,2,True
iter-1-scenario-1673,2481,1,1,1,1,8,2,True
iter-1-scenario-1674,2481,1,1,1,1,8,2,True
iter-1-scenario-1675,2481,1,1,1,1,8,2,True
iter-1-scenario-1676,2481,1,1,1,1,8,2,True
iter-1-scenario-1677,2481,1,1,1,1,8,2,True
iter-1-scenario-1678,2481,1,1,1,1,8,2,True
iter-1-scenario-1679,2481,1,1,1,1,8,2,True
iter-1-scenario-168,2481,1,1,1,1,8,2,True
iter-1-scenario-1680,2481,1,1,1,1,8,2,True
iter-1-scenario-1681,2481,1,1,1,1,8,2,True
iter-1-scenario-1682,2481,1,1,1,1,8,2,True
iter-1-scenario-1683,2481,1,1,1,1,8,2,True
iter-1-scenario-1684,2481,1,1,1,1,8,2,True
iter-1-scenario-1685,2481,1,1,1,1,8,2,True
iter-1-scenario-1686,2481,1,1,1,1,8,2,True
iter-1-scenario-1687,2481,1,1,1,1,8,2,True
iter-1-scenario-1688,2481,1,1,1,1,8,2,True
iter-1-scenario-1689,2481,1,1,1,1,8,2,True
iter-1-scenario-169,2481,1,1,1,1,8,2,True
iter-1-scenario-1690,2481,1,1,1,1,8,2,True
iter-1-scenario-1691,2481,1,1,1,1,8,2,True
iter-1-scenario-1692,2481,1,1,1,1,8,2,True
iter-1-scenario-1693,2481,1,1,1,1,8,2,True
iter-1-scenario-1694,2481,1,1,1,1,8,2,True
iter-1-scenario-1695,2481,1,1,1,1,8,2,True
iter-1-scenario-1696,2481,1,1,1,1,8,2,True
iter-1-scenario-1697,2481,1,1,1,1,8,2,True
iter-1-scenario-1698,2481,1,1,1,1,8,2,True
iter-1-scenario-1699,2481,1,1,1,1,8,2,True
iter-1-scenario-17,2481,1,1,1,1,8,2,True
iter-1-scenario-170,2481,1,1,1,1,8,2,True
iter-1-scenario-1700,2481,1,1,1,1,8,2,True
iter-1-scenario-1701,2481,1,1,1,1,8,2,True
iter-1-scenario-1702,2481,1,1,1,1,8,2,True
iter-1-scenario-1703,2481,1,1,1,1,8,2,True
iter-1-scenario-1704,2481,1,1,1,1,8,2,True
iter-1-scenario-1705,2481,1,1,1,1,8,2,True
iter-1-scenario-1706,2481,1,1,1,1,8,2,True
iter-1-scenario-1707,2481,1,1,1,1,8,2,True
iter-1-scenario-1708,2481,1,1,1,1,8,2,True
iter-1-scenario-1709,2481,1,1,1,1,8,2,True
iter-1-scenario-171,2481,1,1,1,1,8,2,True
iter-1-scenario-1710,2481,1,1,1,1,8,2,True
iter-1-scenario-1711,2481,1,1,1,1,8,2,True
iter-1-scenario-1712,2481,1,1,1,1,8,2,True
iter-1-scenario-1713,2481,1,1,1,1,8,2,True
iter-1-scenario-1714,2481,1,1,1,1,8,2,True
iter-1-scenario-1715,2481,1,1,1,1,8,2,True
iter-1-scenario-1716,2481,1,1,1,1,8,2,True
iter-1-scenario-1717,2481,1,1,1,1,8,2,True
iter-1-scenario-1718,2481,1,1,1,1,8,2,True
iter-1-scenario-1719,2481,1,1,1,1,8,2,True
iter-1-scenario-172,2481,1,1,1,1,8,2,True
iter-1-scenario-1720,2481,1,1,1,1,8,2,True
iter-1-scenario-1721,2481,1,1,1,1,8,2,True
iter-1-scenario-1722,2481,1,1,1,1,8,2,True
iter-1-scenario-1723,2481,1,1,1,1,8,2,True
iter-1-scenario-1724,2481,1,1,1,1,8,2,True
iter-1-scenario-1725,2481,1,1,1,1,8,2,True
iter-1-scenario-1726,2481,1,1,1,1,8,2,True
iter-1-scenario-1727,2481,1,1,1,1,8,2,True
iter-1-scenario-1728,2481,1,1,1,1,8,2,True
iter-1-scenario-1729,2481,1,1,1,1,8,2,True
iter-1-scenario-173,2481,1,1,1,1,8,2,True
iter-1-scenario-1730,2481,1,1,1,1,8,2,True
iter-1-scenario-1731,2481,1,1,1,1,8,2,True
iter-1-scenario-1732,2481,1,1,1,1,8,2,True
iter-1-scenario-1733,2481,1,1,1,1,8,2,True
iter-1-scenario-1734,2481,1,1,1,1,8,2,True
iter-1-scenario-1735,2481,1,1,1,1,8,2,True
iter-1-scenario-1736,2481,1,1,1,1,8,2,True
iter-1-scenario-1737,2481,1,1,1,1,8,2,True
iter-1-scenario-1738,2481,1,1,1,1,8,2,True
iter-1-scenario-1739,2481,1,1,1,1,8,2,True
iter-1-scenario-174,2481,1,1,1,1,8,2,True
iter-1-scenario-1740,2481,1,1,1,1,8,2,True
iter-1-scenario-1741,2481,1,1,1,1,8,2,True
iter-1-scenario-1742,2481,1,1,1,1,8,2,True
iter-1-scenario-1743,2481,1,1,1,1,8,2,True
iter-1-scenario-1744,2481,1,1,1,1,8,2,True
iter-1-scenario-1745,2481,1,1,1,1,8,2,True
iter-1-scenario-1746,2481,1,1,1,1,8,2,True
iter-1-scenario-1747,2481,1,1,1,1,8,2,True
iter-1-scenario-1748,2481,1,1,1,1,8,2,True
iter-1-scenario-1749,2481,1,1,1,1,8,2,True
iter-1-scenario-175,2481,1,1,1,1,8,2,True
iter-1-scenario-1750,2481,1,1,1,1,8,2,True
iter-1-scenario-1751,2481,1,1,1,1,8,2,True
iter-1-scenario-1752,2481,1,1,1,1,8,2,True
iter-1-scenario-1753,2481,1,1,1,1,8,2,True
iter-1-scenario-1754,2481,1,1,1,1,8,2,True
iter-1-scenario-1755,2481,1,1,1,1,8,2,True
iter-1-scenario-1756,2481,1,1,1,1,8,2,True
iter-1-scenario-1757,2481,1,1,1,1,8,2,True
iter-1-scenario-1758,2481,1,1,1,1,8,2,True
iter-1-scenario-1759,2481,1,1,1,1,8,2,True
iter-1-scenario-176,2481,1,1,1,1,8,2,True
iter-1-scenario-1760,2481,1,1,1,1,8,2,True
iter-1-scenario-1761,2481,1,1,1,1,8,2,True
iter-1-scenario-1762,2481,1,1,1,1,8,2,True
iter-1-scenario-1763,2481,1,1,1,1,8,2,True
iter-1-scenario-1764,2481,1,1,1,1,8,2,True
iter-1-scenario-1765,2481,1,1,1,1,8,2,True
iter-1-scenario-1766,2481,1,1,1,1,8,2,True
iter-1-scenario-1767,2481,1,1,1,1,8,2,True
iter-1-scenario-1768,2481,1,1,1,1,8,2,True
iter-1-scenario-1769,2481,1,1,1,1,8,2,True
iter-1-scenario-177,2481,1,1,1,1,8,2,True
iter-1-scenario-1770,2481,1,1,1,1,8,2,True
iter-1-scenario-1771,2481,1,1,1,1,8,2,True
iter-1-scenario-1772,2481,1,1,1,1,8,2,True
iter-1-scenario-1773,2481,1,1,1,1,8,2,True
iter-1-scenario-1774,2481,1,1,1,1,8,2,True
iter-1-scenario-1775,2481,1,1,1,1,8,2,True
iter-1-scenario-1776,2481,1,1,1,1,8,2,True
iter-1-scenario-1777,2481,1,1,1,1,8,2,True
iter-1-scenario-1778,2481,1,1,1,1,8,2,True
iter-1-scenario-1779,2481,1,1,1,1,8,2,True
iter-1-scenario-178,2481,1,1,1,1,8,2,True
iter-1-scenario-1780,2481,1,1,1,1,8,2,True
iter-1-scenario-1781,2481,1,1,1,1,8,2,True
iter-1-scenario-1782,2481,1,1,1,1,8,2,True
iter-1-scenario-1783,2481,1,1,1,1,8,2,True
iter-1-scenario-1784,2481,1,1,1,1,8,2,True
iter-1-scenario-1785,2481,1,1,1,1,8,2,True
iter-1-scenario-1786,2481,1,1,1,1,8,2,True
iter-1-scenario-1787,2481,1,1,1,1,8,2,True
iter-1-scenario-1788,2481,1,1,1,1,8,2,True
iter-1-scenario-1789,2481,1,1,1,1,8,2,True
iter-1-scenario-179,2481,1,1,1,1,8,2,True
iter-1-scenario-1790,2481,1,1,1,1,8,2,True
iter-1-scenario-1791,2481,1,1,1,1,8,2,True
iter-1-scenario-1792,2481,1,1,1,1,8,2,True
iter-1-scenario-1794,2481,1,1,1,1,8,2,True
iter-1-scenario-1795,2481,1,1,1,1,8,2,True
iter-1-scenario-1796,2481,1,1,1,1,8,2,True
iter-1-scenario-1797,2481,1,1,1,1,8,2,True
iter-1-scenario-1798,2481,1,1,1,1,8,2,True
iter-1-scenario-1799,2481,1,1,1,1,8,2,True
iter-1-scenario-18,2481,1,1,1,1,8,2,True
iter-1-scenario-180,2481,1,1,1,1,8,2,True
iter-1-scenario-1800,2481,1,1,1,1,8,2,True
iter-1-scenario-1801,2481,1,1,1,1,8,2,True
iter-1-scenario-1802,2481,1,1,1,1,8,2,True
iter-1-scenario-1803,2481,1,1,1,1,8,2,True
iter-1-scenario-1804,2481,1,1,1,1,8,2,True
iter-1-scenario-1805,2481,1,1,1,1,8,2,True
iter-1-scenario-1806,2481,1,1,1,1,8,2,True
iter-1-scenario-1807,2481,1,1,1,1,8,2,True
iter-1-scenario-1808,2481,1,1,1,1,8,2,True
iter-1-scenario-1809,2481,1,1,1,1,8,2,True
iter-1-scenario-181,2481,1,1,1,1,8,2,True
iter-1-scenario-1810,2481,1,1,1,1,8,2,True
iter-1-scenario-1811,2481,1,1,1,1,8,2,True
iter-1-scenario-1812,2481,1,1,1,1,8,2,True
iter-1-scenario-1813,2481,1,1,1,1,8,2,True
iter-1-scenario-1814,2481,1,1,1,1,8,2,True
iter-1-scenario-1815,2481,1,1,1,1,8,2,True
iter-1-scenario-1816,2481,1,1,1,1,8,2,True
iter-1-scenario-1817,2481,1,1,1,1,8,2,True
iter-1-scenario-1818,2481,1,1,1,1,8,2,True
iter-1-scenario-1819,2481,1,1,1,1,8,2,True
iter-1-scenario-182,2481,1,1,1,1,8,2,True
iter-1-scenario-1820,2481,1,1,1,1,8,2,True
iter-1-scenario-1821,2481,1,1,1,1,8,2,True
iter-1-scenario-1822,2481,1,1,1,1,8,2,True
iter-1-scenario-1823,2481,1,1,1,1,8,2,True
iter-1-scenario-1824,2481,1,1,1,1,8,2,True
iter-1-scenario-1825,2481,1,1,1,1,8,2,True
iter-1-scenario-1826,2481,1,1,1,1,8,2,True
iter-1-scenario-1827,2481,1,1,1,1,8,2,True
iter-1-scenario-1828,2481,1,1,1,1,8,2,True
iter-1-scenario-1829,2481,1,1,1,1,8,2,True
iter-1-scenario-183,2481,1,1,1,1,8,2,True
iter-1-scenario-1830,2481,1,1,1,1,8,2,True
iter-1-scenario-1831,2481,1,1,1,1,8,2,True
iter-1-scenario-1832,2481,1,1,1,1,8,2,True
iter-1-scenario-1833,2481,1,1,1,1,8,2,True
iter-1-scenario-1834,2481,1,1,1,1,8,2,True
iter-1-scenario-1835,2481,1,1,1,1,8,2,True
iter-1-scenario-1836,2481,1,1,1,1,8,2,True
iter-1-scenario-1837,2481,1,1,1,1,8,2,True
iter-1-scenario-1838,2481,1,1,1,1,8,2,True
iter-1-scenario-1839,2481,1,1,1,1,8,2,True
iter-1-scenario-184,2481,1,1,1,1,8,2,True
iter-1-scenario-1840,2481,1,1,1,1,8,2,True
iter-1-scenario-1841,2481,1,1,1,1,8,2,True
iter-1-scenario-1842,2481,1,1,1,1,8,2,True
iter-1-scenario-1843,2481,1,1,1,1,8,2,True
iter-1-scenario-1844,2481,1,1,1,1,8,2,True
iter-1-scenario-1845,2481,1,1,1,1,8,2,True
iter-1-scenario-1846,2481,1,1,1,1,8,2,True
iter-1-scenario-1847,2481,1,1,1,1,8,2,True
iter-1-scenario-1848,2481,1,1,1,1,8,2,True
iter-1-scenario-1849,2481,1,1,1,1,8,2,True
iter-1-scenario-185,2481,1,1,1,1,8,2,True
iter-1-scenario-1850,2481,1,1,1,1,8,2,True
iter-1-scenario-1851,2481,1,1,1,1,8,2,True
iter-1-scenario-1852,2481,1,1,1,1,8,2,True
iter-1-scenario-1853,2481,1,1,1,1,8,2,True
iter-1-scenario-1854,2481,1,1,1,1,8,2,True
iter-1-scenario-1855,2481,1,1,1,1,8,2,True
iter-1-scenario-1856,2481,1,1,1,1,8,2,True
iter-1-scenario-1857,2481,1,1,1,1,8,2,True
iter-1-scenario-1858,2481,1,1,1,1,8,2,True
iter-1-scenario-1859,2481,1,1,1,1,8,2,True
iter-1-scenario-186,2481,1,1,1,1,8,2,True
iter-1-scenario-1860,2481,1,1,1,1,8,2,True
iter-1-scenario-1861,2481,1,1,1,1,8,2,True
iter-1-scenario-1862,2481,1,1,1,1,8,2,True
iter-1-scenario-1863,2481,1,1,1,1,8,2,True
iter-1-scenario-1864,2481,1,1,1,1,8,2,True
iter-1-scenario-1865,2481,1,1,1,1,8,2,True
iter-1-scenario-1866,2481,1,1,1,1,8,2,True
iter-1-scenario-1867,2481,1,1,1,1,8,2,True
iter-1-scenario-1868,2481,1,1,1,1,8,2,True
iter-1-scenario-1869,2481,1,1,1,1,8,2,True
iter-1-scenario-187,2481,1,1,1,1,8,2,True
iter-1-scenario-1870,2481,1,1,1,1,8,2,True
iter-1-scenario-1871,2481,1,1,1,1,8,2,True
iter-1-scenario-1872,2481,1,1,1,1,8,2,True
iter-1-scenario-1873,2481,1,1,1,1,8,2,True
iter-1-scenario-1874,2481,1,1,1,1,8,2,True
iter-1-scenario-1875,2481,1,1,1,1,8,2,True
iter-1-scenario-1876,2481,1,1,1,1,8,2,True
iter-1-scenario-1877,2481,1,1,1,1,8,2,True
iter-1-scenario-1878,2481,1,1,1,1,8,2,True
iter-1-scenario-1879,2481,1,1,1,1,8,2,True
iter-1-scenario-188,2481,1,1,1,1,8,2,True
iter-1-scenario-1880,2481,1,1,1,1,8,2,True
iter-1-scenario-1881,2481,1,1,1,1,8,2,True
iter-1-scenario-1882,2481,1,1,1,1,8,2,True
iter-1-scenario-1883,2481,1,1,1,1,8,2,True
iter-1-scenario-1884,2481,1,1,1,1,8,2,True
iter-1-scenario-1885,2481,1,1,1,1,8,2,True
iter-1-scenario-1886,2481,1,1,1,1,8,2,True
iter-1-scenario-1887,2481,1,1,1,1,8,2,True
iter-1-scenario-1888,2481,1,1,1,1,8,2,True
iter-1-scenario-1889,2481,1,1,1,1,8,2,True
iter-1-scenario-189,2481,1,1,1,1,8,2,True
iter-1-scenario-1890,2481,1,1,1,1,8,2,True
iter-1-scenario-1891,2481,1,1,1,1,8,2,True
iter-1-scenario-1892,2481,1,1,1,1,8,2,True
iter-1-scenario-1893,2481,1,1,1,1,8,2,True
iter-1-scenario-1894,2481,1,1,1,1,8,2,True
iter-1-scenario-1895,2481,1,1,1,1,8,2,True
iter-1-scenario-1896,2481,1,1,1,1,8,2,True
iter-1-scenario-1897,2481,1,1,1,1,8,2,True
iter-1-scenario-1898,2481,1,1,1,1,8,2,True
iter-1-scenario-1899,2481,1,1,1,1,8,2,True
iter-1-scenario-19,2481,1,1,1,1,8,2,True
iter-1-scenario-190,2481,1,1,1,1,8,2,True
iter-1-scenario-1900,2481,1,1,1,1,8,2,True
iter-1-scenario-1901,2481,1,1,1,1,8,2,True
iter-1-scenario-1902,2481,1,1,1,1,8,2,True
iter-1-scenario-1903,2481,1,1,1,1,8,2,True
iter-1-scenario-1904,2481,1,1,1,1,8,2,True
iter-1-scenario-1905,2481,1,1,1,1,8,2,True
iter-1-scenario-1906,2481,1,1,1,1,8,2,True
iter-1-scenario-1907,2481,1,1,1,1,8,2,True
iter-1-scenario-1908,2481,1,1,1,1,8,2,True
iter-1-scenario-1909,2481,1,1,1,1,8,2,True
iter-1-scenario-191,2481,1,1,1,1,8,2,True
iter-1-scenario-1910,2481,1,1,1,1,8,2,True
iter-1-scenario-1911,2481,1,1,1,1,8,2,True
iter-1-scenario-1912,2481,1,1,1,1,8,2,True
iter-1-scenario-1913,2481,1,1,1,1,8,2,True
iter-1-scenario-1914,2481,1,1,1,1,8,2,True
iter-1-scenario-1915,2481,1,1,1,1,8,2,True
iter-1-scenario-1916,2481,1,1,1,1,8,2,True
iter-1-scenario-1917,2481,1,1,1,1,8,2,True
iter-1-scenario-1918,2481,1,1,1,1,8,2,True
iter-1-scenario-1919,2481,1,1,1,1,8,2,True
iter-1-scenario-192,2481,1,1,1,1,8,2,True
iter-1-scenario-1920,2481,1,1,1,1,8,2,True
iter-1-scenario-1921,2481,1,1,1,1,8,2,True
iter-1-scenario-1922,2481,1,1,1,1,8,2,True
iter-1-scenario-1923,2481,1,1,1,1,8,2,True
iter-1-scenario-1924,2481,1,1,1,1,8,2,True
iter-1-scenario-1925,2481,1,1,1,1,8,2,True
iter-1-scenario-1926,2481,1,1,1,1,8,2,True
iter-1-scenario-1927,2481,1,1,1,1,8,2,True
iter-1-scenario-1928,2481,1,1,1,1,8,2,True
iter-1-scenario-1929,2481,1,1,1,1,8,2,True
iter-1-scenario-193,2481,1,1,1,1,8,2,True
iter-1-scenario-1930,2481,1,1,1,1,8,2,True
iter-1-scenario-1931,2481,1,1,1,1,8,2,True
iter-1-scenario-1932,2481,1,1,1,1,8,2,True
iter-1-scenario-1933,2481,1,1,1,1,8,2,True
iter-1-scenario-1934,2481,1,1,1,1,8,2,True
iter-1-scenario-1935,2481,1,1,1,1,8,2,True
iter-1-scenario-1936,2481,1,1,1,1,8,2,True
iter-1-scenario-1937,2481,1,1,1,1,8,2,True
iter-1-scenario-1938,2481,1,1,1,1,8,2,True
iter-1-scenario-1939,2481,1,1,1,1,8,2,True
iter-1-scenario-194,2481,1,1,1,1,8,2,True
iter-1-scenario-1940,2481,1,1,1,1,8,2,True
iter-1-scenario-1941,2481,1,1,1,1,8,2,True
iter-1-scenario-1942,2481,1,1,1,1,8,2,True
iter-1-scenario-1943,2481,1,1,1,1,8,2,True
iter-1-scenario-1944,2481,1,1,1,1,8,2,True
iter-1-scenario-1945,2481,1,1,1,1,8,2,True
iter-1-scenario-1946,2481,1,1,1,1,8,2,True
iter-1-scenario-1947,2481,1,1,1,1,8,2,True
iter-1-scenario-1948,2481,1,1,1,1,8,2,True
iter-1-scenario-1949,2481,1,1,1,1,8,2,True
iter-1-scenario-195,2481,1,1,1,1,8,2,True
iter-1-scenario-1950,2481,1,1,1,1,8,2,True
iter-1-scenario-1951,2481,1,1,1,1,8,2,True
iter-1-scenario-1952,2481,1,1,1,1,8,2,True
iter-1-scenario-1953,2481,1,1,1,1,8,2,True
iter-1-scenario-1954,2481,1,1,1,1,8,2,True
iter-1-scenario-1955,2481,1,1,1,1,8,2,True
iter-1-scenario-1956,2481,1,1,1,1,8,2,True
iter-1-scenario-1957,2481,1,1,1,1,8,2,True
iter-1-scenario-1958,2481,1,1,1,1,8,2,True
iter-1-scenario-1959,2481,1,1,1,1,8,2,True
iter-1-scenario-196,2481,1,1,1,1,8,2,True
iter-1-scenario-1960,2481,1,1,1,1,8,2,True
iter-1-scenario-1961,2481,1,1,1,1,8,2,True
iter-1-scenario-1962,2481,1,1,1,1,8,2,True
iter-1-scenario-1963,2481,1,1,1,1,8,2,True
iter-1-scenario-1964,2481,1,1,1,1,8,2,True
iter-1-scenario-1965,2481,1,1,1,1,8,2,True
iter-1-scenario-1966,2481,1,1,1,1,8,2,True
iter-1-scenario-1967,2481,1,1,1,1,8,2,True
iter-1-scenario-1968,2481,1,1,1,1,8,2,True
iter-1-scenario-1969,2481,1,1,1,1,8,2,True
iter-1-scenario-197,2481,1,1,1,1,8,2,True
iter-1-scenario-1970,2481,1,1,1,1,8,2,True
iter-1-scenario-1971,2481,1,1,1,1,8,2,True
iter-1-scenario-1972,2481,1,1,1,1,8,2,True
iter-1-scenario-1973,2481,1,1,1,1,8,2,True
iter-1-scenario-1974,2481,1,1,1,1,8,2,True
iter-1-scenario-1975,2481,1,1,1,1,8,2,True
iter-1-scenario-1976,2481,1,1,1,1,8,2,True
iter-1-scenario-1977,2481,1,1,1,1,8,2,True
iter-1-scenario-1978,2481,1,1,1,1,8,2,True
iter-1-scenario-1979,2481,1,1,1,1,8,2,True
iter-1-scenario-198,2481,1,1,1,1,8,2,True
iter-1-scenario-1980,2481,1,1,1,1,8,2,True
iter-1-scenario-1981,2481,1,1,1,1,8,2,True
iter-1-scenario-1982,2481,1,1,1,1,8,2,True
iter-1-scenario-1983,2481,1,1,1,1,8,2,True
iter-1-scenario-1984,2481,1,1,1,1,8,2,True
iter-1-scenario-1985,2481,1,1,1,1,8,2,True
iter-1-scenario-1986,2481,1,1,1,1,8,2,True
iter-1-scenario-1987,2481,1,1,1,1,8,2,True
iter-1-scenario-1988,2481,1,1,1,1,8,2,True
iter-1-scenario-1989,2481,1,1,1,1,8,2,True
iter-1-scenario-199,2481,1,1,1,1,8,2,True
iter-1-scenario-1990,2481,1,1,1,1,8,2,True
iter-1-scenario-1991,2481,1,1,1,1,8,2,True
iter-1-scenario-1992,2481,1,1,1,1,8,2,True
iter-1-scenario-1993,2481,1,1,1,1,8,2,True
iter-1-scenario-1994,2481,1,1,1,1,8,2,True
iter-1-scenario-1995,2481,1,1,1,1,8,2,True
iter-1-scenario-1996,2481,1,1,1,1,8,2,True
iter-1-scenario-1997,2481,1,1,1,1,8,2,True
iter-1-scenario-1998,2481,1,1,1,1,8,2,True
iter-1-scenario-1999,2481,1,1,1,1,8,2,True
iter-1-scenario-2,2481,1,1,1,1,8,2,True
iter-1-scenario-20,2481,1,1,1,1,8,2,True
iter-1-scenario-200,2481,1,1,1,1,8,2,True
iter-1-scenario-2000,2481,1,1,1,1,8,2,True
iter-1-scenario-2001,2481,1,1,1,1,8,2,True
iter-1-scenario-2002,2481,1,1,1,1,8,2,True
iter-1-scenario-2003,2481,1,1,1,1,8,2,True
iter-1-scenario-2004,2481,1,1,1,1,8,2,True
iter-1-scenario-2005,2481,1,1,1,1,8,2,True
iter-1-scenario-2006,2481,1,1,1,1,8,2,True
iter-1-scenario-2007,2481,1,1,1,1,8,2,True
iter-1-scenario-2008,2481,1,1,1,1,8,2,True
iter-1-scenario-2009,2481,1,1,1,1,8,2,True
iter-1-scenario-201,2481,1,1,1,1,8,2,True
iter-1-scenario-2010,2481,1,1,1,1,8,2,True
iter-1-scenario-2011,2481,1,1,1,1,8,2,True
iter-1-scenario-2012,2481,1,1,1,1,8,2,True
iter-1-scenario-2013,2481,1,1,1,1,8,2,True
iter-1-scenario-2014,2481,1,1,1,1,8,2,True
iter-1-scenario-2015,2481,1,1,1,1,8,2,True
iter-1-scenario-2016,2481,1,1,1,1,8,2,True
iter-1-scenario-2017,2481,1,1,1,1,8,2,True
iter-1-scenario-2018,2481,1,1,1,1,8,2,True
iter-1-scenario-2019,2481,1,1,1,1,8,2,True
iter-1-scenario-202,2481,1,1,1,1,8,2,True
iter-1-scenario-2020,2481,1,1,1,1,8,2,True
iter-1-scenario-2021,2481,1,1,1,1,8,2,True
iter-1-scenario-2022,2481,1,1,1,1,8,2,True
iter-1-scenario-2023,2481,1,1,1,1,8,2,True
iter-1-scenario-2024,2481,1,1,1,1,8,2,True
iter-1-scenario-2025,2481,1,1,1,1,8,2,True
iter-1-scenario-2026,2481,1,1,1,1,8,2,True
iter-1-scenario-2027,2481,1,1,1,1,8,2,True
iter-1-scenario-2028,2481,1,1,1,1,8,2,True
iter-1-scenario-2029,2481,1,1,1,1,8,2,True
iter-1-scenario-203,2481,1,1,1,1,8,2,True
iter-1-scenario-2030,2481,1,1,1,1,8,2,True
iter-1-scenario-2031,2481,1,1,1,1,8,2,True
iter-1-scenario-2032,2481,1,1,1,1,8,2,True
iter-1-scenario-2033,2481,1,1,1,1,8,2,True
iter-1-scenario-2034,2481,1,1,1,1,8,2,True
iter-1-scenario-2035,2481,1,1,1,1,8,2,True
iter-1-scenario-2036,2481,1,1,1,1,8,2,True
iter-1-scenario-2037,2481,1,1,1,1,8,2,True
iter-1-scenario-2038,2481,1,1,1,1,8,2,True
iter-1-scenario-2039,2481,1,1,1,1,8,2,True
iter-1-scenario-204,2481,1,1,1,1,8,2,True
iter-1-scenario-2040,2481,1,1,1,1,8,2,True
iter-1-scenario-2041,2481,1,1,1,1,8,2,True
iter-1-scenario-2042,2481,1,1,1,1,8,2,True
iter-1-scenario-2043,2481,1,1,1,1,8,2,True
iter-1-scenario-2044,2481,1,1,1,1,8,2,True
iter-1-scenario-2045,2481,1,1,1,1,8,2,True
iter-1-scenario-2046,2481,1,1,1,1,8,2,True
iter-1-scenario-2047,2481,1,1,1,1,8,2,True
iter-1-scenario-2048,2481,1,1,1,1,8,2,True
iter-1-scenario-205,2481,1,1,1,1,8,2,True
iter-1-scenario-206,2481,1,1,1,1,8,2,True
iter-1-scenario-207,2481,1,1,1,1,8,2,True
iter-1-scenario-208,2481,1,1,1,1,8,2,True
iter-1-scenario-209,2481,1,1,1,1,8,2,True
iter-1-scenario-21,2481,1,1,1,1,8,2,True
iter-1-scenario-210,2481,1,1,1,1,8,2,True
iter-1-scenario-211,2481,1,1,1,1,8,2,True
iter-1-scenario-212,2481,1,1,1,1,8,2,True
iter-1-scenario-213,2481,1,1,1,1,8,2,True
iter-1-scenario-214,2481,1,1,1,1,8,2,True
iter-1-scenario-215,2481,1,1,1,1,8,2,True
iter-1-scenario-216,2481,1,1,1,1,8,2,True
iter-1-scenario-217,2481,1,1,1,1,8,2,True
iter-1-scenario-218,2481,1,1,1,1,8,2,True
iter-1-scenario-219,2481,1,1,1,1,8,2,True
iter-1-scenario-22,2481,1,1,1,1,8,2,True
iter-1-scenario-220,2481,1,1,1,1,8,2,True
iter-1-scenario-221,2481,1,1,1,1,8,2,True
iter-1-scenario-222,2481,1,1,1,1,8,2,True
iter-1-scenario-223,2481,1,1,1,1,8,2,True
iter-1-scenario-224,2481,1,1,1,1,8,2,True
iter-1-scenario-225,2481,1,1,1,1,8,2,True
iter-1-scenario-226,2481,1,1,1,1,8,2,True
iter-1-scenario-227,2481,1,1,1,1,8,2,True
iter-1-scenario-228,2481,1,1,1,1,8,2,True
iter-1-scenario-229,2481,1,1,1,1,8,2,True
iter-1-scenario-23,2481,1,1,1,1,8,2,True
iter-1-scenario-230,2481,1,1,1,1,8,2,True
iter-1-scenario-231,2481,1,1,1,1,8,2,True
iter-1-scenario-232,2481,1,1,1,1,8,2,True
iter-1-scenario-233,2481,1,1,1,1,8,2,True
iter-1-scenario-234,2481,1,1,1,1,8,2,True
iter-1-scenario-235,2481,1,1,1,1,8,2,True
iter-1-scenario-236,2481,1,1,1,1,8,2,True
iter-1-scenario-237,2481,1,1,1,1,8,2,True
iter-1-scenario-238,2481,1,1,1,1,8,2,True
iter-1-scenario-239,2481,1,1,1,1,8,2,True
iter-1-scenario-24,2481,1,1,1,1,8,2,True
iter-1-scenario-240,2481,1,1,1,1,8,2,True
iter-1-scenario-241,2481,1,1,1,1,8,2,True
iter-1-scenario-242,2481,1,1,1,1,8,2,True
iter-1-scenario-243,2481,1,1,1,1,8,2,True
iter-1-scenario-244,2481,1,1,1,1,8,2,True
iter-1-scenario-245,2481,1,1,1,1,8,2,True
iter-1-scenario-246,2481,1,1,1,1,8,2,True
iter-1-scenario-247,2481,1,1,1,1,8,2,True
iter-1-scenario-248,2481,1,1,1,1,8,2,True
iter-1-scenario-249,2481,1,1,1,1,8,2,True
iter-1-scenario-25,2481,1,1,1,1,8,2,True
iter-1-scenario-250,2481,1,1,1,1,8,2,True
iter-1-scenario-251,2481,1,1,1,1,8,2,True
iter-1-scenario-252,2481,1,1,1,1,8,2,True
iter-1-scenario-253,2481,1,1,1,1,8,2,True
iter-1-scenario-254,2481,1,1,1,1,8,2,True
iter-1-scenario-255,2481,1,1,1,1,8,2,True
iter-1-scenario-256,2481,1,1,1,1,8,2,True
iter-1-scenario-258,2481,1,1,1,1,8,2,True
iter-1-scenario-259,2481,1,1,1,1,8,2,True
iter-1-scenario-26,2481,1,1,1,1,8,2,True
iter-1-scenario-260,2481,1,1,1,1,8,2,True
iter-1-scenario-261,2481,1,1,1,1,8,2,True
iter-1-scenario-262,2481,1,1,1,1,8,2,True
iter-1-scenario-263,2481,1,1,1,1,8,2,True
iter-1-scenario-264,2481,1,1,1,1,8,2,True
iter-1-scenario-265,2481,1,1,1,1,8,2,True
iter-1-scenario-266,2481,1,1,1,1,8,2,True
iter-1-scenario-267,2481,1,1,1,1,8,2,True
iter-1-scenario-268,2481,1,1,1,1,8,2,True
iter-1-scenario-269,2481,1,1,1,1,8,2,True
iter-1-scenario-27,2481,1,1,1,1,8,2,True
iter-1-scenario-270,2481,1,1,1,1,8,2,True
iter-1-scenario-271,2481,1,1,1,1,8,2,True
iter-1-scenario-272,2481,1,1,1,1,8,2,True
iter-1-scenario-273,2481,1,1,1,1,8,2,True
iter-1-scenario-274,2481,1,1,1,1,8,2,True
iter-1-scenario-275,2481,1,1,1,1,8,2,True
iter-1-scenario-276,2481,1,1,1,1,8,2,True
iter-1-scenario-277,2481,1,1,1,1,8,2,True
iter-1-scenario-278,2481,1,1,1,1,8,2,True
iter-1-scenario-279,2481,1,1,1,1,8,2,True
iter-1-scenario-28,2481,1,1,1,1,8,2,True
iter-1-scenario-280,2481,1,1,1,1,8,2,True
iter-1-scenario-281,2481,1,1,1,1,8,2,True
iter-1-scenario-282,2481,1,1,1,1,8,2,True
iter-1-scenario-283,2481,1,1,1,1,8,2,True
iter-1-scenario-284,2481,1,1,1,1,8,2,True
iter-1-scenario-285,2481,1,1,1,1,8,2,True
iter-1-scenario-286,2481,1,1,1,1,8,2,True
iter-1-scenario-287,2481,1,1,1,1,8,2,True
iter-1-scenario-288,2481,1,1,1,1,8,2,True
iter-1-scenario-289,2481,1,1,1,1,8,2,True
iter-1-scenario-29,2481,1,1,1,1,8,2,True
iter-1-scenario-290,2481,1,1,1,1,8,2,True
iter-1-scenario-291,2481,1,1,1,1,8,2,True
iter-1-scenario-292,2481,1,1,1,1,8,2,True
iter-1-scenario-293,2481,1,1,1,1,8,2,True
iter-1-scenario-294,2481,1,1,1,1,8,2,True
iter-1-scenario-295,2481,1,1,1,1,8,2,True
iter-1-scenario-296,2481,1,1,1,1,8,2,True
iter-1-scenario-297,2481,1,1,1,1,8,2,True
iter-1-scenario-298,2481,1,1,1,1,8,2,True
iter-1-scenario-299,2481,1,1,1,1,8,2,True
iter-1-scenario-3,2481,1,1,1,1,8,2,True
iter-1-scenario-30,2481,1,1,1,1,8,2,True
iter-1-scenario-300,2481,1,1,1,1,8,2,True
iter-1-scenario-301,2481,1,1,1,1,8,2,True
iter-1-scenario-302,2481,1,1,1,1,8,2,True
iter-1-scenario-303,2481,1,1,1,1,8,2,True
iter-1-scenario-304,2481,1,1,1,1,8,2,True
iter-1-scenario-305,2481,1,1,1,1,8,2,True
iter-1-scenario-306,2481,1,1,1,1,8,2,True
iter-1-scenario-307,2481,1,1,1,1,8,2,True
iter-1-scenario-308,2481,1,1,1,1,8,2,True
iter-1-scenario-309,2481,1,1,1,1,8,2,True
iter-1-scenario-31,2481,1,1,1,1,8,2,True
iter-1-scenario-310,2481,1,1,1,1,8,2,True
iter-1-scenario-311,2481,1,1,1,1,8,2,True
iter-1-scenario-312,2481,1,1,1,1,8,2,True
iter-1-scenario-313,2481,1,1,1,1,8,2,True
iter-1-scenario-314,2481,1,1,1,1,8,2,True
iter-1-scenario-315,2481,1,1,1,1,8,2,True
iter-1-scenario-316,2481,1,1,1,1,8,2,True
iter-1-scenario-317,2481,1,1,1,1,8,2,True
iter-1-scenario-318,2481,1,1,1,1,8,2,True
iter-1-scenario-319,2481,1,1,1,1,8,2,True
iter-1-scenario-32,2481,1,1,1,1,8,2,True
iter-1-scenario-320,2481,1,1,1,1,8,2,True
iter-1-scenario-321,2481,1,1,1,1,8,2,True
iter-1-scenario-322,2481,1,1,1,1,8,2,True
iter-1-scenario-323,2481,1,1,1,1,8,2,True
iter-1-scenario-324,2481,1,1,1,1,8,2,True
iter-1-scenario-325,2481,1,1,1,1,8,2,True
iter-1-scenario-326,2481,1,1,1,1,8,2,True
iter-1-scenario-327,2481,1,1,1,1,8,2,True
iter-1-scenario-328,2481,1,1,1,1,8,2,True
iter-1-scenario-329,2481,1,1,1,1,8,2,True
iter-1-scenario-33,2481,1,1,1,1,8,2,True
iter-1-scenario-330,2481,1,1,1,1,8,2,True
iter-1-scenario-331,2481,1,1,1,1,8,2,True
iter-1-scenario-332,2481,1,1,1,1,8,2,True
iter-1-scenario-333,2481,1,1,1,1,8,2,True
iter-1-scenario-334,2481,1,1,1,1,8,2,True
iter-1-scenario-335,2481,1,1,1,1,8,2,True
iter-1-scenario-336,2481,1,1,1,1,8,2,True
iter-1-scenario-337,2481,1,1,1,1,8,2,True
iter-1-scenario-338,2481,1,1,1,1,8,2,True
iter-1-scenario-339,2481,1,1,1,1,8,2,True
iter-1-scenario-34,2481,1,1,1,1,8,2,True
iter-1-scenario-340,2481,1,1,1,1,8,2,True
iter-1-scenario-341,2481,1,1,1,1,8,2,True
iter-1-scenario-342,2481,1,1,1,1,8,2,True
iter-1-scenario-343,2481,1,1,1,1,8,2,True
iter-1-scenario-344,2481,1,1,1,1,8,2,True
iter-1-scenario-345,2481,1,1,1,1,8,2,True
iter-1-scenario-346,2481,1,1,1,1,8,2,True
iter-1-scenario-347,2481,1,1,1,1,8,2,True
iter-1-scenario-348,2481,1,1,1,1,8,2,True
iter-1-scenario-349,2481,1,1,1,1,8,2,True
iter-1-scenario-35,2481,1,1,1,1,8,2,True
iter-1-scenario-350,2481,1,1,1,1,8,2,True
iter-1-scenario-351,2481,1,1,1,1,8,2,True
iter-1-scenario-352,2481,1,1,1,1,8,2,True
iter-1-scenario-353,2481,1,1,1,1,8,2,True
iter-1-scenario-354,2481,1,1,1,1,8,2,True
iter-1-scenario-355,2481,1,1,1,1,8,2,True
iter-1-scenario-356,2481,1,1,1,1,8,2,True
iter-1-scenario-357,2481,1,1,1,1,8,2,True
iter-1-scenario-358,2481,1,1,1,1,8,2,True
iter-1-scenario-359,2481,1,1,1,1,8,2,True
iter-1-scenario-36,2481,1,1,1,1,8,2,True
iter-1-scenario-360,2481,1,1,1,1,8,2,True
iter-1-scenario-361,2481,1,1,1,1,8,2,True
iter-1-scenario-362,2481,1,1,1,1,8,2,True
iter-1-scenario-363,2481,1,1,1,1,8,2,True
iter-1-scenario-364,2481,1,1,1,1,8,2,True
iter-1-scenario-365,2481,1,1,1,1,8,2,True
iter-1-scenario-366,2481,1,1,1,1,8,2,True
iter-1-scenario-367,2481,1,1,1,1,8,2,True
iter-1-scenario-368,2481,1,1,1,1,8,2,True
iter-1-scenario-369,2481,1,1,1,1,8,2,True
iter-1-scenario-37,2481,1,1,1,1,8,2,True
iter-1-scenario-370,2481,1,1,1,1,8,2,True
iter-1-scenario-371,2481,1,1,1,1,8,2,True
iter-1-scenario-372,2481,1,1,1,1,8,2,True
iter-1-scenario-373,2481,1,1,1,1,8,2,True
iter-1-scenario-374,2481,1,1,1,1,8,2,True
iter-1-scenario-375,2481,1,1,1,1,8,2,True
iter-1-scenario-376,2481,1,1,1,1,8,2,True
iter-1-scenario-377,2481,1,1,1,1,8,2,True
iter-1-scenario-378,2481,1,1,1,1,8,2,True
iter-1-scenario-379,2481,1,1,1,1,8,2,True
iter-1-scenario-38,2481,1,1,1,1,8,2,True
iter-1-scenario-380,2481,1,1,1,1,8,2,True
iter-1-scenario-381,2481,1,1,1,1,8,2,True
iter-1-scenario-382,2481,1,1,1,1,8,2,True
iter-1-scenario-383,2481,1,1,1,1,8,2,True
iter-1-scenario-384,2481,1,1,1,1,8,2,True
iter-1-scenario-385,2481,1,1,1,1,8,2,True
iter-1-scenario-386,2481,1,1,1,1,8,2,True
iter-1-scenario-387,2481,1,1,1,1,8,2,True
iter-1-scenario-388,2481,1,1,1,1,8,2,True
iter-1-scenario-389,2481,1,1,1,1,8,2,True
iter-1-scenario-39,2481,1,1,1,1,8,2,True
iter-1-scenario-390,2481,1,1,1,1,8,2,True
iter-1-scenario-391,2481,1,1,1,1,8,2,True
iter-1-scenario-392,2481,1,1,1,1,8,2,True
iter-1-scenario-393,2481,1,1,1,1,8,2,True
iter-1-scenario-394,2481,1,1,1,1,8,2,True
iter-1-scenario-395,2481,1,1,1,1,8,2,True
iter-1-scenario-396,2481,1,1,1,1,8,2,True
iter-1-scenario-397,2481,1,1,1,1,8,2,True
iter-1-scenario-398,2481,1,1,1,1,8,2,True
iter-1-scenario-399,2481,1,1,1,1,8,2,True
iter-1-scenario-4,2481,1,1,1,1,8,2,True
iter-1-scenario-40,2481,1,1,1,1,8,2,True
iter-1-scenario-400,2481,1,1,1,1,8,2,True
iter-1-scenario-401,2481,1,1,1,1,8,2,True
iter-1-scenario-402,2481,1,1,1,1,8,2,True
iter-1-scenario-403,2481,1,1,1,1,8,2,True
iter-1-scenario-404,2481,1,1,1,1,8,2,True
iter-1-scenario-405,2481,1,1,1,1,8,2,True
iter-1-scenario-406,2481,1,1,1,1,8,2,True
iter-1-scenario-407,2481,1,1,1,1,8,2,True
iter-1-scenario-408,2481,1,1,1,1,8,2,True
iter-1-scenario-409,2481,1,1,1,1,8,2,True
iter-1-scenario-41,2481,1,1,1,1,8,2,True
iter-1-scenario-410,2481,1,1,1,1,8,2,True
iter-1-scenario-411,2481,1,1,1,1,8,2,True
iter-1-scenario-412,2481,1,1,1,1,8,2,True
iter-1-scenario-413,2481,1,1,1,1,8,2,True
iter-1-scenario-414,2481,1,1,1,1,8,2,True
iter-1-scenario-415,2481,1,1,1,1,8,2,True
iter-1-scenario-416,2481,1,1,1,1,8,2,True
iter-1-scenario-417,2481,1,1,1,1,8,2,True
iter-1-scenario-418,2481,1,1,1,1,8,2,True
iter-1-scenario-419,2481,1,1,1,1,8,2,True
iter-1-scenario-42,2481,1,1,1,1,8,2,True
iter-1-scenario-420,2481,1,1,1,1,8,2,True
iter-1-scenario-421,2481,1,1,1,1,8,2,True
iter-1-scenario-422,2481,1,1,1,1,8,2,True
iter-1-scenario-423,2481,1,1,1,1,8,2,True
iter-1-scenario-424,2481,1,1,1,1,8,2,True
iter-1-scenario-425,2481,1,1,1,1,8,2,True
iter-1-scenario-426,2481,1,1,1,1,8,2,True
iter-1-scenario-427,2481,1,1,1,1,8,2,True
iter-1-scenario-428,2481,1,1,1,1,8,2,True
iter-1-scenario-429,2481,1,1,1,1,8,2,True
iter-1-scenario-43,2481,1,1,1,1,8,2,True
iter-1-scenario-430,2481,1,1,1,1,8,2,True
iter-1-scenario-431,2481,1,1,1,1,8,2,True
iter-1-scenario-432,2481,1,1,1,1,8,2,True
iter-1-scenario-433,2481,1,1,1,1,8,2,True
iter-1-scenario-434,2481,1,1,1,1,8,2,True
iter-1-scenario-435,2481,1,1,1,1,8,2,True
iter-1-scenario-436,2481,1,1,1,1,8,2,True
iter-1-scenario-437,2481,1,1,1,1,8,2,True
iter-1-scenario-438,2481,1,1,1,1,8,2,True
iter-1-scenario-439,2481,1,1,1,1,8,2,True
iter-1-scenario-44,2481,1,1,1,1,8,2,True
iter-1-scenario-440,2481,1,1,1,1,8,2,True
iter-1-scenario-441,2481,1,1,1,1,8,2,True
iter-1-scenario-442,2481,1,1,1,1,8,2,True
iter-1-scenario-443,2481,1,1,1,1,8,2,True
iter-1-scenario-444,2481,1,1,1,1,8,2,True
iter-1-scenario-445,2481,1,1,1,1,8,2,True
iter-1-scenario-446,2481,1,1,1,1,8,2,True
iter-1-scenario-447,2481,1,1,1,1,8,2,True
iter-1-scenario-448,2481,1,1,1,1,8,2,True
iter-1-scenario-449,2481,1,1,1,1,8,2,True
iter-1-scenario-45,2481,1,1,1,1,8,2,True
iter-1-scenario-450,2481,1,1,1,1,8,2,True
iter-1-scenario-451,2481,1,1,1,1,8,2,True
iter-1-scenario-452,2481,1,1,1,1,8,2,True
iter-1-scenario-453,2481,1,1,1,1,8,2,True
iter-1-scenario-454,2481,1,1,1,1,8,2,True
iter-1-scenario-455,2481,1,1,1,1,8,2,True
iter-1-scenario-456,2481,1,1,1,1,8,2,True
iter-1-scenario-457,2481,1,1,1,1,8,2,True
iter-1-scenario-458,2481,1,1,1,1,8,2,True
iter-1-scenario-459,2481,1,1,1,1,8,2,True
iter-1-scenario-46,2481,1,1,1,1,8,2,True
iter-1-scenario-460,2481,1,1,1,1,8,2,True
iter-1-scenario-461,2481,1,1,1,1,8,2,True
iter-1-scenario-462,2481,1,1,1,1,8,2,True
iter-1-scenario-463,2481,1,1,1,1,8,2,True
iter-1-scenario-464,2481,1,1,1,1,8,2,True
iter-1-scenario-465,2481,1,1,1,1,8,2,True
iter-1-scenario-466,2481,1,1,1,1,8,2,True
iter-1-scenario-467,2481,1,1,1,1,8,2,True
iter-1-scenario-468,2481,1,1,1,1,8,2,True
iter-1-scenario-469,2481,1,1,1,1,8,2,True
iter-1-scenario-47,2481,1,1,1,1,8,2,True
iter-1-scenario-470,2481,1,1,1,1,8,2,True
iter-1-scenario-471,2481,1,1,1,1,8,2,True
iter-1-scenario-472,2481,1,1,1,1,8,2,True
iter-1-scenario-473,2481,1,1,1,1,8,2,True
iter-1-scenario-474,2481,1,1,1,1,8,2,True
iter-1-scenario-475,2481,1,1,1,1,8,2,True
iter-1-scenario-476,2481,1,1,1,1,8,2,True
iter-1-scenario-477,2481,1,1,1,1,8,2,True
iter-1-scenario-478,2481,1,1,1,1,8,2,True
iter-1-scenario-479,2481,1,1,1,1,8,2,True
iter-1-scenario-48,2481,1,1,1,1,8,2,True
iter-1-scenario-480,2481,1,1,1,1,8,2,True
iter-1-scenario-481,2481,1,1,1,1,8,2,True
iter-1-scenario-482,2481,1,1,1,1,8,2,True
iter-1-scenario-483,2481,1,1,1,1,8,2,True
iter-1-scenario-484,2481,1,1,1,1,8,2,True
iter-1-scenario-485,2481,1,1,1,1,8,2,True
iter-1-scenario-486,2481,1,1,1,1,8,2,True
iter-1-scenario-487,2481,1,1,1,1,8,2,True
iter-1-scenario-488,2481,1,1,1,1,8,2,True
iter-1-scenario-489,2481,1,1,1,1,8,2,True
iter-1-scenario-49,2481,1,1,1,1,8,2,True
iter-1-scenario-490,2481,1,1,1,1,8,2,True
iter-1-scenario-491,2481,1,1,1,1,8,2,True
iter-1-scenario-492,2481,1,1,1,1,8,2,True
iter-1-scenario-493,2481,1,1,1,1,8,2,True
iter-1-scenario-494,2481,1,1,1,1,8,2,True
iter-1-scenario-495,2481,1,1,1,1,8,2,True
iter-1-scenario-496,2481,1,1,1,1,8,2,True
iter-1-scenario-497,2481,1,1,1,1,8,2,True
iter-1-scenario-498,2481,1,1,1,1,8,2,True
iter-1-scenario-499,2481,1,1,1,1,8,2,True
iter-1-scenario-5,2481,1,1,1,1,8,2,True
iter-1-scenario-50,2481,1,1,1,1,8,2,True
iter-1-scenario-500,2481,1,1,1,1,8,2,True
iter-1-scenario-501,2481,1,1,1,1,8,2,True
iter-1-scenario-502,2481,1,1,1,1,8,2,True
iter-1-scenario-503,2481,1,1,1,1,8,2,True
iter-1-scenario-504,2481,1,1,1,1,8,2,True
iter-1-scenario-505,2481,1,1,1,1,8,2,True
iter-1-scenario-506,2481,1,1,1,1,8,2,True
iter-1-scenario-507,2481,1,1,1,1,8,2,True
iter-1-scenario-508,2481,1,1,1,1,8,2,True
iter-1-scenario-509,2481,1,1,1,1,8,2,True
iter-1-scenario-51,2481,1,1,1,1,8,2,True
iter-1-scenario-510,2481,1,1,1,1,8,2,True
iter-1-scenario-511,2481,1,1,1,1,8,2,True
iter-1-scenario-512,2481,1,1,1,1,8,2,True
iter-1-scenario-514,2481,1,1,1,1,8,2,True
iter-1-scenario-515,2481,1,1,1,1,8,2,True
iter-1-scenario-516,2481,1,1,1,1,8,2,True
iter-1-scenario-517,2481,1,1,1,1,8,2,True
iter-1-scenario-518,2481,1,1,1,1,8,2,True
iter-1-scenario-519,2481,1,1,1,1,8,2,True
iter-1-scenario-52,2481,1,1,1,1,8,2,True
iter-1-scenario-520,2481,1,1,1,1,8,2,True
iter-1-scenario-521,2481,1,1,1,1,8,2,True
iter-1-scenario-522,2481,1,1,1,1,8,2,True
iter-1-scenario-523,2481,1,1,1,1,8,2,True
iter-1-scenario-524,2481,1,1,1,1,8,2,True
iter-1-scenario-525,2481,1,1,1,1,8,2,True
iter-1-scenario-526,2481,1,1,1,1,8,2,True
iter-1-scenario-527,2481,1,1,1,1,8,2,True
iter-1-scenario-528,2481,1,1,1,1,8,2,True
iter-1-scenario-529,2481,1,1,1,1,8,2,True
iter-1-scenario-53,2481,1,1,1,1,8,2,True
iter-1-scenario-530,2481,1,1,1,1,8,2,True
iter-1-scenario-531,2481,1,1,1,1,8,2,True
iter-1-scenario-532,2481,1,1,1,1,8,2,True
iter-1-scenario-533,2481,1,1,1,1,8,2,True
iter-1-scenario-534,2481,1,1,1,1,8,2,True
iter-1-scenario-535,2481,1,1,1,1,8,2,True
iter-1-scenario-536,2481,1,1,1,1,8,2,True
iter-1-scenario-537,2481,1,1,1,1,8,2,True
iter-1-scenario-538,2481,1,1,1,1,8,2,True
iter-1-scenario-539,2481,1,1,1,1,8,2,True
iter-1-scenario-54,2481,1,1,1,1,8,2,True
iter-1-scenario-540,2481,1,1,1,1,8,2,True
iter-1-scenario-541,2481,1,1,1,1,8,2,True
iter-1-scenario-542,2481,1,1,1,1,8,2,True
iter-1-scenario-543,2481,1,1,1,1,8,2,True
iter-1-scenario-544,2481,1,1,1,1,8,2,True
iter-1-scenario-545,2481,1,1,1,1,8,2,True
iter-1-scenario-546,2481,1,1,1,1,8,2,True
iter-1-scenario-547,2481,1,1,1,1,8,2,True
iter-1-scenario-548,2481,1,1,1,1,8,2,True
iter-1-scenario-549,2481,1,1,1,1,8,2,True
iter-1-scenario-55,2481,1,1,1,1,8,2,True
iter-1-scenario-550,2481,1,1,1,1,8,2,True
iter-1-scenario-551,2481,1,1,1,1,8,2,True
iter-1-scenario-552,2481,1,1,1,1,8,2,True
iter-1-scenario-553,2481,1,1,1,1,8,2,True
iter-1-scenario-554,2481,1,1,1,1,8,2,True
iter-1-scenario-555,2481,1,1,1,1,8,2,True
iter-1-scenario-556,2481,1,1,1,1,8,2,True
iter-1-scenario-557,2481,1,1,1,1,8,2,True
iter-1-scenario-558,2481,1,1,1,1,8,2,True
iter-1-scenario-559,2481,1,1,1,1,8,2,True
iter-1-scenario-56,2481,1,1,1,1,8,2,True
iter-1-scenario-560,2481,1,1,1,1,8,2,True
iter-1-scenario-561,2481,1,1,1,1,8,2,True
iter-1-scenario-562,2481,1,1,1,1,8,2,True
iter-1-scenario-563,2481,1,1,1,1,8,2,True
iter-1-scenario-564,2481,1,1,1,1,8,2,True
iter-1-scenario-565,2481,1,1,1,1,8,2,True
iter-1-scenario-566,2481,1,1,1,1,8,2,True
iter-1-scenario-567,2481,1,1,1,1,8,2,True
iter-1-scenario-568,2481,1,1,1,1,8,2,True
iter-1-scenario-569,2481,1,1,1,1,8,2,True
iter-1-scenario-57,2481,1,1,1,1,8,2,True
iter-1-scenario-570,2481,1,1,1,1,8,2,True
iter-1-scenario-571,2481,1,1,1,1,8,2,True
iter-1-scenario-572,2481,1,1,1,1,8,2,True
iter-1-scenario-573,2481,1,1,1,1,8,2,True
iter-1-scenario-574,2481,1,1,1,1,8,2,True
iter-1-scenario-575,2481,1,1,1,1,8,2,True
iter-1-scenario-576,2481,1,1,1,1,8,2,True
iter-1-scenario-577,2481,1,1,1,1,8,2,True
iter-1-scenario-578,2481,1,1,1,1,8,2,True
iter-1-scenario-579,2481,1,1,1,1,8,2,True
iter-1-scenario-58,2481,1,1,1,1,8,2,True
iter-1-scenario-580,2481,1,1,1,1,8,2,True
iter-1-scenario-581,2481,1,1,1,1,8,2,True
iter-1-scenario-582,2481,1,1,1,1,8,2,True
iter-1-scenario-583,2481,1,1,1,1,8,2,True
iter-1-scenario-584,2481,1,1,1,1,8,2,True
iter-1-scenario-585,2481,1,1,1,1,8,2,True
iter-1-scenario-586,2481,1,1,1,1,8,2,True
iter-1-scenario-587,2481,1,1,1,1,8,2,True
iter-1-scenario-588,2481,1,1,1,1,8,2,True
iter-1-scenario-589,2481,1,1,1,1,8,2,True
iter-1-scenario-59,2481,1,1,1,1,8,2,True
iter-1-scenario-590,2481,1,1,1,1,8,2,True
iter-1-scenario-591,2481,1,1,1,1,8,2,True
iter-1-scenario-592,2481,1,1,1,1,8,2,True
iter-1-scenario-593,2481,1,1,1,1,8,2,True
iter-1-scenario-594,2481,1,1,1,1,8,2,True
iter-1-scenario-595,2481,1,1,1,1,8,2,True
iter-1-scenario-596,2481,1,1,1,1,8,2,True
iter-1-scenario-597,2481,1,1,1,1,8,2,True
iter-1-scenario-598,2481,1,1,1,1,8,2,True
iter-1-scenario-599,2481,1,1,1,1,8,2,True
iter-1-scenario-6,2481,1,1,1,1,8,2,True
iter-1-scenario-60,2481,1,1,1,1,8,2,True
iter-1-scenario-600,2481,1,1,1,1,8,2,True
iter-1-scenario-601,2481,1,1,1,1,8,2,True
iter-1-scenario-602,2481,1,1,1,1,8,2,True
iter-1-scenario-603,2481,1,1,1,1,8,2,True
iter-1-scenario-604,2481,1,1,1,1,8,2,True
iter-1-scenario-605,2481,1,1,1,1,8,2,True
iter-1-scenario-606,2481,1,1,1,1,8,2,True
iter-1-scenario-607,2481,1,1,1,1,8,2,True
iter-1-scenario-608,2481,1,1,1,1,8,2,True
iter-1-scenario-609,2481,1,1,1,1,8,2,True
iter-1-scenario-61,2481,1,1,1,1,8,2,True
iter-1-scenario-610,2481,1,1,1,1,8,2,True
iter-1-scenario-611,2481,1,1,1,1,8,2,True
iter-1-scenario-612,2481,1,1,1,1,8,2,True
iter-1-scenario-613,2481,1,1,1,1,8,2,True
iter-1-scenario-614,2481,1,1,1,1,8,2,True
iter-1-scenario-615,2481,1,1,1,1,8,2,True
iter-1-scenario-616,2481,1,1,1,1,8,2,True
iter-1-scenario-617,2481,1,1,1,1,8,2,True
iter-1-scenario-618,2481,1,1,1,1,8,2,True
iter-1-scenario-619,2481,1,1,1,1,8,2,True
iter-1-scenario-62,2481,1,1,1,1,8,2,True
iter-1-scenario-620,2481,1,1,1,1,8,2,True
iter-1-scenario-621,2481,1,1,1,1,8,2,True
iter-1-scenario-622,2481,1,1,1,1,8,2,True
iter-1-scenario-623,2481,1,1,1,1,8,2,True
iter-1-scenario-624,2481,1,1,1,1,8,2,True
iter-1-scenario-625,2481,1,1,1,1,8,2,True
iter-1-scenario-626,2481,1,1,1,1,8,2,True
iter-1-scenario-627,2481,1,1,1,1,8,2,True
iter-1-scenario-628,2481,1,1,1,1,8,2,True
iter-1-scenario-629,2481,1,1,1,1,8,2,True
iter-1-scenario-63,2481,1,1,1,1,8,2,True
iter-1-scenario-630,2481,1,1,1,1,8,2,True
iter-1-scenario-631,2481,1,1,1,1,8,2,True
iter-1-scenario-632,2481,1,1,1,1,8,2,True
iter-1-scenario-633,2481,1,1,1,1,8,2,True
iter-1-scenario-634,2481,1,1,1,1,8,2,True
iter-1-scenario-635,2481,1,1,1,1,8,2,True
iter-1-scenario-636,2481,1,1,1,1,8,2,True
iter-1-scenario-637,2481,1,1,1,1,8,2,True
iter-1-scenario-638,2481,1,1,1,1,8,2,True
iter-1-scenario-639,2481,1,1,1,1,8,2,True
iter-1-scenario-64,2481,1,1,1,1,8,2,True
iter-1-scenario-640,2481,1,1,1,1,8,2,True
iter-1-scenario-641,2481,1,1,1,1,8,2,True
iter-1-scenario-642,2481,1,1,1,1,8,2,True
iter-1-scenario-643,2481,1,1,1,1,8,2,True
iter-1-scenario-644,2481,1,1,1,1,8,2,True
iter-1-scenario-645,2481,1,1,1,1,8,2,True
iter-1-scenario-646,2481,1,1,1,1,8,2,True
iter-1-scenario-647,2481,1,1,1,1,8,2,True
iter-1-scenario-648,2481,1,1,1,1,8,2,True
iter-1-scenario-649,2481,1,1,1,1,8,2,True
iter-1-scenario-65,2481,1,1,1,1,8,2,True
iter-1-scenario-650,2481,1,1,1,1,8,2,True
iter-1-scenario-651,2481,1,1,1,1,8,2,True
iter-1-scenario-652,2481,1,1,1,1,8,2,True
iter-1-scenario-653,2481,1,1,1,1,8,2,True
iter-1-scenario-654,2481,1,1,1,1,8,2,True
iter-1-scenario-655,2481,1,1,1,1,8,2,True
iter-1-scenario-656,2481,1,1,1,1,8,2,True
iter-1-scenario-657,2481,1,1,1,1,8,2,True
iter-1-scenario-658,2481,1,1,1,1,8,2,True
iter-1-scenario-659,2481,1,1,1,1,8,2,True
iter-1-scenario-66,2481,1,1,1,1,8,2,True
iter-1-scenario-660,2481,1,1,1,1,8,2,True
iter-1-scenario-661,2481,1,1,1,1,8,2,True
iter-1-scenario-662,2481,1,1,1,1,8,2,True
iter-1-scenario-663,2481,1,1,1,1,8,2,True
iter-1-scenario-664,2481,1,1,1,1,8,2,True
iter-1-scenario-665,2481,1,1,1,1,8,2,True
iter-1-scenario-666,2481,1,1,1,1,8,2,True
iter-1-scenario-667,2481,1,1,1,1,8,2,True
iter-1-scenario-668,2481,1,1,1,1,8,2,True
iter-1-scenario-669,2481,1,1,1,1,8,2,True
iter-1-scenario-67,2481,1,1,1,1,8,2,True
iter-1-scenario-670,2481,1,1,1,1,8,2,True
iter-1-scenario-671,2481,1,1,1,1,8,2,True
iter-1-scenario-672,2481,1,1,1,1,8,2,True
iter-1-scenario-673,2481,1,1,1,1,8,2,True
iter-1-scenario-674,2481,1,1,1,1,8,2,True
iter-1-scenario-675,2481,1,1,1,1,8,2,True
iter-1-scenario-676,2481,1,1,1,1,8,2,True
iter-1-scenario-677,2481,1,1,1,1,8,2,True
iter-1-scenario-678,2481,1,1,1,1,8,2,True
iter-1-scenario-679,2481,1,1,1,1,8,2,True
iter-1-scenario-68,2481,1,1,1,1,8,2,True
iter-1-scenario-680,2481,1,1,1,1,8,2,True
iter-1-scenario-681,2481,1,1,1,1,8,2,True
iter-1-scenario-682,2481,1,1,1,1,8,2,True
iter-1-scenario-683,2481,1,1,1,1,8,2,True
iter-1-scenario-684,2481,1,1,1,1,8,2,True
iter-1-scenario-685,2481,1,1,1,1,8,2,True
iter-1-scenario-686,2481,1,1,1,1,8,2,True
iter-1-scenario-687,2481,1,1,1,1,8,2,True
iter-1-scenario-688,2481,1,1,1,1,8,2,True
iter-1-scenario-689,2481,1,1,1,1,8,2,True
iter-1-scenario-69,2481,1,1,1,1,8,2,True
iter-1-scenario-690,2481,1,1,1,1,8,2,True
iter-1-scenario-691,2481,1,1,1,1,8,2,True
iter-1-scenario-692,2481,1,1,1,1,8,2,True
iter-1-scenario-693,2481,1,1,1,1,8,2,True
iter-1-scenario-694,2481,1,1,1,1,8,2,True
iter-1-scenario-695,2481,1,1,1,1,8,2,True
iter-1-scenario-696,2481,1,1,1,1,8,2,True
iter-1-scenario-697,2481,1,1,1,1,8,2,True
iter-1-scenario-698,2481,1,1,1,1,8,2,True
iter-1-scenario-699,2481,1,1,1,1,8,2,True
iter-1-scenario-7,2481,1,1,1,1,8,2,True
iter-1-scenario-70,2481,1,1,1,1,8,2,True
iter-1-scenario-700,2481,1,1,1,1,8,2,True
iter-1-scenario-701,2481,1,1,1,1,8,2,True
iter-1-scenario-702,2481,1,1,1,1,8,2,True
iter-1-scenario-703,2481,1,1,1,1,8,2,True
iter-1-scenario-704,2481,1,1,1,1,8,2,True
iter-1-scenario-705,2481,1,1,1,1,8,2,True
iter-1-scenario-706,2481,1,1,1,1,8,2,True
iter-1-scenario-707,2481,1,1,1,1,8,2,True
iter-1-scenario-708,2481,1,1,1,1,8,2,True
iter-1-scenario-709,2481,1,1,1,1,8,2,True
iter-1-scenario-71,2481,1,1,1,1,8,2,True
iter-1-scenario-710,2481,1,1,1,1,8,2,True
iter-1-scenario-711,2481,1,1,1,1,8,2,True
iter-1-scenario-712,2481,1,1,1,1,8,2,True
iter-1-scenario-713,2481,1,1,1,1,8,2,True
iter-1-scenario-714,2481,1,1,1,1,8,2,True
iter-1-scenario-715,2481,1,1,1,1,8,2,True
iter-1-scenario-716,2481,1,1,1,1,8,2,True
iter-1-scenario-717,2481,1,1,1,1,8,2,True
iter-1-scenario-718,2481,1,1,1,1,8,2,True
iter-1-scenario-719,2481,1,1,1,1,8,2,True
iter-1-scenario-72,2481,1,1,1,1,8,2,True
iter-1-scenario-720,2481,1,1,1,1,8,2,True
iter-1-scenario-721,2481,1,1,1,1,8,2,True
iter-1-scenario-722,2481,1,1,1,1,8,2,True
iter-1-scenario-723,2481,1,1,1,1,8,2,True
iter-1-scenario-724,2481,1,1,1,1,8,2,True
iter-1-scenario-725,2481,1,1,1,1,8,2,True
iter-1-scenario-726,2481,1,1,1,1,8,2,True
iter-1-scenario-727,2481,1,1,1,1,8,2,True
iter-1-scenario-728,2481,1,1,1,1,8,2,True
iter-1-scenario-729,2481,1,1,1,1,8,2,True
iter-1-scenario-73,2481,1,1,1,1,8,2,True
iter-1-scenario-730,2481,1,1,1,1,8,2,True
iter-1-scenario-731,2481,1,1,1,1,8,2,True
iter-1-scenario-732,2481,1,1,1,1,8,2,True
iter-1-scenario-733,2481,1,1,1,1,8,2,True
iter-1-scenario-734,2481,1,1,1,1,8,2,True
iter-1-scenario-735,2481,1,1,1,1,8,2,True
iter-1-scenario-736,2481,1,1,1,1,8,2,True
iter-1-scenario-737,2481,1,1,1,1,8,2,True
iter-1-scenario-738,2481,1,1,1,1,8,2,True
iter-1-scenario-739,2481,1,1,1,1,8,2,True
iter-1-scenario-74,2481,1,1,1,1,8,2,True
iter-1-scenario-740,2481,1,1,1,1,8,2,True
iter-1-scenario-741,2481,1,1,1,1,8,2,True
iter-1-scenario-742,2481,1,1,1,1,8,2,True
iter-1-scenario-743,2481,1,1,1,1,8,2,True
iter-1-scenario-744,2481,1,1,1,1,8,2,True
iter-1-scenario-745,2481,1,1,1,1,8,2,True
iter-1-scenario-746,2481,1,1,1,1,8,2,True
iter-1-scenario-747,2481,1,1,1,1,8,2,True
iter-1-scenario-748,2481,1,1,1,1,8,2,True
iter-1-scenario-749,2481,1,1,1,1,8,2,True
iter-1-scenario-75,2481,1,1,1,1,8,2,True
iter-1-scenario-750,2481,1,1,1,1,8,2,True
iter-1-scenario-751,2481,1,1,1,1,8,2,True
iter-1-scenario-752,2481,1,1,1,1,8,2,True
iter-1-scenario-753,2481,1,1,1,1,8,2,True
iter-1-scenario-754,2481,1,1,1,1,8,2,True
iter-1-scenario-755,2481,1,1,1,1,8,2,True
iter-1-scenario-756,2481,1,1,1,1,8,2,True
iter-1-scenario-757,2481,1,1,1,1,8,2,True
iter-1-scenario-758,2481,1,1,1,1,8,2,True
iter-1-scenario-759,2481,1,1,1,1,8,2,True
iter-1-scenario-76,2481,1,1,1,1,8,2,True
iter-1-scenario-760,2481,1,1,1,1,8,2,True
iter-1-scenario-761,2481,1,1,1,1,8,2,True
iter-1-scenario-762,2481,1,1,1,1,8,2,True
iter-1-scenario-763,2481,1,1,1,1,8,2,True
iter-1-scenario-764,2481,1,1,1,1,8,2,True
iter-1-scenario-765,2481,1,1,1,1,8,2,True
iter-1-scenario-766,2481,1,1,1,1,8,2,True
iter-1-scenario-767,2481,1,1,1,1,8,2,True
iter-1-scenario-768,2481,1,1,1,1,8,2,True
iter-1-scenario-77,2481,1,1,1,1,8,2,True
iter-1-scenario-770,2481,1,1,1,1,8,2,True
iter-1-scenario-771,2481,1,1,1,1,8,2,True
iter-1-scenario-772,2481,1,1,1,1,8,2,True
iter-1-scenario-773,2481,1,1,1,1,8,2,True
iter-1-scenario-774,2481,1,1,1,1,8,2,True
iter-1-scenario-775,2481,1,1,1,1,8,2,True
iter-1-scenario-776,2481,1,1,1,1,8,2,True
iter-1-scenario-777,2481,1,1,1,1,8,2,True
iter-1-scenario-778,2481,1,1,1,1,8,2,True
iter-1-scenario-779,2481,1,1,1,1,8,2,True
iter-1-scenario-78,2481,1,1,1,1,8,2,True
iter-1-scenario-780,2481,1,1,1,1,8,2,True
iter-1-scenario-781,2481,1,1,1,1,8,2,True
iter-1-scenario-782,2481,1,1,1,1,8,2,True
iter-1-scenario-783,2481,1,1,1,1,8,2,True
iter-1-scenario-784,2481,1,1,1,1,8,2,True
iter-1-scenario-785,2481,1,1,1,1,8,2,True
iter-1-scenario-786,2481,1,1,1,1,8,2,True
iter-1-scenario-787,2481,1,1,1,1,8,2,True
iter-1-scenario-788,2481,1,1,1,1,8,2,True
iter-1-scenario-789,2481,1,1,1,1,8,2,True
iter-1-scenario-79,2481,1,1,1,1,8,2,True
iter-1-scenario-790,2481,1,1,1,1,8,2,True
iter-1-scenario-791,2481,1,1,1,1,8,2,True
iter-1-scenario-792,2481,1,1,1,1,8,2,True
iter-1-scenario-793,2481,1,1,1,1,8,2,True
iter-1-scenario-794,2481,1,1,1,1,8,2,True
iter-1-scenario-795,2481,1,1,1,1,8,2,True
iter-1-scenario-796,2481,1,1,1,1,8,2,True
iter-1-scenario-797,2481,1,1,1,1,8,2,True
iter-1-scenario-798,2481,1,1,1,1,8,2,True
iter-1-scenario-799,2481,1,1,1,1,8,2,True
iter-1-scenario-8,2481,1,1,1,1,8,2,True
iter-1-scenario-80,2481,1,1,1,1,8,2,True
iter-1-scenario-800,2481,1,1,1,1,8,2,True
iter-1-scenario-801,2481,1,1,1,1,8,2,True
iter-1-scenario-802,2481,1,1,1,1,8,2,True
iter-1-scenario-803,2481,1,1,1,1,8,2,True
iter-1-scenario-804,2481,1,1,1,1,8,2,True
iter-1-scenario-805,2481,1,1,1,1,8,2,True
iter-1-scenario-806,2481,1,1,1,1,8,2,True
iter-1-scenario-807,2481,1,1,1,1,8,2,True
iter-1-scenario-808,2481,1,1,1,1,8,2,True
iter-1-scenario-809,2481,1,1,1,1,8,2,True
iter-1-scenario-81,2481,1,1,1,1,8,2,True
iter-1-scenario-810,2481,1,1,1,1,8,2,True
iter-1-scenario-811,2481,1,1,1,1,8,2,True
iter-1-scenario-812,2481,1,1,1,1,8,2,True
iter-1-scenario-813,2481,1,1,1,1,8,2,True
iter-1-scenario-814,2481,1,1,1,1,8,2,True
iter-1-scenario-815,2481,1,1,1,1,8,2,True
iter-1-scenario-816,2481,1,1,1,1,8,2,True
iter-1-scenario-817,2481,1,1,1,1,8,2,True
iter-1-scenario-818,2481,1,1,1,1,8,2,True
iter-1-scenario-819,2481,1,1,1,1,8,2,True
iter-1-scenario-82,2481,1,1,1,1,8,2,True
iter-1-scenario-820,2481,1,1,1,1,8,2,True
iter-1-scenario-821,2481,1,1,1,1,8,2,True
iter-1-scenario-822,2481,1,1,1,1,8,2,True
iter-1-scenario-823,2481,1,1,1,1,8,2,True
iter-1-scenario-824,2481,1,1,1,1,8,2,True
iter-1-scenario-825,2481,1,1,1,1,8,2,True
iter-1-scenario-826,2481,1,1,1,1,8,2,True
iter-1-scenario-827,2481,1,1,1,1,8,2,True
iter-1-scenario-828,2481,1,1,1,1,8,2,True
iter-1-scenario-829,2481,1,1,1,1,8,2,True
iter-1-scenario-83,2481,1,1,1,1,8,2,True
iter-1-scenario-830,2481,1,1,1,1,8,2,True
iter-1-scenario-831,2481,1,1,1,1,8,2,True
iter-1-scenario-832,2481,1,1,1,1,8,2,True
iter-1-scenario-833,2481,1,1,1,1,8,2,True
iter-1-scenario-834,2481,1,1,1,1,8,2,True
iter-1-scenario-835,2481,1,1,1,1,8,2,True
iter-1-scenario-836,2481,1,1,1,1,8,2,True
iter-1-scenario-837,2481,1,1,1,1,8,2,True
iter-1-scenario-838,2481,1,1,1,1,8,2,True
iter-1-scenario-839,2481,1,1,1,1,8,2,True
iter-1-scenario-84,2481,1,1,1,1,8,2,True
iter-1-scenario-840,2481,1,1,1,1,8,2,True
iter-1-scenario-841,2481,1,1,1,1,8,2,True
iter-1-scenario-842,2481,1,1,1,1,8,2,True
iter-1-scenario-843,2481,1,1,1,1,8,2,True
iter-1-scenario-844,2481,1,1,1,1,8,2,True
iter-1-scenario-845,2481,1,1,1,1,8,2,True
iter-1-scenario-846,2481,1,1,1,1,8,2,True
iter-1-scenario-847,2481,1,1,1,1,8,2,True
iter-1-scenario-848,2481,1,1,1,1,8,2,True
iter-1-scenario-849,2481,1,1,1,1,8,2,True
iter-1-scenario-85,2481,1,1,1,1,8,2,True
iter-1-scenario-850,2481,1,1,1,1,8,2,True
iter-1-scenario-851,2481,1,1,1,1,8,2,True
iter-1-scenario-852,2481,1,1,1,1,8,2,True
iter-1-scenario-853,2481,1,1,1,1,8,2,True
iter-1-scenario-854,2481,1,1,1,1,8,2,True
iter-1-scenario-855,2481,1,1,1,1,8,2,True
iter-1-scenario-856,2481,1,1,1,1,8,2,True
iter-1-scenario-857,2481,1,1,1,1,8,2,True
iter-1-scenario-858,2481,1,1,1,1,8,2,True
iter-1-scenario-859,2481,1,1,1,1,8,2,True
iter-1-scenario-86,2481,1,1,1,1,8,2,True
iter-1-scenario-860,2481,1,1,1,1,8,2,True
iter-1-scenario-861,2481,1,1,1,1,8,2,True
iter-1-scenario-862,2481,1,1,1,1,8,2,True
iter-1-scenario-863,2481,1,1,1,1,8,2,True
iter-1-scenario-864,2481,1,1,1,1,8,2,True
iter-1-scenario-865,2481,1,1,1,1,8,2,True
iter-1-scenario-866,2481,1,1,1,1,8,2,True
iter-1-scenario-867,2481,1,1,1,1,8,2,True
iter-1-scenario-868,2481,1,1,1,1,8,2,True
iter-1-scenario-869,2481,1,1,1,1,8,2,True
iter-1-scenario-87,2481,1,1,1,1,8,2,True
iter-1-scenario-870,2481,1,1,1,1,8,2,True
iter-1-scenario-871,2481,1,1,1,1,8,2,True
iter-1-scenario-872,2481,1,1,1,1,8,2,True
iter-1-scenario-873,2481,1,1,1,1,8,2,True
iter-1-scenario-874,2481,1,1,1,1,8,2,True
iter-1-scenario-875,2481,1,1,1,1,8,2,True
iter-1-scenario-876,2481,1,1,1,1,8,2,True
iter-1-scenario-877,2481,1,1,1,1,8,2,True
iter-1-scenario-878,2481,1,1,1,1,8,2,True
iter-1-scenario-879,2481,1,1,1,1,8,2,True
iter-1-scenario-88,2481,1,1,1,1,8,2,True
iter-1-scenario-880,2481,1,1,1,1,8,2,True
iter-1-scenario-881,2481,1,1,1,1,8,2,True
iter-1-scenario-882,2481,1,1,1,1,8,2,True
iter-1-scenario-883,2481,1,1,1,1,8,2,True
iter-1-scenario-884,2481,1,1,1,1,8,2,True
iter-1-scenario-885,2481,1,1,1,1,8,2,True
iter-1-scenario-886,2481,1,1,1,1,8,2,True
iter-1-scenario-887,2481,1,1,1,1,8,2,True
iter-1-scenario-888,2481,1,1,1,1,8,2,True
iter-1-scenario-889,2481,1,1,1,1,8,2,True
iter-1-scenario-89,2481,1,1,1,1,8,2,True
iter-1-scenario-890,2481,1,1,1,1,8,2,True
iter-1-scenario-891,2481,1,1,1,1,8,2,True
iter-1-scenario-892,2481,1,1,1,1,8,2,True
iter-1-scenario-893,2481,1,1,1,1,8,2,True
iter-1-scenario-894,2481,1,1,1,1,8,2,True
iter-1-scenario-895,2481,1,1,1,1,8,2,True
iter-1-scenario-896,2481,1,1,1,1,8,2,True
iter-1-scenario-897,2481,1,1,1,1,8,2,True
iter-1-scenario-898,2481,1,1,1,1,8,2,True
iter-1-scenario-899,2481,1,1,1,1,8,2,True
iter-1-scenario-9,2481,1,1,1,1,8,2,True
iter-1-scenario-90,2481,1,1,1,1,8,2,True
iter-1-scenario-900,2481,1,1,1,1,8,2,True
iter-1-scenario-901,2481,1,1,1,1,8,2,True
iter-1-scenario-902,2481,1,1,1,1,8,2,True
iter-1-scenario-903,2481,1,1,1,1,8,2,True
iter-1-scenario-904,2481,1,1,1,1,8,2,True
iter-1-scenario-905,2481,1,1,1,1,8,2,True
iter-1-scenario-906,2481,1,1,1,1,8,2,True
iter-1-scenario-907,2481,1,1,1,1,8,2,True
iter-1-scenario-908,2481,1,1,1,1,8,2,True
iter-1-scenario-909,2481,1,1,1,1,8,2,True
iter-1-scenario-91,2481,1,1,1,1,8,2,True
iter-1-scenario-910,2481,1,1,1,1,8,2,True
iter-1-scenario-911,2481,1,1,1,1,8,2,True
iter-1-scenario-912,2481,1,1,1,1,8,2,True
iter-1-scenario-913,2481,1,1,1,1,8,2,True
iter-1-scenario-914,2481,1,1,1,1,8,2,True
iter-1-scenario-915,2481,1,1,1,1,8,2,True
iter-1-scenario-916,2481,1,1,1,1,8,2,True
iter-1-scenario-917,2481,1,1,1,1,8,2,True
iter-1-scenario-918,2481,1,1,1,1,8,2,True
iter-1-scenario-919,2481,1,1,1,1,8,2,True
iter-1-scenario-92,2481,1,1,1,1,8,2,True
iter-1-scenario-920,2481,1,1,1,1,8,2,True
iter-1-scenario-921,2481,1,1,1,1,8,2,True
iter-1-scenario-922,2481,1,1,1,1,8,2,True
iter-1-scenario-923,2481,1,1,1,1,8,2,True
iter-1-scenario-924,2481,1,1,1,1,8,2,True
iter-1-scenario-925,2481,1,1,1,1,8,2,True
iter-1-scenario-926,2481,1,1,1,1,8,2,True
iter-1-scenario-927,2481,1,1,1,1,8,2,True
iter-1-scenario-928,2481,1,1,1,1,8,2,True
iter-1-scenario-929,2481,1,1,1,1,8,2,True
iter-1-scenario-93,2481,1,1,1,1,8,2,True
iter-1-scenario-930,2481,1,1,1,1,8,2,True
iter-1-scenario-931,2481,1,1,1,1,8,2,True
iter-1-scenario-932,2481,1,1,1,1,8,2,True
iter-1-scenario-933,2481,1,1,1,1,8,2,True
iter-1-scenario-934,2481,1,1,1,1,8,2,True
iter-1-scenario-935,2481,1,1,1,1,8,2,True
iter-1-scenario-936,2481,1,1,1,1,8,2,True
iter-1-scenario-937,2481,1,1,1,1,8,2,True
iter-1-scenario-938,2481,1,1,1,1,8,2,True
iter-1-scenario-939,2481,1,1,1,1,8,2,True
iter-1-scenario-94,2481,1,1,1,1,8,2,True
iter-1-scenario-940,2481,1,1,1,1,8,2,True
iter-1-scenario-941,2481,1,1,1,1,8,2,True
iter-1-scenario-942,2481,1,1,1,1,8,2,True
iter-1-scenario-943,2481,1,1,1,1,8,2,True
iter-1-scenario-944,2481,1,1,1,1,8,2,True
iter-1-scenario-945,2481,1,1,1,1,8,2,True
iter-1-scenario-946,2481,1,1,1,1,8,2,True
iter-1-scenario-947,2481,1,1,1,1,8,2,True
iter-1-scenario-948,2481,1,1,1,1,8,2,True
iter-1-scenario-949,2481,1,1,1,1,8,2,True
iter-1-scenario-95,2481,1,1,1,1,8,2,True
iter-1-scenario-950,2481,1,1,1,1,8,2,True
iter-1-scenario-951,2481,1,1,1,1,8,2,True
iter-1-scenario-952,2481,1,1,1,1,8,2,True
iter-1-scenario-953,2481,1,1,1,1,8,2,True
iter-1-scenario-954,2481,1,1,1,1,8,2,True
iter-1-scenario-955,2481,1,1,1,1,8,2,True
iter-1-scenario-956,2481,1,1,1,1,8,2,True
iter-1-scenario-957,2481,1,1,1,1,8,2,True
iter-1-scenario-958,2481,1,1,1,1,8,2,True
iter-1-scenario-959,2481,1,1,1,1,8,2,True
iter-1-scenario-96,2481,1,1,1,1,8,2,True
iter-1-scenario-960,2481,1,1,1,1,8,2,True
iter-1-scenario-961,2481,1,1,1,1,8,2,True
iter-1-scenario-962,2481,1,1,1,1,8,2,True
iter-1-scenario-963,2481,1,1,1,1,8,2,True
iter-1-scenario-964,2481,1,1,1,1,8,2,True
iter-1-scenario-965,2481,1,1,1,1,8,2,True
iter-1-scenario-966,2481,1,1,1,1,8,2,True
iter-1-scenario-967,2481,1,1,1,1,8,2,True
iter-1-scenario-968,2481,1,1,1,1,8,2,True
iter-1-scenario-969,2481,1,1,1,1,8,2,True
iter-1-scenario-97,2481,1,1,1,1,8,2,True
iter-1-scenario-970,2481,1,1,1,1,8,2,True
iter-1-scenario-971,2481,1,1,1,1,8,2,True
iter-1-scenario-972,2481,1,1,1,1,8,2,True
iter-1-scenario-973,2481,1,1,1,1,8,2,True
iter-1-scenario-974,2481,1,1,1,1,8,2,True
iter-1-scenario-975,2481,1,1,1,1,8,2,True
iter-1-scenario-976,2481,1,1,1,1,8,2,True
iter-1-scenario-977,2481,1,1,1,1,8,2,True
iter-1-scenario-978,2481,1,1,1,1,8,2,True
iter-1-scenario-979,2481,1,1,1,1,8,2,True
iter-1-scenario-98,2481,1,1,1,1,8,2,True
iter-1-scenario-980,2481,1,1,1,1,8,2,True
iter-1-scenario-981,2481,1,1,1,1,8,2,True
iter-1-scenario-982,2481,1,1,1,1,8,2,True
iter-1-scenario-983,2481,1,1,1,1,8,2,True
iter-1-scenario-984,2481,1,1,1,1,8,2,True
iter-1-scenario-985,2481,1,1,1,1,8,2,True
iter-1-scenario-986,2481,1,1,1,1,8,2,True
iter-1-scenario-987,2481,1,1,1,1,8,2,True
iter-1-scenario-988,2481,1,1,1,1,8,2,True
iter-1-scenario-989,2481,1,1,1,1,8,2,True
iter-1-scenario-99,2481,1,1,1,1,8,2,True
iter-1-scenario-990,2481,1,1,1,1,8,2,True
iter-1-scenario-991,2481,1,1,1,1,8,2,True
iter-1-scenario-992,2481,1,1,1,1,8,2,True
iter-1-scenario-993,2481,1,1,1,1,8,2,True
iter-1-scenario-994,2481,1,1,1,1,8,2,True
iter-1-scenario-995,2481,1,1,1,1,8,2,True
iter-1-scenario-996,2481,1,1,1,1,8,2,True
iter-1-scenario-997,2481,1,1,1,1,8,2,True
iter-1-scenario-998,2481,1,1,1,1,8,2,True
iter-1-scenario-999,2481,1,1,1,1,8,2,True
iter-2-scenario-10,2481,1,1,1,1,8,2,True
iter-2-scenario-100,2481,1,1,1,1,8,2,True
iter-2-scenario-1000,2481,1,1,1,1,8,2,True
iter-2-scenario-1001,2481,1,1,1,1,8,2,True
iter-2-scenario-1002,2051,1,1,1,1,8,0,True
iter-2-scenario-1003,2481,1,1,1,1,8,2,True
iter-2-scenario-1004,2481,1,1,1,1,8,2,True
iter-2-scenario-1005,2051,1,1,1,1,8,0,True
iter-2-scenario-1006,2481,1,1,1,1,8,2,True
iter-2-scenario-1007,2481,1,1,1,1,8,2,True
iter-2-scenario-1008,2051,1,1,1,1,8,0,True
iter-2-scenario-1009,2481,1,1,1,1,8,2,True
iter-2-scenario-101,2481,1,1,1,1,8,2,True
iter-2-scenario-1010,2481,1,1,1,1,8,2,True
iter-2-scenario-1011,2051,1,1,1,1,8,0,True
iter-2-scenario-1012,2481,1,1,1,1,8,2,True
iter-2-scenario-1013,2481,1,1,1,1,8,2,True
iter-2-scenario-1014,2051,1,1,1,1,8,0,True
iter-2-scenario-1015,2481,1,1,1,1,8,2,True
iter-2-scenario-1016,2481,1,1,1,1,8,2,True
iter-2-scenario-1017,2051,1,1,1,1,8,0,True
iter-2-scenario-1018,2481,1,1,1,1,8,2,True
iter-2-scenario-1019,2481,1,1,1,1,8,2,True
iter-2-scenario-102,2051,1,1,1,1,8,0,True
iter-2-scenario-1020,2051,1,1,1,1,8,0,True
iter-2-scenario-1021,2481,1,1,1,1,8,2,True
iter-2-scenario-1022,2481,1,1,1,1,8,2,True
iter-2-scenario-1023,2051,1,1,1,1,8,0,True
iter-2-scenario-1024,2481,1,1,1,1,8,2,True
iter-2-scenario-1025,2481,1,1,1,1,8,2,True
iter-2-scenario-1026,2051,1,1,1,1,8,0,True
iter-2-scenario-1027,2481,1,1,1,1,8,2,True
iter-2-scenario-1028,2481,1,1,1,1,8,2,True
iter-2-scenario-1029,2051,1,1,1,1,8,0,True
iter-2-scenario-103,2481,1,1,1,1,8,2,True
iter-2-scenario-1030,2481,1,1,1,1,8,2,True
iter-2-scenario-1031,2481,1,1,1,1,8,2,True
iter-2-scenario-1032,2051,1,1,1,1,8,0,True
iter-2-scenario-1033,2481,1,1,1,1,8,2,True
iter-2-scenario-1034,2481,1,1,1,1,8,2,True
iter-2-scenario-1035,2051,1,1,1,1,8,0,True
iter-2-scenario-1036,2481,1,1,1,1,8,2,True
iter-2-scenario-1037,2481,1,1,1,1,8,2,True
iter-2-scenario-1038,2051,1,1,1,1,8,0,True
iter-2-scenario-1039,2481,1,1,1,1,8,2,True
iter-2-scenario-104,2481,1,1,1,1,8,2,True
iter-2-scenario-1040,2481,1,1,1,1,8,2,True
iter-2-scenario-1041,2051,1,1,1,1,8,0,True
iter-2-scenario-1042,2481,1,1,1,1,8,2,True
iter-2-scenario-1043,2481,1,1,1,1,8,2,True
iter-2-scenario-1044,2051,1,1,1,1,8,0,True
iter-2-scenario-1045,2481,1,1,1,1,8,2,True
iter-2-scenario-1046,2481,1,1,1,1,8,2,True
iter-2-scenario-1047,2051,1,1,1,1,8,0,True
iter-2-scenario-1048,2481,1,1,1,1,8,2,True
iter-2-scenario-1049,2481,1,1,1,1,8,2,True
iter-2-scenario-105,2051,1,1,1,1,8,0,True
iter-2-scenario-1050,2051,1,1,1,1,8,0,True
iter-2-scenario-1051,2481,1,1,1,1,8,2,True
iter-2-scenario-1052,2481,1,1,1,1,8,2,True
iter-2-scenario-1053,2051,1,1,1,1,8,0,True
iter-2-scenario-1054,2481,1,1,1,1,8,2,True
iter-2-scenario-1055,2481,1,1,1,1,8,2,True
iter-2-scenario-1056,2051,1,1,1,1,8,0,True
iter-2-scenario-1057,2481,1,1,1,1,8,2,True
iter-2-scenario-1058,2481,1,1,1,1,8,2,True
iter-2-scenario-1059,2051,1,1,1,1,8,0,True
iter-2-scenario-106,2481,1,1,1,1,8,2,True
iter-2-scenario-1060,2481,1,1,1,1,8,2,True
iter-2-scenario-1061,2481,1,1,1,1,8,2,True
iter-2-scenario-1062,2051,1,1,1,1,8,0,True
iter-2-scenario-1063,2481,1,1,1,1,8,2,True
iter-2-scenario-1064,2481,1,1,1,1,8,2,True
iter-2-scenario-1065,2051,1,1,1,1,8,0,True
iter-2-scenario-1066,2481,1,1,1,1,8,2,True
iter-2-scenario-1067,2481,1,1,1,1,8,2,True
iter-2-scenario-1068,2051,1,1,1,1,8,0,True
iter-2-scenario-1069,2481,1,1,1,1,8,2,True
iter-2-scenario-107,2481,1,1,1,1,8,2,True
iter-2-scenario-1070,2481,1,1,1,1,8,2,True
iter-2-scenario-1071,2051,1,1,1,1,8,0,True
iter-2-scenario-1072,2481,1,1,1,1,8,2,True
iter-2-scenario-1073,2481,1,1,1,1,8,2,True
iter-2-scenario-1074,2051,1,1,1,1,8,0,True
iter-2-scenario-1075,2481,1,1,1,1,8,2,True
iter-2-scenario-1076,2481,1,1,1,1,8,2,True
iter-2-scenario-1077,2051,1,1,1,1,8,0,True
iter-2-scenario-1078,2481,1,1,1,1,8,2,True
iter-2-scenario-1079,2481,1,1,1,1,8,2,True
iter-2-scenario-108,2051,1,1,1,1,8,0,True
iter-2-scenario-1080,2051,1,1,1,1,8,0,True
iter-2-scenario-1081,2481,1,1,1,1,8,2,True
iter-2-scenario-1082,2481,1,1,1,1,8,2,True
iter-2-scenario-1083,2051,1,1,1,1,8,0,True
iter-2-scenario-1084,2481,1,1,1,1,8,2,True
iter-2-scenario-1085,2481,1,1,1,1,8,2,True
iter-2-scenario-1086,2051,1,1,1,1,8,0,True
iter-2-scenario-1087,2481,1,1,1,1,8,2,True
iter-2-scenario-1088,2481,1,1,1,1,8,2,True
iter-2-scenario-1089,2051,1,1,1,1,8,0,True
iter-2-scenario-109,2481,1,1,1,1,8,2,True
iter-2-scenario-1090,2481,1,1,1,1,8,2,True
iter-2-scenario-1091,2481,1,1,1,1,8,2,True
iter-2-scenario-1092,2051,1,1,1,1,8,0,True
iter-2-scenario-1093,2481,1,1,1,1,8,2,True
iter-2-scenario-1094,2481,1,1,1,1,8,2,True
iter-2-scenario-1095,2051,1,1,1,1,8,0,True
iter-2-scenario-1096,2481,1,1,1,1,8,2,True
iter-2-scenario-1097,2481,1,1,1,1,8,2,True
iter-2-scenario-1098,2051,1,1,1,1,8,0,True
iter-2-scenario-1099,2481,1,1,1,1,8,2,True
iter-2-scenario-11,2481,1,1,1,1,8,2,True
iter-2-scenario-110,2481,1,1,1,1,8,2,True
iter-2-scenario-1100,2481,1,1,1,1,8,2,True
iter-2-scenario-1101,2051,1,1,1,1,8,0,True
iter-2-scenario-1102,2481,1,1,1,1,8,2,True
iter-2-scenario-1103,2481,1,1,1,1,8,2,True
iter-2-scenario-1104,2051,1,1,1,1,8,0,True
iter-2-scenario-1105,2481,1,1,1,1,8,2,True
iter-2-scenario-1106,2481,1,1,1,1,8,2,True
iter-2-scenario-1107,2051,1,1,1,1,8,0,True
iter-2-scenario-1108,2481,1,1,1,1,8,2,True
iter-2-scenario-1109,2481,1,1,1,1,8,2,True
iter-2-scenario-111,2051,1,1,1,1,8,0,True
iter-2-scenario-1110,2051,1,1,1,1,8,0,True
iter-2-scenario-1111,2481,1,1,1,1,8,2,True
iter-2-scenario-1112,2481,1,1,1,1,8,2,True
iter-2-scenario-1113,2051,1,1,1,1,8,0,True
iter-2-scenario-1114,2481,1,1,1,1,8,2,True
iter-2-scenario-1115,2481,1,1,1,1,8,2,True
iter-2-scenario-1116,2051,1,1,1,1,8,0,True
iter-2-scenario-1117,2481,1,1,1,1,8,2,True
iter-2-scenario-1118,2481,1,1,1,1,8,2,True
iter-2-scenario-1119,2051,1,1,1,1,8,0,True
iter-2-scenario-112,2481,1,1,1,1,8,2,True
iter-2-scenario-1120,2481,1,1,1,1,8,2,True
iter-2-scenario-1121,2481,1,1,1,1,8,2,True
iter-2-scenario-1122,2051,1,1,1,1,8,0,True
iter-2-scenario-1123,2481,1,1,1,1,8,2,True
iter-2-scenario-1124,2481,1,1,1,1,8,2,True
iter-2-scenario-1125,2051,1,1,1,1,8,0,True
iter-2-scenario-1126,2481,1,1,1,1,8,2,True
iter-2-scenario-1127,2481,1,1,1,1,8,2,True
iter-2-scenario-1128,2051,1,1,1,1,8,0,True
iter-2-scenario-1129,2481,1,1,1,1,8,2,True
iter-2-scenario-113,2481,1,1,1,1,8,2,True
iter-2-scenario-1130,2481,1,1,1,1,8,2,True
iter-2-scenario-1131,2051,1,1,1,1,8,0,True
iter-2-scenario-1132,2481,1,1,1,1,8,2,True
iter-2-scenario-1133,2481,1,1,1,1,8,2,True
iter-2-scenario-1134,2051,1,1,1,1,8,0,True
iter-2-scenario-1135,2481,1,1,1,1,8,2,True
iter-2-scenario-1136,2481,1,1,1,1,8,2,True
iter-2-scenario-1137,2051,1,1,1,1,8,0,True
iter-2-scenario-1138,2481,1,1,1,1,8,2,True
iter-2-scenario-1139,2481,1,1,1,1,8,2,True
iter-2-scenario-114,2051,1,1,1,1,8,0,True
iter-2-scenario-1140,2051,1,1,1,1,8,0,True
iter-2-scenario-1141,2481,1,1,1,1,8,2,True
iter-2-scenario-1142,2481,1,1,1,1,8,2,True
iter-2-scenario-1143,2051,1,1,1,1,8,0,True
iter-2-scenario-1144,2481,1,1,1,1,8,2,True
iter-2-scenario-1145,2481,1,1,1,1,8,2,True
iter-2-scenario-1146,2051,1,1,1,1,8,0,True
iter-2-scenario-1147,2481,1,1,1,1,8,2,True
iter-2-scenario-1148,2481,1,1,1,1,8,2,True
iter-2-scenario-1149,2051,1,1,1,1,8,0,True
iter-2-scenario-115,2481,1,1,1,1,8,2,True
iter-2-scenario-1150,2481,1,1,1,1,8,2,True
iter-2-scenario-1151,2481,1,1,1,1,8,2,True
iter-2-scenario-1152,2051,1,1,1,1,8,0,True
iter-2-scenario-1153,2481,1,1,1,1,8,2,True
iter-2-scenario-1154,2481,1,1,1,1,8,2,True
iter-2-scenario-1155,2051,1,1,1,1,8,0,True
iter-2-scenario-1156,2481,1,1,1,1,8,2,True
iter-2-scenario-1157,2481,1,1,1,1,8,2,True
iter-2-scenario-1158,2051,1,1,1,1,8,0,True
iter-2-scenario-1159,2481,1,1,1,1,8,2,True
iter-2-scenario-116,2481,1,1,1,1,8,2,True
iter-2-scenario-1160,2481,1,1,1,1,8,2,True
iter-2-scenario-1161,2051,1,1,1,1,8,0,True
iter-2-scenario-1162,2481,1,1,1,1,8,2,True
iter-2-scenario-1163,2481,1,1,1,1,8,2,True
iter-2-scenario-1164,2051,1,1,1,1,8,0,True
iter-2-scenario-1165,2481,1,1,1,1,8,2,True
iter-2-scenario-1166,2481,1,1,1,1,8,2,True
iter-2-scenario-1167,2051,1,1,1,1,8,0,True
iter-2-scenario-1168,2481,1,1,1,1,8,2,True
iter-2-scenario-1169,2481,1,1,1,1,8,2,True
iter-2-scenario-117,2051,1,1,1,1,8,0,True
iter-2-scenario-1170,2051,1,1,1,1,8,0,True
iter-2-scenario-1171,2481,1,1,1,1,8,2,True
iter-2-scenario-1172,2481,1,1,1,1,8,2,True
iter-2-scenario-1173,2051,1,1,1,1,8,0,True
iter-2-scenario-1174,2481,1,1,1,1,8,2,True
iter-2-scenario-1175,2481,1,1,1,1,8,2,True
iter-2-scenario-1176,2051,1,1,1,1,8,0,True
iter-2-scenario-1177,2481,1,1,1,1,8,2,True
iter-2-scenario-1178,2481,1,1,1,1,8,2,True
iter-2-scenario-1179,2051,1,1,1,1,8,0,True
iter-2-scenario-118,2481,1,1,1,1,8,2,True
iter-2-scenario-1180,2481,1,1,1,1,8,2,True
iter-2-scenario-1181,2481,1,1,1,1,8,2,True
iter-2-scenario-1182,2051,1,1,1,1,8,0,True
iter-2-scenario-1183,2481,1,1,1,1,8,2,True
iter-2-scenario-1184,2481,1,1,1,1,8,2,True
iter-2-scenario-1185,2051,1,1,1,1,8,0,True
iter-2-scenario-1186,2481,1,1,1,1,8,2,True
iter-2-scenario-1187,2481,1,1,1,1,8,2,True
iter-2-scenario-1188,2051,1,1,1,1,8,0,True
iter-2-scenario-1189,2481,1,1,1,1,8,2,True
iter-2-scenario-119,2481,1,1,1,1,8,2,True
iter-2-scenario-1190,2481,1,1,1,1,8,2,True
iter-2-scenario-1191,2051,1,1,1,1,8,0,True
iter-2-scenario-1192,2481,1,1,1,1,8,2,True
iter-2-scenario-1193,2481,1,1,1,1,8,2,True
iter-2-scenario-1194,2051,1,1,1,1,8,0,True
iter-2-scenario-1195,2481,1,1,1,1,8,2,True
iter-2-scenario-1196,2481,1,1,1,1,8,2,True
iter-2-scenario-1197,2051,1,1,1,1,8,0,True
iter-2-scenario-1198,2481,1,1,1,1,8,2,True
iter-2-scenario-1199,2481,1,1,1,1,8,2,True
iter-2-scenario-12,2051,1,1,1,1,8,0,True
iter-2-scenario-120,2051,1,1,1,1,8,0,True
iter-2-scenario-1200,2051,1,1,1,1,8,0,True
iter-2-scenario-1201,2481,1,1,1,1,8,2,True
iter-2-scenario-1202,2481,1,1,1,1,8,2,True
iter-2-scenario-1203,2051,1,1,1,1,8,0,True
iter-2-scenario-1204,2481,1,1,1,1,8,2,True
iter-2-scenario-1205,2481,1,1,1,1,8,2,True
iter-2-scenario-1206,2051,1,1,1,1,8,0,True
iter-2-scenario-1207,2481,1,1,1,1,8,2,True
iter-2-scenario-1208,2481,1,1,1,1,8,2,True
iter-2-scenario-1209,2051,1,1,1,1,8,0,True
iter-2-scenario-121,2481,1,1,1,1,8,2,True
iter-2-scenario-1210,2481,1,1,1,1,8,2,True
iter-2-scenario-1211,2481,1,1,1,1,8,2,True
iter-2-scenario-1212,2051,1,1,1,1,8,0,True
iter-2-scenario-1213,2481,1,1,1,1,8,2,True
iter-2-scenario-1214,2481,1,1,1,1,8,2,True
iter-2-scenario-1215,2051,1,1,1,1,8,0,True
iter-2-scenario-1216,2481,1,1,1,1,8,2,True
iter-2-scenario-1217,2481,1,1,1,1,8,2,True
iter-2-scenario-1218,2051,1,1,1,1,8,0,True
iter-2-scenario-1219,2481,1,1,1,1,8,2,True
iter-2-scenario-122,2481,1,1,1,1,8,2,True
iter-2-scenario-1220,2481,1,1,1,1,8,2,True
iter-2-scenario-1221,2051,1,1,1,1,8,0,True
iter-2-scenario-1222,2481,1,1,1,1,8,2,True
iter-2-scenario-1223,2481,1,1,1,1,8,2,True
iter-2-scenario-1224,2051,1,1,1,1,8,0,True
iter-2-scenario-1225,2481,1,1,1,1,8,2,True
iter-2-scenario-1226,2481,1,1,1,1,8,2,True
iter-2-scenario-1227,2051,1,1,1,1,8,0,True
iter-2-scenario-1228,2481,1,1,1,1,8,2,True
iter-2-scenario-1229,2481,1,1,1,1,8,2,True
iter-2-scenario-123,2051,1,1,1,1,8,0,True
iter-2-scenario-1230,2051,1,1,1,1,8,0,True
iter-2-scenario-1231,2481,1,1,1,1,8,2,True
iter-2-scenario-1232,2481,1,1,1,1,8,2,True
iter-2-scenario-1233,2051,1,1,1,1,8,0,True
iter-2-scenario-1234,2481,1,1,1,1,8,2,True
iter-2-scenario-1235,2481,1,1,1,1,8,2,True
iter-2-scenario-1236,2051,1,1,1,1,8,0,True
iter-2-scenario-1237,2481,1,1,1,1,8,2,True
iter-2-scenario-1238,2481,1,1,1,1,8,2,True
iter-2-scenario-1239,2051,1,1,1,1,8,0,True
iter-2-scenario-124,2481,1,1,1,1,8,2,True
iter-2-scenario-1240,2481,1,1,1,1,8,2,True
iter-2-scenario-1241,2481,1,1,1,1,8,2,True
iter-2-scenario-1242,2051,1,1,1,1,8,0,True
iter-2-scenario-1243,2481,1,1,1,1,8,2,True
iter-2-scenario-1244,2481,1,1,1,1,8,2,True
iter-2-scenario-1245,2051,1,1,1,1,8,0,True
iter-2-scenario-1246,2481,1,1,1,1,8,2,True
iter-2-scenario-1247,2481,1,1,1,1,8,2,True
iter-2-scenario-1248,2051,1,1,1,1,8,0,True
iter-2-scenario-1249,2481,1,1,1,1,8,2,True
iter-2-scenario-125,2481,1,1,1,1,8,2,True
iter-2-scenario-1250,2481,1,1,1,1,8,2,True
iter-2-scenario-1251,2051,1,1,1,1,8,0,True
iter-2-scenario-1252,2481,1,1,1,1,8,2,True
iter-2-scenario-1253,2481,1,1,1,1,8,2,True
iter-2-scenario-1254,2051,1,1,1,1,8,0,True
iter-2-scenario-1255,2481,1,1,1,1,8,2,True
iter-2-scenario-1256,2481,1,1,1,1,8,2,True
iter-2-scenario-1257,2051,1,1,1,1,8,0,True
iter-2-scenario-1258,2481,1,1,1,1,8,2,True
iter-2-scenario-1259,2481,1,1,1,1,8,2,True
iter-2-scenario-126,2051,1,1,1,1,8,0,True
iter-2-scenario-1260,2051,1,1,1,1,8,0,True
iter-2-scenario-1261,2481,1,1,1,1,8,2,True
iter-2-scenario-1262,2481,1,1,1,1,8,2,True
iter-2-scenario-1263,2051,1,1,1,1,8,0,True
iter-2-scenario-1264,2481,1,1,1,1,8,2,True
iter-2-scenario-1265,2481,1,1,1,1,8,2,True
iter-2-scenario-1266,2051,1,1,1,1,8,0,True
iter-2-scenario-1267,2481,1,1,1,1,8,2,True
iter-2-scenario-1268,2481,1,1,1,1,8,2,True
iter-2-scenario-1269,2051,1,1,1,1,8,0,True
iter-2-scenario-127,2481,1,1,1,1,8,2,True
iter-2-scenario-1270,2481,1,1,1,1,8,2,True
iter-2-scenario-1271,2481,1,1,1,1,8,2,True
iter-2-scenario-1272,2051,1,1,1,1,8,0,True
iter-2-scenario-1273,2481,1,1,1,1,8,2,True
iter-2-scenario-1274,2481,1,1,1,1,8,2,True
iter-2-scenario-1275,2051,1,1,1,1,8,0,True
iter-2-scenario-1276,2481,1,1,1,1,8,2,True
iter-2-scenario-1277,2481,1,1,1,1,8,2,True
iter-2-scenario-1278,2051,1,1,1,1,8,0,True
iter-2-scenario-1279,2481,1,1,1,1,8,2,True
iter-2-scenario-128,2481,1,1,1,1,8,2,True
iter-2-scenario-1280,2481,1,1,1,1,8,2,True
iter-2-scenario-1281,2051,1,1,1,1,8,0,True
iter-2-scenario-1282,2481,1,1,1,1,8,2,True
iter-2-scenario-1283,2481,1,1,1,1,8,2,True
iter-2-scenario-1284,2051,1,1,1,1,8,0,True
iter-2-scenario-1285,2481,1,1,1,1,8,2,True
iter-2-scenario-1286,2481,1,1,1,1,8,2,True
iter-2-scenario-1287,2051,1,1,1,1,8,0,True
iter-2-scenario-1288,2481,1,1,1,1,8,2,True
iter-2-scenario-1289,2481,1,1,1,1,8,2,True
iter-2-scenario-129,2051,1,1,1,1,8,0,True
iter-2-scenario-1290,2051,1,1,1,1,8,0,True
iter-2-scenario-1291,2481,1,1,1,1,8,2,True
iter-2-scenario-1292,2481,1,1,1,1,8,2,True
iter-2-scenario-1293,2051,1,1,1,1,8,0,True
iter-2-scenario-1294,2481,1,1,1,1,8,2,True
iter-2-scenario-1295,2481,1,1,1,1,8,2,True
iter-2-scenario-1296,2051,1,1,1,1,8,0,True
iter-2-scenario-1297,2481,1,1,1,1,8,2,True
iter-2-scenario-1298,2481,1,1,1,1,8,2,True
iter-2-scenario-1299,2051,1,1,1,1,8,0,True
iter-2-scenario-13,2481,1,1,1,1,8,2,True
iter-2-scenario-130,2481,1,1,1,1,8,2,True
iter-2-scenario-1300,2481,1,1,1,1,8,2,True
iter-2-scenario-1301,2481,1,1,1,1,8,2,True
iter-2-scenario-1302,2051,1,1,1,1,8,0,True
iter-2-scenario-1303,2481,1,1,1,1,8,2,True
iter-2-scenario-1304,2481,1,1,1,1,8,2,True
iter-2-scenario-1305,2051,1,1,1,1,8,0,True
iter-2-scenario-1306,2481,1,1,1,1,8,2,True
iter-2-scenario-1307,2481,1,1,1,1,8,2,True
iter-2-scenario-1308,2051,1,1,1,1,8,0,True
iter-2-scenario-1309,2481,1,1,1,1,8,2,True
iter-2-scenario-131,2481,1,1,1,1,8,2,True
iter-2-scenario-1310,2481,1,1,1,1,8,2,True
iter-2-scenario-1311,2051,1,1,1,1,8,0,True
iter-2-scenario-1312,2481,1,1,1,1,8,2,True
iter-2-scenario-1313,2481,1,1,1,1,8,2,True
iter-2-scenario-1314,2051,1,1,1,1,8,0,True
iter-2-scenario-1315,2481,1,1,1,1,8,2,True
iter-2-scenario-1316,2481,1,1,1,1,8,2,True
iter-2-scenario-1317,2051,1,1,1,1,8,0,True
iter-2-scenario-1318,2481,1,1,1,1,8,2,True
iter-2-scenario-1319,2481,1,1,1,1,8,2,True
iter-2-scenario-132,2051,1,1,1,1,8,0,True
iter-2-scenario-1320,2051,1,1,1,1,8,0,True
iter-2-scenario-1321,2481,1,1,1,1,8,2,True
iter-2-scenario-1322,2481,1,1,1,1,8,2,True
iter-2-scenario-1323,2051,1,1,1,1,8,0,True
iter-2-scenario-1324,2481,1,1,1,1,8,2,True
iter-2-scenario-1325,2481,1,1,1,1,8,2,True
iter-2-scenario-1326,2051,1,1,1,1,8,0,True
iter-2-scenario-1327,2481,1,1,1,1,8,2,True
iter-2-scenario-1328,2481,1,1,1,1,8,2,True
iter-2-scenario-1329,2051,1,1,1,1,8,0,True
iter-2-scenario-133,2481,1,1,1,1,8,2,True
iter-2-scenario-1330,2481,1,1,1,1,8,2,True
iter-2-scenario-1331,2481,1,1,1,1,8,2,True
iter-2-scenario-1332,2051,1,1,1,1,8,0,True
iter-2-scenario-1333,2481,1,1,1,1,8,2,True
iter-2-scenario-1334,2481,1,1,1,1,8,2,True
iter-2-scenario-1335,2051,1,1,1,1,8,0,True
iter-2-scenario-1336,2481,1,1,1,1,8,2,True
iter-2-scenario-1337,2481,1,1,1,1,8,2,True
iter-2-scenario-1338,2051,1,1,1,1,8,0,True
iter-2-scenario-1339,2481,1,1,1,1,8,2,True
iter-2-scenario-134,2481,1,1,1,1,8,2,True
iter-2-scenario-1340,2481,1,1,1,1,8,2,True
iter-2-scenario-1341,2051,1,1,1,1,8,0,True
iter-2-scenario-1342,2481,1,1,1,1,8,2,True
iter-2-scenario-1343,2481,1,1,1,1,8,2,True
iter-2-scenario-1344,2051,1,1,1,1,8,0,True
iter-2-scenario-1345,2481,1,1,1,1,8,2,True
iter-2-scenario-1346,2481,1,1,1,1,8,2,True
iter-2-scenario-1347,2051,1,1,1,1,8,0,True
iter-2-scenario-1348,2481,1,1,1,1,8,2,True
iter-2-scenario-1349,2481,1,1,1,1,8,2,True
iter-2-scenario-135,2051,1,1,1,1,8,0,True
iter-2-scenario-1350,2051,1,1,1,1,8,0,True
iter-2-scenario-1351,2481,1,1,1,1,8,2,True
iter-2-scenario-1352,2481,1,1,1,1,8,2,True
iter-2-scenario-1353,2051,1,1,1,1,8,0,True
iter-2-scenario-1354,2481,1,1,1,1,8,2,True
iter-2-scenario-1355,2481,1,1,1,1,8,2,True
iter-2-scenario-1356,2051,1,1,1,1,8,0,True
iter-2-scenario-1357,2481,1,1,1,1,8,2,True
iter-2-scenario-1358,2481,1,1,1,1,8,2,True
iter-2-scenario-1359,2051,1,1,1,1,8,0,True
iter-2-scenario-136,2481,1,1,1,1,8,2,True
iter-2-scenario-1360,2481,1,1,1,1,8,2,True
iter-2-scenario-1361,2481,1,1,1,1,8,2,True
iter-2-scenario-1362,2051,1,1,1,1,8,0,True
iter-2-scenario-1363,2481,1,1,1,1,8,2,True
iter-2-scenario-1364,2481,1,1,1,1,8,2,True
iter-2-scenario-1365,2051,1,1,1,1,8,0,True
iter-2-scenario-1366,2481,1,1,1,1,8,2,True
iter-2-scenario-1367,2481,1,1,1,1,8,2,True
iter-2-scenario-1368,2051,1,1,1,1,8,0,True
iter-2-scenario-1369,2481,1,1,1,1,8,2,True
iter-2-scenario-137,2481,1,1,1,1,8,2,True
iter-2-scenario-1370,2481,1,1,1,1,8,2,True
iter-2-scenario-1371,2051,1,1,1,1,8,0,True
iter-2-scenario-1372,2481,1,1,1,1,8,2,True
iter-2-scenario-1373,2481,1,1,1,1,8,2,True
iter-2-scenario-1374,2051,1,1,1,1,8,0,True
iter-2-scenario-1375,2481,1,1,1,1,8,2,True
iter-2-scenario-1376,2481,1,1,1,1,8,2,True
iter-2-scenario-1377,2051,1,1,1,1,8,0,True
iter-2-scenario-1378,2481,1,1,1,1,8,2,True
iter-2-scenario-1379,2481,1,1,1,1,8,2,True
iter-2-scenario-138,2051,1,1,1,1,8,0,True
iter-2-scenario-1380,2051,1,1,1,1,8,0,True
iter-2-scenario-1381,2481,1,1,1,1,8,2,True
iter-2-scenario-1382,2481,1,1,1,1,8,2,True
iter-2-scenario-1383,2051,1,1,1,1,8,0,True
iter-2-scenario-1384,2481,1,1,1,1,8,2,True
iter-2-scenario-1385,2481,1,1,1,1,8,2,True
iter-2-scenario-1386,2051,1,1,1,1,8,0,True
iter-2-scenario-1387,2481,1,1,1,1,8,2,True
iter-2-scenario-1388,2481,1,1,1,1,8,2,True
iter-2-scenario-1389,2051,1,1,1,1,8,0,True
iter-2-scenario-139,2481,1,1,1,1,8,2,True
iter-2-scenario-1390,2481,1,1,1,1,8,2,True
iter-2-scenario-1391,2481,1,1,1,1,8,2,True
iter-2-scenario-1392,2051,1,1,1,1,8,0,True
iter-2-scenario-1393,2481,1,1,1,1,8,2,True
iter-2-scenario-1394,2481,1,1,1,1,8,2,True
iter-2-scenario-1395,2051,1,1,1,1,8,0,True
iter-2-scenario-1396,2481,1,1,1,1,8,2,True
iter-2-scenario-1397,2481,1,1,1,1,8,2,True
iter-2-scenario-1398,2051,1,1,1,1,8,0,True
iter-2-scenario-1399,2481,1,1,1,1,8,2,True
iter-2-scenario-14,2481,1,1,1,1,8,2,True
iter-2-scenario-140,2481,1,1,1,1,8,2,True
iter-2-scenario-1400,2481,1,1,1,1,8,2,True
iter-2-scenario-1401,2051,1,1,1,1,8,0,True
iter-2-scenario-1402,2481,1,1,1,1,8,2,True
iter-2-scenario-1403,2481,1,1,1,1,8,2,True
iter-2-scenario-1404,2051,1,1,1,1,8,0,True
iter-2-scenario-1405,2481,1,1,1,1,8,2,True
iter-2-scenario-1406,2481,1,1,1,1,8,2,True
iter-2-scenario-1407,2051,1,1,1,1,8,0,True
iter-2-scenario-1408,2481,1,1,1,1,8,2,True
iter-2-scenario-1409,2481,1,1,1,1,8,2,True
iter-2-scenario-141,2051,1,1,1,1,8,0,True
iter-2-scenario-1410,2051,1,1,1,1,8,0,True
iter-2-scenario-1411,2481,1,1,1,1,8,2,True
iter-2-scenario-1412,2481,1,1,1,1,8,2,True
iter-2-scenario-1413,2051,1,1,1,1,8,0,True
iter-2-scenario-1414,2481,1,1,1,1,8,2,True
iter-2-scenario-1415,2481,1,1,1,1,8,2,True
iter-2-scenario-1416,2051,1,1,1,1,8,0,True
iter-2-scenario-1417,2481,1,1,1,1,8,2,True
iter-2-scenario-1418,2481,1,1,1,1,8,2,True
iter-2-scenario-1419,2051,1,1,1,1,8,0,True
iter-2-scenario-142,2481,1,1,1,1,8,2,True
iter-2-scenario-1420,2481,1,1,1,1,8,2,True
iter-2-scenario-1421,2481,1,1,1,1,8,2,True
iter-2-scenario-1422,2051,1,1,1,1,8,0,True
iter-2-scenario-1423,2481,1,1,1,1,8,2,True
iter-2-scenario-1424,2481,1,1,1,1,8,2,True
iter-2-scenario-1425,2051,1,1,1,1,8,0,True
iter-2-scenario-1426,2481,1,1,1,1,8,2,True
iter-2-scenario-1427,2481,1,1,1,1,8,2,True
iter-2-scenario-1428,2051,1,1,1,1,8,0,True
iter-2-scenario-1429,2481,1,1,1,1,8,2,True
iter-2-scenario-143,2481,1,1,1,1,8,2,True
iter-2-scenario-1430,2481,1,1,1,1,8,2,True
iter-2-scenario-1431,2051,1,1,1,1,8,0,True
iter-2-scenario-1432,2481,1,1,1,1,8,2,True
iter-2-scenario-1433,2481,1,1,1,1,8,2,True
iter-2-scenario-1434,2051,1,1,1,1,8,0,True
iter-2-scenario-1435,2481,1,1,1,1,8,2,True
iter-2-scenario-1436,2481,1,1,1,1,8,2,True
iter-2-scenario-1437,2051,1,1,1,1,8,0,True
iter-2-scenario-1438,2481,1,1,1,1,8,2,True
iter-2-scenario-1439,2481,1,1,1,1,8,2,True
iter-2-scenario-144,2051,1,1,1,1,8,0,True
iter-2-scenario-1440,2051,1,1,1,1,8,0,True
iter-2-scenario-1441,2481,1,1,1,1,8,2,True
iter-2-scenario-1442,2481,1,1,1,1,8,2,True
iter-2-scenario-1443,2051,1,1,1,1,8,0,True
iter-2-scenario-1444,2481,1,1,1,1,8,2,True
iter-2-scenario-1445,2481,1,1,1,1,8,2,True
iter-2-scenario-1446,2051,1,1,1,1,8,0,True
iter-2-scenario-1447,2481,1,1,1,1,8,2,True
iter-2-scenario-1448,2481,1,1,1,1,8,2,True
iter-2-scenario-1449,2051,1,1,1,1,8,0,True
iter-2-scenario-145,2481,1,1,1,1,8,2,True
iter-2-scenario-1450,2481,1,1,1,1,8,2,True
iter-2-scenario-1451,2481,1,1,1,1,8,2,True
iter-2-scenario-1452,2051,1,1,1,1,8,0,True
iter-2-scenario-1453,2481,1,1,1,1,8,2,True
iter-2-scenario-1454,2481,1,1,1,1,8,2,True
iter-2-scenario-1455,2051,1,1,1,1,8,0,True
iter-2-scenario-1456,2481,1,1,1,1,8,2,True
iter-2-scenario-1457,2481,1,1,1,1,8,2,True
iter-2-scenario-1458,2051,1,1,1,1,8,0,True
iter-2-scenario-1459,2481,1,1,1,1,8,2,True
iter-2-scenario-146,2481,1,1,1,1,8,2,True
iter-2-scenario-1460,2481,1,1,1,1,8,2,True
iter-2-scenario-1461,2051,1,1,1,1,8,0,True
iter-2-scenario-1462,2481,1,1,1,1,8,2,True
iter-2-scenario-1463,2481,1,1,1,1,8,2,True
iter-2-scenario-1464,2051,1,1,1,1,8,0,True
iter-2-scenario-1465,2481,1,1,1,1,8,2,True
iter-2-scenario-1466,2481,1,1,1,1,8,2,True
iter-2-scenario-1467,2051,1,1,1,1,8,0,True
iter-2-scenario-1468,2481,1,1,1,1,8,2,True
iter-2-scenario-1469,2481,1,1,1,1,8,2,True
iter-2-scenario-147,2051,1,1,1,1,8,0,True
iter-2-scenario-1470,2051,1,1,1,1,8,0,True
iter-2-scenario-1471,2481,1,1,1,1,8,2,True
iter-2-scenario-1472,2481,1,1,1,1,8,2,True
iter-2-scenario-1473,2051,1,1,1,1,8,0,True
iter-2-scenario-1474,2481,1,1,1,1,8,2,True
iter-2-scenario-1475,2481,1,1,1,1,8,2,True
iter-2-scenario-1476,2051,1,1,1,1,8,0,True
iter-2-scenario-1477,2481,1,1,1,1,8,2,True
iter-2-scenario-1478,2481,1,1,1,1,8,2,True
iter-2-scenario-1479,2051,1,1,1,1,8,0,True
iter-2-scenario-148,2481,1,1,1,1,8,2,True
iter-2-scenario-1480,2481,1,1,1,1,8,2,True
iter-2-scenario-1481,2481,1,1,1,1,8,2,True
iter-2-scenario-1482,2051,1,1,1,1,8,0,True
iter-2-scenario-1483,2481,1,1,1,1,8,2,True
iter-2-scenario-1484,2481,1,1,1,1,8,2,True
iter-2-scenario-1485,2051,1,1,1,1,8,0,True
iter-2-scenario-1486,2481,1,1,1,1,8,2,True
iter-2-scenario-1487,2481,1,1,1,1,8,2,True
iter-2-scenario-1488,2051,1,1,1,1,8,0,True
iter-2-scenario-1489,2481,1,1,1,1,8,2,True
iter-2-scenario-149,2481,1,1,1,1,8,2,True
iter-2-scenario-1490,2481,1,1,1,1,8,2,True
iter-2-scenario-1491,2051,1,1,1,1,8,0,True
iter-2-scenario-1492,2481,1,1,1,1,8,2,True
iter-2-scenario-1493,2481,1,1,1,1,8,2,True
iter-2-scenario-1494,2051,1,1,1,1,8,0,True
iter-2-scenario-1495,2481,1,1,1,1,8,2,True
iter-2-scenario-1496,2481,1,1,1,1,8,2,True
iter-2-scenario-1497,2051,1,1,1,1,8,0,True
iter-2-scenario-1498,2481,1,1,1,1,8,2,True
iter-2-scenario-1499,2481,1,1,1,1,8,2,True
iter-2-scenario-15,2051,1,1,1,1,8,0,True
iter-2-scenario-150,2051,1,1,1,1,8,0,True
iter-2-scenario-1500,2051,1,1,1,1,8,0,True
iter-2-scenario-1501,2481,1,1,1,1,8,2,True
iter-2-scenario-1502,2481,1,1,1,1,8,2,True
iter-2-scenario-1503,2051,1,1,1,1,8,0,True
iter-2-scenario-1504,2481,1,1,1,1,8,2,True
iter-2-scenario-1505,2481,1,1,1,1,8,2,True
iter-2-scenario-1506,2051,1,1,1,1,8,0,True
iter-2-scenario-1507,2481,1,1,1,1,8,2,True
iter-2-scenario-1508,2481,1,1,1,1,8,2,True
iter-2-scenario-1509,2051,1,1,1,1,8,0,True
iter-2-scenario-151,2481,1,1,1,1,8,2,True
iter-2-scenario-1510,2481,1,1,1,1,8,2,True
iter-2-scenario-1511,2481,1,1,1,1,8,2,True
iter-2-scenario-1512,2051,1,1,1,1,8,0,True
iter-2-scenario-1513,2481,1,1,1,1,8,2,True
iter-2-scenario-1514,2481,1,1,1,1,8,2,True
iter-2-scenario-1515,2051,1,1,1,1,8,0,True
iter-2-scenario-1516,2481,1,1,1,1,8,2,True
iter-2-scenario-1517,2481,1,1,1,1,8,2,True
iter-2-scenario-1518,2051,1,1,1,1,8,0,True
iter-2-scenario-1519,2481,1,1,1,1,8,2,True
iter-2-scenario-152,2481,1,1,1,1,8,2,True
iter-2-scenario-1520,2481,1,1,1,1,8,2,True
iter-2-scenario-1521,2051,1,1,1,1,8,0,True
iter-2-scenario-1522,2481,1,1,1,1,8,2,True
iter-2-scenario-1523,2481,1,1,1,1,8,2,True
iter-2-scenario-1524,2051,1,1,1,1,8,0,True
iter-2-scenario-1525,2481,1,1,1,1,8,2,True
iter-2-scenario-1526,2481,1,1,1,1,8,2,True
iter-2-scenario-1527,2051,1,1,1,1,8,0,True
iter-2-scenario-1528,2481,1,1,1,1,8,2,True
iter-2-scenario-1529,2481,1,1,1,1,8,2,True
iter-2-scenario-153,2051,1,1,1,1,8,0,True
iter-2-scenario-1530,2051,1,1,1,1,8,0,True
iter-2-scenario-1531,2481,1,1,1,1,8,2,True
iter-2-scenario-1532,2481,1,1,1,1,8,2,True
iter-2-scenario-1533,2051,1,1,1,1,8,0,True
iter-2-scenario-1534,2481,1,1,1,1,8,2,True
iter-2-scenario-1535,2481,1,1,1,1,8,2,True
iter-2-scenario-1536,2051,1,1,1,1,8,0,True
iter-2-scenario-154,2481,1,1,1,1,8,2,True
iter-2-scenario-1540,2481,1,1,1,1,8,2,True
iter-2-scenario-1541,2481,1,1,1,1,8,2,True
iter-2-scenario-1542,2051,1,1,1,1,8,0,True
iter-2-scenario-1543,2481,1,1,1,1,8,2,True
iter-2-scenario-1544,2481,1,1,1,1,8,2,True
iter-2-scenario-1545,2051,1,1,1,1,8,0,True
iter-2-scenario-1546,2481,1,1,1,1,8,2,True
iter-2-scenario-1547,2481,1,1,1,1,8,2,True
iter-2-scenario-1548,2051,1,1,1,1,8,0,True
iter-2-scenario-1549,2481,1,1,1,1,8,2,True
iter-2-scenario-155,2481,1,1,1,1,8,2,True
iter-2-scenario-1550,2481,1,1,1,1,8,2,True
iter-2-scenario-1551,2051,1,1,1,1,8,0,True
iter-2-scenario-1552,2481,1,1,1,1,8,2,True
iter-2-scenario-1553,2481,1,1,1,1,8,2,True
iter-2-scenario-1554,2051,1,1,1,1,8,0,True
iter-2-scenario-1555,2481,1,1,1,1,8,2,True
iter-2-scenario-1556,2481,1,1,1,1,8,2,True
iter-2-scenario-1557,2051,1,1,1,1,8,0,True
iter-2-scenario-1558,2481,1,1,1,1,8,2,True
iter-2-scenario-1559,2481,1,1,1,1,8,2,True
iter-2-scenario-156,2051,1,1,1,1,8,0,True
iter-2-scenario-1560,2051,1,1,1,1,8,0,True
iter-2-scenario-1561,2481,1,1,1,1,8,2,True
iter-2-scenario-1562,2481,1,1,1,1,8,2,True
iter-2-scenario-1563,2051,1,1,1,1,8,0,True
iter-2-scenario-1564,2481,1,1,1,1,8,2,True
iter-2-scenario-1565,2481,1,1,1,1,8,2,True
iter-2-scenario-1566,2051,1,1,1,1,8,0,True
iter-2-scenario-1567,2481,1,1,1,1,8,2,True
iter-2-scenario-1568,2481,1,1,1,1,8,2,True
iter-2-scenario-1569,2051,1,1,1,1,8,0,True
iter-2-scenario-157,2481,1,1,1,1,8,2,True
iter-2-scenario-1570,2481,1,1,1,1,8,2,True
iter-2-scenario-1571,2481,1,1,1,1,8,2,True
iter-2-scenario-1572,2051,1,1,1,1,8,0,True
iter-2-scenario-1573,2481,1,1,1,1,8,2,True
iter-2-scenario-1574,2481,1,1,1,1,8,2,True
iter-2-scenario-1575,2051,1,1,1,1,8,0,True
iter-2-scenario-1576,2481,1,1,1,1,8,2,True
iter-2-scenario-1577,2481,1,1,1,1,8,2,True
iter-2-scenario-1578,2051,1,1,1,1,8,0,True
iter-2-scenario-1579,2481,1,1,1,1,8,2,True
iter-2-scenario-158,2481,1,1,1,1,8,2,True
iter-2-scenario-1580,2481,1,1,1,1,8,2,True
iter-2-scenario-1581,2051,1,1,1,1,8,0,True
iter-2-scenario-1582,2481,1,1,1,1,8,2,True
iter-2-scenario-1583,2481,1,1,1,1,8,2,True
iter-2-scenario-1584,2051,1,1,1,1,8,0,True
iter-2-scenario-1585,2481,1,1,1,1,8,2,True
iter-2-scenario-1586,2481,1,1,1,1,8,2,True
iter-2-scenario-1587,2051,1,1,1,1,8,0,True
iter-2-scenario-1588,2481,1,1,1,1,8,2,True
iter-2-scenario-1589,2481,1,1,1,1,8,2,True
iter-2-scenario-159,2051,1,1,1,1,8,0,True
iter-2-scenario-1590,2051,1,1,1,1,8,0,True
iter-2-scenario-1591,2481,1,1,1,1,8,2,True
iter-2-scenario-1592,2481,1,1,1,1,8,2,True
iter-2-scenario-1593,2051,1,1,1,1,8,0,True
iter-2-scenario-1594,2481,1,1,1,1,8,2,True
iter-2-scenario-1595,2481,1,1,1,1,8,2,True
iter-2-scenario-1596,2051,1,1,1,1,8,0,True
iter-2-scenario-1597,2481,1,1,1,1,8,2,True
iter-2-scenario-1598,2481,1,1,1,1,8,2,True
iter-2-scenario-1599,2051,1,1,1,1,8,0,True
iter-2-scenario-16,2481,1,1,1,1,8,2,True
iter-2-scenario-160,2481,1,1,1,1,8,2,True
iter-2-scenario-1600,2481,1,1,1,1,8,2,True
iter-2-scenario-1601,2481,1,1,1,1,8,2,True
iter-2-scenario-1602,2051,1,1,1,1,8,0,True
iter-2-scenario-1603,2481,1,1,1,1,8,2,True
iter-2-scenario-1604,2481,1,1,1,1,8,2,True
iter-2-scenario-1605,2051,1,1,1,1,8,0,True
iter-2-scenario-1606,2481,1,1,1,1,8,2,True
iter-2-scenario-1607,2481,1,1,1,1,8,2,True
iter-2-scenario-1608,2051,1,1,1,1,8,0,True
iter-2-scenario-1609,2481,1,1,1,1,8,2,True
iter-2-scenario-161,2481,1,1,1,1,8,2,True
iter-2-scenario-1610,2481,1,1,1,1,8,2,True
iter-2-scenario-1611,2051,1,1,1,1,8,0,True
iter-2-scenario-1612,2481,1,1,1,1,8,2,True
iter-2-scenario-1613,2481,1,1,1,1,8,2,True
iter-2-scenario-1614,2051,1,1,1,1,8,0,True
iter-2-scenario-1615,2481,1,1,1,1,8,2,True
iter-2-scenario-1616,2481,1,1,1,1,8,2,True
iter-2-scenario-1617,2051,1,1,1,1,8,0,True
iter-2-scenario-1618,2481,1,1,1,1,8,2,True
iter-2-scenario-1619,2481,1,1,1,1,8,2,True
iter-2-scenario-162,2051,1,1,1,1,8,0,True
iter-2-scenario-1620,2051,1,1,1,1,8,0,True
iter-2-scenario-1621,2481,1,1,1,1,8,2,True
iter-2-scenario-1622,2481,1,1,1,1,8,2,True
iter-2-scenario-1623,2051,1,1,1,1,8,0,True
iter-2-scenario-1624,2481,1,1,1,1,8,2,True
iter-2-scenario-1625,2481,1,1,1,1,8,2,True
iter-2-scenario-1626,2051,1,1,1,1,8,0,True
iter-2-scenario-1627,2481,1,1,1,1,8,2,True
iter-2-scenario-1628,2481,1,1,1,1,8,2,True
iter-2-scenario-1629,2051,1,1,1,1,8,0,True
iter-2-scenario-163,2481,1,1,1,1,8,2,True
iter-2-scenario-1630,2481,1,1,1,1,8,2,True
iter-2-scenario-1631,2481,1,1,1,1,8,2,True
iter-2-scenario-1632,2051,1,1,1,1,8,0,True
iter-2-scenario-1633,2481,1,1,1,1,8,2,True
iter-2-scenario-1634,2481,1,1,1,1,8,2,True
iter-2-scenario-1635,2051,1,1,1,1,8,0,True
iter-2-scenario-1636,2481,1,1,1,1,8,2,True
iter-2-scenario-1637,2481,1,1,1,1,8,2,True
iter-2-scenario-1638,2051,1,1,1,1,8,0,True
iter-2-scenario-1639,2481,1,1,1,1,8,2,True
iter-2-scenario-164,2481,1,1,1,1,8,2,True
iter-2-scenario-1640,2481,1,1,1,1,8,2,True
iter-2-scenario-1641,2051,1,1,1,1,8,0,True
iter-2-scenario-1642,2481,1,1,1,1,8,2,True
iter-2-scenario-1643,2481,1,1,1,1,8,2,True
iter-2-scenario-1644,2051,1,1,1,1,8,0,True
iter-2-scenario-1645,2481,1,1,1,1,8,2,True
iter-2-scenario-1646,2481,1,1,1,1,8,2,True
iter-2-scenario-1647,2051,1,1,1,1,8,0,True
iter-2-scenario-1648,2481,1,1,1,1,8,2,True
iter-2-scenario-1649,2481,1,1,1,1,8,2,True
iter-2-scenario-165,2051,1,1,1,1,8,0,True
iter-2-scenario-1650,2051,1,1,1,1,8,0,True
iter-2-scenario-1651,2481,1,1,1,1,8,2,True
iter-2-scenario-1652,2481,1,1,1,1,8,2,True
iter-2-scenario-1653,2051,1,1,1,1,8,0,True
iter-2-scenario-1654,2481,1,1,1,1,8,2,True
iter-2-scenario-1655,2481,1,1,1,1,8,2,True
iter-2-scenario-1656,2051,1,1,1,1,8,0,True
iter-2-scenario-1657,2481,1,1,1,1,8,2,True
iter-2-scenario-1658,2481,1,1,1,1,8,2,True
iter-2-scenario-1659,2051,1,1,1,1,8,0,True
iter-2-scenario-166,2481,1,1,1,1,8,2,True
iter-2-scenario-1660,2481,1,1,1,1,8,2,True
iter-2-scenario-1661,2481,1,1,1,1,8,2,True
iter-2-scenario-1662,2051,1,1,1,1,8,0,True
iter-2-scenario-1663,2481,1,1,1,1,8,2,True
iter-2-scenario-1664,2481,1,1,1,1,8,2,True
iter-2-scenario-1665,2051,1,1,1,1,8,0,True
iter-2-scenario-1666,2481,1,1,1,1,8,2,True
iter-2-scenario-1667,2481,1,1,1,1,8,2,True
iter-2-scenario-1668,2051,1,1,1,1,8,0,True
iter-2-scenario-1669,2481,1,1,1,1,8,2,True
iter-2-scenario-167,2481,1,1,1,1,8,2,True
iter-2-scenario-1670,2481,1,1,1,1,8,2,True
iter-2-scenario-1671,2051,1,1,1,1,8,0,True
iter-2-scenario-1672,2481,1,1,1,1,8,2,True
iter-2-scenario-1673,2481,1,1,1,1,8,2,True
iter-2-scenario-1674,2051,1,1,1,1,8,0,True
iter-2-scenario-1675,2481,1,1,1,1,8,2,True
iter-2-scenario-1676,2481,1,1,1,1,8,2,True
iter-2-scenario-1677,2051,1,1,1,1,8,0,True
iter-2-scenario-1678,2481,1,1,1,1,8,2,True
iter-2-scenario-1679,2481,1,1,1,1,8,2,True
iter-2-scenario-168,2051,1,1,1,1,8,0,True
iter-2-scenario-1680,2051,1,1,1,1,8,0,True
iter-2-scenario-1681,2481,1,1,1,1,8,2,True
iter-2-scenario-1682,2481,1,1,1,1,8,2,True
iter-2-scenario-1683,2051,1,1,1,1,8,0,True
iter-2-scenario-1684,2481,1,1,1,1,8,2,True
iter-2-scenario-1685,2481,1,1,1,1,8,2,True
iter-2-scenario-1686,2051,1,1,1,1,8,0,True
iter-2-scenario-1687,2481,1,1,1,1,8,2,True
iter-2-scenario-1688,2481,1,1,1,1,8,2,True
iter-2-scenario-1689,2051,1,1,1,1,8,0,True
iter-2-scenario-169,2481,1,1,1,1,8,2,True
iter-2-scenario-1690,2481,1,1,1,1,8,2,True
iter-2-scenario-1691,2481,1,1,1,1,8,2,True
iter-2-scenario-1692,2051,1,1,1,1,8,0,True
iter-2-scenario-1693,2481,1,1,1,1,8,2,True
iter-2-scenario-1694,2481,1,1,1,1,8,2,True
iter-2-scenario-1695,2051,1,1,1,1,8,0,True
iter-2-scenario-1696,2481,1,1,1,1,8,2,True
iter-2-scenario-1697,2481,1,1,1,1,8,2,True
iter-2-scenario-1698,2051,1,1,1,1,8,0,True
iter-2-scenario-1699,2481,1,1,1,1,8,2,True
iter-2-scenario-17,2481,1,1,1,1,8,2,True
iter-2-scenario-170,2481,1,1,1,1,8,2,True
iter-2-scenario-1700,2481,1,1,1,1,8,2,True
iter-2-scenario-1701,2051,1,1,1,1,8,0,True
iter-2-scenario-1702,2481,1,1,1,1,8,2,True
iter-2-scenario-1703,2481,1,1,1,1,8,2,True
iter-2-scenario-1704,2051,1,1,1,1,8,0,True
iter-2-scenario-1705,2481,1,1,1,1,8,2,True
iter-2-scenario-1706,2481,1,1,1,1,8,2,True
iter-2-scenario-1707,2051,1,1,1,1,8,0,True
iter-2-scenario-1708,2481,1,1,1,1,8,2,True
iter-2-scenario-1709,2481,1,1,1,1,8,2,True
iter-2-scenario-171,2051,1,1,1,1,8,0,True
iter-2-scenario-1710,2051,1,1,1,1,8,0,True
iter-2-scenario-1711,2481,1,1,1,1,8,2,True
iter-2-scenario-1712,2481,1,1,1,1,8,2,True
iter-2-scenario-1713,2051,1,1,1,1,8,0,True
iter-2-scenario-1714,2481,1,1,1,1,8,2,True
iter-2-scenario-1715,2481,1,1,1,1,8,2,True
iter-2-scenario-1716,2051,1,1,1,1,8,0,True
iter-2-scenario-1717,2481,1,1,1,1,8,2,True
iter-2-scenario-1718,2481,1,1,1,1,8,2,True
iter-2-scenario-1719,2051,1,1,1,1,8,0,True
iter-2-scenario-172,2481,1,1,1,1,8,2,True
iter-2-scenario-1720,2481,1,1,1,1,8,2,True
iter-2-scenario-1721,2481,1,1,1,1,8,2,True
iter-2-scenario-1722,2051,1,1,1,1,8,0,True
iter-2-scenario-1723,2481,1,1,1,1,8,2,True
iter-2-scenario-1724,2481,1,1,1,1,8,2,True
iter-2-scenario-1725,2051,1,1,1,1,8,0,True
iter-2-scenario-1726,2481,1,1,1,1,8,2,True
iter-2-scenario-1727,2481,1,1,1,1,8,2,True
iter-2-scenario-1728,2051,1,1,1,1,8,0,True
iter-2-scenario-1729,2481,1,1,1,1,8,2,True
iter-2-scenario-173,2481,1,1,1,1,8,2,True
iter-2-scenario-1730,2481,1,1,1,1,8,2,True
iter-2-scenario-1731,2051,1,1,1,1,8,0,True
iter-2-scenario-1732,2481,1,1,1,1,8,2,True
iter-2-scenario-1733,2481,1,1,1,1,8,2,True
iter-2-scenario-1734,2051,1,1,1,1,8,0,True
iter-2-scenario-1735,2481,1,1,1,1,8,2,True
iter-2-scenario-1736,2481,1,1,1,1,8,2,True
iter-2-scenario-1737,2051,1,1,1,1,8,0,True
iter-2-scenario-1738,2481,1,1,1,1,8,2,True
iter-2-scenario-1739,2481,1,1,1,1,8,2,True
iter-2-scenario-174,2051,1,1,1,1,8,0,True
iter-2-scenario-1740,2051,1,1,1,1,8,0,True
iter-2-scenario-1741,2481,1,1,1,1,8,2,True
iter-2-scenario-1742,2481,1,1,1,1,8,2,True
iter-2-scenario-1743,2051,1,1,1,1,8,0,True
iter-2-scenario-1744,2481,1,1,1,1,8,2,True
iter-2-scenario-1745,2481,1,1,1,1,8,2,True
iter-2-scenario-1746,2051,1,1,1,1,8,0,True
iter-2-scenario-1747,2481,1,1,1,1,8,2,True
iter-2-scenario-1748,2481,1,1,1,1,8,2,True
iter-2-scenario-1749,2051,1,1,1,1,8,0,True
iter-2-scenario-175,2481,1,1,1,1,8,2,True
iter-2-scenario-1750,2481,1,1,1,1,8,2,True
iter-2-scenario-1751,2481,1,1,1,1,8,2,True
iter-2-scenario-1752,2051,1,1,1,1,8,0,True
iter-2-scenario-1753,2481,1,1,1,1,8,2,True
iter-2-scenario-1754,2481,1,1,1,1,8,2,True
iter-2-scenario-1755,2051,1,1,1,1,8,0,True
iter-2-scenario-1756,2481,1,1,1,1,8,2,True
iter-2-scenario-1757,2481,1,1,1,1,8,2,True
iter-2-scenario-1758,2051,1,1,1,1,8,0,True
iter-2-scenario-1759,2481,1,1,1,1,8,2,True
iter-2-scenario-176,2481,1,1,1,1,8,2,True
iter-2-scenario-1760,2481,1,1,1,1,8,2,True
iter-2-scenario-1761,2051,1,1,1,1,8,0,True
iter-2-scenario-1762,2481,1,1,1,1,8,2,True
iter-2-scenario-1763,2481,1,1,1,1,8,2,True
iter-2-scenario-1764,2051,1,1,1,1,8,0,True
iter-2-scenario-1765,2481,1,1,1,1,8,2,True
iter-2-scenario-1766,2481,1,1,1,1,8,2,True
iter-2-scenario-1767,2051,1,1,1,1,8,0,True
iter-2-scenario-1768,2481,1,1,1,1,8,2,True
iter-2-scenario-1769,2481,1,1,1,1,8,2,True
iter-2-scenario-177,2051,1,1,1,1,8,0,True
iter-2-scenario-1770,2051,1,1,1,1,8,0,True
iter-2-scenario-1771,2481,1,1,1,1,8,2,True
iter-2-scenario-1772,2481,1,1,1,1,8,2,True
iter-2-scenario-1773,2051,1,1,1,1,8,0,True
iter-2-scenario-1774,2481,1,1,1,1,8,2,True
iter-2-scenario-1775,2481,1,1,1,1,8,2,True
iter-2-scenario-1776,2051,1,1,1,1,8,0,True
iter-2-scenario-1777,2481,1,1,1,1,8,2,True
iter-2-scenario-1778,2481,1,1,1,1,8,2,True
iter-2-scenario-1779,2051,1,1,1,1,8,0,True
iter-2-scenario-178,2481,1,1,1,1,8,2,True
iter-2-scenario-1780,2481,1,1,1,1,8,2,True
iter-2-scenario-1781,2481,1,1,1,1,8,2,True
iter-2-scenario-1782,2051,1,1,1,1,8,0,True
iter-2-scenario-1783,2481,1,1,1,1,8,2,True
iter-2-scenario-1784,2481,1,1,1,1,8,2,True
iter-2-scenario-1785,2051,1,1,1,1,8,0,True
iter-2-scenario-1786,2481,1,1,1,1,8,2,True
iter-2-scenario-1787,2481,1,1,1,1,8,2,True
iter-2-scenario-1788,2051,1,1,1,1,8,0,True
iter-2-scenario-1789,2481,1,1,1,1,8,2,True
iter-2-scenario-179,2481,1,1,1,1,8,2,True
iter-2-scenario-1790,2481,1,1,1,1,8,2,True
iter-2-scenario-1791,2051,1,1,1,1,8,0,True
iter-2-scenario-1792,2481,1,1,1,1,8,2,True
iter-2-scenario-1793,2481,1,1,1,1,8,2,True
iter-2-scenario-1794,2051,1,1,1,1,8,0,True
iter-2-scenario-1795,2481,1,1,1,1,8,2,True
iter-2-scenario-1796,2481,1,1,1,1,8,2,True
iter-2-scenario-1797,2051,1,1,1,1,8,0,True
iter-2-scenario-1798,2481,1,1,1,1,8,2,True
iter-2-scenario-1799,2481,1,1,1,1,8,2,True
iter-2-scenario-18,2051,1,1,1,1,8,0,True
iter-2-scenario-180,2051,1,1,1,1,8,0,True
iter-2-scenario-1800,2051,1,1,1,1,8,0,True
iter-2-scenario-1801,2481,1,1,1,1,8,2,True
iter-2-scenario-1802,2481,1,1,1,1,8,2,True
iter-2-scenario-1803,2051,1,1,1,1,8,0,True
iter-2-scenario-1804,2481,1,1,1,1,8,2,True
iter-2-scenario-1805,2481,1,1,1,1,8,2,True
iter-2-scenario-1806,2051,1,1,1,1,8,0,True
iter-2-scenario-1807,2481,1,1,1,1,8,2,True
iter-2-scenario-1808,2481,1,1,1,1,8,2,True
iter-2-scenario-1809,2051,1,1,1,1,8,0,True
iter-2-scenario-181,2481,1,1,1,1,8,2,True
iter-2-scenario-1810,2481,1,1,1,1,8,2,True
iter-2-scenario-1811,2481,1,1,1,1,8,2,True
iter-2-scenario-1812,2051,1,1,1,1,8,0,True
iter-2-scenario-1813,2481,1,1,1,1,8,2,True
iter-2-scenario-1814,2481,1,1,1,1,8,2,True
iter-2-scenario-1815,2051,1,1,1,1,8,0,True
iter-2-scenario-1816,2481,1,1,1,1,8,2,True
iter-2-scenario-1817,2481,1,1,1,1,8,2,True
iter-2-scenario-1818,2051,1,1,1,1,8,0,True
iter-2-scenario-1819,2481,1,1,1,1,8,2,True
iter-2-scenario-182,2481,1,1,1,1,8,2,True
iter-2-scenario-1820,2481,1,1,1,1,8,2,True
iter-2-scenario-1821,2051,1,1,1,1,8,0,True
iter-2-scenario-1822,2481,1,1,1,1,8,2,True
iter-2-scenario-1823,2481,1,1,1,1,8,2,True
iter-2-scenario-1824,2051,1,1,1,1,8,0,True
iter-2-scenario-1825,2481,1,1,1,1,8,2,True
iter-2-scenario-1826,2481,1,1,1,1,8,2,True
iter-2-scenario-1827,2051,1,1,1,1,8,0,True
iter-2-scenario-1828,2481,1,1,1,1,8,2,True
iter-2-scenario-1829,2481,1,1,1,1,8,2,True
iter-2-scenario-183,2051,1,1,1,1,8,0,True
iter-2-scenario-1830,2051,1,1,1,1,8,0,True
iter-2-scenario-1831,2481,1,1,1,1,8,2,True
iter-2-scenario-1832,2481,1,1,1,1,8,2,True
iter-2-scenario-1833,2051,1,1,1,1,8,0,True
iter-2-scenario-1834,2481,1,1,1,1,8,2,True
iter-2-scenario-1835,2481,1,1,1,1,8,2,True
iter-2-scenario-1836,2051,1,1,1,1,8,0,True
iter-2-scenario-1837,2481,1,1,1,1,8,2,True
iter-2-scenario-1838,2481,1,1,1,1,8,2,True
iter-2-scenario-1839,2051,1,1,1,1,8,0,True
iter-2-scenario-184,2481,1,1,1,1,8,2,True
iter-2-scenario-1840,2481,1,1,1,1,8,2,True
iter-2-scenario-1841,2481,1,1,1,1,8,2,True
iter-2-scenario-1842,2051,1,1,1,1,8,0,True
iter-2-scenario-1843,2481,1,1,1,1,8,2,True
iter-2-scenario-1844,2481,1,1,1,1,8,2,True
iter-2-scenario-1845,2051,1,1,1,1,8,0,True
iter-2-scenario-1846,2481,1,1,1,1,8,2,True
iter-2-scenario-1847,2481,1,1,1,1,8,2,True
iter-2-scenario-1848,2051,1,1,1,1,8,0,True
iter-2-scenario-1849,2481,1,1,1,1,8,2,True
iter-2-scenario-185,2481,1,1,1,1,8,2,True
iter-2-scenario-1850,2481,1,1,1,1,8,2,True
iter-2-scenario-1851,2051,1,1,1,1,8,0,True
iter-2-scenario-1852,2481,1,1,1,1,8,2,True
iter-2-scenario-1853,2481,1,1,1,1,8,2,True
iter-2-scenario-1854,2051,1,1,1,1,8,0,True
iter-2-scenario-1855,2481,1,1,1,1,8,2,True
iter-2-scenario-1856,2481,1,1,1,1,8,2,True
iter-2-scenario-1857,2051,1,1,1,1,8,0,True
iter-2-scenario-1858,2481,1,1,1,1,8,2,True
iter-2-scenario-1859,2481,1,1,1,1,8,2,True
iter-2-scenario-186,2051,1,1,1,1,8,0,True
iter-2-scenario-1860,2051,1,1,1,1,8,0,True
iter-2-scenario-1861,2481,1,1,1,1,8,2,True
iter-2-scenario-1862,2481,1,1,1,1,8,2,True
iter-2-scenario-1863,2051,1,1,1,1,8,0,True
iter-2-scenario-1864,2481,1,1,1,1,8,2,True
iter-2-scenario-1865,2481,1,1,1,1,8,2,True
iter-2-scenario-1866,2051,1,1,1,1,8,0,True
iter-2-scenario-1867,2481,1,1,1,1,8,2,True
iter-2-scenario-1868,2481,1,1,1,1,8,2,True
iter-2-scenario-1869,2051,1,1,1,1,8,0,True
iter-2-scenario-187,2481,1,1,1,1,8,2,True
iter-2-scenario-1870,2481,1,1,1,1,8,2,True
iter-2-scenario-1871,2481,1,1,1,1,8,2,True
iter-2-scenario-1872,2051,1,1,1,1,8,0,True
iter-2-scenario-1873,2481,1,1,1,1,8,2,True
iter-2-scenario-1874,2481,1,1,1,1,8,2,True
iter-2-scenario-1875,2051,1,1,1,1,8,0,True
iter-2-scenario-1876,2481,1,1,1,1,8,2,True
iter-2-scenario-1877,2481,1,1,1,1,8,2,True
iter-2-scenario-1878,2051,1,1,1,1,8,0,True
iter-2-scenario-1879,2481,1,1,1,1,8,2,True
iter-2-scenario-188,2481,1,1,1,1,8,2,True
iter-2-scenario-1880,2481,1,1,1,1,8,2,True
iter-2-scenario-1881,2051,1,1,1,1,8,0,True
iter-2-scenario-1882,2481,1,1,1,1,8,2,True
iter-2-scenario-1883,2481,1,1,1,1,8,2,True
iter-2-scenario-1884,2051,1,1,1,1,8,0,True
iter-2-scenario-1885,2481,1,1,1,1,8,2,True
iter-2-scenario-1886,2481,1,1,1,1,8,2,True
iter-2-scenario-1887,2051,1,1,1,1,8,0,True
iter-2-scenario-1888,2481,1,1,1,1,8,2,True
iter-2-scenario-1889,2481,1,1,1,1,8,2,True
iter-2-scenario-189,2051,1,1,1,1,8,0,True
iter-2-scenario-1890,2051,1,1,1,1,8,0,True
iter-2-scenario-1891,2481,1,1,1,1,8,2,True
iter-2-scenario-1892,2481,1,1,1,1,8,2,True
iter-2-scenario-1893,2051,1,1,1,1,8,0,True
iter-2-scenario-1894,2481,1,1,1,1,8,2,True
iter-2-scenario-1895,2481,1,1,1,1,8,2,True
iter-2-scenario-1896,2051,1,1,1,1,8,0,True
iter-2-scenario-1897,2481,1,1,1,1,8,2,True
iter-2-scenario-1898,2481,1,1,1,1,8,2,True
iter-2-scenario-1899,2051,1,1,1,1,8,0,True
iter-2-scenario-19,2481,1,1,1,1,8,2,True
iter-2-scenario-190,2481,1,1,1,1,8,2,True
iter-2-scenario-1900,2481,1,1,1,1,8,2,True
iter-2-scenario-1901,2481,1,1,1,1,8,2,True
iter-2-scenario-1902,2051,1,1,1,1,8,0,True
iter-2-scenario-1903,2481,1,1,1,1,8,2,True
iter-2-scenario-1904,2481,1,1,1,1,8,2,True
iter-2-scenario-1905,2051,1,1,1,1,8,0,True
iter-2-scenario-1906,2481,1,1,1,1,8,2,True
iter-2-scenario-1907,2481,1,1,1,1,8,2,True
iter-2-scenario-1908,2051,1,1,1,1,8,0,True
iter-2-scenario-1909,2481,1,1,1,1,8,2,True
iter-2-scenario-191,2481,1,1,1,1,8,2,True
iter-2-scenario-1910,2481,1,1,1,1,8,2,True
iter-2-scenario-1911,2051,1,1,1,1,8,0,True
iter-2-scenario-1912,2481,1,1,1,1,8,2,True
iter-2-scenario-1913,2481,1,1,1,1,8,2,True
iter-2-scenario-1914,2051,1,1,1,1,8,0,True
iter-2-scenario-1915,2481,1,1,1,1,8,2,True
iter-2-scenario-1916,2481,1,1,1,1,8,2,True
iter-2-scenario-1917,2051,1,1,1,1,8,0,True
iter-2-scenario-1918,2481,1,1,1,1,8,2,True
iter-2-scenario-1919,2481,1,1,1,1,8,2,True
iter-2-scenario-192,2051,1,1,1,1,8,0,True
iter-2-scenario-1920,2051,1,1,1,1,8,0,True
iter-2-scenario-1921,2481,1,1,1,1,8,2,True
iter-2-scenario-1922,2481,1,1,1,1,8,2,True
iter-2-scenario-1923,2051,1,1,1,1,8,0,True
iter-2-scenario-1924,2481,1,1,1,1,8,2,True
iter-2-scenario-1925,2481,1,1,1,1,8,2,True
iter-2-scenario-1926,2051,1,1,1,1,8,0,True
iter-2-scenario-1927,2481,1,1,1,1,8,2,True
iter-2-scenario-1928,2481,1,1,1,1,8,2,True
iter-2-scenario-1929,2051,1,1,1,1,8,0,True
iter-2-scenario-193,2481,1,1,1,1,8,2,True
iter-2-scenario-1930,2481,1,1,1,1,8,2,True
iter-2-scenario-1931,2481,1,1,1,1,8,2,True
iter-2-scenario-1932,2051,1,1,1,1,8,0,True
iter-2-scenario-1933,2481,1,1,1,1,8,2,True
iter-2-scenario-1934,2481,1,1,1,1,8,2,True
iter-2-scenario-1935,2051,1,1,1,1,8,0,True
iter-2-scenario-1936,2481,1,1,1,1,8,2,True
iter-2-scenario-1937,2481,1,1,1,1,8,2,True
iter-2-scenario-1938,2051,1,1,1,1,8,0,True
iter-2-scenario-1939,2481,1,1,1,1,8,2,True
iter-2-scenario-194,2481,1,1,1,1,8,2,True
iter-2-scenario-1940,2481,1,1,1,1,8,2,True
iter-2-scenario-1941,2051,1,1,1,1,8,0,True
iter-2-scenario-1942,2481,1,1,1,1,8,2,True
iter-2-scenario-1943,2481,1,1,1,1,8,2,True
iter-2-scenario-1944,2051,1,1,1,1,8,0,True
iter-2-scenario-1945,2481,1,1,1,1,8,2,True
iter-2-scenario-1946,2481,1,1,1,1,8,2,True
iter-2-scenario-1947,2051,1,1,1,1,8,0,True
iter-2-scenario-1948,2481,1,1,1,1,8,2,True
iter-2-scenario-1949,2481,1,1,1,1,8,2,True
iter-2-scenario-195,2051,1,1,1,1,8,0,True
iter-2-scenario-1950,2051,1,1,1,1,8,0,True
iter-2-scenario-1951,2481,1,1,1,1,8,2,True
iter-2-scenario-1952,2481,1,1,1,1,8,2,True
iter-2-scenario-1953,2051,1,1,1,1,8,0,True
iter-2-scenario-1954,2481,1,1,1,1,8,2,True
iter-2-scenario-1955,2481,1,1,1,1,8,2,True
iter-2-scenario-1956,2051,1,1,1,1,8,0,True
iter-2-scenario-1957,2481,1,1,1,1,8,2,True
iter-2-scenario-1958,2481,1,1,1,1,8,2,True
iter-2-scenario-1959,2051,1,1,1,1,8,0,True
iter-2-scenario-196,2481,1,1,1,1,8,2,True
iter-2-scenario-1960,2481,1,1,1,1,8,2,True
iter-2-scenario-1961,2481,1,1,1,1,8,2,True
iter-2-scenario-1962,2051,1,1,1,1,8,0,True
iter-2-scenario-1963,2481,1,1,1,1,8,2,True
iter-2-scenario-1964,2481,1,1,1,1,8,2,True
iter-2-scenario-1965,2051,1,1,1,1,8,0,True
iter-2-scenario-1966,2481,1,1,1,1,8,2,True
iter-2-scenario-1967,2481,1,1,1,1,8,2,True
iter-2-scenario-1968,2051,1,1,1,1,8,0,True
iter-2-scenario-1969,2481,1,1,1,1,8,2,True
iter-2-scenario-197,2481,1,1,1,1,8,2,True
iter-2-scenario-1970,2481,1,1,1,1,8,2,True
iter-2-scenario-1971,2051,1,1,1,1,8,0,True
iter-2-scenario-1972,2481,1,1,1,1,8,2,True
iter-2-scenario-1973,2481,1,1,1,1,8,2,True
iter-2-scenario-1974,2051,1,1,1,1,8,0,True
iter-2-scenario-1975,2481,1,1,1,1,8,2,True
iter-2-scenario-1976,2481,1,1,1,1,8,2,True
iter-2-scenario-1977,2051,1,1,1,1,8,0,True
iter-2-scenario-1978,2481,1,1,1,1,8,2,True
iter-2-scenario-1979,2481,1,1,1,1,8,2,True
iter-2-scenario-198,2051,1,1,1,1,8,0,True
iter-2-scenario-1980,2051,1,1,1,1,8,0,True
iter-2-scenario-1981,2481,1,1,1,1,8,2,True
iter-2-scenario-1982,2481,1,1,1,1,8,2,True
iter-2-scenario-1983,2051,1,1,1,1,8,0,True
iter-2-scenario-1984,2481,1,1,1,1,8,2,True
iter-2-scenario-1985,2481,1,1,1,1,8,2,True
iter-2-scenario-1986,2051,1,1,1,1,8,0,True
iter-2-scenario-1987,2481,1,1,1,1,8,2,True
iter-2-scenario-1988,2481,1,1,1,1,8,2,True
iter-2-scenario-1989,2051,1,1,1,1,8,0,True
iter-2-scenario-199,2481,1,1,1,1,8,2,True
iter-2-scenario-1990,2481,1,1,1,1,8,2,True
iter-2-scenario-1991,2481,1,1,1,1,8,2,True
iter-2-scenario-1992,2051,1,1,1,1,8,0,True
iter-2-scenario-1993,2481,1,1,1,1,8,2,True
iter-2-scenario-1994,2481,1,1,1,1,8,2,True
iter-2-scenario-1995,2051,1,1,1,1,8,0,True
iter-2-scenario-1996,2481,1,1,1,1,8,2,True
iter-2-scenario-1997,2481,1,1,1,1,8,2,True
iter-2-scenario-1998,2051,1,1,1,1,8,0,True
iter-2-scenario-1999,2481,1,1,1,1,8,2,True
iter-2-scenario-20,2481,1,1,1,1,8,2,True
iter-2-scenario-200,2481,1,1,1,1,8,2,True
iter-2-scenario-2000,2481,1,1,1,1,8,2,True
iter-2-scenario-2001,2051,1,1,1,1,8,0,True
iter-2-scenario-2002,2481,1,1,1,1,8,2,True
iter-2-scenario-2003,2481,1,1,1,1,8,2,True
iter-2-scenario-2004,2051,1,1,1,1,8,0,True
iter-2-scenario-2005,2481,1,1,1,1,8,2,True
iter-2-scenario-2006,2481,1,1,1,1,8,2,True
iter-2-scenario-2007,2051,1,1,1,1,8,0,True
iter-2-scenario-2008,2481,1,1,1,1,8,2,True
iter-2-scenario-2009,2481,1,1,1,1,8,2,True
iter-2-scenario-201,2051,1,1,1,1,8,0,True
iter-2-scenario-2010,2051,1,1,1,1,8,0,True
iter-2-scenario-2011,2481,1,1,1,1,8,2,True
iter-2-scenario-2012,2481,1,1,1,1,8,2,True
iter-2-scenario-2013,2051,1,1,1,1,8,0,True
iter-2-scenario-2014,2481,1,1,1,1,8,2,True
iter-2-scenario-2015,2481,1,1,1,1,8,2,True
iter-2-scenario-2016,2051,1,1,1,1,8,0,True
iter-2-scenario-2017,2481,1,1,1,1,8,2,True
iter-2-scenario-2018,2481,1,1,1,1,8,2,True
iter-2-scenario-2019,2051,1,1,1,1,8,0,True
iter-2-scenario-202,2481,1,1,1,1,8,2,True
iter-2-scenario-2020,2481,1,1,1,1,8,2,True
iter-2-scenario-2021,2481,1,1,1,1,8,2,True
iter-2-scenario-2022,2051,1,1,1,1,8,0,True
iter-2-scenario-2023,2481,1,1,1,1,8,2,True
iter-2-scenario-2024,2481,1,1,1,1,8,2,True
iter-2-scenario-2025,2051,1,1,1,1,8,0,True
iter-2-scenario-2026,2481,1,1,1,1,8,2,True
iter-2-scenario-2027,2481,1,1,1,1,8,2,True
iter-2-scenario-2028,2051,1,1,1,1,8,0,True
iter-2-scenario-2029,2481,1,1,1,1,8,2,True
iter-2-scenario-203,2481,1,1,1,1,8,2,True
iter-2-scenario-2030,2481,1,1,1,1,8,2,True
iter-2-scenario-2031,2051,1,1,1,1,8,0,True
iter-2-scenario-2032,2481,1,1,1,1,8,2,True
iter-2-scenario-2033,2481,1,1,1,1,8,2,True
iter-2-scenario-2034,2051,1,1,1,1,8,0,True
iter-2-scenario-2035,2481,1,1,1,1,8,2,True
iter-2-scenario-2036,2481,1,1,1,1,8,2,True
iter-2-scenario-2037,2051,1,1,1,1,8,0,True
iter-2-scenario-2038,2481,1,1,1,1,8,2,True
iter-2-scenario-2039,2481,1,1,1,1,8,2,True
iter-2-scenario-204,2051,1,1,1,1,8,0,True
iter-2-scenario-2040,2051,1,1,1,1,8,0,True
iter-2-scenario-2041,2481,1,1,1,1,8,2,True
iter-2-scenario-2042,2481,1,1,1,1,8,2,True
iter-2-scenario-2043,2051,1,1,1,1,8,0,True
iter-2-scenario-2044,2481,1,1,1,1,8,2,True
iter-2-scenario-2045,2481,1,1,1,1,8,2,True
iter-2-scenario-2046,2051,1,1,1,1,8,0,True
iter-2-scenario-2047,2481,1,1,1,1,8,2,True
iter-2-scenario-2048,2481,1,1,1,1,8,2,True
iter-2-scenario-2049,2051,1,1,1,1,8,0,True
iter-2-scenario-205,2481,1,1,1,1,8,2,True
iter-2-scenario-2050,2481,1,1,1,1,8,2,True
iter-2-scenario-2051,2481,1,1,1,1,8,2,True
iter-2-scenario-2052,2051,1,1,1,1,8,0,True
iter-2-scenario-2053,2481,1,1,1,1,8,2,True
iter-2-scenario-2054,2481,1,1,1,1,8,2,True
iter-2-scenario-2055,2051,1,1,1,1,8,0,True
iter-2-scenario-2056,2481,1,1,1,1,8,2,True
iter-2-scenario-2057,2481,1,1,1,1,8,2,True
iter-2-scenario-2058,2051,1,1,1,1,8,0,True
iter-2-scenario-2059,2481,1,1,1,1,8,2,True
iter-2-scenario-206,2481,1,1,1,1,8,2,True
iter-2-scenario-2060,2481,1,1,1,1,8,2,True
iter-2-scenario-2061,2051,1,1,1,1,8,0,True
iter-2-scenario-2062,2481,1,1,1,1,8,2,True
iter-2-scenario-2063,2481,1,1,1,1,8,2,True
iter-2-scenario-2064,2051,1,1,1,1,8,0,True
iter-2-scenario-2065,2481,1,1,1,1,8,2,True
iter-2-scenario-2066,2481,1,1,1,1,8,2,True
iter-2-scenario-2067,2051,1,1,1,1,8,0,True
iter-2-scenario-2068,2481,1,1,1,1,8,2,True
iter-2-scenario-2069,2481,1,1,1,1,8,2,True
iter-2-scenario-207,2051,1,1,1,1,8,0,True
iter-2-scenario-2070,2051,1,1,1,1,8,0,True
iter-2-scenario-2071,2481,1,1,1,1,8,2,True
iter-2-scenario-2072,2481,1,1,1,1,8,2,True
iter-2-scenario-2073,2051,1,1,1,1,8,0,True
iter-2-scenario-2074,2481,1,1,1,1,8,2,True
iter-2-scenario-2075,2481,1,1,1,1,8,2,True
iter-2-scenario-2076,2051,1,1,1,1,8,0,True
iter-2-scenario-2077,2481,1,1,1,1,8,2,True
iter-2-scenario-2078,2481,1,1,1,1,8,2,True
iter-2-scenario-2079,2051,1,1,1,1,8,0,True
iter-2-scenario-208,2481,1,1,1,1,8,2,True
iter-2-scenario-2080,2481,1,1,1,1,8,2,True
iter-2-scenario-2081,2481,1,1,1,1,8,2,True
iter-2-scenario-2082,2051,1,1,1,1,8,0,True
iter-2-scenario-2083,2481,1,1,1,1,8,2,True
iter-2-scenario-2084,2481,1,1,1,1,8,2,True
iter-2-scenario-2085,2051,1,1,1,1,8,0,True
iter-2-scenario-2086,2481,1,1,1,1,8,2,True
iter-2-scenario-2087,2481,1,1,1,1,8,2,True
iter-2-scenario-2088,2051,1,1,1,1,8,0,True
iter-2-scenario-2089,2481,1,1,1,1,8,2,True
iter-2-scenario-209,2481,1,1,1,1,8,2,True
iter-2-scenario-2090,2481,1,1,1,1,8,2,True
iter-2-scenario-2091,2051,1,1,1,1,8,0,True
iter-2-scenario-2092,2481,1,1,1,1,8,2,True
iter-2-scenario-2093,2481,1,1,1,1,8,2,True
iter-2-scenario-2094,2051,1,1,1,1,8,0,True
iter-2-scenario-2095,2481,1,1,1,1,8,2,True
iter-2-scenario-2096,2481,1,1,1,1,8,2,True
iter-2-scenario-2097,2051,1,1,1,1,8,0,True
iter-2-scenario-2098,2481,1,1,1,1,8,2,True
iter-2-scenario-2099,2481,1,1,1,1,8,2,True
iter-2-scenario-21,2051,1,1,1,1,8,0,True
iter-2-scenario-210,2051,1,1,1,1,8,0,True
iter-2-scenario-2100,2051,1,1,1,1,8,0,True
iter-2-scenario-2101,2481,1,1,1,1,8,2,True
iter-2-scenario-2102,2481,1,1,1,1,8,2,True
iter-2-scenario-2103,2051,1,1,1,1,8,0,True
iter-2-scenario-2104,2481,1,1,1,1,8,2,True
iter-2-scenario-2105,2481,1,1,1,1,8,2,True
iter-2-scenario-2106,2051,1,1,1,1,8,0,True
iter-2-scenario-2107,2481,1,1,1,1,8,2,True
iter-2-scenario-2108,2481,1,1,1,1,8,2,True
iter-2-scenario-2109,2051,1,1,1,1,8,0,True
iter-2-scenario-211,2481,1,1,1,1,8,2,True
iter-2-scenario-2110,2481,1,1,1,1,8,2,True
iter-2-scenario-2111,2481,1,1,1,1,8,2,True
iter-2-scenario-2112,2051,1,1,1,1,8,0,True
iter-2-scenario-2113,2481,1,1,1,1,8,2,True
iter-2-scenario-2114,2481,1,1,1,1,8,2,True
iter-2-scenario-2115,2051,1,1,1,1,8,0,True
iter-2-scenario-2116,2481,1,1,1,1,8,2,True
iter-2-scenario-2117,2481,1,1,1,1,8,2,True
iter-2-scenario-2118,2051,1,1,1,1,8,0,True
iter-2-scenario-2119,2481,1,1,1,1,8,2,True
iter-2-scenario-212,2481,1,1,1,1,8,2,True
iter-2-scenario-2120,2481,1,1,1,1,8,2,True
iter-2-scenario-2121,2051,1,1,1,1,8,0,True
iter-2-scenario-2122,2481,1,1,1,1,8,2,True
iter-2-scenario-2123,2481,1,1,1,1,8,2,True
iter-2-scenario-2124,2051,1,1,1,1,8,0,True
iter-2-scenario-2125,2481,1,1,1,1,8,2,True
iter-2-scenario-2126,2481,1,1,1,1,8,2,True
iter-2-scenario-2127,2051,1,1,1,1,8,0,True
iter-2-scenario-2128,2481,1,1,1,1,8,2,True
iter-2-scenario-2129,2481,1,1,1,1,8,2,True
iter-2-scenario-213,2051,1,1,1,1,8,0,True
iter-2-scenario-2130,2051,1,1,1,1,8,0,True
iter-2-scenario-2131,2481,1,1,1,1,8,2,True
iter-2-scenario-2132,2481,1,1,1,1,8,2,True
iter-2-scenario-2133,2051,1,1,1,1,8,0,True
iter-2-scenario-2134,2481,1,1,1,1,8,2,True
iter-2-scenario-2135,2481,1,1,1,1,8,2,True
iter-2-scenario-2136,2051,1,1,1,1,8,0,True
iter-2-scenario-2137,2481,1,1,1,1,8,2,True
iter-2-scenario-2138,2481,1,1,1,1,8,2,True
iter-2-scenario-2139,2051,1,1,1,1,8,0,True
iter-2-scenario-214,2481,1,1,1,1,8,2,True
iter-2-scenario-2140,2481,1,1,1,1,8,2,True
iter-2-scenario-2141,2481,1,1,1,1,8,2,True
iter-2-scenario-2142,2051,1,1,1,1,8,0,True
iter-2-scenario-2143,2481,1,1,1,1,8,2,True
iter-2-scenario-2144,2481,1,1,1,1,8,2,True
iter-2-scenario-2145,2051,1,1,1,1,8,0,True
iter-2-scenario-2146,2481,1,1,1,1,8,2,True
iter-2-scenario-2147,2481,1,1,1,1,8,2,True
iter-2-scenario-2148,2051,1,1,1,1,8,0,True
iter-2-scenario-2149,2481,1,1,1,1,8,2,True
iter-2-scenario-215,2481,1,1,1,1,8,2,True
iter-2-scenario-2150,2481,1,1,1,1,8,2,True
iter-2-scenario-2151,2051,1,1,1,1,8,0,True
iter-2-scenario-2152,2481,1,1,1,1,8,2,True
iter-2-scenario-2153,2481,1,1,1,1,8,2,True
iter-2-scenario-2154,2051,1,1,1,1,8,0,True
iter-2-scenario-2155,2481,1,1,1,1,8,2,True
iter-2-scenario-2156,2481,1,1,1,1,8,2,True
iter-2-scenario-2157,2051,1,1,1,1,8,0,True
iter-2-scenario-2158,2481,1,1,1,1,8,2,True
iter-2-scenario-2159,2481,1,1,1,1,8,2,True
iter-2-scenario-216,2051,1,1,1,1,8,0,True
iter-2-scenario-2160,2051,1,1,1,1,8,0,True
iter-2-scenario-2161,2481,1,1,1,1,8,2,True
iter-2-scenario-2162,2481,1,1,1,1,8,2,True
iter-2-scenario-2163,2051,1,1,1,1,8,0,True
iter-2-scenario-2164,2481,1,1,1,1,8,2,True
iter-2-scenario-2165,2481,1,1,1,1,8,2,True
iter-2-scenario-2166,2051,1,1,1,1,8,0,True
iter-2-scenario-2167,2481,1,1,1,1,8,2,True
iter-2-scenario-2168,2481,1,1,1,1,8,2,True
iter-2-scenario-2169,2051,1,1,1,1,8,0,True
iter-2-scenario-217,2481,1,1,1,1,8,2,True
iter-2-scenario-2170,2481,1,1,1,1,8,2,True
iter-2-scenario-2171,2481,1,1,1,1,8,2,True
iter-2-scenario-2172,2051,1,1,1,1,8,0,True
iter-2-scenario-2173,2481,1,1,1,1,8,2,True
iter-2-scenario-2174,2481,1,1,1,1,8,2,True
iter-2-scenario-2175,2051,1,1,1,1,8,0,True
iter-2-scenario-2176,2481,1,1,1,1,8,2,True
iter-2-scenario-2177,2481,1,1,1,1,8,2,True
iter-2-scenario-2178,2051,1,1,1,1,8,0,True
iter-2-scenario-2179,2481,1,1,1,1,8,2,True
iter-2-scenario-218,2481,1,1,1,1,8,2,True
iter-2-scenario-2180,2481,1,1,1,1,8,2,True
iter-2-scenario-2181,2051,1,1,1,1,8,0,True
iter-2-scenario-2182,2481,1,1,1,1,8,2,True
iter-2-scenario-2183,2481,1,1,1,1,8,2,True
iter-2-scenario-2184,2051,1,1,1,1,8,0,True
iter-2-scenario-2185,2481,1,1,1,1,8,2,True
iter-2-scenario-2186,2481,1,1,1,1,8,2,True
iter-2-scenario-2187,2051,1,1,1,1,8,0,True
iter-2-scenario-2188,2481,1,1,1,1,8,2,True
iter-2-scenario-2189,2481,1,1,1,1,8,2,True
iter-2-scenario-219,2051,1,1,1,1,8,0,True
iter-2-scenario-2190,2051,1,1,1,1,8,0,True
iter-2-scenario-2191,2481,1,1,1,1,8,2,True
iter-2-scenario-2192,2481,1,1,1,1,8,2,True
iter-2-scenario-2193,2051,1,1,1,1,8,0,True
iter-2-scenario-2194,2481,1,1,1,1,8,2,True
iter-2-scenario-2195,2481,1,1,1,1,8,2,True
iter-2-scenario-2196,2051,1,1,1,1,8,0,True
iter-2-scenario-2197,2481,1,1,1,1,8,2,True
iter-2-scenario-2198,2481,1,1,1,1,8,2,True
iter-2-scenario-2199,2051,1,1,1,1,8,0,True
iter-2-scenario-22,2481,1,1,1,1,8,2,True
iter-2-scenario-220,2481,1,1,1,1,8,2,True
iter-2-scenario-2200,2481,1,1,1,1,8,2,True
iter-2-scenario-2201,2481,1,1,1,1,8,2,True
iter-2-scenario-2202,2051,1,1,1,1,8,0,True
iter-2-scenario-2203,2481,1,1,1,1,8,2,True
iter-2-scenario-2204,2481,1,1,1,1,8,2,True
iter-2-scenario-2205,2051,1,1,1,1,8,0,True
iter-2-scenario-2206,2481,1,1,1,1,8,2,True
iter-2-scenario-2207,2481,1,1,1,1,8,2,True
iter-2-scenario-2208,2051,1,1,1,1,8,0,True
iter-2-scenario-2209,2481,1,1,1,1,8,2,True
iter-2-scenario-221,2481,1,1,1,1,8,2,True
iter-2-scenario-2210,2481,1,1,1,1,8,2,True
iter-2-scenario-2211,2051,1,1,1,1,8,0,True
iter-2-scenario-2212,2481,1,1,1,1,8,2,True
iter-2-scenario-2213,2481,1,1,1,1,8,2,True
iter-2-scenario-2214,2051,1,1,1,1,8,0,True
iter-2-scenario-2215,2481,1,1,1,1,8,2,True
iter-2-scenario-2216,2481,1,1,1,1,8,2,True
iter-2-scenario-2217,2051,1,1,1,1,8,0,True
iter-2-scenario-2218,2481,1,1,1,1,8,2,True
iter-2-scenario-2219,2481,1,1,1,1,8,2,True
iter-2-scenario-222,2051,1,1,1,1,8,0,True
iter-2-scenario-2220,2051,1,1,1,1,8,0,True
iter-2-scenario-2221,2481,1,1,1,1,8,2,True
iter-2-scenario-2222,2481,1,1,1,1,8,2,True
iter-2-scenario-2223,2051,1,1,1,1,8,0,True
iter-2-scenario-2224,2481,1,1,1,1,8,2,True
iter-2-scenario-2225,2481,1,1,1,1,8,2,True
iter-2-scenario-2226,2051,1,1,1,1,8,0,True
iter-2-scenario-2227,2481,1,1,1,1,8,2,True
iter-2-scenario-2228,2481,1,1,1,1,8,2,True
iter-2-scenario-2229,2051,1,1,1,1,8,0,True
iter-2-scenario-223,2481,1,1,1,1,8,2,True
iter-2-scenario-2230,2481,1,1,1,1,8,2,True
iter-2-scenario-2231,2481,1,1,1,1,8,2,True
iter-2-scenario-2232,2051,1,1,1,1,8,0,True
iter-2-scenario-2233,2481,1,1,1,1,8,2,True
iter-2-scenario-2234,2481,1,1,1,1,8,2,True
iter-2-scenario-2235,2051,1,1,1,1,8,0,True
iter-2-scenario-2236,2481,1,1,1,1,8,2,True
iter-2-scenario-2237,2481,1,1,1,1,8,2,True
iter-2-scenario-2238,2051,1,1,1,1,8,0,True
iter-2-scenario-2239,2481,1,1,1,1,8,2,True
iter-2-scenario-224,2481,1,1,1,1,8,2,True
iter-2-scenario-2240,2481,1,1,1,1,8,2,True
iter-2-scenario-2241,2051,1,1,1,1,8,0,True
iter-2-scenario-2242,2481,1,1,1,1,8,2,True
iter-2-scenario-2243,2481,1,1,1,1,8,2,True
iter-2-scenario-2244,2051,1,1,1,1,8,0,True
iter-2-scenario-2245,2481,1,1,1,1,8,2,True
iter-2-scenario-2246,2481,1,1,1,1,8,2,True
iter-2-scenario-2247,2051,1,1,1,1,8,0,True
iter-2-scenario-2248,2481,1,1,1,1,8,2,True
iter-2-scenario-2249,2481,1,1,1,1,8,2,True
iter-2-scenario-225,2051,1,1,1,1,8,0,True
iter-2-scenario-2250,2051,1,1,1,1,8,0,True
iter-2-scenario-2251,2481,1,1,1,1,8,2,True
iter-2-scenario-2252,2481,1,1,1,1,8,2,True
iter-2-scenario-2253,2051,1,1,1,1,8,0,True
iter-2-scenario-2254,2481,1,1,1,1,8,2,True
iter-2-scenario-2255,2481,1,1,1,1,8,2,True
iter-2-scenario-2256,2051,1,1,1,1,8,0,True
iter-2-scenario-2257,2481,1,1,1,1,8,2,True
iter-2-scenario-2258,2481,1,1,1,1,8,2,True
iter-2-scenario-2259,2051,1,1,1,1,8,0,True
iter-2-scenario-226,2481,1,1,1,1,8,2,True
iter-2-scenario-2260,2481,1,1,1,1,8,2,True
iter-2-scenario-2261,2481,1,1,1,1,8,2,True
iter-2-scenario-2262,2051,1,1,1,1,8,0,True
iter-2-scenario-2263,2481,1,1,1,1,8,2,True
iter-2-scenario-2264,2481,1,1,1,1,8,2,True
iter-2-scenario-2265,2051,1,1,1,1,8,0,True
iter-2-scenario-2266,2481,1,1,1,1,8,2,True
iter-2-scenario-2267,2481,1,1,1,1,8,2,True
iter-2-scenario-2268,2051,1,1,1,1,8,0,True
iter-2-scenario-2269,2481,1,1,1,1,8,2,True
iter-2-scenario-227,2481,1,1,1,1,8,2,True
iter-2-scenario-2270,2481,1,1,1,1,8,2,True
iter-2-scenario-2271,2051,1,1,1,1,8,0,True
iter-2-scenario-2272,2481,1,1,1,1,8,2,True
iter-2-scenario-2273,2481,1,1,1,1,8,2,True
iter-2-scenario-2274,2051,1,1,1,1,8,0,True
iter-2-scenario-2275,2481,1,1,1,1,8,2,True
iter-2-scenario-2276,2481,1,1,1,1,8,2,True
iter-2-scenario-2277,2051,1,1,1,1,8,0,True
iter-2-scenario-2278,2481,1,1,1,1,8,2,True
iter-2-scenario-2279,2481,1,1,1,1,8,2,True
iter-2-scenario-228,2051,1,1,1,1,8,0,True
iter-2-scenario-2280,2051,1,1,1,1,8,0,True
iter-2-scenario-2281,2481,1,1,1,1,8,2,True
iter-2-scenario-2282,2481,1,1,1,1,8,2,True
iter-2-scenario-2283,2051,1,1,1,1,8,0,True
iter-2-scenario-2284,2481,1,1,1,1,8,2,True
iter-2-scenario-2285,2481,1,1,1,1,8,2,True
iter-2-scenario-2286,2051,1,1,1,1,8,0,True
iter-2-scenario-2287,2481,1,1,1,1,8,2,True
iter-2-scenario-2288,2481,1,1,1,1,8,2,True
iter-2-scenario-2289,2051,1,1,1,1,8,0,True
iter-2-scenario-229,2481,1,1,1,1,8,2,True
iter-2-scenario-2290,2481,1,1,1,1,8,2,True
iter-2-scenario-2291,2481,1,1,1,1,8,2,True
iter-2-scenario-2292,2051,1,1,1,1,8,0,True
iter-2-scenario-2293,2481,1,1,1,1,8,2,True
iter-2-scenario-2294,2481,1,1,1,1,8,2,True
iter-2-scenario-2295,2051,1,1,1,1,8,0,True
iter-2-scenario-2296,2481,1,1,1,1,8,2,True
iter-2-scenario-2297,2481,1,1,1,1,8,2,True
iter-2-scenario-2298,2051,1,1,1,1,8,0,True
iter-2-scenario-2299,2481,1,1,1,1,8,2,True
iter-2-scenario-23,2481,1,1,1,1,8,2,True
iter-2-scenario-230,2481,1,1,1,1,8,2,True
iter-2-scenario-2300,2481,1,1,1,1,8,2,True
iter-2-scenario-2301,2051,1,1,1,1,8,0,True
iter-2-scenario-2302,2481,1,1,1,1,8,2,True
iter-2-scenario-2303,2481,1,1,1,1,8,2,True
iter-2-scenario-2304,2051,1,1,1,1,8,0,True
iter-2-scenario-2308,2481,1,1,1,1,8,2,True
iter-2-scenario-2309,2481,1,1,1,1,8,2,True
iter-2-scenario-231,2051,1,1,1,1,8,0,True
iter-2-scenario-2310,2051,1,1,1,1,8,0,True
iter-2-scenario-2311,2481,1,1,1,1,8,2,True
iter-2-scenario-2312,2481,1,1,1,1,8,2,True
iter-2-scenario-2313,2051,1,1,1,1,8,0,True
iter-2-scenario-2314,2481,1,1,1,1,8,2,True
iter-2-scenario-2315,2481,1,1,1,1,8,2,True
iter-2-scenario-2316,2051,1,1,1,1,8,0,True
iter-2-scenario-2317,2481,1,1,1,1,8,2,True
iter-2-scenario-2318,2481,1,1,1,1,8,2,True
iter-2-scenario-2319,2051,1,1,1,1,8,0,True
iter-2-scenario-232,2481,1,1,1,1,8,2,True
iter-2-scenario-2320,2481,1,1,1,1,8,2,True
iter-2-scenario-2321,2481,1,1,1,1,8,2,True
iter-2-scenario-2322,2051,1,1,1,1,8,0,True
iter-2-scenario-2323,2481,1,1,1,1,8,2,True
iter-2-scenario-2324,2481,1,1,1,1,8,2,True
iter-2-scenario-2325,2051,1,1,1,1,8,0,True
iter-2-scenario-2326,2481,1,1,1,1,8,2,True
iter-2-scenario-2327,2481,1,1,1,1,8,2,True
iter-2-scenario-2328,2051,1,1,1,1,8,0,True
iter-2-scenario-2329,2481,1,1,1,1,8,2,True
iter-2-scenario-233,2481,1,1,1,1,8,2,True
iter-2-scenario-2330,2481,1,1,1,1,8,2,True
iter-2-scenario-2331,2051,1,1,1,1,8,0,True
iter-2-scenario-2332,2481,1,1,1,1,8,2,True
iter-2-scenario-2333,2481,1,1,1,1,8,2,True
iter-2-scenario-2334,2051,1,1,1,1,8,0,True
iter-2-scenario-2335,2481,1,1,1,1,8,2,True
iter-2-scenario-2336,2481,1,1,1,1,8,2,True
iter-2-scenario-2337,2051,1,1,1,1,8,0,True
iter-2-scenario-2338,2481,1,1,1,1,8,2,True
iter-2-scenario-2339,2481,1,1,1,1,8,2,True
iter-2-scenario-234,2051,1,1,1,1,8,0,True
iter-2-scenario-2340,2051,1,1,1,1,8,0,True
iter-2-scenario-2341,2481,1,1,1,1,8,2,True
iter-2-scenario-2342,2481,1,1,1,1,8,2,True
iter-2-scenario-2343,2051,1,1,1,1,8,0,True
iter-2-scenario-2344,2481,1,1,1,1,8,2,True
iter-2-scenario-2345,2481,1,1,1,1,8,2,True
iter-2-scenario-2346,2051,1,1,1,1,8,0,True
iter-2-scenario-2347,2481,1,1,1,1,8,2,True
iter-2-scenario-2348,2481,1,1,1,1,8,2,True
iter-2-scenario-2349,2051,1,1,1,1,8,0,True
iter-2-scenario-235,2481,1,1,1,1,8,2,True
iter-2-scenario-2350,2481,1,1,1,1,8,2,True
iter-2-scenario-2351,2481,1,1,1,1,8,2,True
iter-2-scenario-2352,2051,1,1,1,1,8,0,True
iter-2-scenario-2353,2481,1,1,1,1,8,2,True
iter-2-scenario-2354,2481,1,1,1,1,8,2,True
iter-2-scenario-2355,2051,1,1,1,1,8,0,True
iter-2-scenario-2356,2481,1,1,1,1,8,2,True
iter-2-scenario-2357,2481,1,1,1,1,8,2,True
iter-2-scenario-2358,2051,1,1,1,1,8,0,True
iter-2-scenario-2359,2481,1,1,1,1,8,2,True
iter-2-scenario-236,2481,1,1,1,1,8,2,True
iter-2-scenario-2360,2481,1,1,1,1,8,2,True
iter-2-scenario-2361,2051,1,1,1,1,8,0,True
iter-2-scenario-2362,2481,1,1,1,1,8,2,True
iter-2-scenario-2363,2481,1,1,1,1,8,2,True
iter-2-scenario-2364,2051,1,1,1,1,8,0,True
iter-2-scenario-2365,2481,1,1,1,1,8,2,True
iter-2-scenario-2366,2481,1,1,1,1,8,2,True
iter-2-scenario-2367,2051,1,1,1,1,8,0,True
iter-2-scenario-2368,2481,1,1,1,1,8,2,True
iter-2-scenario-2369,2481,1,1,1,1,8,2,True
iter-2-scenario-237,2051,1,1,1,1,8,0,True
iter-2-scenario-2370,2051,1,1,1,1,8,0,True
iter-2-scenario-2371,2481,1,1,1,1,8,2,True
iter-2-scenario-2372,2481,1,1,1,1,8,2,True
iter-2-scenario-2373,2051,1,1,1,1,8,0,True
iter-2-scenario-2374,2481,1,1,1,1,8,2,True
iter-2-scenario-2375,2481,1,1,1,1,8,2,True
iter-2-scenario-2376,2051,1,1,1,1,8,0,True
iter-2-scenario-2377,2481,1,1,1,1,8,2,True
iter-2-scenario-2378,2481,1,1,1,1,8,2,True
iter-2-scenario-2379,2051,1,1,1,1,8,0,True
iter-2-scenario-238,2481,1,1,1,1,8,2,True
iter-2-scenario-2380,2481,1,1,1,1,8,2,True
iter-2-scenario-2381,2481,1,1,1,1,8,2,True
iter-2-scenario-2382,2051,1,1,1,1,8,0,True
iter-2-scenario-2383,2481,1,1,1,1,8,2,True
iter-2-scenario-2384,2481,1,1,1,1,8,2,True
iter-2-scenario-2385,2051,1,1,1,1,8,0,True
iter-2-scenario-2386,2481,1,1,1,1,8,2,True
iter-2-scenario-2387,2481,1,1,1,1,8,2,True
iter-2-scenario-2388,2051,1,1,1,1,8,0,True
iter-2-scenario-2389,2481,1,1,1,1,8,2,True
iter-2-scenario-239,2481,1,1,1,1,8,2,True
iter-2-scenario-2390,2481,1,1,1,1,8,2,True
iter-2-scenario-2391,2051,1,1,1,1,8,0,True
iter-2-scenario-2392,2481,1,1,1,1,8,2,True
iter-2-scenario-2393,2481,1,1,1,1,8,2,True
iter-2-scenario-2394,2051,1,1,1,1,8,0,True
iter-2-scenario-2395,2481,1,1,1,1,8,2,True
iter-2-scenario-2396,2481,1,1,1,1,8,2,True
iter-2-scenario-2397,2051,1,1,1,1,8,0,True
iter-2-scenario-2398,2481,1,1,1,1,8,2,True
iter-2-scenario-2399,2481,1,1,1,1,8,2,True
iter-2-scenario-24,2051,1,1,1,1,8,0,True
iter-2-scenario-240,2051,1,1,1,1,8,0,True
iter-2-scenario-2400,2051,1,1,1,1,8,0,True
iter-2-scenario-2401,2481,1,1,1,1,8,2,True
iter-2-scenario-2402,2481,1,1,1,1,8,2,True
iter-2-scenario-2403,2051,1,1,1,1,8,0,True
iter-2-scenario-2404,2481,1,1,1,1,8,2,True
iter-2-scenario-2405,2481,1,1,1,1,8,2,True
iter-2-scenario-2406,2051,1,1,1,1,8,0,True
iter-2-scenario-2407,2481,1,1,1,1,8,2,True
iter-2-scenario-2408,2481,1,1,1,1,8,2,True
iter-2-scenario-2409,2051,1,1,1,1,8,0,True
iter-2-scenario-241,2481,1,1,1,1,8,2,True
iter-2-scenario-2410,2481,1,1,1,1,8,2,True
iter-2-scenario-2411,2481,1,1,1,1,8,2,True
iter-2-scenario-2412,2051,1,1,1,1,8,0,True
iter-2-scenario-2413,2481,1,1,1,1,8,2,True
iter-2-scenario-2414,2481,1,1,1,1,8,2,True
iter-2-scenario-2415,2051,1,1,1,1,8,0,True
iter-2-scenario-2416,2481,1,1,1,1,8,2,True
iter-2-scenario-2417,2481,1,1,1,1,8,2,True
iter-2-scenario-2418,2051,1,1,1,1,8,0,True
iter-2-scenario-2419,2481,1,1,1,1,8,2,True
iter-2-scenario-242,2481,1,1,1,1,8,2,True
iter-2-scenario-2420,2481,1,1,1,1,8,2,True
iter-2-scenario-2421,2051,1,1,1,1,8,0,True
iter-2-scenario-2422,2481,1,1,1,1,8,2,True
iter-2-scenario-2423,2481,1,1,1,1,8,2,True
iter-2-scenario-2424,2051,1,1,1,1,8,0,True
iter-2-scenario-2425,2481,1,1,1,1,8,2,True
iter-2-scenario-2426,2481,1,1,1,1,8,2,True
iter-2-scenario-2427,2051,1,1,1,1,8,0,True
iter-2-scenario-2428,2481,1,1,1,1,8,2,True
iter-2-scenario-2429,2481,1,1,1,1,8,2,True
iter-2-scenario-243,2051,1,1,1,1,8,0,True
iter-2-scenario-2430,2051,1,1,1,1,8,0,True
iter-2-scenario-2431,2481,1,1,1,1,8,2,True
iter-2-scenario-2432,2481,1,1,1,1,8,2,True
iter-2-scenario-2433,2051,1,1,1,1,8,0,True
iter-2-scenario-2434,2481,1,1,1,1,8,2,True
iter-2-scenario-2435,2481,1,1,1,1,8,2,True
iter-2-scenario-2436,2051,1,1,1,1,8,0,True
iter-2-scenario-2437,2481,1,1,1,1,8,2,True
iter-2-scenario-2438,2481,1,1,1,1,8,2,True
iter-2-scenario-2439,2051,1,1,1,1,8,0,True
iter-2-scenario-244,2481,1,1,1,1,8,2,True
iter-2-scenario-2440,2481,1,1,1,1,8,2,True
iter-2-scenario-2441,2481,1,1,1,1,8,2,True
iter-2-scenario-2442,2051,1,1,1,1,8,0,True
iter-2-scenario-2443,2481,1,1,1,1,8,2,True
iter-2-scenario-2444,2481,1,1,1,1,8,2,True
iter-2-scenario-2445,2051,1,1,1,1,8,0,True
iter-2-scenario-2446,2481,1,1,1,1,8,2,True
iter-2-scenario-2447,2481,1,1,1,1,8,2,True
iter-2-scenario-2448,2051,1,1,1,1,8,0,True
iter-2-scenario-2449,2481,1,1,1,1,8,2,True
iter-2-scenario-245,2481,1,1,1,1,8,2,True
iter-2-scenario-2450,2481,1,1,1,1,8,2,True
iter-2-scenario-2451,2051,1,1,1,1,8,0,True
iter-2-scenario-2452,2481,1,1,1,1,8,2,True
iter-2-scenario-2453,2481,1,1,1,1,8,2,True
iter-2-scenario-2454,2051,1,1,1,1,8,0,True
iter-2-scenario-2455,2481,1,1,1,1,8,2,True
iter-2-scenario-2456,2481,1,1,1,1,8,2,True
iter-2-scenario-2457,2051,1,1,1,1,8,0,True
iter-2-scenario-2458,2481,1,1,1,1,8,2,True
iter-2-scenario-2459,2481,1,1,1,1,8,2,True
iter-2-scenario-246,2051,1,1,1,1,8,0,True
iter-2-scenario-2460,2051,1,1,1,1,8,0,True
iter-2-scenario-2461,2481,1,1,1,1,8,2,True
iter-2-scenario-2462,2481,1,1,1,1,8,2,True
iter-2-scenario-2463,2051,1,1,1,1,8,0,True
iter-2-scenario-2464,2481,1,1,1,1,8,2,True
iter-2-scenario-2465,2481,1,1,1,1,8,2,True
iter-2-scenario-2466,2051,1,1,1,1,8,0,True
iter-2-scenario-2467,2481,1,1,1,1,8,2,True
iter-2-scenario-2468,2481,1,1,1,1,8,2,True
iter-2-scenario-2469,2051,1,1,1,1,8,0,True
iter-2-scenario-247,2481,1,1,1,1,8,2,True
iter-2-scenario-2470,2481,1,1,1,1,8,2,True
iter-2-scenario-2471,2481,1,1,1,1,8,2,True
iter-2-scenario-2472,2051,1,1,1,1,8,0,True
iter-2-scenario-2473,2481,1,1,1,1,8,2,True
iter-2-scenario-2474,2481,1,1,1,1,8,2,True
iter-2-scenario-2475,2051,1,1,1,1,8,0,True
iter-2-scenario-2476,2481,1,1,1,1,8,2,True
iter-2-scenario-2477,2481,1,1,1,1,8,2,True
iter-2-scenario-2478,2051,1,1,1,1,8,0,True
iter-2-scenario-2479,2481,1,1,1,1,8,2,True
iter-2-scenario-248,2481,1,1,1,1,8,2,True
iter-2-scenario-2480,2481,1,1,1,1,8,2,True
iter-2-scenario-2481,2051,1,1,1,1,8,0,True
iter-2-scenario-2482,2481,1,1,1,1,8,2,True
iter-2-scenario-2483,2481,1,1,1,1,8,2,True
iter-2-scenario-2484,2051,1,1,1,1,8,0,True
iter-2-scenario-2485,2481,1,1,1,1,8,2,True
iter-2-scenario-2486,2481,1,1,1,1,8,2,True
iter-2-scenario-2487,2051,1,1,1,1,8,0,True
iter-2-scenario-2488,2481,1,1,1,1,8,2,True
iter-2-scenario-2489,2481,1,1,1,1,8,2,True
iter-2-scenario-249,2051,1,1,1,1,8,0,True
iter-2-scenario-2490,2051,1,1,1,1,8,0,True
iter-2-scenario-2491,2481,1,1,1,1,8,2,True
iter-2-scenario-2492,2481,1,1,1,1,8,2,True
iter-2-scenario-2493,2051,1,1,1,1,8,0,True
iter-2-scenario-2494,2481,1,1,1,1,8,2,True
iter-2-scenario-2495,2481,1,1,1,1,8,2,True
iter-2-scenario-2496,2051,1,1,1,1,8,0,True
iter-2-scenario-2497,2481,1,1,1,1,8,2,True
iter-2-scenario-2498,2481,1,1,1,1,8,2,True
iter-2-scenario-2499,2051,1,1,1,1,8,0,True
iter-2-scenario-25,2481,1,1,1,1,8,2,True
iter-2-scenario-250,2481,1,1,1,1,8,2,True
iter-2-scenario-2500,2481,1,1,1,1,8,2,True
iter-2-scenario-2501,2481,1,1,1,1,8,2,True
iter-2-scenario-2502,2051,1,1,1,1,8,0,True
iter-2-scenario-2503,2481,1,1,1,1,8,2,True
iter-2-scenario-2504,2481,1,1,1,1,8,2,True
iter-2-scenario-2505,2051,1,1,1,1,8,0,True
iter-2-scenario-2506,2481,1,1,1,1,8,2,True
iter-2-scenario-2507,2481,1,1,1,1,8,2,True
iter-2-scenario-2508,2051,1,1,1,1,8,0,True
iter-2-scenario-2509,2481,1,1,1,1,8,2,True
iter-2-scenario-251,2481,1,1,1,1,8,2,True
iter-2-scenario-2510,2481,1,1,1,1,8,2,True
iter-2-scenario-2511,2051,1,1,1,1,8,0,True
iter-2-scenario-2512,2481,1,1,1,1,8,2,True
iter-2-scenario-2513,2481,1,1,1,1,8,2,True
iter-2-scenario-2514,2051,1,1,1,1,8,0,True
iter-2-scenario-2515,2481,1,1,1,1,8,2,True
iter-2-scenario-2516,2481,1,1,1,1,8,2,True
iter-2-scenario-2517,2051,1,1,1,1,8,0,True
iter-2-scenario-2518,2481,1,1,1,1,8,2,True
iter-2-scenario-2519,2481,1,1,1,1,8,2,True
iter-2-scenario-252,2051,1,1,1,1,8,0,True
iter-2-scenario-2520,2051,1,1,1,1,8,0,True
iter-2-scenario-2521,2481,1,1,1,1,8,2,True
iter-2-scenario-2522,2481,1,1,1,1,8,2,True
iter-2-scenario-2523,2051,1,1,1,1,8,0,True
iter-2-scenario-2524,2481,1,1,1,1,8,2,True
iter-2-scenario-2525,2481,1,1,1,1,8,2,True
iter-2-scenario-2526,2051,1,1,1,1,8,0,True
iter-2-scenario-2527,2481,1,1,1,1,8,2,True
iter-2-scenario-2528,2481,1,1,1,1,8,2,True
iter-2-scenario-2529,2051,1,1,1,1,8,0,True
iter-2-scenario-253,2481,1,1,1,1,8,2,True
iter-2-scenario-2530,2481,1,1,1,1,8,2,True
iter-2-scenario-2531,2481,1,1,1,1,8,2,True
iter-2-scenario-2532,2051,1,1,1,1,8,0,True
iter-2-scenario-2533,2481,1,1,1,1,8,2,True
iter-2-scenario-2534,2481,1,1,1,1,8,2,True
iter-2-scenario-2535,2051,1,1,1,1,8,0,True
iter-2-scenario-2536,2481,1,1,1,1,8,2,True
iter-2-scenario-2537,2481,1,1,1,1,8,2,True
iter-2-scenario-2538,2051,1,1,1,1,8,0,True
iter-2-scenario-2539,2481,1,1,1,1,8,2,True
iter-2-scenario-254,2481,1,1,1,1,8,2,True
iter-2-scenario-2540,2481,1,1,1,1,8,2,True
iter-2-scenario-2541,2051,1,1,1,1,8,0,True
iter-2-scenario-2542,2481,1,1,1,1,8,2,True
iter-2-scenario-2543,2481,1,1,1,1,8,2,True
iter-2-scenario-2544,2051,1,1,1,1,8,0,True
iter-2-scenario-2545,2481,1,1,1,1,8,2,True
iter-2-scenario-2546,2481,1,1,1,1,8,2,True
iter-2-scenario-2547,2051,1,1,1,1,8,0,True
iter-2-scenario-2548,2481,1,1,1,1,8,2,True
iter-2-scenario-2549,2481,1,1,1,1,8,2,True
iter-2-scenario-255,2051,1,1,1,1,8,0,True
iter-2-scenario-2550,2051,1,1,1,1,8,0,True
iter-2-scenario-2551,2481,1,1,1,1,8,2,True
iter-2-scenario-2552,2481,1,1,1,1,8,2,True
iter-2-scenario-2553,2051,1,1,1,1,8,0,True
iter-2-scenario-2554,2481,1,1,1,1,8,2,True
iter-2-scenario-2555,2481,1,1,1,1,8,2,True
iter-2-scenario-2556,2051,1,1,1,1,8,0,True
iter-2-scenario-2557,2481,1,1,1,1,8,2,True
iter-2-scenario-2558,2481,1,1,1,1,8,2,True
iter-2-scenario-2559,2051,1,1,1,1,8,0,True
iter-2-scenario-256,2481,1,1,1,1,8,2,True
iter-2-scenario-2560,2481,1,1,1,1,8,2,True
iter-2-scenario-2561,2481,1,1,1,1,8,2,True
iter-2-scenario-2562,2051,1,1,1,1,8,0,True
iter-2-scenario-2563,2481,1,1,1,1,8,2,True
iter-2-scenario-2564,2481,1,1,1,1,8,2,True
iter-2-scenario-2565,2051,1,1,1,1,8,0,True
iter-2-scenario-2566,2481,1,1,1,1,8,2,True
iter-2-scenario-2567,2481,1,1,1,1,8,2,True
iter-2-scenario-2568,2051,1,1,1,1,8,0,True
iter-2-scenario-2569,2481,1,1,1,1,8,2,True
iter-2-scenario-257,2481,1,1,1,1,8,2,True
iter-2-scenario-2570,2481,1,1,1,1,8,2,True
iter-2-scenario-2571,2051,1,1,1,1,8,0,True
iter-2-scenario-2572,2481,1,1,1,1,8,2,True
iter-2-scenario-2573,2481,1,1,1,1,8,2,True
iter-2-scenario-2574,2051,1,1,1,1,8,0,True
iter-2-scenario-2575,2481,1,1,1,1,8,2,True
iter-2-scenario-2576,2481,1,1,1,1,8,2,True
iter-2-scenario-2577,2051,1,1,1,1,8,0,True
iter-2-scenario-2578,2481,1,1,1,1,8,2,True
iter-2-scenario-2579,2481,1,1,1,1,8,2,True
iter-2-scenario-258,2051,1,1,1,1,8,0,True
iter-2-scenario-2580,2051,1,1,1,1,8,0,True
iter-2-scenario-2581,2481,1,1,1,1,8,2,True
iter-2-scenario-2582,2481,1,1,1,1,8,2,True
iter-2-scenario-2583,2051,1,1,1,1,8,0,True
iter-2-scenario-2584,2481,1,1,1,1,8,2,True
iter-2-scenario-2585,2481,1,1,1,1,8,2,True
iter-2-scenario-2586,2051,1,1,1,1,8,0,True
iter-2-scenario-2587,2481,1,1,1,1,8,2,True
iter-2-scenario-2588,2481,1,1,1,1,8,2,True
iter-2-scenario-2589,2051,1,1,1,1,8,0,True
iter-2-scenario-259,2481,1,1,1,1,8,2,True
iter-2-scenario-2590,2481,1,1,1,1,8,2,True
iter-2-scenario-2591,2481,1,1,1,1,8,2,True
iter-2-scenario-2592,2051,1,1,1,1,8,0,True
iter-2-scenario-2593,2481,1,1,1,1,8,2,True
iter-2-scenario-2594,2481,1,1,1,1,8,2,True
iter-2-scenario-2595,2051,1,1,1,1,8,0,True
iter-2-scenario-2596,2481,1,1,1,1,8,2,True
iter-2-scenario-2597,2481,1,1,1,1,8,2,True
iter-2-scenario-2598,2051,1,1,1,1,8,0,True
iter-2-scenario-2599,2481,1,1,1,1,8,2,True
iter-2-scenario-26,2481,1,1,1,1,8,2,True
iter-2-scenario-260,2481,1,1,1,1,8,2,True
iter-2-scenario-2600,2481,1,1,1,1,8,2,True
iter-2-scenario-2601,2051,1,1,1,1,8,0,True
iter-2-scenario-2602,2481,1,1,1,1,8,2,True
iter-2-scenario-2603,2481,1,1,1,1,8,2,True
iter-2-scenario-2604,2051,1,1,1,1,8,0,True
iter-2-scenario-2605,2481,1,1,1,1,8,2,True
iter-2-scenario-2606,2481,1,1,1,1,8,2,True
iter-2-scenario-2607,2051,1,1,1,1,8,0,True
iter-2-scenario-2608,2481,1,1,1,1,8,2,True
iter-2-scenario-2609,2481,1,1,1,1,8,2,True
iter-2-scenario-261,2051,1,1,1,1,8,0,True
iter-2-scenario-2610,2051,1,1,1,1,8,0,True
iter-2-scenario-2611,2481,1,1,1,1,8,2,True
iter-2-scenario-2612,2481,1,1,1,1,8,2,True
iter-2-scenario-2613,2051,1,1,1,1,8,0,True
iter-2-scenario-2614,2481,1,1,1,1,8,2,True
iter-2-scenario-2615,2481,1,1,1,1,8,2,True
iter-2-scenario-2616,2051,1,1,1,1,8,0,True
iter-2-scenario-2617,2481,1,1,1,1,8,2,True
iter-2-scenario-2618,2481,1,1,1,1,8,2,True
iter-2-scenario-2619,2051,1,1,1,1,8,0,True
iter-2-scenario-262,2481,1,1,1,1,8,2,True
iter-2-scenario-2620,2481,1,1,1,1,8,2,True
iter-2-scenario-2621,2481,1,1,1,1,8,2,True
iter-2-scenario-2622,2051,1,1,1,1,8,0,True
iter-2-scenario-2623,2481,1,1,1,1,8,2,True
iter-2-scenario-2624,2481,1,1,1,1,8,2,True
iter-2-scenario-2625,2051,1,1,1,1,8,0,True
iter-2-scenario-2626,2481,1,1,1,1,8,2,True
iter-2-scenario-2627,2481,1,1,1,1,8,2,True
iter-2-scenario-2628,2051,1,1,1,1,8,0,True
iter-2-scenario-2629,2481,1,1,1,1,8,2,True
iter-2-scenario-263,2481,1,1,1,1,8,2,True
iter-2-scenario-2630,2481,1,1,1,1,8,2,True
iter-2-scenario-2631,2051,1,1,1,1,8,0,True
iter-2-scenario-2632,2481,1,1,1,1,8,2,True
iter-2-scenario-2633,2481,1,1,1,1,8,2,True
iter-2-scenario-2634,2051,1,1,1,1,8,0,True
iter-2-scenario-2635,2481,1,1,1,1,8,2,True
iter-2-scenario-2636,2481,1,1,1,1,8,2,True
iter-2-scenario-2637,2051,1,1,1,1,8,0,True
iter-2-scenario-2638,2481,1,1,1,1,8,2,True
iter-2-scenario-2639,2481,1,1,1,1,8,2,True
iter-2-scenario-264,2051,1,1,1,1,8,0,True
iter-2-scenario-2640,2051,1,1,1,1,8,0,True
iter-2-scenario-2641,2481,1,1,1,1,8,2,True
iter-2-scenario-2642,2481,1,1,1,1,8,2,True
iter-2-scenario-2643,2051,1,1,1,1,8,0,True
iter-2-scenario-2644,2481,1,1,1,1,8,2,True
iter-2-scenario-2645,2481,1,1,1,1,8,2,True
iter-2-scenario-2646,2051,1,1,1,1,8,0,True
iter-2-scenario-2647,2481,1,1,1,1,8,2,True
iter-2-scenario-2648,2481,1,1,1,1,8,2,True
iter-2-scenario-2649,2051,1,1,1,1,8,0,True
iter-2-scenario-265,2481,1,1,1,1,8,2,True
iter-2-scenario-2650,2481,1,1,1,1,8,2,True
iter-2-scenario-2651,2481,1,1,1,1,8,2,True
iter-2-scenario-2652,2051,1,1,1,1,8,0,True
iter-2-scenario-2653,2481,1,1,1,1,8,2,True
iter-2-scenario-2654,2481,1,1,1,1,8,2,True
iter-2-scenario-2655,2051,1,1,1,1,8,0,True
iter-2-scenario-2656,2481,1,1,1,1,8,2,True
iter-2-scenario-2657,2481,1,1,1,1,8,2,True
iter-2-scenario-2658,2051,1,1,1,1,8,0,True
iter-2-scenario-2659,2481,1,1,1,1,8,2,True
iter-2-scenario-266,2481,1,1,1,1,8,2,True
iter-2-scenario-2660,2481,1,1,1,1,8,2,True
iter-2-scenario-2661,2051,1,1,1,1,8,0,True
iter-2-scenario-2662,2481,1,1,1,1,8,2,True
iter-2-scenario-2663,2481,1,1,1,1,8,2,True
iter-2-scenario-2664,2051,1,1,1,1,8,0,True
iter-2-scenario-2665,2481,1,1,1,1,8,2,True
iter-2-scenario-2666,2481,1,1,1,1,8,2,True
iter-2-scenario-2667,2051,1,1,1,1,8,0,True
iter-2-scenario-2668,2481,1,1,1,1,8,2,True
iter-2-scenario-2669,2481,1,1,1,1,8,2,True
iter-2-scenario-267,2051,1,1,1,1,8,0,True
iter-2-scenario-2670,2051,1,1,1,1,8,0,True
iter-2-scenario-2671,2481,1,1,1,1,8,2,True
iter-2-scenario-2672,2481,1,1,1,1,8,2,True
iter-2-scenario-2673,2051,1,1,1,1,8,0,True
iter-2-scenario-2674,2481,1,1,1,1,8,2,True
iter-2-scenario-2675,2481,1,1,1,1,8,2,True
iter-2-scenario-2676,2051,1,1,1,1,8,0,True
iter-2-scenario-2677,2481,1,1,1,1,8,2,True
iter-2-scenario-2678,2481,1,1,1,1,8,2,True
iter-2-scenario-2679,2051,1,1,1,1,8,0,True
iter-2-scenario-268,2481,1,1,1,1,8,2,True
iter-2-scenario-2680,2481,1,1,1,1,8,2,True
iter-2-scenario-2681,2481,1,1,1,1,8,2,True
iter-2-scenario-2682,2051,1,1,1,1,8,0,True
iter-2-scenario-2683,2481,1,1,1,1,8,2,True
iter-2-scenario-2684,2481,1,1,1,1,8,2,True
iter-2-scenario-2685,2051,1,1,1,1,8,0,True
iter-2-scenario-2686,2481,1,1,1,1,8,2,True
iter-2-scenario-2687,2481,1,1,1,1,8,2,True
iter-2-scenario-2688,2051,1,1,1,1,8,0,True
iter-2-scenario-2689,2481,1,1,1,1,8,2,True
iter-2-scenario-269,2481,1,1,1,1,8,2,True
iter-2-scenario-2690,2481,1,1,1,1,8,2,True
iter-2-scenario-2691,2051,1,1,1,1,8,0,True
iter-2-scenario-2692,2481,1,1,1,1,8,2,True
iter-2-scenario-2693,2481,1,1,1,1,8,2,True
iter-2-scenario-2694,2051,1,1,1,1,8,0,True
iter-2-scenario-2695,2481,1,1,1,1,8,2,True
iter-2-scenario-2696,2481,1,1,1,1,8,2,True
iter-2-scenario-2697,2051,1,1,1,1,8,0,True
iter-2-scenario-2698,2481,1,1,1,1,8,2,True
iter-2-scenario-2699,2481,1,1,1,1,8,2,True
iter-2-scenario-27,2051,1,1,1,1,8,0,True
iter-2-scenario-270,2051,1,1,1,1,8,0,True
iter-2-scenario-2700,2051,1,1,1,1,8,0,True
iter-2-scenario-2701,2481,1,1,1,1,8,2,True
iter-2-scenario-2702,2481,1,1,1,1,8,2,True
iter-2-scenario-2703,2051,1,1,1,1,8,0,True
iter-2-scenario-2704,2481,1,1,1,1,8,2,True
iter-2-scenario-2705,2481,1,1,1,1,8,2,True
iter-2-scenario-2706,2051,1,1,1,1,8,0,True
iter-2-scenario-2707,2481,1,1,1,1,8,2,True
iter-2-scenario-2708,2481,1,1,1,1,8,2,True
iter-2-scenario-2709,2051,1,1,1,1,8,0,True
iter-2-scenario-271,2481,1,1,1,1,8,2,True
iter-2-scenario-2710,2481,1,1,1,1,8,2,True
iter-2-scenario-2711,2481,1,1,1,1,8,2,True
iter-2-scenario-2712,2051,1,1,1,1,8,0,True
iter-2-scenario-2713,2481,1,1,1,1,8,2,True
iter-2-scenario-2714,2481,1,1,1,1,8,2,True
iter-2-scenario-2715,2051,1,1,1,1,8,0,True
iter-2-scenario-2716,2481,1,1,1,1,8,2,True
iter-2-scenario-2717,2481,1,1,1,1,8,2,True
iter-2-scenario-2718,2051,1,1,1,1,8,0,True
iter-2-scenario-2719,2481,1,1,1,1,8,2,True
iter-2-scenario-272,2481,1,1,1,1,8,2,True
iter-2-scenario-2720,2481,1,1,1,1,8,2,True
iter-2-scenario-2721,2051,1,1,1,1,8,0,True
iter-2-scenario-2722,2481,1,1,1,1,8,2,True
iter-2-scenario-2723,2481,1,1,1,1,8,2,True
iter-2-scenario-2724,2051,1,1,1,1,8,0,True
iter-2-scenario-2725,2481,1,1,1,1,8,2,True
iter-2-scenario-2726,2481,1,1,1,1,8,2,True
iter-2-scenario-2727,2051,1,1,1,1,8,0,True
iter-2-scenario-2728,2481,1,1,1,1,8,2,True
iter-2-scenario-2729,2481,1,1,1,1,8,2,True
iter-2-scenario-273,2051,1,1,1,1,8,0,True
iter-2-scenario-2730,2051,1,1,1,1,8,0,True
iter-2-scenario-2731,2481,1,1,1,1,8,2,True
iter-2-scenario-2732,2481,1,1,1,1,8,2,True
iter-2-scenario-2733,2051,1,1,1,1,8,0,True
iter-2-scenario-2734,2481,1,1,1,1,8,2,True
iter-2-scenario-2735,2481,1,1,1,1,8,2,True
iter-2-scenario-2736,2051,1,1,1,1,8,0,True
iter-2-scenario-2737,2481,1,1,1,1,8,2,True
iter-2-scenario-2738,2481,1,1,1,1,8,2,True
iter-2-scenario-2739,2051,1,1,1,1,8,0,True
iter-2-scenario-274,2481,1,1,1,1,8,2,True
iter-2-scenario-2740,2481,1,1,1,1,8,2,True
iter-2-scenario-2741,2481,1,1,1,1,8,2,True
iter-2-scenario-2742,2051,1,1,1,1,8,0,True
iter-2-scenario-2743,2481,1,1,1,1,8,2,True
iter-2-scenario-2744,2481,1,1,1,1,8,2,True
iter-2-scenario-2745,2051,1,1,1,1,8,0,True
iter-2-scenario-2746,2481,1,1,1,1,8,2,True
iter-2-scenario-2747,2481,1,1,1,1,8,2,True
iter-2-scenario-2748,2051,1,1,1,1,8,0,True
iter-2-scenario-2749,2481,1,1,1,1,8,2,True
iter-2-scenario-275,2481,1,1,1,1,8,2,True
iter-2-scenario-2750,2481,1,1,1,1,8,2,True
iter-2-scenario-2751,2051,1,1,1,1,8,0,True
iter-2-scenario-2752,2481,1,1,1,1,8,2,True
iter-2-scenario-2753,2481,1,1,1,1,8,2,True
iter-2-scenario-2754,2051,1,1,1,1,8,0,True
iter-2-scenario-2755,2481,1,1,1,1,8,2,True
iter-2-scenario-2756,2481,1,1,1,1,8,2,True
iter-2-scenario-2757,2051,1,1,1,1,8,0,True
iter-2-scenario-2758,2481,1,1,1,1,8,2,True
iter-2-scenario-2759,2481,1,1,1,1,8,2,True
iter-2-scenario-276,2051,1,1,1,1,8,0,True
iter-2-scenario-2760,2051,1,1,1,1,8,0,True
iter-2-scenario-2761,2481,1,1,1,1,8,2,True
iter-2-scenario-2762,2481,1,1,1,1,8,2,True
iter-2-scenario-2763,2051,1,1,1,1,8,0,True
iter-2-scenario-2764,2481,1,1,1,1,8,2,True
iter-2-scenario-2765,2481,1,1,1,1,8,2,True
iter-2-scenario-2766,2051,1,1,1,1,8,0,True
iter-2-scenario-2767,2481,1,1,1,1,8,2,True
iter-2-scenario-2768,2481,1,1,1,1,8,2,True
iter-2-scenario-2769,2051,1,1,1,1,8,0,True
iter-2-scenario-277,2481,1,1,1,1,8,2,True
iter-2-scenario-2770,2481,1,1,1,1,8,2,True
iter-2-scenario-2771,2481,1,1,1,1,8,2,True
iter-2-scenario-2772,2051,1,1,1,1,8,0,True
iter-2-scenario-2773,2481,1,1,1,1,8,2,True
iter-2-scenario-2774,2481,1,1,1,1,8,2,True
iter-2-scenario-2775,2051,1,1,1,1,8,0,True
iter-2-scenario-2776,2481,1,1,1,1,8,2,True
iter-2-scenario-2777,2481,1,1,1,1,8,2,True
iter-2-scenario-2778,2051,1,1,1,1,8,0,True
iter-2-scenario-2779,2481,1,1,1,1,8,2,True
iter-2-scenario-278,2481,1,1,1,1,8,2,True
iter-2-scenario-2780,2481,1,1,1,1,8,2,True
iter-2-scenario-2781,2051,1,1,1,1,8,0,True
iter-2-scenario-2782,2481,1,1,1,1,8,2,True
iter-2-scenario-2783,2481,1,1,1,1,8,2,True
iter-2-scenario-2784,2051,1,1,1,1,8,0,True
iter-2-scenario-2785,2481,1,1,1,1,8,2,True
iter-2-scenario-2786,2481,1,1,1,1,8,2,True
iter-2-scenario-2787,2051,1,1,1,1,8,0,True
iter-2-scenario-2788,2481,1,1,1,1,8,2,True
iter-2-scenario-2789,2481,1,1,1,1,8,2,True
iter-2-scenario-279,2051,1,1,1,1,8,0,True
iter-2-scenario-2790,2051,1,1,1,1,8,0,True
iter-2-scenario-2791,2481,1,1,1,1,8,2,True
iter-2-scenario-2792,2481,1,1,1,1,8,2,True
iter-2-scenario-2793,2051,1,1,1,1,8,0,True
iter-2-scenario-2794,2481,1,1,1,1,8,2,True
iter-2-scenario-2795,2481,1,1,1,1,8,2,True
iter-2-scenario-2796,2051,1,1,1,1,8,0,True
iter-2-scenario-2797,2481,1,1,1,1,8,2,True
iter-2-scenario-2798,2481,1,1,1,1,8,2,True
iter-2-scenario-2799,2051,1,1,1,1,8,0,True
iter-2-scenario-28,2481,1,1,1,1,8,2,True
iter-2-scenario-280,2481,1,1,1,1,8,2,True
iter-2-scenario-2800,2481,1,1,1,1,8,2,True
iter-2-scenario-2801,2481,1,1,1,1,8,2,True
iter-2-scenario-2802,2051,1,1,1,1,8,0,True
iter-2-scenario-2803,2481,1,1,1,1,8,2,True
iter-2-scenario-2804,2481,1,1,1,1,8,2,True
iter-2-scenario-2805,2051,1,1,1,1,8,0,True
iter-2-scenario-2806,2481,1,1,1,1,8,2,True
iter-2-scenario-2807,2481,1,1,1,1,8,2,True
iter-2-scenario-2808,2051,1,1,1,1,8,0,True
iter-2-scenario-2809,2481,1,1,1,1,8,2,True
iter-2-scenario-281,2481,1,1,1,1,8,2,True
iter-2-scenario-2810,2481,1,1,1,1,8,2,True
iter-2-scenario-2811,2051,1,1,1,1,8,0,True
iter-2-scenario-2812,2481,1,1,1,1,8,2,True
iter-2-scenario-2813,2481,1,1,1,1,8,2,True
iter-2-scenario-2814,2051,1,1,1,1,8,0,True
iter-2-scenario-2815,2481,1,1,1,1,8,2,True
iter-2-scenario-2816,2481,1,1,1,1,8,2,True
iter-2-scenario-2817,2051,1,1,1,1,8,0,True
iter-2-scenario-2818,2481,1,1,1,1,8,2,True
iter-2-scenario-2819,2481,1,1,1,1,8,2,True
iter-2-scenario-282,2051,1,1,1,1,8,0,True
iter-2-scenario-2820,2051,1,1,1,1,8,0,True
iter-2-scenario-2821,2481,1,1,1,1,8,2,True
iter-2-scenario-2822,2481,1,1,1,1,8,2,True
iter-2-scenario-2823,2051,1,1,1,1,8,0,True
iter-2-scenario-2824,2481,1,1,1,1,8,2,True
iter-2-scenario-2825,2481,1,1,1,1,8,2,True
iter-2-scenario-2826,2051,1,1,1,1,8,0,True
iter-2-scenario-2827,2481,1,1,1,1,8,2,True
iter-2-scenario-2828,2481,1,1,1,1,8,2,True
iter-2-scenario-2829,2051,1,1,1,1,8,0,True
iter-2-scenario-283,2481,1,1,1,1,8,2,True
iter-2-scenario-2830,2481,1,1,1,1,8,2,True
iter-2-scenario-2831,2481,1,1,1,1,8,2,True
iter-2-scenario-2832,2051,1,1,1,1,8,0,True
iter-2-scenario-2833,2481,1,1,1,1,8,2,True
iter-2-scenario-2834,2481,1,1,1,1,8,2,True
iter-2-scenario-2835,2051,1,1,1,1,8,0,True
iter-2-scenario-2836,2481,1,1,1,1,8,2,True
iter-2-scenario-2837,2481,1,1,1,1,8,2,True
iter-2-scenario-2838,2051,1,1,1,1,8,0,True
iter-2-scenario-2839,2481,1,1,1,1,8,2,True
iter-2-scenario-284,2481,1,1,1,1,8,2,True
iter-2-scenario-2840,2481,1,1,1,1,8,2,True
iter-2-scenario-2841,2051,1,1,1,1,8,0,True
iter-2-scenario-2842,2481,1,1,1,1,8,2,True
iter-2-scenario-2843,2481,1,1,1,1,8,2,True
iter-2-scenario-2844,2051,1,1,1,1,8,0,True
iter-2-scenario-2845,2481,1,1,1,1,8,2,True
iter-2-scenario-2846,2481,1,1,1,1,8,2,True
iter-2-scenario-2847,2051,1,1,1,1,8,0,True
iter-2-scenario-2848,2481,1,1,1,1,8,2,True
iter-2-scenario-2849,2481,1,1,1,1,8,2,True
iter-2-scenario-285,2051,1,1,1,1,8,0,True
iter-2-scenario-2850,2051,1,1,1,1,8,0,True
iter-2-scenario-2851,2481,1,1,1,1,8,2,True
iter-2-scenario-2852,2481,1,1,1,1,8,2,True
iter-2-scenario-2853,2051,1,1,1,1,8,0,True
iter-2-scenario-2854,2481,1,1,1,1,8,2,True
iter-2-scenario-2855,2481,1,1,1,1,8,2,True
iter-2-scenario-2856,2051,1,1,1,1,8,0,True
iter-2-scenario-2857,2481,1,1,1,1,8,2,True
iter-2-scenario-2858,2481,1,1,1,1,8,2,True
iter-2-scenario-2859,2051,1,1,1,1,8,0,True
iter-2-scenario-286,2481,1,1,1,1,8,2,True
iter-2-scenario-2860,2481,1,1,1,1,8,2,True
iter-2-scenario-2861,2481,1,1,1,1,8,2,True
iter-2-scenario-2862,2051,1,1,1,1,8,0,True
iter-2-scenario-2863,2481,1,1,1,1,8,2,True
iter-2-scenario-2864,2481,1,1,1,1,8,2,True
iter-2-scenario-2865,2051,1,1,1,1,8,0,True
iter-2-scenario-2866,2481,1,1,1,1,8,2,True
iter-2-scenario-2867,2481,1,1,1,1,8,2,True
iter-2-scenario-2868,2051,1,1,1,1,8,0,True
iter-2-scenario-2869,2481,1,1,1,1,8,2,True
iter-2-scenario-287,2481,1,1,1,1,8,2,True
iter-2-scenario-2870,2481,1,1,1,1,8,2,True
iter-2-scenario-2871,2051,1,1,1,1,8,0,True
iter-2-scenario-2872,2481,1,1,1,1,8,2,True
iter-2-scenario-2873,2481,1,1,1,1,8,2,True
iter-2-scenario-2874,2051,1,1,1,1,8,0,True
iter-2-scenario-2875,2481,1,1,1,1,8,2,True
iter-2-scenario-2876,2481,1,1,1,1,8,2,True
iter-2-scenario-2877,2051,1,1,1,1,8,0,True
iter-2-scenario-2878,2481,1,1,1,1,8,2,True
iter-2-scenario-2879,2481,1,1,1,1,8,2,True
iter-2-scenario-288,2051,1,1,1,1,8,0,True
iter-2-scenario-2880,2051,1,1,1,1,8,0,True
iter-2-scenario-2881,2481,1,1,1,1,8,2,True
iter-2-scenario-2882,2481,1,1,1,1,8,2,True
iter-2-scenario-2883,2051,1,1,1,1,8,0,True
iter-2-scenario-2884,2481,1,1,1,1,8,2,True
iter-2-scenario-2885,2481,1,1,1,1,8,2,True
iter-2-scenario-2886,2051,1,1,1,1,8,0,True
iter-2-scenario-2887,2481,1,1,1,1,8,2,True
iter-2-scenario-2888,2481,1,1,1,1,8,2,True
iter-2-scenario-2889,2051,1,1,1,1,8,0,True
iter-2-scenario-289,2481,1,1,1,1,8,2,True
iter-2-scenario-2890,2481,1,1,1,1,8,2,True
iter-2-scenario-2891,2481,1,1,1,1,8,2,True
iter-2-scenario-2892,2051,1,1,1,1,8,0,True
iter-2-scenario-2893,2481,1,1,1,1,8,2,True
iter-2-scenario-2894,2481,1,1,1,1,8,2,True
iter-2-scenario-2895,2051,1,1,1,1,8,0,True
iter-2-scenario-2896,2481,1,1,1,1,8,2,True
iter-2-scenario-2897,2481,1,1,1,1,8,2,True
iter-2-scenario-2898,2051,1,1,1,1,8,0,True
iter-2-scenario-2899,2481,1,1,1,1,8,2,True
iter-2-scenario-29,2481,1,1,1,1,8,2,True
iter-2-scenario-290,2481,1,1,1,1,8,2,True
iter-2-scenario-2900,2481,1,1,1,1,8,2,True
iter-2-scenario-2901,2051,1,1,1,1,8,0,True
iter-2-scenario-2902,2481,1,1,1,1,8,2,True
iter-2-scenario-2903,2481,1,1,1,1,8,2,True
iter-2-scenario-2904,2051,1,1,1,1,8,0,True
iter-2-scenario-2905,2481,1,1,1,1,8,2,True
iter-2-scenario-2906,2481,1,1,1,1,8,2,True
iter-2-scenario-2907,2051,1,1,1,1,8,0,True
iter-2-scenario-2908,2481,1,1,1,1,8,2,True
iter-2-scenario-2909,2481,1,1,1,1,8,2,True
iter-2-scenario-291,2051,1,1,1,1,8,0,True
iter-2-scenario-2910,2051,1,1,1,1,8,0,True
iter-2-scenario-2911,2481,1,1,1,1,8,2,True
iter-2-scenario-2912,2481,1,1,1,1,8,2,True
iter-2-scenario-2913,2051,1,1,1,1,8,0,True
iter-2-scenario-2914,2481,1,1,1,1,8,2,True
iter-2-scenario-2915,2481,1,1,1,1,8,2,True
iter-2-scenario-2916,2051,1,1,1,1,8,0,True
iter-2-scenario-2917,2481,1,1,1,1,8,2,True
iter-2-scenario-2918,2481,1,1,1,1,8,2,True
iter-2-scenario-2919,2051,1,1,1,1,8,0,True
iter-2-scenario-292,2481,1,1,1,1,8,2,True
iter-2-scenario-2920,2481,1,1,1,1,8,2,True
iter-2-scenario-2921,2481,1,1,1,1,8,2,True
iter-2-scenario-2922,2051,1,1,1,1,8,0,True
iter-2-scenario-2923,2481,1,1,1,1,8,2,True
iter-2-scenario-2924,2481,1,1,1,1,8,2,True
iter-2-scenario-2925,2051,1,1,1,1,8,0,True
iter-2-scenario-2926,2481,1,1,1,1,8,2,True
iter-2-scenario-2927,2481,1,1,1,1,8,2,True
iter-2-scenario-2928,2051,1,1,1,1,8,0,True
iter-2-scenario-2929,2481,1,1,1,1,8,2,True
iter-2-scenario-293,2481,1,1,1,1,8,2,True
iter-2-scenario-2930,2481,1,1,1,1,8,2,True
iter-2-scenario-2931,2051,1,1,1,1,8,0,True
iter-2-scenario-2932,2481,1,1,1,1,8,2,True
iter-2-scenario-2933,2481,1,1,1,1,8,2,True
iter-2-scenario-2934,2051,1,1,1,1,8,0,True
iter-2-scenario-2935,2481,1,1,1,1,8,2,True
iter-2-scenario-2936,2481,1,1,1,1,8,2,True
iter-2-scenario-2937,2051,1,1,1,1,8,0,True
iter-2-scenario-2938,2481,1,1,1,1,8,2,True
iter-2-scenario-2939,2481,1,1,1,1,8,2,True
iter-2-scenario-294,2051,1,1,1,1,8,0,True
iter-2-scenario-2940,2051,1,1,1,1,8,0,True
iter-2-scenario-2941,2481,1,1,1,1,8,2,True
iter-2-scenario-2942,2481,1,1,1,1,8,2,True
iter-2-scenario-2943,2051,1,1,1,1,8,0,True
iter-2-scenario-2944,2481,1,1,1,1,8,2,True
iter-2-scenario-2945,2481,1,1,1,1,8,2,True
iter-2-scenario-2946,2051,1,1,1,1,8,0,True
iter-2-scenario-2947,2481,1,1,1,1,8,2,True
iter-2-scenario-2948,2481,1,1,1,1,8,2,True
iter-2-scenario-2949,2051,1,1,1,1,8,0,True
iter-2-scenario-295,2481,1,1,1,1,8,2,True
iter-2-scenario-2950,2481,1,1,1,1,8,2,True
iter-2-scenario-2951,2481,1,1,1,1,8,2,True
iter-2-scenario-2952,2051,1,1,1,1,8,0,True
iter-2-scenario-2953,2481,1,1,1,1,8,2,True
iter-2-scenario-2954,2481,1,1,1,1,8,2,True
iter-2-scenario-2955,2051,1,1,1,1,8,0,True
iter-2-scenario-2956,2481,1,1,1,1,8,2,True
iter-2-scenario-2957,2481,1,1,1,1,8,2,True
iter-2-scenario-2958,2051,1,1,1,1,8,0,True
iter-2-scenario-2959,2481,1,1,1,1,8,2,True
iter-2-scenario-296,2481,1,1,1,1,8,2,True
iter-2-scenario-2960,2481,1,1,1,1,8,2,True
iter-2-scenario-2961,2051,1,1,1,1,8,0,True
iter-2-scenario-2962,2481,1,1,1,1,8,2,True
iter-2-scenario-2963,2481,1,1,1,1,8,2,True
iter-2-scenario-2964,2051,1,1,1,1,8,0,True
iter-2-scenario-2965,2481,1,1,1,1,8,2,True
iter-2-scenario-2966,2481,1,1,1,1,8,2,True
iter-2-scenario-2967,2051,1,1,1,1,8,0,True
iter-2-scenario-2968,2481,1,1,1,1,8,2,True
iter-2-scenario-2969,2481,1,1,1,1,8,2,True
iter-2-scenario-297,2051,1,1,1,1,8,0,True
iter-2-scenario-2970,2051,1,1,1,1,8,0,True
iter-2-scenario-2971,2481,1,1,1,1,8,2,True
iter-2-scenario-2972,2481,1,1,1,1,8,2,True
iter-2-scenario-2973,2051,1,1,1,1,8,0,True
iter-2-scenario-2974,2481,1,1,1,1,8,2,True
iter-2-scenario-2975,2481,1,1,1,1,8,2,True
iter-2-scenario-2976,2051,1,1,1,1,8,0,True
iter-2-scenario-2977,2481,1,1,1,1,8,2,True
iter-2-scenario-2978,2481,1,1,1,1,8,2,True
iter-2-scenario-2979,2051,1,1,1,1,8,0,True
iter-2-scenario-298,2481,1,1,1,1,8,2,True
iter-2-scenario-2980,2481,1,1,1,1,8,2,True
iter-2-scenario-2981,2481,1,1,1,1,8,2,True
iter-2-scenario-2982,2051,1,1,1,1,8,0,True
iter-2-scenario-2983,2481,1,1,1,1,8,2,True
iter-2-scenario-2984,2481,1,1,1,1,8,2,True
iter-2-scenario-2985,2051,1,1,1,1,8,0,True
iter-2-scenario-2986,2481,1,1,1,1,8,2,True
iter-2-scenario-2987,2481,1,1,1,1,8,2,True
iter-2-scenario-2988,2051,1,1,1,1,8,0,True
iter-2-scenario-2989,2481,1,1,1,1,8,2,True
iter-2-scenario-299,2481,1,1,1,1,8,2,True
iter-2-scenario-2990,2481,1,1,1,1,8,2,True
iter-2-scenario-2991,2051,1,1,1,1,8,0,True
iter-2-scenario-2992,2481,1,1,1,1,8,2,True
iter-2-scenario-2993,2481,1,1,1,1,8,2,True
iter-2-scenario-2994,2051,1,1,1,1,8,0,True
iter-2-scenario-2995,2481,1,1,1,1,8,2,True
iter-2-scenario-2996,2481,1,1,1,1,8,2,True
iter-2-scenario-2997,2051,1,1,1,1,8,0,True
iter-2-scenario-2998,2481,1,1,1,1,8,2,True
iter-2-scenario-2999,2481,1,1,1,1,8,2,True
iter-2-scenario-30,2051,1,1,1,1,8,0,True
iter-2-scenario-300,2051,1,1,1,1,8,0,True
iter-2-scenario-3000,2051,1,1,1,1,8,0,True
iter-2-scenario-3001,2481,1,1,1,1,8,2,True
iter-2-scenario-3002,2481,1,1,1,1,8,2,True
iter-2-scenario-3003,2051,1,1,1,1,8,0,True
iter-2-scenario-3004,2481,1,1,1,1,8,2,True
iter-2-scenario-3005,2481,1,1,1,1,8,2,True
iter-2-scenario-3006,2051,1,1,1,1,8,0,True
iter-2-scenario-3007,2481,1,1,1,1,8,2,True
iter-2-scenario-3008,2481,1,1,1,1,8,2,True
iter-2-scenario-3009,2051,1,1,1,1,8,0,True
iter-2-scenario-301,2481,1,1,1,1,8,2,True
iter-2-scenario-3010,2481,1,1,1,1,8,2,True
iter-2-scenario-3011,2481,1,1,1,1,8,2,True
iter-2-scenario-3012,2051,1,1,1,1,8,0,True
iter-2-scenario-3013,2481,1,1,1,1,8,2,True
iter-2-scenario-3014,2481,1,1,1,1,8,2,True
iter-2-scenario-3015,2051,1,1,1,1,8,0,True
iter-2-scenario-3016,2481,1,1,1,1,8,2,True
iter-2-scenario-3017,2481,1,1,1,1,8,2,True
iter-2-scenario-3018,2051,1,1,1,1,8,0,True
iter-2-scenario-3019,2481,1,1,1,1,8,2,True
iter-2-scenario-302,2481,1,1,1,1,8,2,True
iter-2-scenario-3020,2481,1,1,1,1,8,2,True
iter-2-scenario-3021,2051,1,1,1,1,8,0,True
iter-2-scenario-3022,2481,1,1,1,1,8,2,True
iter-2-scenario-3023,2481,1,1,1,1,8,2,True
iter-2-scenario-3024,2051,1,1,1,1,8,0,True
iter-2-scenario-3025,2481,1,1,1,1,8,2,True
iter-2-scenario-3026,2481,1,1,1,1,8,2,True
iter-2-scenario-3027,2051,1,1,1,1,8,0,True
iter-2-scenario-3028,2481,1,1,1,1,8,2,True
iter-2-scenario-3029,2481,1,1,1,1,8,2,True
iter-2-scenario-303,2051,1,1,1,1,8,0,True
iter-2-scenario-3030,2051,1,1,1,1,8,0,True
iter-2-scenario-3031,2481,1,1,1,1,8,2,True
iter-2-scenario-3032,2481,1,1,1,1,8,2,True
iter-2-scenario-3033,2051,1,1,1,1,8,0,True
iter-2-scenario-3034,2481,1,1,1,1,8,2,True
iter-2-scenario-3035,2481,1,1,1,1,8,2,True
iter-2-scenario-3036,2051,1,1,1,1,8,0,True
iter-2-scenario-3037,2481,1,1,1,1,8,2,True
iter-2-scenario-3038,2481,1,1,1,1,8,2,True
iter-2-scenario-3039,2051,1,1,1,1,8,0,True
iter-2-scenario-304,2481,1,1,1,1,8,2,True
iter-2-scenario-3040,2481,1,1,1,1,8,2,True
iter-2-scenario-3041,2481,1,1,1,1,8,2,True
iter-2-scenario-3042,2051,1,1,1,1,8,0,True
iter-2-scenario-3043,2481,1,1,1,1,8,2,True
iter-2-scenario-3044,2481,1,1,1,1,8,2,True
iter-2-scenario-3045,2051,1,1,1,1,8,0,True
iter-2-scenario-3046,2481,1,1,1,1,8,2,True
iter-2-scenario-3047,2481,1,1,1,1,8,2,True
iter-2-scenario-3048,2051,1,1,1,1,8,0,True
iter-2-scenario-3049,2481,1,1,1,1,8,2,True
iter-2-scenario-305,2481,1,1,1,1,8,2,True
iter-2-scenario-3050,2481,1,1,1,1,8,2,True
iter-2-scenario-3051,2051,1,1,1,1,8,0,True
iter-2-scenario-3052,2481,1,1,1,1,8,2,True
iter-2-scenario-3053,2481,1,1,1,1,8,2,True
iter-2-scenario-3054,2051,1,1,1,1,8,0,True
iter-2-scenario-3055,2481,1,1,1,1,8,2,True
iter-2-scenario-3056,2481,1,1,1,1,8,2,True
iter-2-scenario-3057,2051,1,1,1,1,8,0,True
iter-2-scenario-3058,2481,1,1,1,1,8,2,True
iter-2-scenario-3059,2481,1,1,1,1,8,2,True
iter-2-scenario-306,2051,1,1,1,1,8,0,True
iter-2-scenario-3060,2051,1,1,1,1,8,0,True
iter-2-scenario-3061,2481,1,1,1,1,8,2,True
iter-2-scenario-3062,2481,1,1,1,1,8,2,True
iter-2-scenario-3063,2051,1,1,1,1,8,0,True
iter-2-scenario-3064,2481,1,1,1,1,8,2,True
iter-2-scenario-3065,2481,1,1,1,1,8,2,True
iter-2-scenario-3066,2051,1,1,1,1,8,0,True
iter-2-scenario-3067,2481,1,1,1,1,8,2,True
iter-2-scenario-3068,2481,1,1,1,1,8,2,True
iter-2-scenario-3069,2051,1,1,1,1,8,0,True
iter-2-scenario-307,2481,1,1,1,1,8,2,True
iter-2-scenario-3070,2481,1,1,1,1,8,2,True
iter-2-scenario-3071,2481,1,1,1,1,8,2,True
iter-2-scenario-3072,2051,1,1,1,1,8,0,True
iter-2-scenario-3076,2481,1,1,1,1,8,2,True
iter-2-scenario-3077,2481,1,1,1,1,8,2,True
iter-2-scenario-3078,2051,1,1,1,1,8,0,True
iter-2-scenario-3079,2481,1,1,1,1,8,2,True
iter-2-scenario-308,2481,1,1,1,1,8,2,True
iter-2-scenario-3080,2481,1,1,1,1,8,2,True
iter-2-scenario-3081,2051,1,1,1,1,8,0,True
iter-2-scenario-3082,2481,1,1,1,1,8,2,True
iter-2-scenario-3083,2481,1,1,1,1,8,2,True
iter-2-scenario-3084,2051,1,1,1,1,8,0,True
iter-2-scenario-3085,2481,1,1,1,1,8,2,True
iter-2-scenario-3086,2481,1,1,1,1,8,2,True
iter-2-scenario-3087,2051,1,1,1,1,8,0,True
iter-2-scenario-3088,2481,1,1,1,1,8,2,True
iter-2-scenario-3089,2481,1,1,1,1,8,2,True
iter-2-scenario-309,2051,1,1,1,1,8,0,True
iter-2-scenario-3090,2051,1,1,1,1,8,0,True
iter-2-scenario-3091,2481,1,1,1,1,8,2,True
iter-2-scenario-3092,2481,1,1,1,1,8,2,True
iter-2-scenario-3093,2051,1,1,1,1,8,0,True
iter-2-scenario-3094,2481,1,1,1,1,8,2,True
iter-2-scenario-3095,2481,1,1,1,1,8,2,True
iter-2-scenario-3096,2051,1,1,1,1,8,0,True
iter-2-scenario-3097,2481,1,1,1,1,8,2,True
iter-2-scenario-3098,2481,1,1,1,1,8,2,True
iter-2-scenario-3099,2051,1,1,1,1,8,0,True
iter-2-scenario-31,2481,1,1,1,1,8,2,True
iter-2-scenario-310,2481,1,1,1,1,8,2,True
iter-2-scenario-3100,2481,1,1,1,1,8,2,True
iter-2-scenario-3101,2481,1,1,1,1,8,2,True
iter-2-scenario-3102,2051,1,1,1,1,8,0,True
iter-2-scenario-3103,2481,1,1,1,1,8,2,True
iter-2-scenario-3104,2481,1,1,1,1,8,2,True
iter-2-scenario-3105,2051,1,1,1,1,8,0,True
iter-2-scenario-3106,2481,1,1,1,1,8,2,True
iter-2-scenario-3107,2481,1,1,1,1,8,2,True
iter-2-scenario-3108,2051,1,1,1,1,8,0,True
iter-2-scenario-3109,2481,1,1,1,1,8,2,True
iter-2-scenario-311,2481,1,1,1,1,8,2,True
iter-2-scenario-3110,2481,1,1,1,1,8,2,True
iter-2-scenario-3111,2051,1,1,1,1,8,0,True
iter-2-scenario-3112,2481,1,1,1,1,8,2,True
iter-2-scenario-3113,2481,1,1,1,1,8,2,True
iter-2-scenario-3114,2051,1,1,1,1,8,0,True
iter-2-scenario-3115,2481,1,1,1,1,8,2,True
iter-2-scenario-3116,2481,1,1,1,1,8,2,True
iter-2-scenario-3117,2051,1,1,1,1,8,0,True
iter-2-scenario-3118,2481,1,1,1,1,8,2,True
iter-2-scenario-3119,2481,1,1,1,1,8,2,True
iter-2-scenario-312,2051,1,1,1,1,8,0,True
iter-2-scenario-3120,2051,1,1,1,1,8,0,True
iter-2-scenario-3121,2481,1,1,1,1,8,2,True
iter-2-scenario-3122,2481,1,1,1,1,8,2,True
iter-2-scenario-3123,2051,1,1,1,1,8,0,True
iter-2-scenario-3124,2481,1,1,1,1,8,2,True
iter-2-scenario-3125,2481,1,1,1,1,8,2,True
iter-2-scenario-3126,2051,1,1,1,1,8,0,True
iter-2-scenario-3127,2481,1,1,1,1,8,2,True
iter-2-scenario-3128,2481,1,1,1,1,8,2,True
iter-2-scenario-3129,2051,1,1,1,1,8,0,True
iter-2-scenario-313,2481,1,1,1,1,8,2,True
iter-2-scenario-3130,2481,1,1,1,1,8,2,True
iter-2-scenario-3131,2481,1,1,1,1,8,2,True
iter-2-scenario-3132,2051,1,1,1,1,8,0,True
iter-2-scenario-3133,2481,1,1,1,1,8,2,True
iter-2-scenario-3134,2481,1,1,1,1,8,2,True
iter-2-scenario-3135,2051,1,1,1,1,8,0,True
iter-2-scenario-3136,2481,1,1,1,1,8,2,True
iter-2-scenario-3137,2481,1,1,1,1,8,2,True
iter-2-scenario-3138,2051,1,1,1,1,8,0,True
iter-2-scenario-3139,2481,1,1,1,1,8,2,True
iter-2-scenario-314,2481,1,1,1,1,8,2,True
iter-2-scenario-3140,2481,1,1,1,1,8,2,True
iter-2-scenario-3141,2051,1,1,1,1,8,0,True
iter-2-scenario-3142,2481,1,1,1,1,8,2,True
iter-2-scenario-3143,2481,1,1,1,1,8,2,True
iter-2-scenario-3144,2051,1,1,1,1,8,0,True
iter-2-scenario-3145,2481,1,1,1,1,8,2,True
iter-2-scenario-3146,2481,1,1,1,1,8,2,True
iter-2-scenario-3147,2051,1,1,1,1,8,0,True
iter-2-scenario-3148,2481,1,1,1,1,8,2,True
iter-2-scenario-3149,2481,1,1,1,1,8,2,True
iter-2-scenario-315,2051,1,1,1,1,8,0,True
iter-2-scenario-3150,2051,1,1,1,1,8,0,True
iter-2-scenario-3151,2481,1,1,1,1,8,2,True
iter-2-scenario-3152,2481,1,1,1,1,8,2,True
iter-2-scenario-3153,2051,1,1,1,1,8,0,True
iter-2-scenario-3154,2481,1,1,1,1,8,2,True
iter-2-scenario-3155,2481,1,1,1,1,8,2,True
iter-2-scenario-3156,2051,1,1,1,1,8,0,True
iter-2-scenario-3157,2481,1,1,1,1,8,2,True
iter-2-scenario-3158,2481,1,1,1,1,8,2,True
iter-2-scenario-3159,2051,1,1,1,1,8,0,True
iter-2-scenario-316,2481,1,1,1,1,8,2,True
iter-2-scenario-3160,2481,1,1,1,1,8,2,True
iter-2-scenario-3161,2481,1,1,1,1,8,2,True
iter-2-scenario-3162,2051,1,1,1,1,8,0,True
iter-2-scenario-3163,2481,1,1,1,1,8,2,True
iter-2-scenario-3164,2481,1,1,1,1,8,2,True
iter-2-scenario-3165,2051,1,1,1,1,8,0,True
iter-2-scenario-3166,2481,1,1,1,1,8,2,True
iter-2-scenario-3167,2481,1,1,1,1,8,2,True
iter-2-scenario-3168,2051,1,1,1,1,8,0,True
iter-2-scenario-3169,2481,1,1,1,1,8,2,True
iter-2-scenario-317,2481,1,1,1,1,8,2,True
iter-2-scenario-3170,2481,1,1,1,1,8,2,True
iter-2-scenario-3171,2051,1,1,1,1,8,0,True
iter-2-scenario-3172,2481,1,1,1,1,8,2,True
iter-2-scenario-3173,2481,1,1,1,1,8,2,True
iter-2-scenario-3174,2051,1,1,1,1,8,0,True
iter-2-scenario-3175,2481,1,1,1,1,8,2,True
iter-2-scenario-3176,2481,1,1,1,1,8,2,True
iter-2-scenario-3177,2051,1,1,1,1,8,0,True
iter-2-scenario-3178,2481,1,1,1,1,8,2,True
iter-2-scenario-3179,2481,1,1,1,1,8,2,True
iter-2-scenario-318,2051,1,1,1,1,8,0,True
iter-2-scenario-3180,2051,1,1,1,1,8,0,True
iter-2-scenario-3181,2481,1,1,1,1,8,2,True
iter-2-scenario-3182,2481,1,1,1,1,8,2,True
iter-2-scenario-3183,2051,1,1,1,1,8,0,True
iter-2-scenario-3184,2481,1,1,1,1,8,2,True
iter-2-scenario-3185,2481,1,1,1,1,8,2,True
iter-2-scenario-3186,2051,1,1,1,1,8,0,True
iter-2-scenario-3187,2481,1,1,1,1,8,2,True
iter-2-scenario-3188,2481,1,1,1,1,8,2,True
iter-2-scenario-3189,2051,1,1,1,1,8,0,True
iter-2-scenario-319,2481,1,1,1,1,8,2,True
iter-2-scenario-3190,2481,1,1,1,1,8,2,True
iter-2-scenario-3191,2481,1,1,1,1,8,2,True
iter-2-scenario-3192,2051,1,1,1,1,8,0,True
iter-2-scenario-3193,2481,1,1,1,1,8,2,True
iter-2-scenario-3194,2481,1,1,1,1,8,2,True
iter-2-scenario-3195,2051,1,1,1,1,8,0,True
iter-2-scenario-3196,2481,1,1,1,1,8,2,True
iter-2-scenario-3197,2481,1,1,1,1,8,2,True
iter-2-scenario-3198,2051,1,1,1,1,8,0,True
iter-2-scenario-3199,2481,1,1,1,1,8,2,True
iter-2-scenario-32,2481,1,1,1,1,8,2,True
iter-2-scenario-320,2481,1,1,1,1,8,2,True
iter-2-scenario-3200,2481,1,1,1,1,8,2,True
iter-2-scenario-3201,2051,1,1,1,1,8,0,True
iter-2-scenario-3202,2481,1,1,1,1,8,2,True
iter-2-scenario-3203,2481,1,1,1,1,8,2,True
iter-2-scenario-3204,2051,1,1,1,1,8,0,True
iter-2-scenario-3205,2481,1,1,1,1,8,2,True
iter-2-scenario-3206,2481,1,1,1,1,8,2,True
iter-2-scenario-3207,2051,1,1,1,1,8,0,True
iter-2-scenario-3208,2481,1,1,1,1,8,2,True
iter-2-scenario-3209,2481,1,1,1,1,8,2,True
iter-2-scenario-321,2051,1,1,1,1,8,0,True
iter-2-scenario-3210,2051,1,1,1,1,8,0,True
iter-2-scenario-3211,2481,1,1,1,1,8,2,True
iter-2-scenario-3212,2481,1,1,1,1,8,2,True
iter-2-scenario-3213,2051,1,1,1,1,8,0,True
iter-2-scenario-3214,2481,1,1,1,1,8,2,True
iter-2-scenario-3215,2481,1,1,1,1,8,2,True
iter-2-scenario-3216,2051,1,1,1,1,8,0,True
iter-2-scenario-3217,2481,1,1,1,1,8,2,True
iter-2-scenario-3218,2481,1,1,1,1,8,2,True
iter-2-scenario-3219,2051,1,1,1,1,8,0,True
iter-2-scenario-322,2481,1,1,1,1,8,2,True
iter-2-scenario-3220,2481,1,1,1,1,8,2,True
iter-2-scenario-3221,2481,1,1,1,1,8,2,True
iter-2-scenario-3222,2051,1,1,1,1,8,0,True
iter-2-scenario-3223,2481,1,1,1,1,8,2,True
iter-2-scenario-3224,2481,1,1,1,1,8,2,True
iter-2-scenario-3225,2051,1,1,1,1,8,0,True
iter-2-scenario-3226,2481,1,1,1,1,8,2,True
iter-2-scenario-3227,2481,1,1,1,1,8,2,True
iter-2-scenario-3228,2051,1,1,1,1,8,0,True
iter-2-scenario-3229,2481,1,1,1,1,8,2,True
iter-2-scenario-323,2481,1,1,1,1,8,2,True
iter-2-scenario-3230,2481,1,1,1,1,8,2,True
iter-2-scenario-3231,2051,1,1,1,1,8,0,True
iter-2-scenario-3232,2481,1,1,1,1,8,2,True
iter-2-scenario-3233,2481,1,1,1,1,8,2,True
iter-2-scenario-3234,2051,1,1,1,1,8,0,True
iter-2-scenario-3235,2481,1,1,1,1,8,2,True
iter-2-scenario-3236,2481,1,1,1,1,8,2,True
iter-2-scenario-3237,2051,1,1,1,1,8,0,True
iter-2-scenario-3238,2481,1,1,1,1,8,2,True
iter-2-scenario-3239,2481,1,1,1,1,8,2,True
iter-2-scenario-324,2051,1,1,1,1,8,0,True
iter-2-scenario-3240,2051,1,1,1,1,8,0,True
iter-2-scenario-3241,2481,1,1,1,1,8,2,True
iter-2-scenario-3242,2481,1,1,1,1,8,2,True
iter-2-scenario-3243,2051,1,1,1,1,8,0,True
iter-2-scenario-3244,2481,1,1,1,1,8,2,True
iter-2-scenario-3245,2481,1,1,1,1,8,2,True
iter-2-scenario-3246,2051,1,1,1,1,8,0,True
iter-2-scenario-3247,2481,1,1,1,1,8,2,True
iter-2-scenario-3248,2481,1,1,1,1,8,2,True
iter-2-scenario-3249,2051,1,1,1,1,8,0,True
iter-2-scenario-325,2481,1,1,1,1,8,2,True
iter-2-scenario-3250,2481,1,1,1,1,8,2,True
iter-2-scenario-3251,2481,1,1,1,1,8,2,True
iter-2-scenario-3252,2051,1,1,1,1,8,0,True
iter-2-scenario-3253,2481,1,1,1,1,8,2,True
iter-2-scenario-3254,2481,1,1,1,1,8,2,True
iter-2-scenario-3255,2051,1,1,1,1,8,0,True
iter-2-scenario-3256,2481,1,1,1,1,8,2,True
iter-2-scenario-3257,2481,1,1,1,1,8,2,True
iter-2-scenario-3258,2051,1,1,1,1,8,0,True
iter-2-scenario-3259,2481,1,1,1,1,8,2,True
iter-2-scenario-326,2481,1,1,1,1,8,2,True
iter-2-scenario-3260,2481,1,1,1,1,8,2,True
iter-2-scenario-3261,2051,1,1,1,1,8,0,True
iter-2-scenario-3262,2481,1,1,1,1,8,2,True
iter-2-scenario-3263,2481,1,1,1,1,8,2,True
iter-2-scenario-3264,2051,1,1,1,1,8,0,True
iter-2-scenario-3265,2481,1,1,1,1,8,2,True
iter-2-scenario-3266,2481,1,1,1,1,8,2,True
iter-2-scenario-3267,2051,1,1,1,1,8,0,True
iter-2-scenario-3268,2481,1,1,1,1,8,2,True
iter-2-scenario-3269,2481,1,1,1,1,8,2,True
iter-2-scenario-327,2051,1,1,1,1,8,0,True
iter-2-scenario-3270,2051,1,1,1,1,8,0,True
iter-2-scenario-3271,2481,1,1,1,1,8,2,True
iter-2-scenario-3272,2481,1,1,1,1,8,2,True
iter-2-scenario-3273,2051,1,1,1,1,8,0,True
iter-2-scenario-3274,2481,1,1,1,1,8,2,True
iter-2-scenario-3275,2481,1,1,1,1,8,2,True
iter-2-scenario-3276,2051,1,1,1,1,8,0,True
iter-2-scenario-3277,2481,1,1,1,1,8,2,True
iter-2-scenario-3278,2481,1,1,1,1,8,2,True
iter-2-scenario-3279,2051,1,1,1,1,8,0,True
iter-2-scenario-328,2481,1,1,1,1,8,2,True
iter-2-scenario-3280,2481,1,1,1,1,8,2,True
iter-2-scenario-3281,2481,1,1,1,1,8,2,True
iter-2-scenario-3282,2051,1,1,1,1,8,0,True
iter-2-scenario-3283,2481,1,1,1,1,8,2,True
iter-2-scenario-3284,2481,1,1,1,1,8,2,True
iter-2-scenario-3285,2051,1,1,1,1,8,0,True
iter-2-scenario-3286,2481,1,1,1,1,8,2,True
iter-2-scenario-3287,2481,1,1,1,1,8,2,True
iter-2-scenario-3288,2051,1,1,1,1,8,0,True
iter-2-scenario-3289,2481,1,1,1,1,8,2,True
iter-2-scenario-329,2481,1,1,1,1,8,2,True
iter-2-scenario-3290,2481,1,1,1,1,8,2,True
iter-2-scenario-3291,2051,1,1,1,1,8,0,True
iter-2-scenario-3292,2481,1,1,1,1,8,2,True
iter-2-scenario-3293,2481,1,1,1,1,8,2,True
iter-2-scenario-3294,2051,1,1,1,1,8,0,True
iter-2-scenario-3295,2481,1,1,1,1,8,2,True
iter-2-scenario-3296,2481,1,1,1,1,8,2,True
iter-2-scenario-3297,2051,1,1,1,1,8,0,True
iter-2-scenario-3298,2481,1,1,1,1,8,2,True
iter-2-scenario-3299,2481,1,1,1,1,8,2,True
iter-2-scenario-33,2051,1,1,1,1,8,0,True
iter-2-scenario-330,2051,1,1,1,1,8,0,True
iter-2-scenario-3300,2051,1,1,1,1,8,0,True
iter-2-scenario-3301,2481,1,1,1,1,8,2,True
iter-2-scenario-3302,2481,1,1,1,1,8,2,True
iter-2-scenario-3303,2051,1,1,1,1,8,0,True
iter-2-scenario-3304,2481,1,1,1,1,8,2,True
iter-2-scenario-3305,2481,1,1,1,1,8,2,True
iter-2-scenario-3306,2051,1,1,1,1,8,0,True
iter-2-scenario-3307,2481,1,1,1,1,8,2,True
iter-2-scenario-3308,2481,1,1,1,1,8,2,True
iter-2-scenario-3309,2051,1,1,1,1,8,0,True
iter-2-scenario-331,2481,1,1,1,1,8,2,True
iter-2-scenario-3310,2481,1,1,1,1,8,2,True
iter-2-scenario-3311,2481,1,1,1,1,8,2,True
iter-2-scenario-3312,2051,1,1,1,1,8,0,True
iter-2-scenario-3313,2481,1,1,1,1,8,2,True
iter-2-scenario-3314,2481,1,1,1,1,8,2,True
iter-2-scenario-3315,2051,1,1,1,1,8,0,True
iter-2-scenario-3316,2481,1,1,1,1,8,2,True
iter-2-scenario-3317,2481,1,1,1,1,8,2,True
iter-2-scenario-3318,2051,1,1,1,1,8,0,True
iter-2-scenario-3319,2481,1,1,1,1,8,2,True
iter-2-scenario-332,2481,1,1,1,1,8,2,True
iter-2-scenario-3320,2481,1,1,1,1,8,2,True
iter-2-scenario-3321,2051,1,1,1,1,8,0,True
iter-2-scenario-3322,2481,1,1,1,1,8,2,True
iter-2-scenario-3323,2481,1,1,1,1,8,2,True
iter-2-scenario-3324,2051,1,1,1,1,8,0,True
iter-2-scenario-3325,2481,1,1,1,1,8,2,True
iter-2-scenario-3326,2481,1,1,1,1,8,2,True
iter-2-scenario-3327,2051,1,1,1,1,8,0,True
iter-2-scenario-3328,2481,1,1,1,1,8,2,True
iter-2-scenario-3329,2481,1,1,1,1,8,2,True
iter-2-scenario-333,2051,1,1,1,1,8,0,True
iter-2-scenario-3330,2051,1,1,1,1,8,0,True
iter-2-scenario-3331,2481,1,1,1,1,8,2,True
iter-2-scenario-3332,2481,1,1,1,1,8,2,True
iter-2-scenario-3333,2051,1,1,1,1,8,0,True
iter-2-scenario-3334,2481,1,1,1,1,8,2,True
iter-2-scenario-3335,2481,1,1,1,1,8,2,True
iter-2-scenario-3336,2051,1,1,1,1,8,0,True
iter-2-scenario-3337,2481,1,1,1,1,8,2,True
iter-2-scenario-3338,2481,1,1,1,1,8,2,True
iter-2-scenario-3339,2051,1,1,1,1,8,0,True
iter-2-scenario-334,2481,1,1,1,1,8,2,True
iter-2-scenario-3340,2481,1,1,1,1,8,2,True
iter-2-scenario-3341,2481,1,1,1,1,8,2,True
iter-2-scenario-3342,2051,1,1,1,1,8,0,True
iter-2-scenario-3343,2481,1,1,1,1,8,2,True
iter-2-scenario-3344,2481,1,1,1,1,8,2,True
iter-2-scenario-3345,2051,1,1,1,1,8,0,True
iter-2-scenario-3346,2481,1,1,1,1,8,2,True
iter-2-scenario-3347,2481,1,1,1,1,8,2,True
iter-2-scenario-3348,2051,1,1,1,1,8,0,True
iter-2-scenario-3349,2481,1,1,1,1,8,2,True
iter-2-scenario-335,2481,1,1,1,1,8,2,True
iter-2-scenario-3350,2481,1,1,1,1,8,2,True
iter-2-scenario-3351,2051,1,1,1,1,8,0,True
iter-2-scenario-3352,2481,1,1,1,1,8,2,True
iter-2-scenario-3353,2481,1,1,1,1,8,2,True
iter-2-scenario-3354,2051,1,1,1,1,8,0,True
iter-2-scenario-3355,2481,1,1,1,1,8,2,True
iter-2-scenario-3356,2481,1,1,1,1,8,2,True
iter-2-scenario-3357,2051,1,1,1,1,8,0,True
iter-2-scenario-3358,2481,1,1,1,1,8,2,True
iter-2-scenario-3359,2481,1,1,1,1,8,2,True
iter-2-scenario-336,2051,1,1,1,1,8,0,True
iter-2-scenario-3360,2051,1,1,1,1,8,0,True
iter-2-scenario-3361,2481,1,1,1,1,8,2,True
iter-2-scenario-3362,2481,1,1,1,1,8,2,True
iter-2-scenario-3363,2051,1,1,1,1,8,0,True
iter-2-scenario-3364,2481,1,1,1,1,8,2,True
iter-2-scenario-3365,2481,1,1,1,1,8,2,True
iter-2-scenario-3366,2051,1,1,1,1,8,0,True
iter-2-scenario-3367,2481,1,1,1,1,8,2,True
iter-2-scenario-3368,2481,1,1,1,1,8,2,True
iter-2-scenario-3369,2051,1,1,1,1,8,0,True
iter-2-scenario-337,2481,1,1,1,1,8,2,True
iter-2-scenario-3370,2481,1,1,1,1,8,2,True
iter-2-scenario-3371,2481,1,1,1,1,8,2,True
iter-2-scenario-3372,2051,1,1,1,1,8,0,True
iter-2-scenario-3373,2481,1,1,1,1,8,2,True
iter-2-scenario-3374,2481,1,1,1,1,8,2,True
iter-2-scenario-3375,2051,1,1,1,1,8,0,True
iter-2-scenario-3376,2481,1,1,1,1,8,2,True
iter-2-scenario-3377,2481,1,1,1,1,8,2,True
iter-2-scenario-3378,2051,1,1,1,1,8,0,True
iter-2-scenario-3379,2481,1,1,1,1,8,2,True
iter-2-scenario-338,2481,1,1,1,1,8,2,True
iter-2-scenario-3380,2481,1,1,1,1,8,2,True
iter-2-scenario-3381,2051,1,1,1,1,8,0,True
iter-2-scenario-3382,2481,1,1,1,1,8,2,True
iter-2-scenario-3383,2481,1,1,1,1,8,2,True
iter-2-scenario-3384,2051,1,1,1,1,8,0,True
iter-2-scenario-3385,2481,1,1,1,1,8,2,True
iter-2-scenario-3386,2481,1,1,1,1,8,2,True
iter-2-scenario-3387,2051,1,1,1,1,8,0,True
iter-2-scenario-3388,2481,1,1,1,1,8,2,True
iter-2-scenario-3389,2481,1,1,1,1,8,2,True
iter-2-scenario-339,2051,1,1,1,1,8,0,True
iter-2-scenario-3390,2051,1,1,1,1,8,0,True
iter-2-scenario-3391,2481,1,1,1,1,8,2,True
iter-2-scenario-3392,2481,1,1,1,1,8,2,True
iter-2-scenario-3393,2051,1,1,1,1,8,0,True
iter-2-scenario-3394,2481,1,1,1,1,8,2,True
iter-2-scenario-3395,2481,1,1,1,1,8,2,True
iter-2-scenario-3396,2051,1,1,1,1,8,0,True
iter-2-scenario-3397,2481,1,1,1,1,8,2,True
iter-2-scenario-3398,2481,1,1,1,1,8,2,True
iter-2-scenario-3399,2051,1,1,1,1,8,0,True
iter-2-scenario-34,2481,1,1,1,1,8,2,True
iter-2-scenario-340,2481,1,1,1,1,8,2,True
iter-2-scenario-3400,2481,1,1,1,1,8,2,True
iter-2-scenario-3401,2481,1,1,1,1,8,2,True
iter-2-scenario-3402,2051,1,1,1,1,8,0,True
iter-2-scenario-3403,2481,1,1,1,1,8,2,True
iter-2-scenario-3404,2481,1,1,1,1,8,2,True
iter-2-scenario-3405,2051,1,1,1,1,8,0,True
iter-2-scenario-3406,2481,1,1,1,1,8,2,True
iter-2-scenario-3407,2481,1,1,1,1,8,2,True
iter-2-scenario-3408,2051,1,1,1,1,8,0,True
iter-2-scenario-3409,2481,1,1,1,1,8,2,True
iter-2-scenario-341,2481,1,1,1,1,8,2,True
iter-2-scenario-3410,2481,1,1,1,1,8,2,True
iter-2-scenario-3411,2051,1,1,1,1,8,0,True
iter-2-scenario-3412,2481,1,1,1,1,8,2,True
iter-2-scenario-3413,2481,1,1,1,1,8,2,True
iter-2-scenario-3414,2051,1,1,1,1,8,0,True
iter-2-scenario-3415,2481,1,1,1,1,8,2,True
iter-2-scenario-3416,2481,1,1,1,1,8,2,True
iter-2-scenario-3417,2051,1,1,1,1,8,0,True
iter-2-scenario-3418,2481,1,1,1,1,8,2,True
iter-2-scenario-3419,2481,1,1,1,1,8,2,True
iter-2-scenario-342,2051,1,1,1,1,8,0,True
iter-2-scenario-3420,2051,1,1,1,1,8,0,True
iter-2-scenario-3421,2481,1,1,1,1,8,2,True
iter-2-scenario-3422,2481,1,1,1,1,8,2,True
iter-2-scenario-3423,2051,1,1,1,1,8,0,True
iter-2-scenario-3424,2481,1,1,1,1,8,2,True
iter-2-scenario-3425,2481,1,1,1,1,8,2,True
iter-2-scenario-3426,2051,1,1,1,1,8,0,True
iter-2-scenario-3427,2481,1,1,1,1,8,2,True
iter-2-scenario-3428,2481,1,1,1,1,8,2,True
iter-2-scenario-3429,2051,1,1,1,1,8,0,True
iter-2-scenario-343,2481,1,1,1,1,8,2,True
iter-2-scenario-3430,2481,1,1,1,1,8,2,True
iter-2-scenario-3431,2481,1,1,1,1,8,2,True
iter-2-scenario-3432,2051,1,1,1,1,8,0,True
iter-2-scenario-3433,2481,1,1,1,1,8,2,True
iter-2-scenario-3434,2481,1,1,1,1,8,2,True
iter-2-scenario-3435,2051,1,1,1,1,8,0,True
iter-2-scenario-3436,2481,1,1,1,1,8,2,True
iter-2-scenario-3437,2481,1,1,1,1,8,2,True
iter-2-scenario-3438,2051,1,1,1,1,8,0,True
iter-2-scenario-3439,2481,1,1,1,1,8,2,True
iter-2-scenario-344,2481,1,1,1,1,8,2,True
iter-2-scenario-3440,2481,1,1,1,1,8,2,True
iter-2-scenario-3441,2051,1,1,1,1,8,0,True
iter-2-scenario-3442,2481,1,1,1,1,8,2,True
iter-2-scenario-3443,2481,1,1,1,1,8,2,True
iter-2-scenario-3444,2051,1,1,1,1,8,0,True
iter-2-scenario-3445,2481,1,1,1,1,8,2,True
iter-2-scenario-3446,2481,1,1,1,1,8,2,True
iter-2-scenario-3447,2051,1,1,1,1,8,0,True
iter-2-scenario-3448,2481,1,1,1,1,8,2,True
iter-2-scenario-3449,2481,1,1,1,1,8,2,True
iter-2-scenario-345,2051,1,1,1,1,8,0,True
iter-2-scenario-3450,2051,1,1,1,1,8,0,True
iter-2-scenario-3451,2481,1,1,1,1,8,2,True
iter-2-scenario-3452,2481,1,1,1,1,8,2,True
iter-2-scenario-3453,2051,1,1,1,1,8,0,True
iter-2-scenario-3454,2481,1,1,1,1,8,2,True
iter-2-scenario-3455,2481,1,1,1,1,8,2,True
iter-2-scenario-3456,2051,1,1,1,1,8,0,True
iter-2-scenario-3457,2481,1,1,1,1,8,2,True
iter-2-scenario-3458,2481,1,1,1,1,8,2,True
iter-2-scenario-3459,2051,1,1,1,1,8,0,True
iter-2-scenario-346,2481,1,1,1,1,8,2,True
iter-2-scenario-3460,2481,1,1,1,1,8,2,True
iter-2-scenario-3461,2481,1,1,1,1,8,2,True
iter-2-scenario-3462,2051,1,1,1,1,8,0,True
iter-2-scenario-3463,2481,1,1,1,1,8,2,True
iter-2-scenario-3464,2481,1,1,1,1,8,2,True
iter-2-scenario-3465,2051,1,1,1,1,8,0,True
iter-2-scenario-3466,2481,1,1,1,1,8,2,True
iter-2-scenario-3467,2481,1,1,1,1,8,2,True
iter-2-scenario-3468,2051,1,1,1,1,8,0,True
iter-2-scenario-3469,2481,1,1,1,1,8,2,True
iter-2-scenario-347,2481,1,1,1,1,8,2,True
iter-2-scenario-3470,2481,1,1,1,1,8,2,True
iter-2-scenario-3471,2051,1,1,1,1,8,0,True
iter-2-scenario-3472,2481,1,1,1,1,8,2,True
iter-2-scenario-3473,2481,1,1,1,1,8,2,True
iter-2-scenario-3474,2051,1,1,1,1,8,0,True
iter-2-scenario-3475,2481,1,1,1,1,8,2,True
iter-2-scenario-3476,2481,1,1,1,1,8,2,True
iter-2-scenario-3477,2051,1,1,1,1,8,0,True
iter-2-scenario-3478,2481,1,1,1,1,8,2,True
iter-2-scenario-3479,2481,1,1,1,1,8,2,True
iter-2-scenario-348,2051,1,1,1,1,8,0,True
iter-2-scenario-3480,2051,1,1,1,1,8,0,True
iter-2-scenario-3481,2481,1,1,1,1,8,2,True
iter-2-scenario-3482,2481,1,1,1,1,8,2,True
iter-2-scenario-3483,2051,1,1,1,1,8,0,True
iter-2-scenario-3484,2481,1,1,1,1,8,2,True
iter-2-scenario-3485,2481,1,1,1,1,8,2,True
iter-2-scenario-3486,2051,1,1,1,1,8,0,True
iter-2-scenario-3487,2481,1,1,1,1,8,2,True
iter-2-scenario-3488,2481,1,1,1,1,8,2,True
iter-2-scenario-3489,2051,1,1,1,1,8,0,True
iter-2-scenario-349,2481,1,1,1,1,8,2,True
iter-2-scenario-3490,2481,1,1,1,1,8,2,True
iter-2-scenario-3491,2481,1,1,1,1,8,2,True
iter-2-scenario-3492,2051,1,1,1,1,8,0,True
iter-2-scenario-3493,2481,1,1,1,1,8,2,True
iter-2-scenario-3494,2481,1,1,1,1,8,2,True
iter-2-scenario-3495,2051,1,1,1,1,8,0,True
iter-2-scenario-3496,2481,1,1,1,1,8,2,True
iter-2-scenario-3497,2481,1,1,1,1,8,2,True
iter-2-scenario-3498,2051,1,1,1,1,8,0,True
iter-2-scenario-3499,2481,1,1,1,1,8,2,True
iter-2-scenario-35,2481,1,1,1,1,8,2,True
iter-2-scenario-350,2481,1,1,1,1,8,2,True
iter-2-scenario-3500,2481,1,1,1,1,8,2,True
iter-2-scenario-3501,2051,1,1,1,1,8,0,True
iter-2-scenario-3502,2481,1,1,1,1,8,2,True
iter-2-scenario-3503,2481,1,1,1,1,8,2,True
iter-2-scenario-3504,2051,1,1,1,1,8,0,True
iter-2-scenario-3505,2481,1,1,1,1,8,2,True
iter-2-scenario-3506,2481,1,1,1,1,8,2,True
iter-2-scenario-3507,2051,1,1,1,1,8,0,True
iter-2-scenario-3508,2481,1,1,1,1,8,2,True
iter-2-scenario-3509,2481,1,1,1,1,8,2,True
iter-2-scenario-351,2051,1,1,1,1,8,0,True
iter-2-scenario-3510,2051,1,1,1,1,8,0,True
iter-2-scenario-3511,2481,1,1,1,1,8,2,True
iter-2-scenario-3512,2481,1,1,1,1,8,2,True
iter-2-scenario-3513,2051,1,1,1,1,8,0,True
iter-2-scenario-3514,2481,1,1,1,1,8,2,True
iter-2-scenario-3515,2481,1,1,1,1,8,2,True
iter-2-scenario-3516,2051,1,1,1,1,8,0,True
iter-2-scenario-3517,2481,1,1,1,1,8,2,True
iter-2-scenario-3518,2481,1,1,1,1,8,2,True
iter-2-scenario-3519,2051,1,1,1,1,8,0,True
iter-2-scenario-352,2481,1,1,1,1,8,2,True
iter-2-scenario-3520,2481,1,1,1,1,8,2,True
iter-2-scenario-3521,2481,1,1,1,1,8,2,True
iter-2-scenario-3522,2051,1,1,1,1,8,0,True
iter-2-scenario-3523,2481,1,1,1,1,8,2,True
iter-2-scenario-3524,2481,1,1,1,1,8,2,True
iter-2-scenario-3525,2051,1,1,1,1,8,0,True
iter-2-scenario-3526,2481,1,1,1,1,8,2,True
iter-2-scenario-3527,2481,1,1,1,1,8,2,True
iter-2-scenario-3528,2051,1,1,1,1,8,0,True
iter-2-scenario-3529,2481,1,1,1,1,8,2,True
iter-2-scenario-353,2481,1,1,1,1,8,2,True
iter-2-scenario-3530,2481,1,1,1,1,8,2,True
iter-2-scenario-3531,2051,1,1,1,1,8,0,True
iter-2-scenario-3532,2481,1,1,1,1,8,2,True
iter-2-scenario-3533,2481,1,1,1,1,8,2,True
iter-2-scenario-3534,2051,1,1,1,1,8,0,True
iter-2-scenario-3535,2481,1,1,1,1,8,2,True
iter-2-scenario-3536,2481,1,1,1,1,8,2,True
iter-2-scenario-3537,2051,1,1,1,1,8,0,True
iter-2-scenario-3538,2481,1,1,1,1,8,2,True
iter-2-scenario-3539,2481,1,1,1,1,8,2,True
iter-2-scenario-354,2051,1,1,1,1,8,0,True
iter-2-scenario-3540,2051,1,1,1,1,8,0,True
iter-2-scenario-3541,2481,1,1,1,1,8,2,True
iter-2-scenario-3542,2481,1,1,1,1,8,2,True
iter-2-scenario-3543,2051,1,1,1,1,8,0,True
iter-2-scenario-3544,2481,1,1,1,1,8,2,True
iter-2-scenario-3545,2481,1,1,1,1,8,2,True
iter-2-scenario-3546,2051,1,1,1,1,8,0,True
iter-2-scenario-3547,2481,1,1,1,1,8,2,True
iter-2-scenario-3548,2481,1,1,1,1,8,2,True
iter-2-scenario-3549,2051,1,1,1,1,8,0,True
iter-2-scenario-355,2481,1,1,1,1,8,2,True
iter-2-scenario-3550,2481,1,1,1,1,8,2,True
iter-2-scenario-3551,2481,1,1,1,1,8,2,True
iter-2-scenario-3552,2051,1,1,1,1,8,0,True
iter-2-scenario-3553,2481,1,1,1,1,8,2,True
iter-2-scenario-3554,2481,1,1,1,1,8,2,True
iter-2-scenario-3555,2051,1,1,1,1,8,0,True
iter-2-scenario-3556,2481,1,1,1,1,8,2,True
iter-2-scenario-3557,2481,1,1,1,1,8,2,True
iter-2-scenario-3558,2051,1,1,1,1,8,0,True
iter-2-scenario-3559,2481,1,1,1,1,8,2,True
iter-2-scenario-356,2481,1,1,1,1,8,2,True
iter-2-scenario-3560,2481,1,1,1,1,8,2,True
iter-2-scenario-3561,2051,1,1,1,1,8,0,True
iter-2-scenario-3562,2481,1,1,1,1,8,2,True
iter-2-scenario-3563,2481,1,1,1,1,8,2,True
iter-2-scenario-3564,2051,1,1,1,1,8,0,True
iter-2-scenario-3565,2481,1,1,1,1,8,2,True
iter-2-scenario-3566,2481,1,1,1,1,8,2,True
iter-2-scenario-3567,2051,1,1,1,1,8,0,True
iter-2-scenario-3568,2481,1,1,1,1,8,2,True
iter-2-scenario-3569,2481,1,1,1,1,8,2,True
iter-2-scenario-357,2051,1,1,1,1,8,0,True
iter-2-scenario-3570,2051,1,1,1,1,8,0,True
iter-2-scenario-3571,2481,1,1,1,1,8,2,True
iter-2-scenario-3572,2481,1,1,1,1,8,2,True
iter-2-scenario-3573,2051,1,1,1,1,8,0,True
iter-2-scenario-3574,2481,1,1,1,1,8,2,True
iter-2-scenario-3575,2481,1,1,1,1,8,2,True
iter-2-scenario-3576,2051,1,1,1,1,8,0,True
iter-2-scenario-3577,2481,1,1,1,1,8,2,True
iter-2-scenario-3578,2481,1,1,1,1,8,2,True
iter-2-scenario-3579,2051,1,1,1,1,8,0,True
iter-2-scenario-358,2481,1,1,1,1,8,2,True
iter-2-scenario-3580,2481,1,1,1,1,8,2,True
iter-2-scenario-3581,2481,1,1,1,1,8,2,True
iter-2-scenario-3582,2051,1,1,1,1,8,0,True
iter-2-scenario-3583,2481,1,1,1,1,8,2,True
iter-2-scenario-3584,2481,1,1,1,1,8,2,True
iter-2-scenario-3585,2051,1,1,1,1,8,0,True
iter-2-scenario-3586,2481,1,1,1,1,8,2,True
iter-2-scenario-3587,2481,1,1,1,1,8,2,True
iter-2-scenario-3588,2051,1,1,1,1,8,0,True
iter-2-scenario-3589,2481,1,1,1,1,8,2,True
iter-2-scenario-359,2481,1,1,1,1,8,2,True
iter-2-scenario-3590,2481,1,1,1,1,8,2,True
iter-2-scenario-3591,2051,1,1,1,1,8,0,True
iter-2-scenario-3592,2481,1,1,1,1,8,2,True
iter-2-scenario-3593,2481,1,1,1,1,8,2,True
iter-2-scenario-3594,2051,1,1,1,1,8,0,True
iter-2-scenario-3595,2481,1,1,1,1,8,2,True
iter-2-scenario-3596,2481,1,1,1,1,8,2,True
iter-2-scenario-3597,2051,1,1,1,1,8,0,True
iter-2-scenario-3598,2481,1,1,1,1,8,2,True
iter-2-scenario-3599,2481,1,1,1,1,8,2,True
iter-2-scenario-36,2051,1,1,1,1,8,0,True
iter-2-scenario-360,2051,1,1,1,1,8,0,True
iter-2-scenario-3600,2051,1,1,1,1,8,0,True
iter-2-scenario-3601,2481,1,1,1,1,8,2,True
iter-2-scenario-3602,2481,1,1,1,1,8,2,True
iter-2-scenario-3603,2051,1,1,1,1,8,0,True
iter-2-scenario-3604,2481,1,1,1,1,8,2,True
iter-2-scenario-3605,2481,1,1,1,1,8,2,True
iter-2-scenario-3606,2051,1,1,1,1,8,0,True
iter-2-scenario-3607,2481,1,1,1,1,8,2,True
iter-2-scenario-3608,2481,1,1,1,1,8,2,True
iter-2-scenario-3609,2051,1,1,1,1,8,0,True
iter-2-scenario-361,2481,1,1,1,1,8,2,True
iter-2-scenario-3610,2481,1,1,1,1,8,2,True
iter-2-scenario-3611,2481,1,1,1,1,8,2,True
iter-2-scenario-3612,2051,1,1,1,1,8,0,True
iter-2-scenario-3613,2481,1,1,1,1,8,2,True
iter-2-scenario-3614,2481,1,1,1,1,8,2,True
iter-2-scenario-3615,2051,1,1,1,1,8,0,True
iter-2-scenario-3616,2481,1,1,1,1,8,2,True
iter-2-scenario-3617,2481,1,1,1,1,8,2,True
iter-2-scenario-3618,2051,1,1,1,1,8,0,True
iter-2-scenario-3619,2481,1,1,1,1,8,2,True
iter-2-scenario-362,2481,1,1,1,1,8,2,True
iter-2-scenario-3620,2481,1,1,1,1,8,2,True
iter-2-scenario-3621,2051,1,1,1,1,8,0,True
iter-2-scenario-3622,2481,1,1,1,1,8,2,True
iter-2-scenario-3623,2481,1,1,1,1,8,2,True
iter-2-scenario-3624,2051,1,1,1,1,8,0,True
iter-2-scenario-3625,2481,1,1,1,1,8,2,True
iter-2-scenario-3626,2481,1,1,1,1,8,2,True
iter-2-scenario-3627,2051,1,1,1,1,8,0,True
iter-2-scenario-3628,2481,1,1,1,1,8,2,True
iter-2-scenario-3629,2481,1,1,1,1,8,2,True
iter-2-scenario-363,2051,1,1,1,1,8,0,True
iter-2-scenario-3630,2051,1,1,1,1,8,0,True
iter-2-scenario-3631,2481,1,1,1,1,8,2,True
iter-2-scenario-3632,2481,1,1,1,1,8,2,True
iter-2-scenario-3633,2051,1,1,1,1,8,0,True
iter-2-scenario-3634,2481,1,1,1,1,8,2,True
iter-2-scenario-3635,2481,1,1,1,1,8,2,True
iter-2-scenario-3636,2051,1,1,1,1,8,0,True
iter-2-scenario-3637,2481,1,1,1,1,8,2,True
iter-2-scenario-3638,2481,1,1,1,1,8,2,True
iter-2-scenario-3639,2051,1,1,1,1,8,0,True
iter-2-scenario-364,2481,1,1,1,1,8,2,True
iter-2-scenario-3640,2481,1,1,1,1,8,2,True
iter-2-scenario-3641,2481,1,1,1,1,8,2,True
iter-2-scenario-3642,2051,1,1,1,1,8,0,True
iter-2-scenario-3643,2481,1,1,1,1,8,2,True
iter-2-scenario-3644,2481,1,1,1,1,8,2,True
iter-2-scenario-3645,2051,1,1,1,1,8,0,True
iter-2-scenario-3646,2481,1,1,1,1,8,2,True
iter-2-scenario-3647,2481,1,1,1,1,8,2,True
iter-2-scenario-3648,2051,1,1,1,1,8,0,True
iter-2-scenario-3649,2481,1,1,1,1,8,2,True
iter-2-scenario-365,2481,1,1,1,1,8,2,True
iter-2-scenario-3650,2481,1,1,1,1,8,2,True
iter-2-scenario-3651,2051,1,1,1,1,8,0,True
iter-2-scenario-3652,2481,1,1,1,1,8,2,True
iter-2-scenario-3653,2481,1,1,1,1,8,2,True
iter-2-scenario-3654,2051,1,1,1,1,8,0,True
iter-2-scenario-3655,2481,1,1,1,1,8,2,True
iter-2-scenario-3656,2481,1,1,1,1,8,2,True
iter-2-scenario-3657,2051,1,1,1,1,8,0,True
iter-2-scenario-3658,2481,1,1,1,1,8,2,True
iter-2-scenario-3659,2481,1,1,1,1,8,2,True
iter-2-scenario-366,2051,1,1,1,1,8,0,True
iter-2-scenario-3660,2051,1,1,1,1,8,0,True
iter-2-scenario-3661,2481,1,1,1,1,8,2,True
iter-2-scenario-3662,2481,1,1,1,1,8,2,True
iter-2-scenario-3663,2051,1,1,1,1,8,0,True
iter-2-scenario-3664,2481,1,1,1,1,8,2,True
iter-2-scenario-3665,2481,1,1,1,1,8,2,True
iter-2-scenario-3666,2051,1,1,1,1,8,0,True
iter-2-scenario-3667,2481,1,1,1,1,8,2,True
iter-2-scenario-3668,2481,1,1,1,1,8,2,True
iter-2-scenario-3669,2051,1,1,1,1,8,0,True
iter-2-scenario-367,2481,1,1,1,1,8,2,True
iter-2-scenario-3670,2481,1,1,1,1,8,2,True
iter-2-scenario-3671,2481,1,1,1,1,8,2,True
iter-2-scenario-3672,2051,1,1,1,1,8,0,True
iter-2-scenario-3673,2481,1,1,1,1,8,2,True
iter-2-scenario-3674,2481,1,1,1,1,8,2,True
iter-2-scenario-3675,2051,1,1,1,1,8,0,True
iter-2-scenario-3676,2481,1,1,1,1,8,2,True
iter-2-scenario-3677,2481,1,1,1,1,8,2,True
iter-2-scenario-3678,2051,1,1,1,1,8,0,True
iter-2-scenario-3679,2481,1,1,1,1,8,2,True
iter-2-scenario-368,2481,1,1,1,1,8,2,True
iter-2-scenario-3680,2481,1,1,1,1,8,2,True
iter-2-scenario-3681,2051,1,1,1,1,8,0,True
iter-2-scenario-3682,2481,1,1,1,1,8,2,True
iter-2-scenario-3683,2481,1,1,1,1,8,2,True
iter-2-scenario-3684,2051,1,1,1,1,8,0,True
iter-2-scenario-3685,2481,1,1,1,1,8,2,True
iter-2-scenario-3686,2481,1,1,1,1,8,2,True
iter-2-scenario-3687,2051,1,1,1,1,8,0,True
iter-2-scenario-3688,2481,1,1,1,1,8,2,True
iter-2-scenario-3689,2481,1,1,1,1,8,2,True
iter-2-scenario-369,2051,1,1,1,1,8,0,True
iter-2-scenario-3690,2051,1,1,1,1,8,0,True
iter-2-scenario-3691,2481,1,1,1,1,8,2,True
iter-2-scenario-3692,2481,1,1,1,1,8,2,True
iter-2-scenario-3693,2051,1,1,1,1,8,0,True
iter-2-scenario-3694,2481,1,1,1,1,8,2,True
iter-2-scenario-3695,2481,1,1,1,1,8,2,True
iter-2-scenario-3696,2051,1,1,1,1,8,0,True
iter-2-scenario-3697,2481,1,1,1,1,8,2,True
iter-2-scenario-3698,2481,1,1,1,1,8,2,True
iter-2-scenario-3699,2051,1,1,1,1,8,0,True
iter-2-scenario-37,2481,1,1,1,1,8,2,True
iter-2-scenario-370,2481,1,1,1,1,8,2,True
iter-2-scenario-3700,2481,1,1,1,1,8,2,True
iter-2-scenario-3701,2481,1,1,1,1,8,2,True
iter-2-scenario-3702,2051,1,1,1,1,8,0,True
iter-2-scenario-3703,2481,1,1,1,1,8,2,True
iter-2-scenario-3704,2481,1,1,1,1,8,2,True
iter-2-scenario-3705,2051,1,1,1,1,8,0,True
iter-2-scenario-3706,2481,1,1,1,1,8,2,True
iter-2-scenario-3707,2481,1,1,1,1,8,2,True
iter-2-scenario-3708,2051,1,1,1,1,8,0,True
iter-2-scenario-3709,2481,1,1,1,1,8,2,True
iter-2-scenario-371,2481,1,1,1,1,8,2,True
iter-2-scenario-3710,2481,1,1,1,1,8,2,True
iter-2-scenario-3711,2051,1,1,1,1,8,0,True
iter-2-scenario-3712,2481,1,1,1,1,8,2,True
iter-2-scenario-3713,2481,1,1,1,1,8,2,True
iter-2-scenario-3714,2051,1,1,1,1,8,0,True
iter-2-scenario-3715,2481,1,1,1,1,8,2,True
iter-2-scenario-3716,2481,1,1,1,1,8,2,True
iter-2-scenario-3717,2051,1,1,1,1,8,0,True
iter-2-scenario-3718,2481,1,1,1,1,8,2,True
iter-2-scenario-3719,2481,1,1,1,1,8,2,True
iter-2-scenario-372,2051,1,1,1,1,8,0,True
iter-2-scenario-3720,2051,1,1,1,1,8,0,True
iter-2-scenario-3721,2481,1,1,1,1,8,2,True
iter-2-scenario-3722,2481,1,1,1,1,8,2,True
iter-2-scenario-3723,2051,1,1,1,1,8,0,True
iter-2-scenario-3724,2481,1,1,1,1,8,2,True
iter-2-scenario-3725,2481,1,1,1,1,8,2,True
iter-2-scenario-3726,2051,1,1,1,1,8,0,True
iter-2-scenario-3727,2481,1,1,1,1,8,2,True
iter-2-scenario-3728,2481,1,1,1,1,8,2,True
iter-2-scenario-3729,2051,1,1,1,1,8,0,True
iter-2-scenario-373,2481,1,1,1,1,8,2,True
iter-2-scenario-3730,2481,1,1,1,1,8,2,True
iter-2-scenario-3731,2481,1,1,1,1,8,2,True
iter-2-scenario-3732,2051,1,1,1,1,8,0,True
iter-2-scenario-3733,2481,1,1,1,1,8,2,True
iter-2-scenario-3734,2481,1,1,1,1,8,2,True
iter-2-scenario-3735,2051,1,1,1,1,8,0,True
iter-2-scenario-3736,2481,1,1,1,1,8,2,True
iter-2-scenario-3737,2481,1,1,1,1,8,2,True
iter-2-scenario-3738,2051,1,1,1,1,8,0,True
iter-2-scenario-3739,2481,1,1,1,1,8,2,True
iter-2-scenario-374,2481,1,1,1,1,8,2,True
iter-2-scenario-3740,2481,1,1,1,1,8,2,True
iter-2-scenario-3741,2051,1,1,1,1,8,0,True
iter-2-scenario-3742,2481,1,1,1,1,8,2,True
iter-2-scenario-3743,2481,1,1,1,1,8,2,True
iter-2-scenario-3744,2051,1,1,1,1,8,0,True
iter-2-scenario-3745,2481,1,1,1,1,8,2,True
iter-2-scenario-3746,2481,1,1,1,1,8,2,True
iter-2-scenario-3747,2051,1,1,1,1,8,0,True
iter-2-scenario-3748,2481,1,1,1,1,8,2,True
iter-2-scenario-3749,2481,1,1,1,1,8,2,True
iter-2-scenario-375,2051,1,1,1,1,8,0,True
iter-2-scenario-3750,2051,1,1,1,1,8,0,True
iter-2-scenario-3751,2481,1,1,1,1,8,2,True
iter-2-scenario-3752,2481,1,1,1,1,8,2,True
iter-2-scenario-3753,2051,1,1,1,1,8,0,True
iter-2-scenario-3754,2481,1,1,1,1,8,2,True
iter-2-scenario-3755,2481,1,1,1,1,8,2,True
iter-2-scenario-3756,2051,1,1,1,1,8,0,True
iter-2-scenario-3757,2481,1,1,1,1,8,2,True
iter-2-scenario-3758,2481,1,1,1,1,8,2,True
iter-2-scenario-3759,2051,1,1,1,1,8,0,True
iter-2-scenario-376,2481,1,1,1,1,8,2,True
iter-2-scenario-3760,2481,1,1,1,1,8,2,True
iter-2-scenario-3761,2481,1,1,1,1,8,2,True
iter-2-scenario-3762,2051,1,1,1,1,8,0,True
iter-2-scenario-3763,2481,1,1,1,1,8,2,True
iter-2-scenario-3764,2481,1,1,1,1,8,2,True
iter-2-scenario-3765,2051,1,1,1,1,8,0,True
iter-2-scenario-3766,2481,1,1,1,1,8,2,True
iter-2-scenario-3767,2481,1,1,1,1,8,2,True
iter-2-scenario-3768,2051,1,1,1,1,8,0,True
iter-2-scenario-3769,2481,1,1,1,1,8,2,True
iter-2-scenario-377,2481,1,1,1,1,8,2,True
iter-2-scenario-3770,2481,1,1,1,1,8,2,True
iter-2-scenario-3771,2051,1,1,1,1,8,0,True
iter-2-scenario-3772,2481,1,1,1,1,8,2,True
iter-2-scenario-3773,2481,1,1,1,1,8,2,True
iter-2-scenario-3774,2051,1,1,1,1,8,0,True
iter-2-scenario-3775,2481,1,1,1,1,8,2,True
iter-2-scenario-3776,2481,1,1,1,1,8,2,True
iter-2-scenario-3777,2051,1,1,1,1,8,0,True
iter-2-scenario-3778,2481,1,1,1,1,8,2,True
iter-2-scenario-3779,2481,1,1,1,1,8,2,True
iter-2-scenario-378,2051,1,1,1,1,8,0,True
iter-2-scenario-3780,2051,1,1,1,1,8,0,True
iter-2-scenario-3781,2481,1,1,1,1,8,2,True
iter-2-scenario-3782,2481,1,1,1,1,8,2,True
iter-2-scenario-3783,2051,1,1,1,1,8,0,True
iter-2-scenario-3784,2481,1,1,1,1,8,2,True
iter-2-scenario-3785,2481,1,1,1,1,8,2,True
iter-2-scenario-3786,2051,1,1,1,1,8,0,True
iter-2-scenario-3787,2481,1,1,1,1,8,2,True
iter-2-scenario-3788,2481,1,1,1,1,8,2,True
iter-2-scenario-3789,2051,1,1,1,1,8,0,True
iter-2-scenario-379,2481,1,1,1,1,8,2,True
iter-2-scenario-3790,2481,1,1,1,1,8,2,True
iter-2-scenario-3791,2481,1,1,1,1,8,2,True
iter-2-scenario-3792,2051,1,1,1,1,8,0,True
iter-2-scenario-3793,2481,1,1,1,1,8,2,True
iter-2-scenario-3794,2481,1,1,1,1,8,2,True
iter-2-scenario-3795,2051,1,1,1,1,8,0,True
iter-2-scenario-3796,2481,1,1,1,1,8,2,True
iter-2-scenario-3797,2481,1,1,1,1,8,2,True
iter-2-scenario-3798,2051,1,1,1,1,8,0,True
iter-2-scenario-3799,2481,1,1,1,1,8,2,True
iter-2-scenario-38,2481,1,1,1,1,8,2,True
iter-2-scenario-380,2481,1,1,1,1,8,2,True
iter-2-scenario-3800,2481,1,1,1,1,8,2,True
iter-2-scenario-3801,2051,1,1,1,1,8,0,True
iter-2-scenario-3802,2481,1,1,1,1,8,2,True
iter-2-scenario-3803,2481,1,1,1,1,8,2,True
iter-2-scenario-3804,2051,1,1,1,1,8,0,True
iter-2-scenario-3805,2481,1,1,1,1,8,2,True
iter-2-scenario-3806,2481,1,1,1,1,8,2,True
iter-2-scenario-3807,2051,1,1,1,1,8,0,True
iter-2-scenario-3808,2481,1,1,1,1,8,2,True
iter-2-scenario-3809,2481,1,1,1,1,8,2,True
iter-2-scenario-381,2051,1,1,1,1,8,0,True
iter-2-scenario-3810,2051,1,1,1,1,8,0,True
iter-2-scenario-3811,2481,1,1,1,1,8,2,True
iter-2-scenario-3812,2481,1,1,1,1,8,2,True
iter-2-scenario-3813,2051,1,1,1,1,8,0,True
iter-2-scenario-3814,2481,1,1,1,1,8,2,True
iter-2-scenario-3815,2481,1,1,1,1,8,2,True
iter-2-scenario-3816,2051,1,1,1,1,8,0,True
iter-2-scenario-3817,2481,1,1,1,1,8,2,True
iter-2-scenario-3818,2481,1,1,1,1,8,2,True
iter-2-scenario-3819,2051,1,1,1,1,8,0,True
iter-2-scenario-382,2481,1,1,1,1,8,2,True
iter-2-scenario-3820,2481,1,1,1,1,8,2,True
iter-2-scenario-3821,2481,1,1,1,1,8,2,True
iter-2-scenario-3822,2051,1,1,1,1,8,0,True
iter-2-scenario-3823,2481,1,1,1,1,8,2,True
iter-2-scenario-3824,2481,1,1,1,1,8,2,True
iter-2-scenario-3825,2051,1,1,1,1,8,0,True
iter-2-scenario-3826,2481,1,1,1,1,8,2,True
iter-2-scenario-3827,2481,1,1,1,1,8,2,True
iter-2-scenario-3828,2051,1,1,1,1,8,0,True
iter-2-scenario-3829,2481,1,1,1,1,8,2,True
iter-2-scenario-383,2481,1,1,1,1,8,2,True
iter-2-scenario-3830,2481,1,1,1,1,8,2,True
iter-2-scenario-3831,2051,1,1,1,1,8,0,True
iter-2-scenario-3832,2481,1,1,1,1,8,2,True
iter-2-scenario-3833,2481,1,1,1,1,8,2,True
iter-2-scenario-3834,2051,1,1,1,1,8,0,True
iter-2-scenario-3835,2481,1,1,1,1,8,2,True
iter-2-scenario-3836,2481,1,1,1,1,8,2,True
iter-2-scenario-3837,2051,1,1,1,1,8,0,True
iter-2-scenario-3838,2481,1,1,1,1,8,2,True
iter-2-scenario-3839,2481,1,1,1,1,8,2,True
iter-2-scenario-384,2051,1,1,1,1,8,0,True
iter-2-scenario-3840,2051,1,1,1,1,8,0,True
iter-2-scenario-3844,2481,1,1,1,1,8,2,True
iter-2-scenario-3845,2481,1,1,1,1,8,2,True
iter-2-scenario-3846,2051,1,1,1,1,8,0,True
iter-2-scenario-3847,2481,1,1,1,1,8,2,True
iter-2-scenario-3848,2481,1,1,1,1,8,2,True
iter-2-scenario-3849,2051,1,1,1,1,8,0,True
iter-2-scenario-385,2481,1,1,1,1,8,2,True
iter-2-scenario-3850,2481,1,1,1,1,8,2,True
iter-2-scenario-3851,2481,1,1,1,1,8,2,True
iter-2-scenario-3852,2051,1,1,1,1,8,0,True
iter-2-scenario-3853,2481,1,1,1,1,8,2,True
iter-2-scenario-3854,2481,1,1,1,1,8,2,True
iter-2-scenario-3855,2051,1,1,1,1,8,0,True
iter-2-scenario-3856,2481,1,1,1,1,8,2,True
iter-2-scenario-3857,2481,1,1,1,1,8,2,True
iter-2-scenario-3858,2051,1,1,1,1,8,0,True
iter-2-scenario-3859,2481,1,1,1,1,8,2,True
iter-2-scenario-386,2481,1,1,1,1,8,2,True
iter-2-scenario-3860,2481,1,1,1,1,8,2,True
iter-2-scenario-3861,2051,1,1,1,1,8,0,True
iter-2-scenario-3862,2481,1,1,1,1,8,2,True
iter-2-scenario-3863,2481,1,1,1,1,8,2,True
iter-2-scenario-3864,2051,1,1,1,1,8,0,True
iter-2-scenario-3865,2481,1,1,1,1,8,2,True
iter-2-scenario-3866,2481,1,1,1,1,8,2,True
iter-2-scenario-3867,2051,1,1,1,1,8,0,True
iter-2-scenario-3868,2481,1,1,1,1,8,2,True
iter-2-scenario-3869,2481,1,1,1,1,8,2,True
iter-2-scenario-387,2051,1,1,1,1,8,0,True
iter-2-scenario-3870,2051,1,1,1,1,8,0,True
iter-2-scenario-3871,2481,1,1,1,1,8,2,True
iter-2-scenario-3872,2481,1,1,1,1,8,2,True
iter-2-scenario-3873,2051,1,1,1,1,8,0,True
iter-2-scenario-3874,2481,1,1,1,1,8,2,True
iter-2-scenario-3875,2481,1,1,1,1,8,2,True
iter-2-scenario-3876,2051,1,1,1,1,8,0,True
iter-2-scenario-3877,2481,1,1,1,1,8,2,True
iter-2-scenario-3878,2481,1,1,1,1,8,2,True
iter-2-scenario-3879,2051,1,1,1,1,8,0,True
iter-2-scenario-388,2481,1,1,1,1,8,2,True
iter-2-scenario-3880,2481,1,1,1,1,8,2,True
iter-2-scenario-3881,2481,1,1,1,1,8,2,True
iter-2-scenario-3882,2051,1,1,1,1,8,0,True
iter-2-scenario-3883,2481,1,1,1,1,8,2,True
iter-2-scenario-3884,2481,1,1,1,1,8,2,True
iter-2-scenario-3885,2051,1,1,1,1,8,0,True
iter-2-scenario-3886,2481,1,1,1,1,8,2,True
iter-2-scenario-3887,2481,1,1,1,1,8,2,True
iter-2-scenario-3888,2051,1,1,1,1,8,0,True
iter-2-scenario-3889,2481,1,1,1,1,8,2,True
iter-2-scenario-389,2481,1,1,1,1,8,2,True
iter-2-scenario-3890,2481,1,1,1,1,8,2,True
iter-2-scenario-3891,2051,1,1,1,1,8,0,True
iter-2-scenario-3892,2481,1,1,1,1,8,2,True
iter-2-scenario-3893,2481,1,1,1,1,8,2,True
iter-2-scenario-3894,2051,1,1,1,1,8,0,True
iter-2-scenario-3895,2481,1,1,1,1,8,2,True
iter-2-scenario-3896,2481,1,1,1,1,8,2,True
iter-2-scenario-3897,2051,1,1,1,1,8,0,True
iter-2-scenario-3898,2481,1,1,1,1,8,2,True
iter-2-scenario-3899,2481,1,1,1,1,8,2,True
iter-2-scenario-39,2051,1,1,1,1,8,0,True
iter-2-scenario-390,2051,1,1,1,1,8,0,True
iter-2-scenario-3900,2051,1,1,1,1,8,0,True
iter-2-scenario-3901,2481,1,1,1,1,8,2,True
iter-2-scenario-3902,2481,1,1,1,1,8,2,True
iter-2-scenario-3903,2051,1,1,1,1,8,0,True
iter-2-scenario-3904,2481,1,1,1,1,8,2,True
iter-2-scenario-3905,2481,1,1,1,1,8,2,True
iter-2-scenario-3906,2051,1,1,1,1,8,0,True
iter-2-scenario-3907,2481,1,1,1,1,8,2,True
iter-2-scenario-3908,2481,1,1,1,1,8,2,True
iter-2-scenario-3909,2051,1,1,1,1,8,0,True
iter-2-scenario-391,2481,1,1,1,1,8,2,True
iter-2-scenario-3910,2481,1,1,1,1,8,2,True
iter-2-scenario-3911,2481,1,1,1,1,8,2,True
iter-2-scenario-3912,2051,1,1,1,1,8,0,True
iter-2-scenario-3913,2481,1,1,1,1,8,2,True
iter-2-scenario-3914,2481,1,1,1,1,8,2,True
iter-2-scenario-3915,2051,1,1,1,1,8,0,True
iter-2-scenario-3916,2481,1,1,1,1,8,2,True
iter-2-scenario-3917,2481,1,1,1,1,8,2,True
iter-2-scenario-3918,2051,1,1,1,1,8,0,True
iter-2-scenario-3919,2481,1,1,1,1,8,2,True
iter-2-scenario-392,2481,1,1,1,1,8,2,True
iter-2-scenario-3920,2481,1,1,1,1,8,2,True
iter-2-scenario-3921,2051,1,1,1,1,8,0,True
iter-2-scenario-3922,2481,1,1,1,1,8,2,True
iter-2-scenario-3923,2481,1,1,1,1,8,2,True
iter-2-scenario-3924,2051,1,1,1,1,8,0,True
iter-2-scenario-3925,2481,1,1,1,1,8,2,True
iter-2-scenario-3926,2481,1,1,1,1,8,2,True
iter-2-scenario-3927,2051,1,1,1,1,8,0,True
iter-2-scenario-3928,2481,1,1,1,1,8,2,True
iter-2-scenario-3929,2481,1,1,1,1,8,2,True
iter-2-scenario-393,2051,1,1,1,1,8,0,True
iter-2-scenario-3930,2051,1,1,1,1,8,0,True
iter-2-scenario-3931,2481,1,1,1,1,8,2,True
iter-2-scenario-3932,2481,1,1,1,1,8,2,True
iter-2-scenario-3933,2051,1,1,1,1,8,0,True
iter-2-scenario-3934,2481,1,1,1,1,8,2,True
iter-2-scenario-3935,2481,1,1,1,1,8,2,True
iter-2-scenario-3936,2051,1,1,1,1,8,0,True
iter-2-scenario-3937,2481,1,1,1,1,8,2,True
iter-2-scenario-3938,2481,1,1,1,1,8,2,True
iter-2-scenario-3939,2051,1,1,1,1,8,0,True
iter-2-scenario-394,2481,1,1,1,1,8,2,True
iter-2-scenario-3940,2481,1,1,1,1,8,2,True
iter-2-scenario-3941,2481,1,1,1,1,8,2,True
iter-2-scenario-3942,2051,1,1,1,1,8,0,True
iter-2-scenario-3943,2481,1,1,1,1,8,2,True
iter-2-scenario-3944,2481,1,1,1,1,8,2,True
iter-2-scenario-3945,2051,1,1,1,1,8,0,True
iter-2-scenario-3946,2481,1,1,1,1,8,2,True
iter-2-scenario-3947,2481,1,1,1,1,8,2,True
iter-2-scenario-3948,2051,1,1,1,1,8,0,True
iter-2-scenario-3949,2481,1,1,1,1,8,2,True
iter-2-scenario-395,2481,1,1,1,1,8,2,True
iter-2-scenario-3950,2481,1,1,1,1,8,2,True
iter-2-scenario-3951,2051,1,1,1,1,8,0,True
iter-2-scenario-3952,2481,1,1,1,1,8,2,True
iter-2-scenario-3953,2481,1,1,1,1,8,2,True
iter-2-scenario-3954,2051,1,1,1,1,8,0,True
iter-2-scenario-3955,2481,1,1,1,1,8,2,True
iter-2-scenario-3956,2481,1,1,1,1,8,2,True
iter-2-scenario-3957,2051,1,1,1,1,8,0,True
iter-2-scenario-3958,2481,1,1,1,1,8,2,True
iter-2-scenario-3959,2481,1,1,1,1,8,2,True
iter-2-scenario-396,2051,1,1,1,1,8,0,True
iter-2-scenario-3960,2051,1,1,1,1,8,0,True
iter-2-scenario-3961,2481,1,1,1,1,8,2,True
iter-2-scenario-3962,2481,1,1,1,1,8,2,True
iter-2-scenario-3963,2051,1,1,1,1,8,0,True
iter-2-scenario-3964,2481,1,1,1,1,8,2,True
iter-2-scenario-3965,2481,1,1,1,1,8,2,True
iter-2-scenario-3966,2051,1,1,1,1,8,0,True
iter-2-scenario-3967,2481,1,1,1,1,8,2,True
iter-2-scenario-3968,2481,1,1,1,1,8,2,True
iter-2-scenario-3969,2051,1,1,1,1,8,0,True
iter-2-scenario-397,2481,1,1,1,1,8,2,True
iter-2-scenario-3970,2481,1,1,1,1,8,2,True
iter-2-scenario-3971,2481,1,1,1,1,8,2,True
iter-2-scenario-3972,2051,1,1,1,1,8,0,True
iter-2-scenario-3973,2481,1,1,1,1,8,2,True
iter-2-scenario-3974,2481,1,1,1,1,8,2,True
iter-2-scenario-3975,2051,1,1,1,1,8,0,True
iter-2-scenario-3976,2481,1,1,1,1,8,2,True
iter-2-scenario-3977,2481,1,1,1,1,8,2,True
iter-2-scenario-3978,2051,1,1,1,1,8,0,True
iter-2-scenario-3979,2481,1,1,1,1,8,2,True
iter-2-scenario-398,2481,1,1,1,1,8,2,True
iter-2-scenario-3980,2481,1,1,1,1,8,2,True
iter-2-scenario-3981,2051,1,1,1,1,8,0,True
iter-2-scenario-3982,2481,1,1,1,1,8,2,True
iter-2-scenario-3983,2481,1,1,1,1,8,2,True
iter-2-scenario-3984,2051,1,1,1,1,8,0,True
iter-2-scenario-3985,2481,1,1,1,1,8,2,True
iter-2-scenario-3986,2481,1,1,1,1,8,2,True
iter-2-scenario-3987,2051,1,1,1,1,8,0,True
iter-2-scenario-3988,2481,1,1,1,1,8,2,True
iter-2-scenario-3989,2481,1,1,1,1,8,2,True
iter-2-scenario-399,2051,1,1,1,1,8,0,True
iter-2-scenario-3990,2051,1,1,1,1,8,0,True
iter-2-scenario-3991,2481,1,1,1,1,8,2,True
iter-2-scenario-3992,2481,1,1,1,1,8,2,True
iter-2-scenario-3993,2051,1,1,1,1,8,0,True
iter-2-scenario-3994,2481,1,1,1,1,8,2,True
iter-2-scenario-3995,2481,1,1,1,1,8,2,True
iter-2-scenario-3996,2051,1,1,1,1,8,0,True
iter-2-scenario-3997,2481,1,1,1,1,8,2,True
iter-2-scenario-3998,2481,1,1,1,1,8,2,True
iter-2-scenario-3999,2051,1,1,1,1,8,0,True
iter-2-scenario-4,2481,1,1,1,1,8,2,True
iter-2-scenario-40,2481,1,1,1,1,8,2,True
iter-2-scenario-400,2481,1,1,1,1,8,2,True
iter-2-scenario-4000,2481,1,1,1,1,8,2,True
iter-2-scenario-4001,2481,1,1,1,1,8,2,True
iter-2-scenario-4002,2051,1,1,1,1,8,0,True
iter-2-scenario-4003,2481,1,1,1,1,8,2,True
iter-2-scenario-4004,2481,1,1,1,1,8,2,True
iter-2-scenario-4005,2051,1,1,1,1,8,0,True
iter-2-scenario-4006,2481,1,1,1,1,8,2,True
iter-2-scenario-4007,2481,1,1,1,1,8,2,True
iter-2-scenario-4008,2051,1,1,1,1,8,0,True
iter-2-scenario-4009,2481,1,1,1,1,8,2,True
iter-2-scenario-401,2481,1,1,1,1,8,2,True
iter-2-scenario-4010,2481,1,1,1,1,8,2,True
iter-2-scenario-4011,2051,1,1,1,1,8,0,True
iter-2-scenario-4012,2481,1,1,1,1,8,2,True
iter-2-scenario-4013,2481,1,1,1,1,8,2,True
iter-2-scenario-4014,2051,1,1,1,1,8,0,True
iter-2-scenario-4015,2481,1,1,1,1,8,2,True
iter-2-scenario-4016,2481,1,1,1,1,8,2,True
iter-2-scenario-4017,2051,1,1,1,1,8,0,True
iter-2-scenario-4018,2481,1,1,1,1,8,2,True
iter-2-scenario-4019,2481,1,1,1,1,8,2,True
iter-2-scenario-402,2051,1,1,1,1,8,0,True
iter-2-scenario-4020,2051,1,1,1,1,8,0,True
iter-2-scenario-4021,2481,1,1,1,1,8,2,True
iter-2-scenario-4022,2481,1,1,1,1,8,2,True
iter-2-scenario-4023,2051,1,1,1,1,8,0,True
iter-2-scenario-4024,2481,1,1,1,1,8,2,True
iter-2-scenario-4025,2481,1,1,1,1,8,2,True
iter-2-scenario-4026,2051,1,1,1,1,8,0,True
iter-2-scenario-4027,2481,1,1,1,1,8,2,True
iter-2-scenario-4028,2481,1,1,1,1,8,2,True
iter-2-scenario-4029,2051,1,1,1,1,8,0,True
iter-2-scenario-403,2481,1,1,1,1,8,2,True
iter-2-scenario-4030,2481,1,1,1,1,8,2,True
iter-2-scenario-4031,2481,1,1,1,1,8,2,True
iter-2-scenario-4032,2051,1,1,1,1,8,0,True
iter-2-scenario-4033,2481,1,1,1,1,8,2,True
iter-2-scenario-4034,2481,1,1,1,1,8,2,True
iter-2-scenario-4035,2051,1,1,1,1,8,0,True
iter-2-scenario-4036,2481,1,1,1,1,8,2,True
iter-2-scenario-4037,2481,1,1,1,1,8,2,True
iter-2-scenario-4038,2051,1,1,1,1,8,0,True
iter-2-scenario-4039,2481,1,1,1,1,8,2,True
iter-2-scenario-404,2481,1,1,1,1,8,2,True
iter-2-scenario-4040,2481,1,1,1,1,8,2,True
iter-2-scenario-4041,2051,1,1,1,1,8,0,True
iter-2-scenario-4042,2481,1,1,1,1,8,2,True
iter-2-scenario-4043,2481,1,1,1,1,8,2,True
iter-2-scenario-4044,2051,1,1,1,1,8,0,True
iter-2-scenario-4045,2481,1,1,1,1,8,2,True
iter-2-scenario-4046,2481,1,1,1,1,8,2,True
iter-2-scenario-4047,2051,1,1,1,1,8,0,True
iter-2-scenario-4048,2481,1,1,1,1,8,2,True
iter-2-scenario-4049,2481,1,1,1,1,8,2,True
iter-2-scenario-405,2051,1,1,1,1,8,0,True
iter-2-scenario-4050,2051,1,1,1,1,8,0,True
iter-2-scenario-4051,2481,1,1,1,1,8,2,True
iter-2-scenario-4052,2481,1,1,1,1,8,2,True
iter-2-scenario-4053,2051,1,1,1,1,8,0,True
iter-2-scenario-4054,2481,1,1,1,1,8,2,True
iter-2-scenario-4055,2481,1,1,1,1,8,2,True
iter-2-scenario-4056,2051,1,1,1,1,8,0,True
iter-2-scenario-4057,2481,1,1,1,1,8,2,True
iter-2-scenario-4058,2481,1,1,1,1,8,2,True
iter-2-scenario-4059,2051,1,1,1,1,8,0,True
iter-2-scenario-406,2481,1,1,1,1,8,2,True
iter-2-scenario-4060,2481,1,1,1,1,8,2,True
iter-2-scenario-4061,2481,1,1,1,1,8,2,True
iter-2-scenario-4062,2051,1,1,1,1,8,0,True
iter-2-scenario-4063,2481,1,1,1,1,8,2,True
iter-2-scenario-4064,2481,1,1,1,1,8,2,True
iter-2-scenario-4065,2051,1,1,1,1,8,0,True
iter-2-scenario-4066,2481,1,1,1,1,8,2,True
iter-2-scenario-4067,2481,1,1,1,1,8,2,True
iter-2-scenario-4068,2051,1,1,1,1,8,0,True
iter-2-scenario-4069,2481,1,1,1,1,8,2,True
iter-2-scenario-407,2481,1,1,1,1,8,2,True
iter-2-scenario-4070,2481,1,1,1,1,8,2,True
iter-2-scenario-4071,2051,1,1,1,1,8,0,True
iter-2-scenario-4072,2481,1,1,1,1,8,2,True
iter-2-scenario-4073,2481,1,1,1,1,8,2,True
iter-2-scenario-4074,2051,1,1,1,1,8,0,True
iter-2-scenario-4075,2481,1,1,1,1,8,2,True
iter-2-scenario-4076,2481,1,1,1,1,8,2,True
iter-2-scenario-4077,2051,1,1,1,1,8,0,True
iter-2-scenario-4078,2481,1,1,1,1,8,2,True
iter-2-scenario-4079,2481,1,1,1,1,8,2,True
iter-2-scenario-408,2051,1,1,1,1,8,0,True
iter-2-scenario-4080,2051,1,1,1,1,8,0,True
iter-2-scenario-4081,2481,1,1,1,1,8,2,True
iter-2-scenario-4082,2481,1,1,1,1,8,2,True
iter-2-scenario-4083,2051,1,1,1,1,8,0,True
iter-2-scenario-4084,2481,1,1,1,1,8,2,True
iter-2-scenario-4085,2481,1,1,1,1,8,2,True
iter-2-scenario-4086,2051,1,1,1,1,8,0,True
iter-2-scenario-4087,2481,1,1,1,1,8,2,True
iter-2-scenario-4088,2481,1,1,1,1,8,2,True
iter-2-scenario-4089,2051,1,1,1,1,8,0,True
iter-2-scenario-409,2481,1,1,1,1,8,2,True
iter-2-scenario-4090,2481,1,1,1,1,8,2,True
iter-2-scenario-4091,2481,1,1,1,1,8,2,True
iter-2-scenario-4092,2051,1,1,1,1,8,0,True
iter-2-scenario-4093,2481,1,1,1,1,8,2,True
iter-2-scenario-4094,2481,1,1,1,1,8,2,True
iter-2-scenario-4095,2051,1,1,1,1,8,0,True
iter-2-scenario-4096,2481,1,1,1,1,8,2,True
iter-2-scenario-4097,2481,1,1,1,1,8,2,True
iter-2-scenario-4098,2051,1,1,1,1,8,0,True
iter-2-scenario-4099,2481,1,1,1,1,8,2,True
iter-2-scenario-41,2481,1,1,1,1,8,2,True
iter-2-scenario-410,2481,1,1,1,1,8,2,True
iter-2-scenario-4100,2481,1,1,1,1,8,2,True
iter-2-scenario-4101,2051,1,1,1,1,8,0,True
iter-2-scenario-4102,2481,1,1,1,1,8,2,True
iter-2-scenario-4103,2481,1,1,1,1,8,2,True
iter-2-scenario-4104,2051,1,1,1,1,8,0,True
iter-2-scenario-4105,2481,1,1,1,1,8,2,True
iter-2-scenario-4106,2481,1,1,1,1,8,2,True
iter-2-scenario-4107,2051,1,1,1,1,8,0,True
iter-2-scenario-4108,2481,1,1,1,1,8,2,True
iter-2-scenario-4109,2481,1,1,1,1,8,2,True
iter-2-scenario-411,2051,1,1,1,1,8,0,True
iter-2-scenario-4110,2051,1,1,1,1,8,0,True
iter-2-scenario-4111,2481,1,1,1,1,8,2,True
iter-2-scenario-4112,2481,1,1,1,1,8,2,True
iter-2-scenario-4113,2051,1,1,1,1,8,0,True
iter-2-scenario-4114,2481,1,1,1,1,8,2,True
iter-2-scenario-4115,2481,1,1,1,1,8,2,True
iter-2-scenario-4116,2051,1,1,1,1,8,0,True
iter-2-scenario-4117,2481,1,1,1,1,8,2,True
iter-2-scenario-4118,2481,1,1,1,1,8,2,True
iter-2-scenario-4119,2051,1,1,1,1,8,0,True
iter-2-scenario-412,2481,1,1,1,1,8,2,True
iter-2-scenario-4120,2481,1,1,1,1,8,2,True
iter-2-scenario-4121,2481,1,1,1,1,8,2,True
iter-2-scenario-4122,2051,1,1,1,1,8,0,True
iter-2-scenario-4123,2481,1,1,1,1,8,2,True
iter-2-scenario-4124,2481,1,1,1,1,8,2,True
iter-2-scenario-4125,2051,1,1,1,1,8,0,True
iter-2-scenario-4126,2481,1,1,1,1,8,2,True
iter-2-scenario-4127,2481,1,1,1,1,8,2,True
iter-2-scenario-4128,2051,1,1,1,1,8,0,True
iter-2-scenario-4129,2481,1,1,1,1,8,2,True
iter-2-scenario-413,2481,1,1,1,1,8,2,True
iter-2-scenario-4130,2481,1,1,1,1,8,2,True
iter-2-scenario-4131,2051,1,1,1,1,8,0,True
iter-2-scenario-4132,2481,1,1,1,1,8,2,True
iter-2-scenario-4133,2481,1,1,1,1,8,2,True
iter-2-scenario-4134,2051,1,1,1,1,8,0,True
iter-2-scenario-4135,2481,1,1,1,1,8,2,True
iter-2-scenario-4136,2481,1,1,1,1,8,2,True
iter-2-scenario-4137,2051,1,1,1,1,8,0,True
iter-2-scenario-4138,2481,1,1,1,1,8,2,True
iter-2-scenario-4139,2481,1,1,1,1,8,2,True
iter-2-scenario-414,2051,1,1,1,1,8,0,True
iter-2-scenario-4140,2051,1,1,1,1,8,0,True
iter-2-scenario-4141,2481,1,1,1,1,8,2,True
iter-2-scenario-4142,2481,1,1,1,1,8,2,True
iter-2-scenario-4143,2051,1,1,1,1,8,0,True
iter-2-scenario-4144,2481,1,1,1,1,8,2,True
iter-2-scenario-4145,2481,1,1,1,1,8,2,True
iter-2-scenario-4146,2051,1,1,1,1,8,0,True
iter-2-scenario-4147,2481,1,1,1,1,8,2,True
iter-2-scenario-4148,2481,1,1,1,1,8,2,True
iter-2-scenario-4149,2051,1,1,1,1,8,0,True
iter-2-scenario-415,2481,1,1,1,1,8,2,True
iter-2-scenario-4150,2481,1,1,1,1,8,2,True
iter-2-scenario-4151,2481,1,1,1,1,8,2,True
iter-2-scenario-4152,2051,1,1,1,1,8,0,True
iter-2-scenario-4153,2481,1,1,1,1,8,2,True
iter-2-scenario-4154,2481,1,1,1,1,8,2,True
iter-2-scenario-4155,2051,1,1,1,1,8,0,True
iter-2-scenario-4156,2481,1,1,1,1,8,2,True
iter-2-scenario-4157,2481,1,1,1,1,8,2,True
iter-2-scenario-4158,2051,1,1,1,1,8,0,True
iter-2-scenario-4159,2481,1,1,1,1,8,2,True
iter-2-scenario-416,2481,1,1,1,1,8,2,True
iter-2-scenario-4160,2481,1,1,1,1,8,2,True
iter-2-scenario-4161,2051,1,1,1,1,8,0,True
iter-2-scenario-4162,2481,1,1,1,1,8,2,True
iter-2-scenario-4163,2481,1,1,1,1,8,2,True
iter-2-scenario-4164,2051,1,1,1,1,8,0,True
iter-2-scenario-4165,2481,1,1,1,1,8,2,True
iter-2-scenario-4166,2481,1,1,1,1,8,2,True
iter-2-scenario-4167,2051,1,1,1,1,8,0,True
iter-2-scenario-4168,2481,1,1,1,1,8,2,True
iter-2-scenario-4169,2481,1,1,1,1,8,2,True
iter-2-scenario-417,2051,1,1,1,1,8,0,True
iter-2-scenario-4170,2051,1,1,1,1,8,0,True
iter-2-scenario-4171,2481,1,1,1,1,8,2,True
iter-2-scenario-4172,2481,1,1,1,1,8,2,True
iter-2-scenario-4173,2051,1,1,1,1,8,0,True
iter-2-scenario-4174,2481,1,1,1,1,8,2,True
iter-2-scenario-4175,2481,1,1,1,1,8,2,True
iter-2-scenario-4176,2051,1,1,1,1,8,0,True
iter-2-scenario-4177,2481,1,1,1,1,8,2,True
iter-2-scenario-4178,2481,1,1,1,1,8,2,True
iter-2-scenario-4179,2051,1,1,1,1,8,0,True
iter-2-scenario-418,2481,1,1,1,1,8,2,True
iter-2-scenario-4180,2481,1,1,1,1,8,2,True
iter-2-scenario-4181,2481,1,1,1,1,8,2,True
iter-2-scenario-4182,2051,1,1,1,1,8,0,True
iter-2-scenario-4183,2481,1,1,1,1,8,2,True
iter-2-scenario-4184,2481,1,1,1,1,8,2,True
iter-2-scenario-4185,2051,1,1,1,1,8,0,True
iter-2-scenario-4186,2481,1,1,1,1,8,2,True
iter-2-scenario-4187,2481,1,1,1,1,8,2,True
iter-2-scenario-4188,2051,1,1,1,1,8,0,True
iter-2-scenario-4189,2481,1,1,1,1,8,2,True
iter-2-scenario-419,2481,1,1,1,1,8,2,True
iter-2-scenario-4190,2481,1,1,1,1,8,2,True
iter-2-scenario-4191,2051,1,1,1,1,8,0,True
iter-2-scenario-4192,2481,1,1,1,1,8,2,True
iter-2-scenario-4193,2481,1,1,1,1,8,2,True
iter-2-scenario-4194,2051,1,1,1,1,8,0,True
iter-2-scenario-4195,2481,1,1,1,1,8,2,True
iter-2-scenario-4196,2481,1,1,1,1,8,2,True
iter-2-scenario-4197,2051,1,1,1,1,8,0,True
iter-2-scenario-4198,2481,1,1,1,1,8,2,True
iter-2-scenario-4199,2481,1,1,1,1,8,2,True
iter-2-scenario-42,2051,1,1,1,1,8,0,True
iter-2-scenario-420,2051,1,1,1,1,8,0,True
iter-2-scenario-4200,2051,1,1,1,1,8,0,True
iter-2-scenario-4201,2481,1,1,1,1,8,2,True
iter-2-scenario-4202,2481,1,1,1,1,8,2,True
iter-2-scenario-4203,2051,1,1,1,1,8,0,True
iter-2-scenario-4204,2481,1,1,1,1,8,2,True
iter-2-scenario-4205,2481,1,1,1,1,8,2,True
iter-2-scenario-4206,2051,1,1,1,1,8,0,True
iter-2-scenario-4207,2481,1,1,1,1,8,2,True
iter-2-scenario-4208,2481,1,1,1,1,8,2,True
iter-2-scenario-4209,2051,1,1,1,1,8,0,True
iter-2-scenario-421,2481,1,1,1,1,8,2,True
iter-2-scenario-4210,2481,1,1,1,1,8,2,True
iter-2-scenario-4211,2481,1,1,1,1,8,2,True
iter-2-scenario-4212,2051,1,1,1,1,8,0,True
iter-2-scenario-4213,2481,1,1,1,1,8,2,True
iter-2-scenario-4214,2481,1,1,1,1,8,2,True
iter-2-scenario-4215,2051,1,1,1,1,8,0,True
iter-2-scenario-4216,2481,1,1,1,1,8,2,True
iter-2-scenario-4217,2481,1,1,1,1,8,2,True
iter-2-scenario-4218,2051,1,1,1,1,8,0,True
iter-2-scenario-4219,2481,1,1,1,1,8,2,True
iter-2-scenario-422,2481,1,1,1,1,8,2,True
iter-2-scenario-4220,2481,1,1,1,1,8,2,True
iter-2-scenario-4221,2051,1,1,1,1,8,0,True
iter-2-scenario-4222,2481,1,1,1,1,8,2,True
iter-2-scenario-4223,2481,1,1,1,1,8,2,True
iter-2-scenario-4224,2051,1,1,1,1,8,0,True
iter-2-scenario-4225,2481,1,1,1,1,8,2,True
iter-2-scenario-4226,2481,1,1,1,1,8,2,True
iter-2-scenario-4227,2051,1,1,1,1,8,0,True
iter-2-scenario-4228,2481,1,1,1,1,8,2,True
iter-2-scenario-4229,2481,1,1,1,1,8,2,True
iter-2-scenario-423,2051,1,1,1,1,8,0,True
iter-2-scenario-4230,2051,1,1,1,1,8,0,True
iter-2-scenario-4231,2481,1,1,1,1,8,2,True
iter-2-scenario-4232,2481,1,1,1,1,8,2,True
iter-2-scenario-4233,2051,1,1,1,1,8,0,True
iter-2-scenario-4234,2481,1,1,1,1,8,2,True
iter-2-scenario-4235,2481,1,1,1,1,8,2,True
iter-2-scenario-4236,2051,1,1,1,1,8,0,True
iter-2-scenario-4237,2481,1,1,1,1,8,2,True
iter-2-scenario-4238,2481,1,1,1,1,8,2,True
iter-2-scenario-4239,2051,1,1,1,1,8,0,True
iter-2-scenario-424,2481,1,1,1,1,8,2,True
iter-2-scenario-4240,2481,1,1,1,1,8,2,True
iter-2-scenario-4241,2481,1,1,1,1,8,2,True
iter-2-scenario-4242,2051,1,1,1,1,8,0,True
iter-2-scenario-4243,2481,1,1,1,1,8,2,True
iter-2-scenario-4244,2481,1,1,1,1,8,2,True
iter-2-scenario-4245,2051,1,1,1,1,8,0,True
iter-2-scenario-4246,2481,1,1,1,1,8,2,True
iter-2-scenario-4247,2481,1,1,1,1,8,2,True
iter-2-scenario-4248,2051,1,1,1,1,8,0,True
iter-2-scenario-4249,2481,1,1,1,1,8,2,True
iter-2-scenario-425,2481,1,1,1,1,8,2,True
iter-2-scenario-4250,2481,1,1,1,1,8,2,True
iter-2-scenario-4251,2051,1,1,1,1,8,0,True
iter-2-scenario-4252,2481,1,1,1,1,8,2,True
iter-2-scenario-4253,2481,1,1,1,1,8,2,True
iter-2-scenario-4254,2051,1,1,1,1,8,0,True
iter-2-scenario-4255,2481,1,1,1,1,8,2,True
iter-2-scenario-4256,2481,1,1,1,1,8,2,True
iter-2-scenario-4257,2051,1,1,1,1,8,0,True
iter-2-scenario-4258,2481,1,1,1,1,8,2,True
iter-2-scenario-4259,2481,1,1,1,1,8,2,True
iter-2-scenario-426,2051,1,1,1,1,8,0,True
iter-2-scenario-4260,2051,1,1,1,1,8,0,True
iter-2-scenario-4261,2481,1,1,1,1,8,2,True
iter-2-scenario-4262,2481,1,1,1,1,8,2,True
iter-2-scenario-4263,2051,1,1,1,1,8,0,True
iter-2-scenario-4264,2481,1,1,1,1,8,2,True
iter-2-scenario-4265,2481,1,1,1,1,8,2,True
iter-2-scenario-4266,2051,1,1,1,1,8,0,True
iter-2-scenario-4267,2481,1,1,1,1,8,2,True
iter-2-scenario-4268,2481,1,1,1,1,8,2,True
iter-2-scenario-4269,2051,1,1,1,1,8,0,True
iter-2-scenario-427,2481,1,1,1,1,8,2,True
iter-2-scenario-4270,2481,1,1,1,1,8,2,True
iter-2-scenario-4271,2481,1,1,1,1,8,2,True
iter-2-scenario-4272,2051,1,1,1,1,8,0,True
iter-2-scenario-4273,2481,1,1,1,1,8,2,True
iter-2-scenario-4274,2481,1,1,1,1,8,2,True
iter-2-scenario-4275,2051,1,1,1,1,8,0,True
iter-2-scenario-4276,2481,1,1,1,1,8,2,True
iter-2-scenario-4277,2481,1,1,1,1,8,2,True
iter-2-scenario-4278,2051,1,1,1,1,8,0,True
iter-2-scenario-4279,2481,1,1,1,1,8,2,True
iter-2-scenario-428,2481,1,1,1,1,8,2,True
iter-2-scenario-4280,2481,1,1,1,1,8,2,True
iter-2-scenario-4281,2051,1,1,1,1,8,0,True
iter-2-scenario-4282,2481,1,1,1,1,8,2,True
iter-2-scenario-4283,2481,1,1,1,1,8,2,True
iter-2-scenario-4284,2051,1,1,1,1,8,0,True
iter-2-scenario-4285,2481,1,1,1,1,8,2,True
iter-2-scenario-4286,2481,1,1,1,1,8,2,True
iter-2-scenario-4287,2051,1,1,1,1,8,0,True
iter-2-scenario-4288,2481,1,1,1,1,8,2,True
iter-2-scenario-4289,2481,1,1,1,1,8,2,True
iter-2-scenario-429,2051,1,1,1,1,8,0,True
iter-2-scenario-4290,2051,1,1,1,1,8,0,True
iter-2-scenario-4291,2481,1,1,1,1,8,2,True
iter-2-scenario-4292,2481,1,1,1,1,8,2,True
iter-2-scenario-4293,2051,1,1,1,1,8,0,True
iter-2-scenario-4294,2481,1,1,1,1,8,2,True
iter-2-scenario-4295,2481,1,1,1,1,8,2,True
iter-2-scenario-4296,2051,1,1,1,1,8,0,True
iter-2-scenario-4297,2481,1,1,1,1,8,2,True
iter-2-scenario-4298,2481,1,1,1,1,8,2,True
iter-2-scenario-4299,2051,1,1,1,1,8,0,True
iter-2-scenario-43,2481,1,1,1,1,8,2,True
iter-2-scenario-430,2481,1,1,1,1,8,2,True
iter-2-scenario-4300,2481,1,1,1,1,8,2,True
iter-2-scenario-4301,2481,1,1,1,1,8,2,True
iter-2-scenario-4302,2051,1,1,1,1,8,0,True
iter-2-scenario-4303,2481,1,1,1,1,8,2,True
iter-2-scenario-4304,2481,1,1,1,1,8,2,True
iter-2-scenario-4305,2051,1,1,1,1,8,0,True
iter-2-scenario-4306,2481,1,1,1,1,8,2,True
iter-2-scenario-4307,2481,1,1,1,1,8,2,True
iter-2-scenario-4308,2051,1,1,1,1,8,0,True
iter-2-scenario-4309,2481,1,1,1,1,8,2,True
iter-2-scenario-431,2481,1,1,1,1,8,2,True
iter-2-scenario-4310,2481,1,1,1,1,8,2,True
iter-2-scenario-4311,2051,1,1,1,1,8,0,True
iter-2-scenario-4312,2481,1,1,1,1,8,2,True
iter-2-scenario-4313,2481,1,1,1,1,8,2,True
iter-2-scenario-4314,2051,1,1,1,1,8,0,True
iter-2-scenario-4315,2481,1,1,1,1,8,2,True
iter-2-scenario-4316,2481,1,1,1,1,8,2,True
iter-2-scenario-4317,2051,1,1,1,1,8,0,True
iter-2-scenario-4318,2481,1,1,1,1,8,2,True
iter-2-scenario-4319,2481,1,1,1,1,8,2,True
iter-2-scenario-432,2051,1,1,1,1,8,0,True
iter-2-scenario-4320,2051,1,1,1,1,8,0,True
iter-2-scenario-4321,2481,1,1,1,1,8,2,True
iter-2-scenario-4322,2481,1,1,1,1,8,2,True
iter-2-scenario-4323,2051,1,1,1,1,8,0,True
iter-2-scenario-4324,2481,1,1,1,1,8,2,True
iter-2-scenario-4325,2481,1,1,1,1,8,2,True
iter-2-scenario-4326,2051,1,1,1,1,8,0,True
iter-2-scenario-4327,2481,1,1,1,1,8,2,True
iter-2-scenario-4328,2481,1,1,1,1,8,2,True
iter-2-scenario-4329,2051,1,1,1,1,8,0,True
iter-2-scenario-433,2481,1,1,1,1,8,2,True
iter-2-scenario-4330,2481,1,1,1,1,8,2,True
iter-2-scenario-4331,2481,1,1,1,1,8,2,True
iter-2-scenario-4332,2051,1,1,1,1,8,0,True
iter-2-scenario-4333,2481,1,1,1,1,8,2,True
iter-2-scenario-4334,2481,1,1,1,1,8,2,True
iter-2-scenario-4335,2051,1,1,1,1,8,0,True
iter-2-scenario-4336,2481,1,1,1,1,8,2,True
iter-2-scenario-4337,2481,1,1,1,1,8,2,True
iter-2-scenario-4338,2051,1,1,1,1,8,0,True
iter-2-scenario-4339,2481,1,1,1,1,8,2,True
iter-2-scenario-434,2481,1,1,1,1,8,2,True
iter-2-scenario-4340,2481,1,1,1,1,8,2,True
iter-2-scenario-4341,2051,1,1,1,1,8,0,True
iter-2-scenario-4342,2481,1,1,1,1,8,2,True
iter-2-scenario-4343,2481,1,1,1,1,8,2,True
iter-2-scenario-4344,2051,1,1,1,1,8,0,True
iter-2-scenario-4345,2481,1,1,1,1,8,2,True
iter-2-scenario-4346,2481,1,1,1,1,8,2,True
iter-2-scenario-4347,2051,1,1,1,1,8,0,True
iter-2-scenario-4348,2481,1,1,1,1,8,2,True
iter-2-scenario-4349,2481,1,1,1,1,8,2,True
iter-2-scenario-435,2051,1,1,1,1,8,0,True
iter-2-scenario-4350,2051,1,1,1,1,8,0,True
iter-2-scenario-4351,2481,1,1,1,1,8,2,True
iter-2-scenario-4352,2481,1,1,1,1,8,2,True
iter-2-scenario-4353,2051,1,1,1,1,8,0,True
iter-2-scenario-4354,2481,1,1,1,1,8,2,True
iter-2-scenario-4355,2481,1,1,1,1,8,2,True
iter-2-scenario-4356,2051,1,1,1,1,8,0,True
iter-2-scenario-4357,2481,1,1,1,1,8,2,True
iter-2-scenario-4358,2481,1,1,1,1,8,2,True
iter-2-scenario-4359,2051,1,1,1,1,8,0,True
iter-2-scenario-436,2481,1,1,1,1,8,2,True
iter-2-scenario-4360,2481,1,1,1,1,8,2,True
iter-2-scenario-4361,2481,1,1,1,1,8,2,True
iter-2-scenario-4362,2051,1,1,1,1,8,0,True
iter-2-scenario-4363,2481,1,1,1,1,8,2,True
iter-2-scenario-4364,2481,1,1,1,1,8,2,True
iter-2-scenario-4365,2051,1,1,1,1,8,0,True
iter-2-scenario-4366,2481,1,1,1,1,8,2,True
iter-2-scenario-4367,2481,1,1,1,1,8,2,True
iter-2-scenario-4368,2051,1,1,1,1,8,0,True
iter-2-scenario-4369,2481,1,1,1,1,8,2,True
iter-2-scenario-437,2481,1,1,1,1,8,2,True
iter-2-scenario-4370,2481,1,1,1,1,8,2,True
iter-2-scenario-4371,2051,1,1,1,1,8,0,True
iter-2-scenario-4372,2481,1,1,1,1,8,2,True
iter-2-scenario-4373,2481,1,1,1,1,8,2,True
iter-2-scenario-4374,2051,1,1,1,1,8,0,True
iter-2-scenario-4375,2481,1,1,1,1,8,2,True
iter-2-scenario-4376,2481,1,1,1,1,8,2,True
iter-2-scenario-4377,2051,1,1,1,1,8,0,True
iter-2-scenario-4378,2481,1,1,1,1,8,2,True
iter-2-scenario-4379,2481,1,1,1,1,8,2,True
iter-2-scenario-438,2051,1,1,1,1,8,0,True
iter-2-scenario-4380,2051,1,1,1,1,8,0,True
iter-2-scenario-4381,2481,1,1,1,1,8,2,True
iter-2-scenario-4382,2481,1,1,1,1,8,2,True
iter-2-scenario-4383,2051,1,1,1,1,8,0,True
iter-2-scenario-4384,2481,1,1,1,1,8,2,True
iter-2-scenario-4385,2481,1,1,1,1,8,2,True
iter-2-scenario-4386,2051,1,1,1,1,8,0,True
iter-2-scenario-4387,2481,1,1,1,1,8,2,True
iter-2-scenario-4388,2481,1,1,1,1,8,2,True
iter-2-scenario-4389,2051,1,1,1,1,8,0,True
iter-2-scenario-439,2481,1,1,1,1,8,2,True
iter-2-scenario-4390,2481,1,1,1,1,8,2,True
iter-2-scenario-4391,2481,1,1,1,1,8,2,True
iter-2-scenario-4392,2051,1,1,1,1,8,0,True
iter-2-scenario-4393,2481,1,1,1,1,8,2,True
iter-2-scenario-4394,2481,1,1,1,1,8,2,True
iter-2-scenario-4395,2051,1,1,1,1,8,0,True
iter-2-scenario-4396,2481,1,1,1,1,8,2,True
iter-2-scenario-4397,2481,1,1,1,1,8,2,True
iter-2-scenario-4398,2051,1,1,1,1,8,0,True
iter-2-scenario-4399,2481,1,1,1,1,8,2,True
iter-2-scenario-44,2481,1,1,1,1,8,2,True
iter-2-scenario-440,2481,1,1,1,1,8,2,True
iter-2-scenario-4400,2481,1,1,1,1,8,2,True
iter-2-scenario-4401,2051,1,1,1,1,8,0,True
iter-2-scenario-4402,2481,1,1,1,1,8,2,True
iter-2-scenario-4403,2481,1,1,1,1,8,2,True
iter-2-scenario-4404,2051,1,1,1,1,8,0,True
iter-2-scenario-4405,2481,1,1,1,1,8,2,True
iter-2-scenario-4406,2481,1,1,1,1,8,2,True
iter-2-scenario-4407,2051,1,1,1,1,8,0,True
iter-2-scenario-4408,2481,1,1,1,1,8,2,True
iter-2-scenario-4409,2481,1,1,1,1,8,2,True
iter-2-scenario-441,2051,1,1,1,1,8,0,True
iter-2-scenario-4410,2051,1,1,1,1,8,0,True
iter-2-scenario-4411,2481,1,1,1,1,8,2,True
iter-2-scenario-4412,2481,1,1,1,1,8,2,True
iter-2-scenario-4413,2051,1,1,1,1,8,0,True
iter-2-scenario-4414,2481,1,1,1,1,8,2,True
iter-2-scenario-4415,2481,1,1,1,1,8,2,True
iter-2-scenario-4416,2051,1,1,1,1,8,0,True
iter-2-scenario-4417,2481,1,1,1,1,8,2,True
iter-2-scenario-4418,2481,1,1,1,1,8,2,True
iter-2-scenario-4419,2051,1,1,1,1,8,0,True
iter-2-scenario-442,2481,1,1,1,1,8,2,True
iter-2-scenario-4420,2481,1,1,1,1,8,2,True
iter-2-scenario-4421,2481,1,1,1,1,8,2,True
iter-2-scenario-4422,2051,1,1,1,1,8,0,True
iter-2-scenario-4423,2481,1,1,1,1,8,2,True
iter-2-scenario-4424,2481,1,1,1,1,8,2,True
iter-2-scenario-4425,2051,1,1,1,1,8,0,True
iter-2-scenario-4426,2481,1,1,1,1,8,2,True
iter-2-scenario-4427,2481,1,1,1,1,8,2,True
iter-2-scenario-4428,2051,1,1,1,1,8,0,True
iter-2-scenario-4429,2481,1,1,1,1,8,2,True
iter-2-scenario-443,2481,1,1,1,1,8,2,True
iter-2-scenario-4430,2481,1,1,1,1,8,2,True
iter-2-scenario-4431,2051,1,1,1,1,8,0,True
iter-2-scenario-4432,2481,1,1,1,1,8,2,True
iter-2-scenario-4433,2481,1,1,1,1,8,2,True
iter-2-scenario-4434,2051,1,1,1,1,8,0,True
iter-2-scenario-4435,2481,1,1,1,1,8,2,True
iter-2-scenario-4436,2481,1,1,1,1,8,2,True
iter-2-scenario-4437,2051,1,1,1,1,8,0,True
iter-2-scenario-4438,2481,1,1,1,1,8,2,True
iter-2-scenario-4439,2481,1,1,1,1,8,2,True
iter-2-scenario-444,2051,1,1,1,1,8,0,True
iter-2-scenario-4440,2051,1,1,1,1,8,0,True
iter-2-scenario-4441,2481,1,1,1,1,8,2,True
iter-2-scenario-4442,2481,1,1,1,1,8,2,True
iter-2-scenario-4443,2051,1,1,1,1,8,0,True
iter-2-scenario-4444,2481,1,1,1,1,8,2,True
iter-2-scenario-4445,2481,1,1,1,1,8,2,True
iter-2-scenario-4446,2051,1,1,1,1,8,0,True
iter-2-scenario-4447,2481,1,1,1,1,8,2,True
iter-2-scenario-4448,2481,1,1,1,1,8,2,True
iter-2-scenario-4449,2051,1,1,1,1,8,0,True
iter-2-scenario-445,2481,1,1,1,1,8,2,True
iter-2-scenario-4450,2481,1,1,1,1,8,2,True
iter-2-scenario-4451,2481,1,1,1,1,8,2,True
iter-2-scenario-4452,2051,1,1,1,1,8,0,True
iter-2-scenario-4453,2481,1,1,1,1,8,2,True
iter-2-scenario-4454,2481,1,1,1,1,8,2,True
iter-2-scenario-4455,2051,1,1,1,1,8,0,True
iter-2-scenario-4456,2481,1,1,1,1,8,2,True
iter-2-scenario-4457,2481,1,1,1,1,8,2,True
iter-2-scenario-4458,2051,1,1,1,1,8,0,True
iter-2-scenario-4459,2481,1,1,1,1,8,2,True
iter-2-scenario-446,2481,1,1,1,1,8,2,True
iter-2-scenario-4460,2481,1,1,1,1,8,2,True
iter-2-scenario-4461,2051,1,1,1,1,8,0,True
iter-2-scenario-4462,2481,1,1,1,1,8,2,True
iter-2-scenario-4463,2481,1,1,1,1,8,2,True
iter-2-scenario-4464,2051,1,1,1,1,8,0,True
iter-2-scenario-4465,2481,1,1,1,1,8,2,True
iter-2-scenario-4466,2481,1,1,1,1,8,2,True
iter-2-scenario-4467,2051,1,1,1,1,8,0,True
iter-2-scenario-4468,2481,1,1,1,1,8,2,True
iter-2-scenario-4469,2481,1,1,1,1,8,2,True
iter-2-scenario-447,2051,1,1,1,1,8,0,True
iter-2-scenario-4470,2051,1,1,1,1,8,0,True
iter-2-scenario-4471,2481,1,1,1,1,8,2,True
iter-2-scenario-4472,2481,1,1,1,1,8,2,True
iter-2-scenario-4473,2051,1,1,1,1,8,0,True
iter-2-scenario-4474,2481,1,1,1,1,8,2,True
iter-2-scenario-4475,2481,1,1,1,1,8,2,True
iter-2-scenario-4476,2051,1,1,1,1,8,0,True
iter-2-scenario-4477,2481,1,1,1,1,8,2,True
iter-2-scenario-4478,2481,1,1,1,1,8,2,True
iter-2-scenario-4479,2051,1,1,1,1,8,0,True
iter-2-scenario-448,2481,1,1,1,1,8,2,True
iter-2-scenario-4480,2481,1,1,1,1,8,2,True
iter-2-scenario-4481,2481,1,1,1,1,8,2,True
iter-2-scenario-4482,2051,1,1,1,1,8,0,True
iter-2-scenario-4483,2481,1,1,1,1,8,2,True
iter-2-scenario-4484,2481,1,1,1,1,8,2,True
iter-2-scenario-4485,2051,1,1,1,1,8,0,True
iter-2-scenario-4486,2481,1,1,1,1,8,2,True
iter-2-scenario-4487,2481,1,1,1,1,8,2,True
iter-2-scenario-4488,2051,1,1,1,1,8,0,True
iter-2-scenario-4489,2481,1,1,1,1,8,2,True
iter-2-scenario-449,2481,1,1,1,1,8,2,True
iter-2-scenario-4490,2481,1,1,1,1,8,2,True
iter-2-scenario-4491,2051,1,1,1,1,8,0,True
iter-2-scenario-4492,2481,1,1,1,1,8,2,True
iter-2-scenario-4493,2481,1,1,1,1,8,2,True
iter-2-scenario-4494,2051,1,1,1,1,8,0,True
iter-2-scenario-4495,2481,1,1,1,1,8,2,True
iter-2-scenario-4496,2481,1,1,1,1,8,2,True
iter-2-scenario-4497,2051,1,1,1,1,8,0,True
iter-2-scenario-4498,2481,1,1,1,1,8,2,True
iter-2-scenario-4499,2481,1,1,1,1,8,2,True
iter-2-scenario-45,2051,1,1,1,1,8,0,True
iter-2-scenario-450,2051,1,1,1,1,8,0,True
iter-2-scenario-4500,2051,1,1,1,1,8,0,True
iter-2-scenario-4501,2481,1,1,1,1,8,2,True
iter-2-scenario-4502,2481,1,1,1,1,8,2,True
iter-2-scenario-4503,2051,1,1,1,1,8,0,True
iter-2-scenario-4504,2481,1,1,1,1,8,2,True
iter-2-scenario-4505,2481,1,1,1,1,8,2,True
iter-2-scenario-4506,2051,1,1,1,1,8,0,True
iter-2-scenario-4507,2481,1,1,1,1,8,2,True
iter-2-scenario-4508,2481,1,1,1,1,8,2,True
iter-2-scenario-4509,2051,1,1,1,1,8,0,True
iter-2-scenario-451,2481,1,1,1,1,8,2,True
iter-2-scenario-4510,2481,1,1,1,1,8,2,True
iter-2-scenario-4511,2481,1,1,1,1,8,2,True
iter-2-scenario-4512,2051,1,1,1,1,8,0,True
iter-2-scenario-4513,2481,1,1,1,1,8,2,True
iter-2-scenario-4514,2481,1,1,1,1,8,2,True
iter-2-scenario-4515,2051,1,1,1,1,8,0,True
iter-2-scenario-4516,2481,1,1,1,1,8,2,True
iter-2-scenario-4517,2481,1,1,1,1,8,2,True
iter-2-scenario-4518,2051,1,1,1,1,8,0,True
iter-2-scenario-4519,2481,1,1,1,1,8,2,True
iter-2-scenario-452,2481,1,1,1,1,8,2,True
iter-2-scenario-4520,2481,1,1,1,1,8,2,True
iter-2-scenario-4521,2051,1,1,1,1,8,0,True
iter-2-scenario-4522,2481,1,1,1,1,8,2,True
iter-2-scenario-4523,2481,1,1,1,1,8,2,True
iter-2-scenario-4524,2051,1,1,1,1,8,0,True
iter-2-scenario-4525,2481,1,1,1,1,8,2,True
iter-2-scenario-4526,2481,1,1,1,1,8,2,True
iter-2-scenario-4527,2051,1,1,1,1,8,0,True
iter-2-scenario-4528,2481,1,1,1,1,8,2,True
iter-2-scenario-4529,2481,1,1,1,1,8,2,True
iter-2-scenario-453,2051,1,1,1,1,8,0,True
iter-2-scenario-4530,2051,1,1,1,1,8,0,True
iter-2-scenario-4531,2481,1,1,1,1,8,2,True
iter-2-scenario-4532,2481,1,1,1,1,8,2,True
iter-2-scenario-4533,2051,1,1,1,1,8,0,True
iter-2-scenario-4534,2481,1,1,1,1,8,2,True
iter-2-scenario-4535,2481,1,1,1,1,8,2,True
iter-2-scenario-4536,2051,1,1,1,1,8,0,True
iter-2-scenario-4537,2481,1,1,1,1,8,2,True
iter-2-scenario-4538,2481,1,1,1,1,8,2,True
iter-2-scenario-4539,2051,1,1,1,1,8,0,True
iter-2-scenario-454,2481,1,1,1,1,8,2,True
iter-2-scenario-4540,2481,1,1,1,1,8,2,True
iter-2-scenario-4541,2481,1,1,1,1,8,2,True
iter-2-scenario-4542,2051,1,1,1,1,8,0,True
iter-2-scenario-4543,2481,1,1,1,1,8,2,True
iter-2-scenario-4544,2481,1,1,1,1,8,2,True
iter-2-scenario-4545,2051,1,1,1,1,8,0,True
iter-2-scenario-4546,2481,1,1,1,1,8,2,True
iter-2-scenario-4547,2481,1,1,1,1,8,2,True
iter-2-scenario-4548,2051,1,1,1,1,8,0,True
iter-2-scenario-4549,2481,1,1,1,1,8,2,True
iter-2-scenario-455,2481,1,1,1,1,8,2,True
iter-2-scenario-4550,2481,1,1,1,1,8,2,True
iter-2-scenario-4551,2051,1,1,1,1,8,0,True
iter-2-scenario-4552,2481,1,1,1,1,8,2,True
iter-2-scenario-4553,2481,1,1,1,1,8,2,True
iter-2-scenario-4554,2051,1,1,1,1,8,0,True
iter-2-scenario-4555,2481,1,1,1,1,8,2,True
iter-2-scenario-4556,2481,1,1,1,1,8,2,True
iter-2-scenario-4557,2051,1,1,1,1,8,0,True
iter-2-scenario-4558,2481,1,1,1,1,8,2,True
iter-2-scenario-4559,2481,1,1,1,1,8,2,True
iter-2-scenario-456,2051,1,1,1,1,8,0,True
iter-2-scenario-4560,2051,1,1,1,1,8,0,True
iter-2-scenario-4561,2481,1,1,1,1,8,2,True
iter-2-scenario-4562,2481,1,1,1,1,8,2,True
iter-2-scenario-4563,2051,1,1,1,1,8,0,True
iter-2-scenario-4564,2481,1,1,1,1,8,2,True
iter-2-scenario-4565,2481,1,1,1,1,8,2,True
iter-2-scenario-4566,2051,1,1,1,1,8,0,True
iter-2-scenario-4567,2481,1,1,1,1,8,2,True
iter-2-scenario-4568,2481,1,1,1,1,8,2,True
iter-2-scenario-4569,2051,1,1,1,1,8,0,True
iter-2-scenario-457,2481,1,1,1,1,8,2,True
iter-2-scenario-4570,2481,1,1,1,1,8,2,True
iter-2-scenario-4571,2481,1,1,1,1,8,2,True
iter-2-scenario-4572,2051,1,1,1,1,8,0,True
iter-2-scenario-4573,2481,1,1,1,1,8,2,True
iter-2-scenario-4574,2481,1,1,1,1,8,2,True
iter-2-scenario-4575,2051,1,1,1,1,8,0,True
iter-2-scenario-4576,2481,1,1,1,1,8,2,True
iter-2-scenario-4577,2481,1,1,1,1,8,2,True
iter-2-scenario-4578,2051,1,1,1,1,8,0,True
iter-2-scenario-4579,2481,1,1,1,1,8,2,True
iter-2-scenario-458,2481,1,1,1,1,8,2,True
iter-2-scenario-4580,2481,1,1,1,1,8,2,True
iter-2-scenario-4581,2051,1,1,1,1,8,0,True
iter-2-scenario-4582,2481,1,1,1,1,8,2,True
iter-2-scenario-4583,2481,1,1,1,1,8,2,True
iter-2-scenario-4584,2051,1,1,1,1,8,0,True
iter-2-scenario-4585,2481,1,1,1,1,8,2,True
iter-2-scenario-4586,2481,1,1,1,1,8,2,True
iter-2-scenario-4587,2051,1,1,1,1,8,0,True
iter-2-scenario-4588,2481,1,1,1,1,8,2,True
iter-2-scenario-4589,2481,1,1,1,1,8,2,True
iter-2-scenario-459,2051,1,1,1,1,8,0,True
iter-2-scenario-4590,2051,1,1,1,1,8,0,True
iter-2-scenario-4591,2481,1,1,1,1,8,2,True
iter-2-scenario-4592,2481,1,1,1,1,8,2,True
iter-2-scenario-4593,2051,1,1,1,1,8,0,True
iter-2-scenario-4594,2481,1,1,1,1,8,2,True
iter-2-scenario-4595,2481,1,1,1,1,8,2,True
iter-2-scenario-4596,2051,1,1,1,1,8,0,True
iter-2-scenario-4597,2481,1,1,1,1,8,2,True
iter-2-scenario-4598,2481,1,1,1,1,8,2,True
iter-2-scenario-4599,2051,1,1,1,1,8,0,True
iter-2-scenario-46,2481,1,1,1,1,8,2,True
iter-2-scenario-460,2481,1,1,1,1,8,2,True
iter-2-scenario-4600,2481,1,1,1,1,8,2,True
iter-2-scenario-4601,2481,1,1,1,1,8,2,True
iter-2-scenario-4602,2051,1,1,1,1,8,0,True
iter-2-scenario-4603,2481,1,1,1,1,8,2,True
iter-2-scenario-4604,2481,1,1,1,1,8,2,True
iter-2-scenario-4605,2051,1,1,1,1,8,0,True
iter-2-scenario-4606,2481,1,1,1,1,8,2,True
iter-2-scenario-4607,2481,1,1,1,1,8,2,True
iter-2-scenario-4608,2051,1,1,1,1,8,0,True
iter-2-scenario-461,2481,1,1,1,1,8,2,True
iter-2-scenario-4612,2481,1,1,1,1,8,2,True
iter-2-scenario-4613,2481,1,1,1,1,8,2,True
iter-2-scenario-4614,2051,1,1,1,1,8,0,True
iter-2-scenario-4615,2481,1,1,1,1,8,2,True
iter-2-scenario-4616,2481,1,1,1,1,8,2,True
iter-2-scenario-4617,2051,1,1,1,1,8,0,True
iter-2-scenario-4618,2481,1,1,1,1,8,2,True
iter-2-scenario-4619,2481,1,1,1,1,8,2,True
iter-2-scenario-462,2051,1,1,1,1,8,0,True
iter-2-scenario-4620,2051,1,1,1,1,8,0,True
iter-2-scenario-4621,2481,1,1,1,1,8,2,True
iter-2-scenario-4622,2481,1,1,1,1,8,2,True
iter-2-scenario-4623,2051,1,1,1,1,8,0,True
iter-2-scenario-4624,2481,1,1,1,1,8,2,True
iter-2-scenario-4625,2481,1,1,1,1,8,2,True
iter-2-scenario-4626,2051,1,1,1,1,8,0,True
iter-2-scenario-4627,2481,1,1,1,1,8,2,True
iter-2-scenario-4628,2481,1,1,1,1,8,2,True
iter-2-scenario-4629,2051,1,1,1,1,8,0,True
iter-2-scenario-463,2481,1,1,1,1,8,2,True
iter-2-scenario-4630,2481,1,1,1,1,8,2,True
iter-2-scenario-4631,2481,1,1,1,1,8,2,True
iter-2-scenario-4632,2051,1,1,1,1,8,0,True
iter-2-scenario-4633,2481,1,1,1,1,8,2,True
iter-2-scenario-4634,2481,1,1,1,1,8,2,True
iter-2-scenario-4635,2051,1,1,1,1,8,0,True
iter-2-scenario-4636,2481,1,1,1,1,8,2,True
iter-2-scenario-4637,2481,1,1,1,1,8,2,True
iter-2-scenario-4638,2051,1,1,1,1,8,0,True
iter-2-scenario-4639,2481,1,1,1,1,8,2,True
iter-2-scenario-464,2481,1,1,1,1,8,2,True
iter-2-scenario-4640,2481,1,1,1,1,8,2,True
iter-2-scenario-4641,2051,1,1,1,1,8,0,True
iter-2-scenario-4642,2481,1,1,1,1,8,2,True
iter-2-scenario-4643,2481,1,1,1,1,8,2,True
iter-2-scenario-4644,2051,1,1,1,1,8,0,True
iter-2-scenario-4645,2481,1,1,1,1,8,2,True
iter-2-scenario-4646,2481,1,1,1,1,8,2,True
iter-2-scenario-4647,2051,1,1,1,1,8,0,True
iter-2-scenario-4648,2481,1,1,1,1,8,2,True
iter-2-scenario-4649,2481,1,1,1,1,8,2,True
iter-2-scenario-465,2051,1,1,1,1,8,0,True
iter-2-scenario-4650,2051,1,1,1,1,8,0,True
iter-2-scenario-4651,2481,1,1,1,1,8,2,True
iter-2-scenario-4652,2481,1,1,1,1,8,2,True
iter-2-scenario-4653,2051,1,1,1,1,8,0,True
iter-2-scenario-4654,2481,1,1,1,1,8,2,True
iter-2-scenario-4655,2481,1,1,1,1,8,2,True
iter-2-scenario-4656,2051,1,1,1,1,8,0,True
iter-2-scenario-4657,2481,1,1,1,1,8,2,True
iter-2-scenario-4658,2481,1,1,1,1,8,2,True
iter-2-scenario-4659,2051,1,1,1,1,8,0,True
iter-2-scenario-466,2481,1,1,1,1,8,2,True
iter-2-scenario-4660,2481,1,1,1,1,8,2,True
iter-2-scenario-4661,2481,1,1,1,1,8,2,True
iter-2-scenario-4662,2051,1,1,1,1,8,0,True
iter-2-scenario-4663,2481,1,1,1,1,8,2,True
iter-2-scenario-4664,2481,1,1,1,1,8,2,True
iter-2-scenario-4665,2051,1,1,1,1,8,0,True
iter-2-scenario-4666,2481,1,1,1,1,8,2,True
iter-2-scenario-4667,2481,1,1,1,1,8,2,True
iter-2-scenario-4668,2051,1,1,1,1,8,0,True
iter-2-scenario-4669,2481,1,1,1,1,8,2,True
iter-2-scenario-467,2481,1,1,1,1,8,2,True
iter-2-scenario-4670,2481,1,1,1,1,8,2,True
iter-2-scenario-4671,2051,1,1,1,1,8,0,True
iter-2-scenario-4672,2481,1,1,1,1,8,2,True
iter-2-scenario-4673,2481,1,1,1,1,8,2,True
iter-2-scenario-4674,2051,1,1,1,1,8,0,True
iter-2-scenario-4675,2481,1,1,1,1,8,2,True
iter-2-scenario-4676,2481,1,1,1,1,8,2,True
iter-2-scenario-4677,2051,1,1,1,1,8,0,True
iter-2-scenario-4678,2481,1,1,1,1,8,2,True
iter-2-scenario-4679,2481,1,1,1,1,8,2,True
iter-2-scenario-468,2051,1,1,1,1,8,0,True
iter-2-scenario-4680,2051,1,1,1,1,8,0,True
iter-2-scenario-4681,2481,1,1,1,1,8,2,True
iter-2-scenario-4682,2481,1,1,1,1,8,2,True
iter-2-scenario-4683,2051,1,1,1,1,8,0,True
iter-2-scenario-4684,2481,1,1,1,1,8,2,True
iter-2-scenario-4685,2481,1,1,1,1,8,2,True
iter-2-scenario-4686,2051,1,1,1,1,8,0,True
iter-2-scenario-4687,2481,1,1,1,1,8,2,True
iter-2-scenario-4688,2481,1,1,1,1,8,2,True
iter-2-scenario-4689,2051,1,1,1,1,8,0,True
iter-2-scenario-469,2481,1,1,1,1,8,2,True
iter-2-scenario-4690,2481,1,1,1,1,8,2,True
iter-2-scenario-4691,2481,1,1,1,1,8,2,True
iter-2-scenario-4692,2051,1,1,1,1,8,0,True
iter-2-scenario-4693,2481,1,1,1,1,8,2,True
iter-2-scenario-4694,2481,1,1,1,1,8,2,True
iter-2-scenario-4695,2051,1,1,1,1,8,0,True
iter-2-scenario-4696,2481,1,1,1,1,8,2,True
iter-2-scenario-4697,2481,1,1,1,1,8,2,True
iter-2-scenario-4698,2051,1,1,1,1,8,0,True
iter-2-scenario-4699,2481,1,1,1,1,8,2,True
iter-2-scenario-47,2481,1,1,1,1,8,2,True
iter-2-scenario-470,2481,1,1,1,1,8,2,True
iter-2-scenario-4700,2481,1,1,1,1,8,2,True
iter-2-scenario-4701,2051,1,1,1,1,8,0,True
iter-2-scenario-4702,2481,1,1,1,1,8,2,True
iter-2-scenario-4703,2481,1,1,1,1,8,2,True
iter-2-scenario-4704,2051,1,1,1,1,8,0,True
iter-2-scenario-4705,2481,1,1,1,1,8,2,True
iter-2-scenario-4706,2481,1,1,1,1,8,2,True
iter-2-scenario-4707,2051,1,1,1,1,8,0,True
iter-2-scenario-4708,2481,1,1,1,1,8,2,True
iter-2-scenario-4709,2481,1,1,1,1,8,2,True
iter-2-scenario-471,2051,1,1,1,1,8,0,True
iter-2-scenario-4710,2051,1,1,1,1,8,0,True
iter-2-scenario-4711,2481,1,1,1,1,8,2,True
iter-2-scenario-4712,2481,1,1,1,1,8,2,True
iter-2-scenario-4713,2051,1,1,1,1,8,0,True
iter-2-scenario-4714,2481,1,1,1,1,8,2,True
iter-2-scenario-4715,2481,1,1,1,1,8,2,True
iter-2-scenario-4716,2051,1,1,1,1,8,0,True
iter-2-scenario-4717,2481,1,1,1,1,8,2,True
iter-2-scenario-4718,2481,1,1,1,1,8,2,True
iter-2-scenario-4719,2051,1,1,1,1,8,0,True
iter-2-scenario-472,2481,1,1,1,1,8,2,True
iter-2-scenario-4720,2481,1,1,1,1,8,2,True
iter-2-scenario-4721,2481,1,1,1,1,8,2,True
iter-2-scenario-4722,2051,1,1,1,1,8,0,True
iter-2-scenario-4723,2481,1,1,1,1,8,2,True
iter-2-scenario-4724,2481,1,1,1,1,8,2,True
iter-2-scenario-4725,2051,1,1,1,1,8,0,True
iter-2-scenario-4726,2481,1,1,1,1,8,2,True
iter-2-scenario-4727,2481,1,1,1,1,8,2,True
iter-2-scenario-4728,2051,1,1,1,1,8,0,True
iter-2-scenario-4729,2481,1,1,1,1,8,2,True
iter-2-scenario-473,2481,1,1,1,1,8,2,True
iter-2-scenario-4730,2481,1,1,1,1,8,2,True
iter-2-scenario-4731,2051,1,1,1,1,8,0,True
iter-2-scenario-4732,2481,1,1,1,1,8,2,True
iter-2-scenario-4733,2481,1,1,1,1,8,2,True
iter-2-scenario-4734,2051,1,1,1,1,8,0,True
iter-2-scenario-4735,2481,1,1,1,1,8,2,True
iter-2-scenario-4736,2481,1,1,1,1,8,2,True
iter-2-scenario-4737,2051,1,1,1,1,8,0,True
iter-2-scenario-4738,2481,1,1,1,1,8,2,True
iter-2-scenario-4739,2481,1,1,1,1,8,2,True
iter-2-scenario-474,2051,1,1,1,1,8,0,True
iter-2-scenario-4740,2051,1,1,1,1,8,0,True
iter-2-scenario-4741,2481,1,1,1,1,8,2,True
iter-2-scenario-4742,2481,1,1,1,1,8,2,True
iter-2-scenario-4743,2051,1,1,1,1,8,0,True
iter-2-scenario-4744,2481,1,1,1,1,8,2,True
iter-2-scenario-4745,2481,1,1,1,1,8,2,True
iter-2-scenario-4746,2051,1,1,1,1,8,0,True
iter-2-scenario-4747,2481,1,1,1,1,8,2,True
iter-2-scenario-4748,2481,1,1,1,1,8,2,True
iter-2-scenario-4749,2051,1,1,1,1,8,0,True
iter-2-scenario-475,2481,1,1,1,1,8,2,True
iter-2-scenario-4750,2481,1,1,1,1,8,2,True
iter-2-scenario-4751,2481,1,1,1,1,8,2,True
iter-2-scenario-4752,2051,1,1,1,1,8,0,True
iter-2-scenario-4753,2481,1,1,1,1,8,2,True
iter-2-scenario-4754,2481,1,1,1,1,8,2,True
iter-2-scenario-4755,2051,1,1,1,1,8,0,True
iter-2-scenario-4756,2481,1,1,1,1,8,2,True
iter-2-scenario-4757,2481,1,1,1,1,8,2,True
iter-2-scenario-4758,2051,1,1,1,1,8,0,True
iter-2-scenario-4759,2481,1,1,1,1,8,2,True
iter-2-scenario-476,2481,1,1,1,1,8,2,True
iter-2-scenario-4760,2481,1,1,1,1,8,2,True
iter-2-scenario-4761,2051,1,1,1,1,8,0,True
iter-2-scenario-4762,2481,1,1,1,1,8,2,True
iter-2-scenario-4763,2481,1,1,1,1,8,2,True
iter-2-scenario-4764,2051,1,1,1,1,8,0,True
iter-2-scenario-4765,2481,1,1,1,1,8,2,True
iter-2-scenario-4766,2481,1,1,1,1,8,2,True
iter-2-scenario-4767,2051,1,1,1,1,8,0,True
iter-2-scenario-4768,2481,1,1,1,1,8,2,True
iter-2-scenario-4769,2481,1,1,1,1,8,2,True
iter-2-scenario-477,2051,1,1,1,1,8,0,True
iter-2-scenario-4770,2051,1,1,1,1,8,0,True
iter-2-scenario-4771,2481,1,1,1,1,8,2,True
iter-2-scenario-4772,2481,1,1,1,1,8,2,True
iter-2-scenario-4773,2051,1,1,1,1,8,0,True
iter-2-scenario-4774,2481,1,1,1,1,8,2,True
iter-2-scenario-4775,2481,1,1,1,1,8,2,True
iter-2-scenario-4776,2051,1,1,1,1,8,0,True
iter-2-scenario-4777,2481,1,1,1,1,8,2,True
iter-2-scenario-4778,2481,1,1,1,1,8,2,True
iter-2-scenario-4779,2051,1,1,1,1,8,0,True
iter-2-scenario-478,2481,1,1,1,1,8,2,True
iter-2-scenario-4780,2481,1,1,1,1,8,2,True
iter-2-scenario-4781,2481,1,1,1,1,8,2,True
iter-2-scenario-4782,2051,1,1,1,1,8,0,True
iter-2-scenario-4783,2481,1,1,1,1,8,2,True
iter-2-scenario-4784,2481,1,1,1,1,8,2,True
iter-2-scenario-4785,2051,1,1,1,1,8,0,True
iter-2-scenario-4786,2481,1,1,1,1,8,2,True
iter-2-scenario-4787,2481,1,1,1,1,8,2,True
iter-2-scenario-4788,2051,1,1,1,1,8,0,True
iter-2-scenario-4789,2481,1,1,1,1,8,2,True
iter-2-scenario-479,2481,1,1,1,1,8,2,True
iter-2-scenario-4790,2481,1,1,1,1,8,2,True
iter-2-scenario-4791,2051,1,1,1,1,8,0,True
iter-2-scenario-4792,2481,1,1,1,1,8,2,True
iter-2-scenario-4793,2481,1,1,1,1,8,2,True
iter-2-scenario-4794,2051,1,1,1,1,8,0,True
iter-2-scenario-4795,2481,1,1,1,1,8,2,True
iter-2-scenario-4796,2481,1,1,1,1,8,2,True
iter-2-scenario-4797,2051,1,1,1,1,8,0,True
iter-2-scenario-4798,2481,1,1,1,1,8,2,True
iter-2-scenario-4799,2481,1,1,1,1,8,2,True
iter-2-scenario-48,2051,1,1,1,1,8,0,True
iter-2-scenario-480,2051,1,1,1,1,8,0,True
iter-2-scenario-4800,2051,1,1,1,1,8,0,True
iter-2-scenario-4801,2481,1,1,1,1,8,2,True
iter-2-scenario-4802,2481,1,1,1,1,8,2,True
iter-2-scenario-4803,2051,1,1,1,1,8,0,True
iter-2-scenario-4804,2481,1,1,1,1,8,2,True
iter-2-scenario-4805,2481,1,1,1,1,8,2,True
iter-2-scenario-4806,2051,1,1,1,1,8,0,True
iter-2-scenario-4807,2481,1,1,1,1,8,2,True
iter-2-scenario-4808,2481,1,1,1,1,8,2,True
iter-2-scenario-4809,2051,1,1,1,1,8,0,True
iter-2-scenario-481,2481,1,1,1,1,8,2,True
iter-2-scenario-4810,2481,1,1,1,1,8,2,True
iter-2-scenario-4811,2481,1,1,1,1,8,2,True
iter-2-scenario-4812,2051,1,1,1,1,8,0,True
iter-2-scenario-4813,2481,1,1,1,1,8,2,True
iter-2-scenario-4814,2481,1,1,1,1,8,2,True
iter-2-scenario-4815,2051,1,1,1,1,8,0,True
iter-2-scenario-4816,2481,1,1,1,1,8,2,True
iter-2-scenario-4817,2481,1,1,1,1,8,2,True
iter-2-scenario-4818,2051,1,1,1,1,8,0,True
iter-2-scenario-4819,2481,1,1,1,1,8,2,True
iter-2-scenario-482,2481,1,1,1,1,8,2,True
iter-2-scenario-4820,2481,1,1,1,1,8,2,True
iter-2-scenario-4821,2051,1,1,1,1,8,0,True
iter-2-scenario-4822,2481,1,1,1,1,8,2,True
iter-2-scenario-4823,2481,1,1,1,1,8,2,True
iter-2-scenario-4824,2051,1,1,1,1,8,0,True
iter-2-scenario-4825,2481,1,1,1,1,8,2,True
iter-2-scenario-4826,2481,1,1,1,1,8,2,True
iter-2-scenario-4827,2051,1,1,1,1,8,0,True
iter-2-scenario-4828,2481,1,1,1,1,8,2,True
iter-2-scenario-4829,2481,1,1,1,1,8,2,True
iter-2-scenario-483,2051,1,1,1,1,8,0,True
iter-2-scenario-4830,2051,1,1,1,1,8,0,True
iter-2-scenario-4831,2481,1,1,1,1,8,2,True
iter-2-scenario-4832,2481,1,1,1,1,8,2,True
iter-2-scenario-4833,2051,1,1,1,1,8,0,True
iter-2-scenario-4834,2481,1,1,1,1,8,2,True
iter-2-scenario-4835,2481,1,1,1,1,8,2,True
iter-2-scenario-4836,2051,1,1,1,1,8,0,True
iter-2-scenario-4837,2481,1,1,1,1,8,2,True
iter-2-scenario-4838,2481,1,1,1,1,8,2,True
iter-2-scenario-4839,2051,1,1,1,1,8,0,True
iter-2-scenario-484,2481,1,1,1,1,8,2,True
iter-2-scenario-4840,2481,1,1,1,1,8,2,True
iter-2-scenario-4841,2481,1,1,1,1,8,2,True
iter-2-scenario-4842,2051,1,1,1,1,8,0,True
iter-2-scenario-4843,2481,1,1,1,1,8,2,True
iter-2-scenario-4844,2481,1,1,1,1,8,2,True
iter-2-scenario-4845,2051,1,1,1,1,8,0,True
iter-2-scenario-4846,2481,1,1,1,1,8,2,True
iter-2-scenario-4847,2481,1,1,1,1,8,2,True
iter-2-scenario-4848,2051,1,1,1,1,8,0,True
iter-2-scenario-4849,2481,1,1,1,1,8,2,True
iter-2-scenario-485,2481,1,1,1,1,8,2,True
iter-2-scenario-4850,2481,1,1,1,1,8,2,True
iter-2-scenario-4851,2051,1,1,1,1,8,0,True
iter-2-scenario-4852,2481,1,1,1,1,8,2,True
iter-2-scenario-4853,2481,1,1,1,1,8,2,True
iter-2-scenario-4854,2051,1,1,1,1,8,0,True
iter-2-scenario-4855,2481,1,1,1,1,8,2,True
iter-2-scenario-4856,2481,1,1,1,1,8,2,True
iter-2-scenario-4857,2051,1,1,1,1,8,0,True
iter-2-scenario-4858,2481,1,1,1,1,8,2,True
iter-2-scenario-4859,2481,1,1,1,1,8,2,True
iter-2-scenario-486,2051,1,1,1,1,8,0,True
iter-2-scenario-4860,2051,1,1,1,1,8,0,True
iter-2-scenario-4861,2481,1,1,1,1,8,2,True
iter-2-scenario-4862,2481,1,1,1,1,8,2,True
iter-2-scenario-4863,2051,1,1,1,1,8,0,True
iter-2-scenario-4864,2481,1,1,1,1,8,2,True
iter-2-scenario-4865,2481,1,1,1,1,8,2,True
iter-2-scenario-4866,2051,1,1,1,1,8,0,True
iter-2-scenario-4867,2481,1,1,1,1,8,2,True
iter-2-scenario-4868,2481,1,1,1,1,8,2,True
iter-2-scenario-4869,2051,1,1,1,1,8,0,True
iter-2-scenario-487,2481,1,1,1,1,8,2,True
iter-2-scenario-4870,2481,1,1,1,1,8,2,True
iter-2-scenario-4871,2481,1,1,1,1,8,2,True
iter-2-scenario-4872,2051,1,1,1,1,8,0,True
iter-2-scenario-4873,2481,1,1,1,1,8,2,True
iter-2-scenario-4874,2481,1,1,1,1,8,2,True
iter-2-scenario-4875,2051,1,1,1,1,8,0,True
iter-2-scenario-4876,2481,1,1,1,1,8,2,True
iter-2-scenario-4877,2481,1,1,1,1,8,2,True
iter-2-scenario-4878,2051,1,1,1,1,8,0,True
iter-2-scenario-4879,2481,1,1,1,1,8,2,True
iter-2-scenario-488,2481,1,1,1,1,8,2,True
iter-2-scenario-4880,2481,1,1,1,1,8,2,True
iter-2-scenario-4881,2051,1,1,1,1,8,0,True
iter-2-scenario-4882,2481,1,1,1,1,8,2,True
iter-2-scenario-4883,2481,1,1,1,1,8,2,True
iter-2-scenario-4884,2051,1,1,1,1,8,0,True
iter-2-scenario-4885,2481,1,1,1,1,8,2,True
iter-2-scenario-4886,2481,1,1,1,1,8,2,True
iter-2-scenario-4887,2051,1,1,1,1,8,0,True
iter-2-scenario-4888,2481,1,1,1,1,8,2,True
iter-2-scenario-4889,2481,1,1,1,1,8,2,True
iter-2-scenario-489,2051,1,1,1,1,8,0,True
iter-2-scenario-4890,2051,1,1,1,1,8,0,True
iter-2-scenario-4891,2481,1,1,1,1,8,2,True
iter-2-scenario-4892,2481,1,1,1,1,8,2,True
iter-2-scenario-4893,2051,1,1,1,1,8,0,True
iter-2-scenario-4894,2481,1,1,1,1,8,2,True
iter-2-scenario-4895,2481,1,1,1,1,8,2,True
iter-2-scenario-4896,2051,1,1,1,1,8,0,True
iter-2-scenario-4897,2481,1,1,1,1,8,2,True
iter-2-scenario-4898,2481,1,1,1,1,8,2,True
iter-2-scenario-4899,2051,1,1,1,1,8,0,True
iter-2-scenario-49,2481,1,1,1,1,8,2,True
iter-2-scenario-490,2481,1,1,1,1,8,2,True
iter-2-scenario-4900,2481,1,1,1,1,8,2,True
iter-2-scenario-4901,2481,1,1,1,1,8,2,True
iter-2-scenario-4902,2051,1,1,1,1,8,0,True
iter-2-scenario-4903,2481,1,1,1,1,8,2,True
iter-2-scenario-4904,2481,1,1,1,1,8,2,True
iter-2-scenario-4905,2051,1,1,1,1,8,0,True
iter-2-scenario-4906,2481,1,1,1,1,8,2,True
iter-2-scenario-4907,2481,1,1,1,1,8,2,True
iter-2-scenario-4908,2051,1,1,1,1,8,0,True
iter-2-scenario-4909,2481,1,1,1,1,8,2,True
iter-2-scenario-491,2481,1,1,1,1,8,2,True
iter-2-scenario-4910,2481,1,1,1,1,8,2,True
iter-2-scenario-4911,2051,1,1,1,1,8,0,True
iter-2-scenario-4912,2481,1,1,1,1,8,2,True
iter-2-scenario-4913,2481,1,1,1,1,8,2,True
iter-2-scenario-4914,2051,1,1,1,1,8,0,True
iter-2-scenario-4915,2481,1,1,1,1,8,2,True
iter-2-scenario-4916,2481,1,1,1,1,8,2,True
iter-2-scenario-4917,2051,1,1,1,1,8,0,True
iter-2-scenario-4918,2481,1,1,1,1,8,2,True
iter-2-scenario-4919,2481,1,1,1,1,8,2,True
iter-2-scenario-492,2051,1,1,1,1,8,0,True
iter-2-scenario-4920,2051,1,1,1,1,8,0,True
iter-2-scenario-4921,2481,1,1,1,1,8,2,True
iter-2-scenario-4922,2481,1,1,1,1,8,2,True
iter-2-scenario-4923,2051,1,1,1,1,8,0,True
iter-2-scenario-4924,2481,1,1,1,1,8,2,True
iter-2-scenario-4925,2481,1,1,1,1,8,2,True
iter-2-scenario-4926,2051,1,1,1,1,8,0,True
iter-2-scenario-4927,2481,1,1,1,1,8,2,True
iter-2-scenario-4928,2481,1,1,1,1,8,2,True
iter-2-scenario-4929,2051,1,1,1,1,8,0,True
iter-2-scenario-493,2481,1,1,1,1,8,2,True
iter-2-scenario-4930,2481,1,1,1,1,8,2,True
iter-2-scenario-4931,2481,1,1,1,1,8,2,True
iter-2-scenario-4932,2051,1,1,1,1,8,0,True
iter-2-scenario-4933,2481,1,1,1,1,8,2,True
iter-2-scenario-4934,2481,1,1,1,1,8,2,True
iter-2-scenario-4935,2051,1,1,1,1,8,0,True
iter-2-scenario-4936,2481,1,1,1,1,8,2,True
iter-2-scenario-4937,2481,1,1,1,1,8,2,True
iter-2-scenario-4938,2051,1,1,1,1,8,0,True
iter-2-scenario-4939,2481,1,1,1,1,8,2,True
iter-2-scenario-494,2481,1,1,1,1,8,2,True
iter-2-scenario-4940,2481,1,1,1,1,8,2,True
iter-2-scenario-4941,2051,1,1,1,1,8,0,True
iter-2-scenario-4942,2481,1,1,1,1,8,2,True
iter-2-scenario-4943,2481,1,1,1,1,8,2,True
iter-2-scenario-4944,2051,1,1,1,1,8,0,True
iter-2-scenario-4945,2481,1,1,1,1,8,2,True
iter-2-scenario-4946,2481,1,1,1,1,8,2,True
iter-2-scenario-4947,2051,1,1,1,1,8,0,True
iter-2-scenario-4948,2481,1,1,1,1,8,2,True
iter-2-scenario-4949,2481,1,1,1,1,8,2,True
iter-2-scenario-495,2051,1,1,1,1,8,0,True
iter-2-scenario-4950,2051,1,1,1,1,8,0,True
iter-2-scenario-4951,2481,1,1,1,1,8,2,True
iter-2-scenario-4952,2481,1,1,1,1,8,2,True
iter-2-scenario-4953,2051,1,1,1,1,8,0,True
iter-2-scenario-4954,2481,1,1,1,1,8,2,True
iter-2-scenario-4955,2481,1,1,1,1,8,2,True
iter-2-scenario-4956,2051,1,1,1,1,8,0,True
iter-2-scenario-4957,2481,1,1,1,1,8,2,True
iter-2-scenario-4958,2481,1,1,1,1,8,2,True
iter-2-scenario-4959,2051,1,1,1,1,8,0,True
iter-2-scenario-496,2481,1,1,1,1,8,2,True
iter-2-scenario-4960,2481,1,1,1,1,8,2,True
iter-2-scenario-4961,2481,1,1,1,1,8,2,True
iter-2-scenario-4962,2051,1,1,1,1,8,0,True
iter-2-scenario-4963,2481,1,1,1,1,8,2,True
iter-2-scenario-4964,2481,1,1,1,1,8,2,True
iter-2-scenario-4965,2051,1,1,1,1,8,0,True
iter-2-scenario-4966,2481,1,1,1,1,8,2,True
iter-2-scenario-4967,2481,1,1,1,1,8,2,True
iter-2-scenario-4968,2051,1,1,1,1,8,0,True
iter-2-scenario-4969,2481,1,1,1,1,8,2,True
iter-2-scenario-497,2481,1,1,1,1,8,2,True
iter-2-scenario-4970,2481,1,1,1,1,8,2,True
iter-2-scenario-4971,2051,1,1,1,1,8,0,True
iter-2-scenario-4972,2481,1,1,1,1,8,2,True
iter-2-scenario-4973,2481,1,1,1,1,8,2,True
iter-2-scenario-4974,2051,1,1,1,1,8,0,True
iter-2-scenario-4975,2481,1,1,1,1,8,2,True
iter-2-scenario-4976,2481,1,1,1,1,8,2,True
iter-2-scenario-4977,2051,1,1,1,1,8,0,True
iter-2-scenario-4978,2481,1,1,1,1,8,2,True
iter-2-scenario-4979,2481,1,1,1,1,8,2,True
iter-2-scenario-498,2051,1,1,1,1,8,0,True
iter-2-scenario-4980,2051,1,1,1,1,8,0,True
iter-2-scenario-4981,2481,1,1,1,1,8,2,True
iter-2-scenario-4982,2481,1,1,1,1,8,2,True
iter-2-scenario-4983,2051,1,1,1,1,8,0,True
iter-2-scenario-4984,2481,1,1,1,1,8,2,True
iter-2-scenario-4985,2481,1,1,1,1,8,2,True
iter-2-scenario-4986,2051,1,1,1,1,8,0,True
iter-2-scenario-4987,2481,1,1,1,1,8,2,True
iter-2-scenario-4988,2481,1,1,1,1,8,2,True
iter-2-scenario-4989,2051,1,1,1,1,8,0,True
iter-2-scenario-499,2481,1,1,1,1,8,2,True
iter-2-scenario-4990,2481,1,1,1,1,8,2,True
iter-2-scenario-4991,2481,1,1,1,1,8,2,True
iter-2-scenario-4992,2051,1,1,1,1,8,0,True
iter-2-scenario-4993,2481,1,1,1,1,8,2,True
iter-2-scenario-4994,2481,1,1,1,1,8,2,True
iter-2-scenario-4995,2051,1,1,1,1,8,0,True
iter-2-scenario-4996,2481,1,1,1,1,8,2,True
iter-2-scenario-4997,2481,1,1,1,1,8,2,True
iter-2-scenario-4998,2051,1,1,1,1,8,0,True
iter-2-scenario-4999,2481,1,1,1,1,8,2,True
iter-2-scenario-5,2481,1,1,1,1,8,2,True
iter-2-scenario-50,2481,1,1,1,1,8,2,True
iter-2-scenario-500,2481,1,1,1,1,8,2,True
iter-2-scenario-5000,2481,1,1,1,1,8,2,True
iter-2-scenario-5001,2051,1,1,1,1,8,0,True
iter-2-scenario-5002,2481,1,1,1,1,8,2,True
iter-2-scenario-5003,2481,1,1,1,1,8,2,True
iter-2-scenario-5004,2051,1,1,1,1,8,0,True
iter-2-scenario-5005,2481,1,1,1,1,8,2,True
iter-2-scenario-5006,2481,1,1,1,1,8,2,True
iter-2-scenario-5007,2051,1,1,1,1,8,0,True
iter-2-scenario-5008,2481,1,1,1,1,8,2,True
iter-2-scenario-5009,2481,1,1,1,1,8,2,True
iter-2-scenario-501,2051,1,1,1,1,8,0,True
iter-2-scenario-5010,2051,1,1,1,1,8,0,True
iter-2-scenario-5011,2481,1,1,1,1,8,2,True
iter-2-scenario-5012,2481,1,1,1,1,8,2,True
iter-2-scenario-5013,2051,1,1,1,1,8,0,True
iter-2-scenario-5014,2481,1,1,1,1,8,2,True
iter-2-scenario-5015,2481,1,1,1,1,8,2,True
iter-2-scenario-5016,2051,1,1,1,1,8,0,True
iter-2-scenario-5017,2481,1,1,1,1,8,2,True
iter-2-scenario-5018,2481,1,1,1,1,8,2,True
iter-2-scenario-5019,2051,1,1,1,1,8,0,True
iter-2-scenario-502,2481,1,1,1,1,8,2,True
iter-2-scenario-5020,2481,1,1,1,1,8,2,True
iter-2-scenario-5021,2481,1,1,1,1,8,2,True
iter-2-scenario-5022,2051,1,1,1,1,8,0,True
iter-2-scenario-5023,2481,1,1,1,1,8,2,True
iter-2-scenario-5024,2481,1,1,1,1,8,2,True
iter-2-scenario-5025,2051,1,1,1,1,8,0,True
iter-2-scenario-5026,2481,1,1,1,1,8,2,True
iter-2-scenario-5027,2481,1,1,1,1,8,2,True
iter-2-scenario-5028,2051,1,1,1,1,8,0,True
iter-2-scenario-5029,2481,1,1,1,1,8,2,True
iter-2-scenario-503,2481,1,1,1,1,8,2,True
iter-2-scenario-5030,2481,1,1,1,1,8,2,True
iter-2-scenario-5031,2051,1,1,1,1,8,0,True
iter-2-scenario-5032,2481,1,1,1,1,8,2,True
iter-2-scenario-5033,2481,1,1,1,1,8,2,True
iter-2-scenario-5034,2051,1,1,1,1,8,0,True
iter-2-scenario-5035,2481,1,1,1,1,8,2,True
iter-2-scenario-5036,2481,1,1,1,1,8,2,True
iter-2-scenario-5037,2051,1,1,1,1,8,0,True
iter-2-scenario-5038,2481,1,1,1,1,8,2,True
iter-2-scenario-5039,2481,1,1,1,1,8,2,True
iter-2-scenario-504,2051,1,1,1,1,8,0,True
iter-2-scenario-5040,2051,1,1,1,1,8,0,True
iter-2-scenario-5041,2481,1,1,1,1,8,2,True
iter-2-scenario-5042,2481,1,1,1,1,8,2,True
iter-2-scenario-5043,2051,1,1,1,1,8,0,True
iter-2-scenario-5044,2481,1,1,1,1,8,2,True
iter-2-scenario-5045,2481,1,1,1,1,8,2,True
iter-2-scenario-5046,2051,1,1,1,1,8,0,True
iter-2-scenario-5047,2481,1,1,1,1,8,2,True
iter-2-scenario-5048,2481,1,1,1,1,8,2,True
iter-2-scenario-5049,2051,1,1,1,1,8,0,True
iter-2-scenario-505,2481,1,1,1,1,8,2,True
iter-2-scenario-5050,2481,1,1,1,1,8,2,True
iter-2-scenario-5051,2481,1,1,1,1,8,2,True
iter-2-scenario-5052,2051,1,1,1,1,8,0,True
iter-2-scenario-5053,2481,1,1,1,1,8,2,True
iter-2-scenario-5054,2481,1,1,1,1,8,2,True
iter-2-scenario-5055,2051,1,1,1,1,8,0,True
iter-2-scenario-5056,2481,1,1,1,1,8,2,True
iter-2-scenario-5057,2481,1,1,1,1,8,2,True
iter-2-scenario-5058,2051,1,1,1,1,8,0,True
iter-2-scenario-5059,2481,1,1,1,1,8,2,True
iter-2-scenario-506,2481,1,1,1,1,8,2,True
iter-2-scenario-5060,2481,1,1,1,1,8,2,True
iter-2-scenario-5061,2051,1,1,1,1,8,0,True
iter-2-scenario-5062,2481,1,1,1,1,8,2,True
iter-2-scenario-5063,2481,1,1,1,1,8,2,True
iter-2-scenario-5064,2051,1,1,1,1,8,0,True
iter-2-scenario-5065,2481,1,1,1,1,8,2,True
iter-2-scenario-5066,2481,1,1,1,1,8,2,True
iter-2-scenario-5067,2051,1,1,1,1,8,0,True
iter-2-scenario-5068,2481,1,1,1,1,8,2,True
iter-2-scenario-5069,2481,1,1,1,1,8,2,True
iter-2-scenario-507,2051,1,1,1,1,8,0,True
iter-2-scenario-5070,2051,1,1,1,1,8,0,True
iter-2-scenario-5071,2481,1,1,1,1,8,2,True
iter-2-scenario-5072,2481,1,1,1,1,8,2,True
iter-2-scenario-5073,2051,1,1,1,1,8,0,True
iter-2-scenario-5074,2481,1,1,1,1,8,2,True
iter-2-scenario-5075,2481,1,1,1,1,8,2,True
iter-2-scenario-5076,2051,1,1,1,1,8,0,True
iter-2-scenario-5077,2481,1,1,1,1,8,2,True
iter-2-scenario-5078,2481,1,1,1,1,8,2,True
iter-2-scenario-5079,2051,1,1,1,1,8,0,True
iter-2-scenario-508,2481,1,1,1,1,8,2,True
iter-2-scenario-5080,2481,1,1,1,1,8,2,True
iter-2-scenario-5081,2481,1,1,1,1,8,2,True
iter-2-scenario-5082,2051,1,1,1,1,8,0,True
iter-2-scenario-5083,2481,1,1,1,1,8,2,True
iter-2-scenario-5084,2481,1,1,1,1,8,2,True
iter-2-scenario-5085,2051,1,1,1,1,8,0,True
iter-2-scenario-5086,2481,1,1,1,1,8,2,True
iter-2-scenario-5087,2481,1,1,1,1,8,2,True
iter-2-scenario-5088,2051,1,1,1,1,8,0,True
iter-2-scenario-5089,2481,1,1,1,1,8,2,True
iter-2-scenario-509,2481,1,1,1,1,8,2,True
iter-2-scenario-5090,2481,1,1,1,1,8,2,True
iter-2-scenario-5091,2051,1,1,1,1,8,0,True
iter-2-scenario-5092,2481,1,1,1,1,8,2,True
iter-2-scenario-5093,2481,1,1,1,1,8,2,True
iter-2-scenario-5094,2051,1,1,1,1,8,0,True
iter-2-scenario-5095,2481,1,1,1,1,8,2,True
iter-2-scenario-5096,2481,1,1,1,1,8,2,True
iter-2-scenario-5097,2051,1,1,1,1,8,0,True
iter-2-scenario-5098,2481,1,1,1,1,8,2,True
iter-2-scenario-5099,2481,1,1,1,1,8,2,True
iter-2-scenario-51,2051,1,1,1,1,8,0,True
iter-2-scenario-510,2051,1,1,1,1,8,0,True
iter-2-scenario-5100,2051,1,1,1,1,8,0,True
iter-2-scenario-5101,2481,1,1,1,1,8,2,True
iter-2-scenario-5102,2481,1,1,1,1,8,2,True
iter-2-scenario-5103,2051,1,1,1,1,8,0,True
iter-2-scenario-5104,2481,1,1,1,1,8,2,True
iter-2-scenario-5105,2481,1,1,1,1,8,2,True
iter-2-scenario-5106,2051,1,1,1,1,8,0,True
iter-2-scenario-5107,2481,1,1,1,1,8,2,True
iter-2-scenario-5108,2481,1,1,1,1,8,2,True
iter-2-scenario-5109,2051,1,1,1,1,8,0,True
iter-2-scenario-511,2481,1,1,1,1,8,2,True
iter-2-scenario-5110,2481,1,1,1,1,8,2,True
iter-2-scenario-5111,2481,1,1,1,1,8,2,True
iter-2-scenario-5112,2051,1,1,1,1,8,0,True
iter-2-scenario-5113,2481,1,1,1,1,8,2,True
iter-2-scenario-5114,2481,1,1,1,1,8,2,True
iter-2-scenario-5115,2051,1,1,1,1,8,0,True
iter-2-scenario-5116,2481,1,1,1,1,8,2,True
iter-2-scenario-5117,2481,1,1,1,1,8,2,True
iter-2-scenario-5118,2051,1,1,1,1,8,0,True
iter-2-scenario-5119,2481,1,1,1,1,8,2,True
iter-2-scenario-512,2481,1,1,1,1,8,2,True
iter-2-scenario-5120,2481,1,1,1,1,8,2,True
iter-2-scenario-5121,2051,1,1,1,1,8,0,True
iter-2-scenario-5122,2481,1,1,1,1,8,2,True
iter-2-scenario-5123,2481,1,1,1,1,8,2,True
iter-2-scenario-5124,2051,1,1,1,1,8,0,True
iter-2-scenario-5125,2481,1,1,1,1,8,2,True
iter-2-scenario-5126,2481,1,1,1,1,8,2,True
iter-2-scenario-5127,2051,1,1,1,1,8,0,True
iter-2-scenario-5128,2481,1,1,1,1,8,2,True
iter-2-scenario-5129,2481,1,1,1,1,8,2,True
iter-2-scenario-513,2051,1,1,1,1,8,0,True
iter-2-scenario-5130,2051,1,1,1,1,8,0,True
iter-2-scenario-5131,2481,1,1,1,1,8,2,True
iter-2-scenario-5132,2481,1,1,1,1,8,2,True
iter-2-scenario-5133,2051,1,1,1,1,8,0,True
iter-2-scenario-5134,2481,1,1,1,1,8,2,True
iter-2-scenario-5135,2481,1,1,1,1,8,2,True
iter-2-scenario-5136,2051,1,1,1,1,8,0,True
iter-2-scenario-5137,2481,1,1,1,1,8,2,True
iter-2-scenario-5138,2481,1,1,1,1,8,2,True
iter-2-scenario-5139,2051,1,1,1,1,8,0,True
iter-2-scenario-514,2481,1,1,1,1,8,2,True
iter-2-scenario-5140,2481,1,1,1,1,8,2,True
iter-2-scenario-5141,2481,1,1,1,1,8,2,True
iter-2-scenario-5142,2051,1,1,1,1,8,0,True
iter-2-scenario-5143,2481,1,1,1,1,8,2,True
iter-2-scenario-5144,2481,1,1,1,1,8,2,True
iter-2-scenario-5145,2051,1,1,1,1,8,0,True
iter-2-scenario-5146,2481,1,1,1,1,8,2,True
iter-2-scenario-5147,2481,1,1,1,1,8,2,True
iter-2-scenario-5148,2051,1,1,1,1,8,0,True
iter-2-scenario-5149,2481,1,1,1,1,8,2,True
iter-2-scenario-515,2481,1,1,1,1,8,2,True
iter-2-scenario-5150,2481,1,1,1,1,8,2,True
iter-2-scenario-5151,2051,1,1,1,1,8,0,True
iter-2-scenario-5152,2481,1,1,1,1,8,2,True
iter-2-scenario-5153,2481,1,1,1,1,8,2,True
iter-2-scenario-5154,2051,1,1,1,1,8,0,True
iter-2-scenario-5155,2481,1,1,1,1,8,2,True
iter-2-scenario-5156,2481,1,1,1,1,8,2,True
iter-2-scenario-5157,2051,1,1,1,1,8,0,True
iter-2-scenario-5158,2481,1,1,1,1,8,2,True
iter-2-scenario-5159,2481,1,1,1,1,8,2,True
iter-2-scenario-516,2051,1,1,1,1,8,0,True
iter-2-scenario-5160,2051,1,1,1,1,8,0,True
iter-2-scenario-5161,2481,1,1,1,1,8,2,True
iter-2-scenario-5162,2481,1,1,1,1,8,2,True
iter-2-scenario-5163,2051,1,1,1,1,8,0,True
iter-2-scenario-5164,2481,1,1,1,1,8,2,True
iter-2-scenario-5165,2481,1,1,1,1,8,2,True
iter-2-scenario-5166,2051,1,1,1,1,8,0,True
iter-2-scenario-5167,2481,1,1,1,1,8,2,True
iter-2-scenario-5168,2481,1,1,1,1,8,2,True
iter-2-scenario-5169,2051,1,1,1,1,8,0,True
iter-2-scenario-517,2481,1,1,1,1,8,2,True
iter-2-scenario-5170,2481,1,1,1,1,8,2,True
iter-2-scenario-5171,2481,1,1,1,1,8,2,True
iter-2-scenario-5172,2051,1,1,1,1,8,0,True
iter-2-scenario-5173,2481,1,1,1,1,8,2,True
iter-2-scenario-5174,2481,1,1,1,1,8,2,True
iter-2-scenario-5175,2051,1,1,1,1,8,0,True
iter-2-scenario-5176,2481,1,1,1,1,8,2,True
iter-2-scenario-5177,2481,1,1,1,1,8,2,True
iter-2-scenario-5178,2051,1,1,1,1,8,0,True
iter-2-scenario-5179,2481,1,1,1,1,8,2,True
iter-2-scenario-518,2481,1,1,1,1,8,2,True
iter-2-scenario-5180,2481,1,1,1,1,8,2,True
iter-2-scenario-5181,2051,1,1,1,1,8,0,True
iter-2-scenario-5182,2481,1,1,1,1,8,2,True
iter-2-scenario-5183,2481,1,1,1,1,8,2,True
iter-2-scenario-5184,2051,1,1,1,1,8,0,True
iter-2-scenario-5185,2481,1,1,1,1,8,2,True
iter-2-scenario-5186,2481,1,1,1,1,8,2,True
iter-2-scenario-5187,2051,1,1,1,1,8,0,True
iter-2-scenario-5188,2481,1,1,1,1,8,2,True
iter-2-scenario-5189,2481,1,1,1,1,8,2,True
iter-2-scenario-519,2051,1,1,1,1,8,0,True
iter-2-scenario-5190,2051,1,1,1,1,8,0,True
iter-2-scenario-5191,2481,1,1,1,1,8,2,True
iter-2-scenario-5192,2481,1,1,1,1,8,2,True
iter-2-scenario-5193,2051,1,1,1,1,8,0,True
iter-2-scenario-5194,2481,1,1,1,1,8,2,True
iter-2-scenario-5195,2481,1,1,1,1,8,2,True
iter-2-scenario-5196,2051,1,1,1,1,8,0,True
iter-2-scenario-5197,2481,1,1,1,1,8,2,True
iter-2-scenario-5198,2481,1,1,1,1,8,2,True
iter-2-scenario-5199,2051,1,1,1,1,8,0,True
iter-2-scenario-52,2481,1,1,1,1,8,2,True
iter-2-scenario-520,2481,1,1,1,1,8,2,True
iter-2-scenario-5200,2481,1,1,1,1,8,2,True
iter-2-scenario-5201,2481,1,1,1,1,8,2,True
iter-2-scenario-5202,2051,1,1,1,1,8,0,True
iter-2-scenario-5203,2481,1,1,1,1,8,2,True
iter-2-scenario-5204,2481,1,1,1,1,8,2,True
iter-2-scenario-5205,2051,1,1,1,1,8,0,True
iter-2-scenario-5206,2481,1,1,1,1,8,2,True
iter-2-scenario-5207,2481,1,1,1,1,8,2,True
iter-2-scenario-5208,2051,1,1,1,1,8,0,True
iter-2-scenario-5209,2481,1,1,1,1,8,2,True
iter-2-scenario-521,2481,1,1,1,1,8,2,True
iter-2-scenario-5210,2481,1,1,1,1,8,2,True
iter-2-scenario-5211,2051,1,1,1,1,8,0,True
iter-2-scenario-5212,2481,1,1,1,1,8,2,True
iter-2-scenario-5213,2481,1,1,1,1,8,2,True
iter-2-scenario-5214,2051,1,1,1,1,8,0,True
iter-2-scenario-5215,2481,1,1,1,1,8,2,True
iter-2-scenario-5216,2481,1,1,1,1,8,2,True
iter-2-scenario-5217,2051,1,1,1,1,8,0,True
iter-2-scenario-5218,2481,1,1,1,1,8,2,True
iter-2-scenario-5219,2481,1,1,1,1,8,2,True
iter-2-scenario-522,2051,1,1,1,1,8,0,True
iter-2-scenario-5220,2051,1,1,1,1,8,0,True
iter-2-scenario-5221,2481,1,1,1,1,8,2,True
iter-2-scenario-5222,2481,1,1,1,1,8,2,True
iter-2-scenario-5223,2051,1,1,1,1,8,0,True
iter-2-scenario-5224,2481,1,1,1,1,8,2,True
iter-2-scenario-5225,2481,1,1,1,1,8,2,True
iter-2-scenario-5226,2051,1,1,1,1,8,0,True
iter-2-scenario-5227,2481,1,1,1,1,8,2,True
iter-2-scenario-5228,2481,1,1,1,1,8,2,True
iter-2-scenario-5229,2051,1,1,1,1,8,0,True
iter-2-scenario-523,2481,1,1,1,1,8,2,True
iter-2-scenario-5230,2481,1,1,1,1,8,2,True
iter-2-scenario-5231,2481,1,1,1,1,8,2,True
iter-2-scenario-5232,2051,1,1,1,1,8,0,True
iter-2-scenario-5233,2481,1,1,1,1,8,2,True
iter-2-scenario-5234,2481,1,1,1,1,8,2,True
iter-2-scenario-5235,2051,1,1,1,1,8,0,True
iter-2-scenario-5236,2481,1,1,1,1,8,2,True
iter-2-scenario-5237,2481,1,1,1,1,8,2,True
iter-2-scenario-5238,2051,1,1,1,1,8,0,True
iter-2-scenario-5239,2481,1,1,1,1,8,2,True
iter-2-scenario-524,2481,1,1,1,1,8,2,True
iter-2-scenario-5240,2481,1,1,1,1,8,2,True
iter-2-scenario-5241,2051,1,1,1,1,8,0,True
iter-2-scenario-5242,2481,1,1,1,1,8,2,True
iter-2-scenario-5243,2481,1,1,1,1,8,2,True
iter-2-scenario-5244,2051,1,1,1,1,8,0,True
iter-2-scenario-5245,2481,1,1,1,1,8,2,True
iter-2-scenario-5246,2481,1,1,1,1,8,2,True
iter-2-scenario-5247,2051,1,1,1,1,8,0,True
iter-2-scenario-5248,2481,1,1,1,1,8,2,True
iter-2-scenario-5249,2481,1,1,1,1,8,2,True
iter-2-scenario-525,2051,1,1,1,1,8,0,True
iter-2-scenario-5250,2051,1,1,1,1,8,0,True
iter-2-scenario-5251,2481,1,1,1,1,8,2,True
iter-2-scenario-5252,2481,1,1,1,1,8,2,True
iter-2-scenario-5253,2051,1,1,1,1,8,0,True
iter-2-scenario-5254,2481,1,1,1,1,8,2,True
iter-2-scenario-5255,2481,1,1,1,1,8,2,True
iter-2-scenario-5256,2051,1,1,1,1,8,0,True
iter-2-scenario-5257,2481,1,1,1,1,8,2,True
iter-2-scenario-5258,2481,1,1,1,1,8,2,True
iter-2-scenario-5259,2051,1,1,1,1,8,0,True
iter-2-scenario-526,2481,1,1,1,1,8,2,True
iter-2-scenario-5260,2481,1,1,1,1,8,2,True
iter-2-scenario-5261,2481,1,1,1,1,8,2,True
iter-2-scenario-5262,2051,1,1,1,1,8,0,True
iter-2-scenario-5263,2481,1,1,1,1,8,2,True
iter-2-scenario-5264,2481,1,1,1,1,8,2,True
iter-2-scenario-5265,2051,1,1,1,1,8,0,True
iter-2-scenario-5266,2481,1,1,1,1,8,2,True
iter-2-scenario-5267,2481,1,1,1,1,8,2,True
iter-2-scenario-5268,2051,1,1,1,1,8,0,True
iter-2-scenario-5269,2481,1,1,1,1,8,2,True
iter-2-scenario-527,2481,1,1,1,1,8,2,True
iter-2-scenario-5270,2481,1,1,1,1,8,2,True
iter-2-scenario-5271,2051,1,1,1,1,8,0,True
iter-2-scenario-5272,2481,1,1,1,1,8,2,True
iter-2-scenario-5273,2481,1,1,1,1,8,2,True
iter-2-scenario-5274,2051,1,1,1,1,8,0,True
iter-2-scenario-5275,2481,1,1,1,1,8,2,True
iter-2-scenario-5276,2481,1,1,1,1,8,2,True
iter-2-scenario-5277,2051,1,1,1,1,8,0,True
iter-2-scenario-5278,2481,1,1,1,1,8,2,True
iter-2-scenario-5279,2481,1,1,1,1,8,2,True
iter-2-scenario-528,2051,1,1,1,1,8,0,True
iter-2-scenario-5280,2051,1,1,1,1,8,0,True
iter-2-scenario-5281,2481,1,1,1,1,8,2,True
iter-2-scenario-5282,2481,1,1,1,1,8,2,True
iter-2-scenario-5283,2051,1,1,1,1,8,0,True
iter-2-scenario-5284,2481,1,1,1,1,8,2,True
iter-2-scenario-5285,2481,1,1,1,1,8,2,True
iter-2-scenario-5286,2051,1,1,1,1,8,0,True
iter-2-scenario-5287,2481,1,1,1,1,8,2,True
iter-2-scenario-5288,2481,1,1,1,1,8,2,True
iter-2-scenario-5289,2051,1,1,1,1,8,0,True
iter-2-scenario-529,2481,1,1,1,1,8,2,True
iter-2-scenario-5290,2481,1,1,1,1,8,2,True
iter-2-scenario-5291,2481,1,1,1,1,8,2,True
iter-2-scenario-5292,2051,1,1,1,1,8,0,True
iter-2-scenario-5293,2481,1,1,1,1,8,2,True
iter-2-scenario-5294,2481,1,1,1,1,8,2,True
iter-2-scenario-5295,2051,1,1,1,1,8,0,True
iter-2-scenario-5296,2481,1,1,1,1,8,2,True
iter-2-scenario-5297,2481,1,1,1,1,8,2,True
iter-2-scenario-5298,2051,1,1,1,1,8,0,True
iter-2-scenario-5299,2481,1,1,1,1,8,2,True
iter-2-scenario-53,2481,1,1,1,1,8,2,True
iter-2-scenario-530,2481,1,1,1,1,8,2,True
iter-2-scenario-5300,2481,1,1,1,1,8,2,True
iter-2-scenario-5301,2051,1,1,1,1,8,0,True
iter-2-scenario-5302,2481,1,1,1,1,8,2,True
iter-2-scenario-5303,2481,1,1,1,1,8,2,True
iter-2-scenario-5304,2051,1,1,1,1,8,0,True
iter-2-scenario-5305,2481,1,1,1,1,8,2,True
iter-2-scenario-5306,2481,1,1,1,1,8,2,True
iter-2-scenario-5307,2051,1,1,1,1,8,0,True
iter-2-scenario-5308,2481,1,1,1,1,8,2,True
iter-2-scenario-5309,2481,1,1,1,1,8,2,True
iter-2-scenario-531,2051,1,1,1,1,8,0,True
iter-2-scenario-5310,2051,1,1,1,1,8,0,True
iter-2-scenario-5311,2481,1,1,1,1,8,2,True
iter-2-scenario-5312,2481,1,1,1,1,8,2,True
iter-2-scenario-5313,2051,1,1,1,1,8,0,True
iter-2-scenario-5314,2481,1,1,1,1,8,2,True
iter-2-scenario-5315,2481,1,1,1,1,8,2,True
iter-2-scenario-5316,2051,1,1,1,1,8,0,True
iter-2-scenario-5317,2481,1,1,1,1,8,2,True
iter-2-scenario-5318,2481,1,1,1,1,8,2,True
iter-2-scenario-5319,2051,1,1,1,1,8,0,True
iter-2-scenario-532,2481,1,1,1,1,8,2,True
iter-2-scenario-5320,2481,1,1,1,1,8,2,True
iter-2-scenario-5321,2481,1,1,1,1,8,2,True
iter-2-scenario-5322,2051,1,1,1,1,8,0,True
iter-2-scenario-5323,2481,1,1,1,1,8,2,True
iter-2-scenario-5324,2481,1,1,1,1,8,2,True
iter-2-scenario-5325,2051,1,1,1,1,8,0,True
iter-2-scenario-5326,2481,1,1,1,1,8,2,True
iter-2-scenario-5327,2481,1,1,1,1,8,2,True
iter-2-scenario-5328,2051,1,1,1,1,8,0,True
iter-2-scenario-5329,2481,1,1,1,1,8,2,True
iter-2-scenario-533,2481,1,1,1,1,8,2,True
iter-2-scenario-5330,2481,1,1,1,1,8,2,True
iter-2-scenario-5331,2051,1,1,1,1,8,0,True
iter-2-scenario-5332,2481,1,1,1,1,8,2,True
iter-2-scenario-5333,2481,1,1,1,1,8,2,True
iter-2-scenario-5334,2051,1,1,1,1,8,0,True
iter-2-scenario-5335,2481,1,1,1,1,8,2,True
iter-2-scenario-5336,2481,1,1,1,1,8,2,True
iter-2-scenario-5337,2051,1,1,1,1,8,0,True
iter-2-scenario-5338,2481,1,1,1,1,8,2,True
iter-2-scenario-5339,2481,1,1,1,1,8,2,True
iter-2-scenario-534,2051,1,1,1,1,8,0,True
iter-2-scenario-5340,2051,1,1,1,1,8,0,True
iter-2-scenario-5341,2481,1,1,1,1,8,2,True
iter-2-scenario-5342,2481,1,1,1,1,8,2,True
iter-2-scenario-5343,2051,1,1,1,1,8,0,True
iter-2-scenario-5344,2481,1,1,1,1,8,2,True
iter-2-scenario-5345,2481,1,1,1,1,8,2,True
iter-2-scenario-5346,2051,1,1,1,1,8,0,True
iter-2-scenario-5347,2481,1,1,1,1,8,2,True
iter-2-scenario-5348,2481,1,1,1,1,8,2,True
iter-2-scenario-5349,2051,1,1,1,1,8,0,True
iter-2-scenario-535,2481,1,1,1,1,8,2,True
iter-2-scenario-5350,2481,1,1,1,1,8,2,True
iter-2-scenario-5351,2481,1,1,1,1,8,2,True
iter-2-scenario-5352,2051,1,1,1,1,8,0,True
iter-2-scenario-5353,2481,1,1,1,1,8,2,True
iter-2-scenario-5354,2481,1,1,1,1,8,2,True
iter-2-scenario-5355,2051,1,1,1,1,8,0,True
iter-2-scenario-5356,2481,1,1,1,1,8,2,True
iter-2-scenario-5357,2481,1,1,1,1,8,2,True
iter-2-scenario-5358,2051,1,1,1,1,8,0,True
iter-2-scenario-5359,2481,1,1,1,1,8,2,True
iter-2-scenario-536,2481,1,1,1,1,8,2,True
iter-2-scenario-5360,2481,1,1,1,1,8,2,True
iter-2-scenario-5361,2051,1,1,1,1,8,0,True
iter-2-scenario-5362,2481,1,1,1,1,8,2,True
iter-2-scenario-5363,2481,1,1,1,1,8,2,True
iter-2-scenario-5364,2051,1,1,1,1,8,0,True
iter-2-scenario-5365,2481,1,1,1,1,8,2,True
iter-2-scenario-5366,2481,1,1,1,1,8,2,True
iter-2-scenario-5367,2051,1,1,1,1,8,0,True
iter-2-scenario-5368,2481,1,1,1,1,8,2,True
iter-2-scenario-5369,2481,1,1,1,1,8,2,True
iter-2-scenario-537,2051,1,1,1,1,8,0,True
iter-2-scenario-5370,2051,1,1,1,1,8,0,True
iter-2-scenario-5371,2481,1,1,1,1,8,2,True
iter-2-scenario-5372,2481,1,1,1,1,8,2,True
iter-2-scenario-5373,2051,1,1,1,1,8,0,True
iter-2-scenario-5374,2481,1,1,1,1,8,2,True
iter-2-scenario-5375,2481,1,1,1,1,8,2,True
iter-2-scenario-5376,2051,1,1,1,1,8,0,True
iter-2-scenario-538,2481,1,1,1,1,8,2,True
iter-2-scenario-5380,2481,1,1,1,1,8,2,True
iter-2-scenario-5381,2481,1,1,1,1,8,2,True
iter-2-scenario-5382,2051,1,1,1,1,8,0,True
iter-2-scenario-5383,2481,1,1,1,1,8,2,True
iter-2-scenario-5384,2481,1,1,1,1,8,2,True
iter-2-scenario-5385,2051,1,1,1,1,8,0,True
iter-2-scenario-5386,2481,1,1,1,1,8,2,True
iter-2-scenario-5387,2481,1,1,1,1,8,2,True
iter-2-scenario-5388,2051,1,1,1,1,8,0,True
iter-2-scenario-5389,2481,1,1,1,1,8,2,True
iter-2-scenario-539,2481,1,1,1,1,8,2,True
iter-2-scenario-5390,2481,1,1,1,1,8,2,True
iter-2-scenario-5391,2051,1,1,1,1,8,0,True
iter-2-scenario-5392,2481,1,1,1,1,8,2,True
iter-2-scenario-5393,2481,1,1,1,1,8,2,True
iter-2-scenario-5394,2051,1,1,1,1,8,0,True
iter-2-scenario-5395,2481,1,1,1,1,8,2,True
iter-2-scenario-5396,2481,1,1,1,1,8,2,True
iter-2-scenario-5397,2051,1,1,1,1,8,0,True
iter-2-scenario-5398,2481,1,1,1,1,8,2,True
iter-2-scenario-5399,2481,1,1,1,1,8,2,True
iter-2-scenario-54,2051,1,1,1,1,8,0,True
iter-2-scenario-540,2051,1,1,1,1,8,0,True
iter-2-scenario-5400,2051,1,1,1,1,8,0,True
iter-2-scenario-5401,2481,1,1,1,1,8,2,True
iter-2-scenario-5402,2481,1,1,1,1,8,2,True
iter-2-scenario-5403,2051,1,1,1,1,8,0,True
iter-2-scenario-5404,2481,1,1,1,1,8,2,True
iter-2-scenario-5405,2481,1,1,1,1,8,2,True
iter-2-scenario-5406,2051,1,1,1,1,8,0,True
iter-2-scenario-5407,2481,1,1,1,1,8,2,True
iter-2-scenario-5408,2481,1,1,1,1,8,2,True
iter-2-scenario-5409,2051,1,1,1,1,8,0,True
iter-2-scenario-541,2481,1,1,1,1,8,2,True
iter-2-scenario-5410,2481,1,1,1,1,8,2,True
iter-2-scenario-5411,2481,1,1,1,1,8,2,True
iter-2-scenario-5412,2051,1,1,1,1,8,0,True
iter-2-scenario-5413,2481,1,1,1,1,8,2,True
iter-2-scenario-5414,2481,1,1,1,1,8,2,True
iter-2-scenario-5415,2051,1,1,1,1,8,0,True
iter-2-scenario-5416,2481,1,1,1,1,8,2,True
iter-2-scenario-5417,2481,1,1,1,1,8,2,True
iter-2-scenario-5418,2051,1,1,1,1,8,0,True
iter-2-scenario-5419,2481,1,1,1,1,8,2,True
iter-2-scenario-542,2481,1,1,1,1,8,2,True
iter-2-scenario-5420,2481,1,1,1,1,8,2,True
iter-2-scenario-5421,2051,1,1,1,1,8,0,True
iter-2-scenario-5422,2481,1,1,1,1,8,2,True
iter-2-scenario-5423,2481,1,1,1,1,8,2,True
iter-2-scenario-5424,2051,1,1,1,1,8,0,True
iter-2-scenario-5425,2481,1,1,1,1,8,2,True
iter-2-scenario-5426,2481,1,1,1,1,8,2,True
iter-2-scenario-5427,2051,1,1,1,1,8,0,True
iter-2-scenario-5428,2481,1,1,1,1,8,2,True
iter-2-scenario-5429,2481,1,1,1,1,8,2,True
iter-2-scenario-543,2051,1,1,1,1,8,0,True
iter-2-scenario-5430,2051,1,1,1,1,8,0,True
iter-2-scenario-5431,2481,1,1,1,1,8,2,True
iter-2-scenario-5432,2481,1,1,1,1,8,2,True
iter-2-scenario-5433,2051,1,1,1,1,8,0,True
iter-2-scenario-5434,2481,1,1,1,1,8,2,True
iter-2-scenario-5435,2481,1,1,1,1,8,2,True
iter-2-scenario-5436,2051,1,1,1,1,8,0,True
iter-2-scenario-5437,2481,1,1,1,1,8,2,True
iter-2-scenario-5438,2481,1,1,1,1,8,2,True
iter-2-scenario-5439,2051,1,1,1,1,8,0,True
iter-2-scenario-544,2481,1,1,1,1,8,2,True
iter-2-scenario-5440,2481,1,1,1,1,8,2,True
iter-2-scenario-5441,2481,1,1,1,1,8,2,True
iter-2-scenario-5442,2051,1,1,1,1,8,0,True
iter-2-scenario-5443,2481,1,1,1,1,8,2,True
iter-2-scenario-5444,2481,1,1,1,1,8,2,True
iter-2-scenario-5445,2051,1,1,1,1,8,0,True
iter-2-scenario-5446,2481,1,1,1,1,8,2,True
iter-2-scenario-5447,2481,1,1,1,1,8,2,True
iter-2-scenario-5448,2051,1,1,1,1,8,0,True
iter-2-scenario-5449,2481,1,1,1,1,8,2,True
iter-2-scenario-545,2481,1,1,1,1,8,2,True
iter-2-scenario-5450,2481,1,1,1,1,8,2,True
iter-2-scenario-5451,2051,1,1,1,1,8,0,True
iter-2-scenario-5452,2481,1,1,1,1,8,2,True
iter-2-scenario-5453,2481,1,1,1,1,8,2,True
iter-2-scenario-5454,2051,1,1,1,1,8,0,True
iter-2-scenario-5455,2481,1,1,1,1,8,2,True
iter-2-scenario-5456,2481,1,1,1,1,8,2,True
iter-2-scenario-5457,2051,1,1,1,1,8,0,True
iter-2-scenario-5458,2481,1,1,1,1,8,2,True
iter-2-scenario-5459,2481,1,1,1,1,8,2,True
iter-2-scenario-546,2051,1,1,1,1,8,0,True
iter-2-scenario-5460,2051,1,1,1,1,8,0,True
iter-2-scenario-5461,2481,1,1,1,1,8,2,True
iter-2-scenario-5462,2481,1,1,1,1,8,2,True
iter-2-scenario-5463,2051,1,1,1,1,8,0,True
iter-2-scenario-5464,2481,1,1,1,1,8,2,True
iter-2-scenario-5465,2481,1,1,1,1,8,2,True
iter-2-scenario-5466,2051,1,1,1,1,8,0,True
iter-2-scenario-5467,2481,1,1,1,1,8,2,True
iter-2-scenario-5468,2481,1,1,1,1,8,2,True
iter-2-scenario-5469,2051,1,1,1,1,8,0,True
iter-2-scenario-547,2481,1,1,1,1,8,2,True
iter-2-scenario-5470,2481,1,1,1,1,8,2,True
iter-2-scenario-5471,2481,1,1,1,1,8,2,True
iter-2-scenario-5472,2051,1,1,1,1,8,0,True
iter-2-scenario-5473,2481,1,1,1,1,8,2,True
iter-2-scenario-5474,2481,1,1,1,1,8,2,True
iter-2-scenario-5475,2051,1,1,1,1,8,0,True
iter-2-scenario-5476,2481,1,1,1,1,8,2,True
iter-2-scenario-5477,2481,1,1,1,1,8,2,True
iter-2-scenario-5478,2051,1,1,1,1,8,0,True
iter-2-scenario-5479,2481,1,1,1,1,8,2,True
iter-2-scenario-548,2481,1,1,1,1,8,2,True
iter-2-scenario-5480,2481,1,1,1,1,8,2,True
iter-2-scenario-5481,2051,1,1,1,1,8,0,True
iter-2-scenario-5482,2481,1,1,1,1,8,2,True
iter-2-scenario-5483,2481,1,1,1,1,8,2,True
iter-2-scenario-5484,2051,1,1,1,1,8,0,True
iter-2-scenario-5485,2481,1,1,1,1,8,2,True
iter-2-scenario-5486,2481,1,1,1,1,8,2,True
iter-2-scenario-5487,2051,1,1,1,1,8,0,True
iter-2-scenario-5488,2481,1,1,1,1,8,2,True
iter-2-scenario-5489,2481,1,1,1,1,8,2,True
iter-2-scenario-549,2051,1,1,1,1,8,0,True
iter-2-scenario-5490,2051,1,1,1,1,8,0,True
iter-2-scenario-5491,2481,1,1,1,1,8,2,True
iter-2-scenario-5492,2481,1,1,1,1,8,2,True
iter-2-scenario-5493,2051,1,1,1,1,8,0,True
iter-2-scenario-5494,2481,1,1,1,1,8,2,True
iter-2-scenario-5495,2481,1,1,1,1,8,2,True
iter-2-scenario-5496,2051,1,1,1,1,8,0,True
iter-2-scenario-5497,2481,1,1,1,1,8,2,True
iter-2-scenario-5498,2481,1,1,1,1,8,2,True
iter-2-scenario-5499,2051,1,1,1,1,8,0,True
iter-2-scenario-55,2481,1,1,1,1,8,2,True
iter-2-scenario-550,2481,1,1,1,1,8,2,True
iter-2-scenario-5500,2481,1,1,1,1,8,2,True
iter-2-scenario-5501,2481,1,1,1,1,8,2,True
iter-2-scenario-5502,2051,1,1,1,1,8,0,True
iter-2-scenario-5503,2481,1,1,1,1,8,2,True
iter-2-scenario-5504,2481,1,1,1,1,8,2,True
iter-2-scenario-5505,2051,1,1,1,1,8,0,True
iter-2-scenario-5506,2481,1,1,1,1,8,2,True
iter-2-scenario-5507,2481,1,1,1,1,8,2,True
iter-2-scenario-5508,2051,1,1,1,1,8,0,True
iter-2-scenario-5509,2481,1,1,1,1,8,2,True
iter-2-scenario-551,2481,1,1,1,1,8,2,True
iter-2-scenario-5510,2481,1,1,1,1,8,2,True
iter-2-scenario-5511,2051,1,1,1,1,8,0,True
iter-2-scenario-5512,2481,1,1,1,1,8,2,True
iter-2-scenario-5513,2481,1,1,1,1,8,2,True
iter-2-scenario-5514,2051,1,1,1,1,8,0,True
iter-2-scenario-5515,2481,1,1,1,1,8,2,True
iter-2-scenario-5516,2481,1,1,1,1,8,2,True
iter-2-scenario-5517,2051,1,1,1,1,8,0,True
iter-2-scenario-5518,2481,1,1,1,1,8,2,True
iter-2-scenario-5519,2481,1,1,1,1,8,2,True
iter-2-scenario-552,2051,1,1,1,1,8,0,True
iter-2-scenario-5520,2051,1,1,1,1,8,0,True
iter-2-scenario-5521,2481,1,1,1,1,8,2,True
iter-2-scenario-5522,2481,1,1,1,1,8,2,True
iter-2-scenario-5523,2051,1,1,1,1,8,0,True
iter-2-scenario-5524,2481,1,1,1,1,8,2,True
iter-2-scenario-5525,2481,1,1,1,1,8,2,True
iter-2-scenario-5526,2051,1,1,1,1,8,0,True
iter-2-scenario-5527,2481,1,1,1,1,8,2,True
iter-2-scenario-5528,2481,1,1,1,1,8,2,True
iter-2-scenario-5529,2051,1,1,1,1,8,0,True
iter-2-scenario-553,2481,1,1,1,1,8,2,True
iter-2-scenario-5530,2481,1,1,1,1,8,2,True
iter-2-scenario-5531,2481,1,1,1,1,8,2,True
iter-2-scenario-5532,2051,1,1,1,1,8,0,True
iter-2-scenario-5533,2481,1,1,1,1,8,2,True
iter-2-scenario-5534,2481,1,1,1,1,8,2,True
iter-2-scenario-5535,2051,1,1,1,1,8,0,True
iter-2-scenario-5536,2481,1,1,1,1,8,2,True
iter-2-scenario-5537,2481,1,1,1,1,8,2,True
iter-2-scenario-5538,2051,1,1,1,1,8,0,True
iter-2-scenario-5539,2481,1,1,1,1,8,2,True
iter-2-scenario-554,2481,1,1,1,1,8,2,True
iter-2-scenario-5540,2481,1,1,1,1,8,2,True
iter-2-scenario-5541,2051,1,1,1,1,8,0,True
iter-2-scenario-5542,2481,1,1,1,1,8,2,True
iter-2-scenario-5543,2481,1,1,1,1,8,2,True
iter-2-scenario-5544,2051,1,1,1,1,8,0,True
iter-2-scenario-5545,2481,1,1,1,1,8,2,True
iter-2-scenario-5546,2481,1,1,1,1,8,2,True
iter-2-scenario-5547,2051,1,1,1,1,8,0,True
iter-2-scenario-5548,2481,1,1,1,1,8,2,True
iter-2-scenario-5549,2481,1,1,1,1,8,2,True
iter-2-scenario-555,2051,1,1,1,1,8,0,True
iter-2-scenario-5550,2051,1,1,1,1,8,0,True
iter-2-scenario-5551,2481,1,1,1,1,8,2,True
iter-2-scenario-5552,2481,1,1,1,1,8,2,True
iter-2-scenario-5553,2051,1,1,1,1,8,0,True
iter-2-scenario-5554,2481,1,1,1,1,8,2,True
iter-2-scenario-5555,2481,1,1,1,1,8,2,True
iter-2-scenario-5556,2051,1,1,1,1,8,0,True
iter-2-scenario-5557,2481,1,1,1,1,8,2,True
iter-2-scenario-5558,2481,1,1,1,1,8,2,True
iter-2-scenario-5559,2051,1,1,1,1,8,0,True
iter-2-scenario-556,2481,1,1,1,1,8,2,True
iter-2-scenario-5560,2481,1,1,1,1,8,2,True
iter-2-scenario-5561,2481,1,1,1,1,8,2,True
iter-2-scenario-5562,2051,1,1,1,1,8,0,True
iter-2-scenario-5563,2481,1,1,1,1,8,2,True
iter-2-scenario-5564,2481,1,1,1,1,8,2,True
iter-2-scenario-5565,2051,1,1,1,1,8,0,True
iter-2-scenario-5566,2481,1,1,1,1,8,2,True
iter-2-scenario-5567,2481,1,1,1,1,8,2,True
iter-2-scenario-5568,2051,1,1,1,1,8,0,True
iter-2-scenario-5569,2481,1,1,1,1,8,2,True
iter-2-scenario-557,2481,1,1,1,1,8,2,True
iter-2-scenario-5570,2481,1,1,1,1,8,2,True
iter-2-scenario-5571,2051,1,1,1,1,8,0,True
iter-2-scenario-5572,2481,1,1,1,1,8,2,True
iter-2-scenario-5573,2481,1,1,1,1,8,2,True
iter-2-scenario-5574,2051,1,1,1,1,8,0,True
iter-2-scenario-5575,2481,1,1,1,1,8,2,True
iter-2-scenario-5576,2481,1,1,1,1,8,2,True
iter-2-scenario-5577,2051,1,1,1,1,8,0,True
iter-2-scenario-5578,2481,1,1,1,1,8,2,True
iter-2-scenario-5579,2481,1,1,1,1,8,2,True
iter-2-scenario-558,2051,1,1,1,1,8,0,True
iter-2-scenario-5580,2051,1,1,1,1,8,0,True
iter-2-scenario-5581,2481,1,1,1,1,8,2,True
iter-2-scenario-5582,2481,1,1,1,1,8,2,True
iter-2-scenario-5583,2051,1,1,1,1,8,0,True
iter-2-scenario-5584,2481,1,1,1,1,8,2,True
iter-2-scenario-5585,2481,1,1,1,1,8,2,True
iter-2-scenario-5586,2051,1,1,1,1,8,0,True
iter-2-scenario-5587,2481,1,1,1,1,8,2,True
iter-2-scenario-5588,2481,1,1,1,1,8,2,True
iter-2-scenario-5589,2051,1,1,1,1,8,0,True
iter-2-scenario-559,2481,1,1,1,1,8,2,True
iter-2-scenario-5590,2481,1,1,1,1,8,2,True
iter-2-scenario-5591,2481,1,1,1,1,8,2,True
iter-2-scenario-5592,2051,1,1,1,1,8,0,True
iter-2-scenario-5593,2481,1,1,1,1,8,2,True
iter-2-scenario-5594,2481,1,1,1,1,8,2,True
iter-2-scenario-5595,2051,1,1,1,1,8,0,True
iter-2-scenario-5596,2481,1,1,1,1,8,2,True
iter-2-scenario-5597,2481,1,1,1,1,8,2,True
iter-2-scenario-5598,2051,1,1,1,1,8,0,True
iter-2-scenario-5599,2481,1,1,1,1,8,2,True
iter-2-scenario-56,2481,1,1,1,1,8,2,True
iter-2-scenario-560,2481,1,1,1,1,8,2,True
iter-2-scenario-5600,2481,1,1,1,1,8,2,True
iter-2-scenario-5601,2051,1,1,1,1,8,0,True
iter-2-scenario-5602,2481,1,1,1,1,8,2,True
iter-2-scenario-5603,2481,1,1,1,1,8,2,True
iter-2-scenario-5604,2051,1,1,1,1,8,0,True
iter-2-scenario-5605,2481,1,1,1,1,8,2,True
iter-2-scenario-5606,2481,1,1,1,1,8,2,True
iter-2-scenario-5607,2051,1,1,1,1,8,0,True
iter-2-scenario-5608,2481,1,1,1,1,8,2,True
iter-2-scenario-5609,2481,1,1,1,1,8,2,True
iter-2-scenario-561,2051,1,1,1,1,8,0,True
iter-2-scenario-5610,2051,1,1,1,1,8,0,True
iter-2-scenario-5611,2481,1,1,1,1,8,2,True
iter-2-scenario-5612,2481,1,1,1,1,8,2,True
iter-2-scenario-5613,2051,1,1,1,1,8,0,True
iter-2-scenario-5614,2481,1,1,1,1,8,2,True
iter-2-scenario-5615,2481,1,1,1,1,8,2,True
iter-2-scenario-5616,2051,1,1,1,1,8,0,True
iter-2-scenario-5617,2481,1,1,1,1,8,2,True
iter-2-scenario-5618,2481,1,1,1,1,8,2,True
iter-2-scenario-5619,2051,1,1,1,1,8,0,True
iter-2-scenario-562,2481,1,1,1,1,8,2,True
iter-2-scenario-5620,2481,1,1,1,1,8,2,True
iter-2-scenario-5621,2481,1,1,1,1,8,2,True
iter-2-scenario-5622,2051,1,1,1,1,8,0,True
iter-2-scenario-5623,2481,1,1,1,1,8,2,True
iter-2-scenario-5624,2481,1,1,1,1,8,2,True
iter-2-scenario-5625,2051,1,1,1,1,8,0,True
iter-2-scenario-5626,2481,1,1,1,1,8,2,True
iter-2-scenario-5627,2481,1,1,1,1,8,2,True
iter-2-scenario-5628,2051,1,1,1,1,8,0,True
iter-2-scenario-5629,2481,1,1,1,1,8,2,True
iter-2-scenario-563,2481,1,1,1,1,8,2,True
iter-2-scenario-5630,2481,1,1,1,1,8,2,True
iter-2-scenario-5631,2051,1,1,1,1,8,0,True
iter-2-scenario-5632,2481,1,1,1,1,8,2,True
iter-2-scenario-5633,2481,1,1,1,1,8,2,True
iter-2-scenario-5634,2051,1,1,1,1,8,0,True
iter-2-scenario-5635,2481,1,1,1,1,8,2,True
iter-2-scenario-5636,2481,1,1,1,1,8,2,True
iter-2-scenario-5637,2051,1,1,1,1,8,0,True
iter-2-scenario-5638,2481,1,1,1,1,8,2,True
iter-2-scenario-5639,2481,1,1,1,1,8,2,True
iter-2-scenario-564,2051,1,1,1,1,8,0,True
iter-2-scenario-5640,2051,1,1,1,1,8,0,True
iter-2-scenario-5641,2481,1,1,1,1,8,2,True
iter-2-scenario-5642,2481,1,1,1,1,8,2,True
iter-2-scenario-5643,2051,1,1,1,1,8,0,True
iter-2-scenario-5644,2481,1,1,1,1,8,2,True
iter-2-scenario-5645,2481,1,1,1,1,8,2,True
iter-2-scenario-5646,2051,1,1,1,1,8,0,True
iter-2-scenario-5647,2481,1,1,1,1,8,2,True
iter-2-scenario-5648,2481,1,1,1,1,8,2,True
iter-2-scenario-5649,2051,1,1,1,1,8,0,True
iter-2-scenario-565,2481,1,1,1,1,8,2,True
iter-2-scenario-5650,2481,1,1,1,1,8,2,True
iter-2-scenario-5651,2481,1,1,1,1,8,2,True
iter-2-scenario-5652,2051,1,1,1,1,8,0,True
iter-2-scenario-5653,2481,1,1,1,1,8,2,True
iter-2-scenario-5654,2481,1,1,1,1,8,2,True
iter-2-scenario-5655,2051,1,1,1,1,8,0,True
iter-2-scenario-5656,2481,1,1,1,1,8,2,True
iter-2-scenario-5657,2481,1,1,1,1,8,2,True
iter-2-scenario-5658,2051,1,1,1,1,8,0,True
iter-2-scenario-5659,2481,1,1,1,1,8,2,True
iter-2-scenario-566,2481,1,1,1,1,8,2,True
iter-2-scenario-5660,2481,1,1,1,1,8,2,True
iter-2-scenario-5661,2051,1,1,1,1,8,0,True
iter-2-scenario-5662,2481,1,1,1,1,8,2,True
iter-2-scenario-5663,2481,1,1,1,1,8,2,True
iter-2-scenario-5664,2051,1,1,1,1,8,0,True
iter-2-scenario-5665,2481,1,1,1,1,8,2,True
iter-2-scenario-5666,2481,1,1,1,1,8,2,True
iter-2-scenario-5667,2051,1,1,1,1,8,0,True
iter-2-scenario-5668,2481,1,1,1,1,8,2,True
iter-2-scenario-5669,2481,1,1,1,1,8,2,True
iter-2-scenario-567,2051,1,1,1,1,8,0,True
iter-2-scenario-5670,2051,1,1,1,1,8,0,True
iter-2-scenario-5671,2481,1,1,1,1,8,2,True
iter-2-scenario-5672,2481,1,1,1,1,8,2,True
iter-2-scenario-5673,2051,1,1,1,1,8,0,True
iter-2-scenario-5674,2481,1,1,1,1,8,2,True
iter-2-scenario-5675,2481,1,1,1,1,8,2,True
iter-2-scenario-5676,2051,1,1,1,1,8,0,True
iter-2-scenario-5677,2481,1,1,1,1,8,2,True
iter-2-scenario-5678,2481,1,1,1,1,8,2,True
iter-2-scenario-5679,2051,1,1,1,1,8,0,True
iter-2-scenario-568,2481,1,1,1,1,8,2,True
iter-2-scenario-5680,2481,1,1,1,1,8,2,True
iter-2-scenario-5681,2481,1,1,1,1,8,2,True
iter-2-scenario-5682,2051,1,1,1,1,8,0,True
iter-2-scenario-5683,2481,1,1,1,1,8,2,True
iter-2-scenario-5684,2481,1,1,1,1,8,2,True
iter-2-scenario-5685,2051,1,1,1,1,8,0,True
iter-2-scenario-5686,2481,1,1,1,1,8,2,True
iter-2-scenario-5687,2481,1,1,1,1,8,2,True
iter-2-scenario-5688,2051,1,1,1,1,8,0,True
iter-2-scenario-5689,2481,1,1,1,1,8,2,True
iter-2-scenario-569,2481,1,1,1,1,8,2,True
iter-2-scenario-5690,2481,1,1,1,1,8,2,True
iter-2-scenario-5691,2051,1,1,1,1,8,0,True
iter-2-scenario-5692,2481,1,1,1,1,8,2,True
iter-2-scenario-5693,2481,1,1,1,1,8,2,True
iter-2-scenario-5694,2051,1,1,1,1,8,0,True
iter-2-scenario-5695,2481,1,1,1,1,8,2,True
iter-2-scenario-5696,2481,1,1,1,1,8,2,True
iter-2-scenario-5697,2051,1,1,1,1,8,0,True
iter-2-scenario-5698,2481,1,1,1,1,8,2,True
iter-2-scenario-5699,2481,1,1,1,1,8,2,True
iter-2-scenario-57,2051,1,1,1,1,8,0,True
iter-2-scenario-570,2051,1,1,1,1,8,0,True
iter-2-scenario-5700,2051,1,1,1,1,8,0,True
iter-2-scenario-5701,2481,1,1,1,1,8,2,True
iter-2-scenario-5702,2481,1,1,1,1,8,2,True
iter-2-scenario-5703,2051,1,1,1,1,8,0,True
iter-2-scenario-5704,2481,1,1,1,1,8,2,True
iter-2-scenario-5705,2481,1,1,1,1,8,2,True
iter-2-scenario-5706,2051,1,1,1,1,8,0,True
iter-2-scenario-5707,2481,1,1,1,1,8,2,True
iter-2-scenario-5708,2481,1,1,1,1,8,2,True
iter-2-scenario-5709,2051,1,1,1,1,8,0,True
iter-2-scenario-571,2481,1,1,1,1,8,2,True
iter-2-scenario-5710,2481,1,1,1,1,8,2,True
iter-2-scenario-5711,2481,1,1,1,1,8,2,True
iter-2-scenario-5712,2051,1,1,1,1,8,0,True
iter-2-scenario-5713,2481,1,1,1,1,8,2,True
iter-2-scenario-5714,2481,1,1,1,1,8,2,True
iter-2-scenario-5715,2051,1,1,1,1,8,0,True
iter-2-scenario-5716,2481,1,1,1,1,8,2,True
iter-2-scenario-5717,2481,1,1,1,1,8,2,True
iter-2-scenario-5718,2051,1,1,1,1,8,0,True
iter-2-scenario-5719,2481,1,1,1,1,8,2,True
iter-2-scenario-572,2481,1,1,1,1,8,2,True
iter-2-scenario-5720,2481,1,1,1,1,8,2,True
iter-2-scenario-5721,2051,1,1,1,1,8,0,True
iter-2-scenario-5722,2481,1,1,1,1,8,2,True
iter-2-scenario-5723,2481,1,1,1,1,8,2,True
iter-2-scenario-5724,2051,1,1,1,1,8,0,True
iter-2-scenario-5725,2481,1,1,1,1,8,2,True
iter-2-scenario-5726,2481,1,1,1,1,8,2,True
iter-2-scenario-5727,2051,1,1,1,1,8,0,True
iter-2-scenario-5728,2481,1,1,1,1,8,2,True
iter-2-scenario-5729,2481,1,1,1,1,8,2,True
iter-2-scenario-573,2051,1,1,1,1,8,0,True
iter-2-scenario-5730,2051,1,1,1,1,8,0,True
iter-2-scenario-5731,2481,1,1,1,1,8,2,True
iter-2-scenario-5732,2481,1,1,1,1,8,2,True
iter-2-scenario-5733,2051,1,1,1,1,8,0,True
iter-2-scenario-5734,2481,1,1,1,1,8,2,True
iter-2-scenario-5735,2481,1,1,1,1,8,2,True
iter-2-scenario-5736,2051,1,1,1,1,8,0,True
iter-2-scenario-5737,2481,1,1,1,1,8,2,True
iter-2-scenario-5738,2481,1,1,1,1,8,2,True
iter-2-scenario-5739,2051,1,1,1,1,8,0,True
iter-2-scenario-574,2481,1,1,1,1,8,2,True
iter-2-scenario-5740,2481,1,1,1,1,8,2,True
iter-2-scenario-5741,2481,1,1,1,1,8,2,True
iter-2-scenario-5742,2051,1,1,1,1,8,0,True
iter-2-scenario-5743,2481,1,1,1,1,8,2,True
iter-2-scenario-5744,2481,1,1,1,1,8,2,True
iter-2-scenario-5745,2051,1,1,1,1,8,0,True
iter-2-scenario-5746,2481,1,1,1,1,8,2,True
iter-2-scenario-5747,2481,1,1,1,1,8,2,True
iter-2-scenario-5748,2051,1,1,1,1,8,0,True
iter-2-scenario-5749,2481,1,1,1,1,8,2,True
iter-2-scenario-575,2481,1,1,1,1,8,2,True
iter-2-scenario-5750,2481,1,1,1,1,8,2,True
iter-2-scenario-5751,2051,1,1,1,1,8,0,True
iter-2-scenario-5752,2481,1,1,1,1,8,2,True
iter-2-scenario-5753,2481,1,1,1,1,8,2,True
iter-2-scenario-5754,2051,1,1,1,1,8,0,True
iter-2-scenario-5755,2481,1,1,1,1,8,2,True
iter-2-scenario-5756,2481,1,1,1,1,8,2,True
iter-2-scenario-5757,2051,1,1,1,1,8,0,True
iter-2-scenario-5758,2481,1,1,1,1,8,2,True
iter-2-scenario-5759,2481,1,1,1,1,8,2,True
iter-2-scenario-576,2051,1,1,1,1,8,0,True
iter-2-scenario-5760,2051,1,1,1,1,8,0,True
iter-2-scenario-5761,2481,1,1,1,1,8,2,True
iter-2-scenario-5762,2481,1,1,1,1,8,2,True
iter-2-scenario-5763,2051,1,1,1,1,8,0,True
iter-2-scenario-5764,2481,1,1,1,1,8,2,True
iter-2-scenario-5765,2481,1,1,1,1,8,2,True
iter-2-scenario-5766,2051,1,1,1,1,8,0,True
iter-2-scenario-5767,2481,1,1,1,1,8,2,True
iter-2-scenario-5768,2481,1,1,1,1,8,2,True
iter-2-scenario-5769,2051,1,1,1,1,8,0,True
iter-2-scenario-577,2481,1,1,1,1,8,2,True
iter-2-scenario-5770,2481,1,1,1,1,8,2,True
iter-2-scenario-5771,2481,1,1,1,1,8,2,True
iter-2-scenario-5772,2051,1,1,1,1,8,0,True
iter-2-scenario-5773,2481,1,1,1,1,8,2,True
iter-2-scenario-5774,2481,1,1,1,1,8,2,True
iter-2-scenario-5775,2051,1,1,1,1,8,0,True
iter-2-scenario-5776,2481,1,1,1,1,8,2,True
iter-2-scenario-5777,2481,1,1,1,1,8,2,True
iter-2-scenario-5778,2051,1,1,1,1,8,0,True
iter-2-scenario-5779,2481,1,1,1,1,8,2,True
iter-2-scenario-578,2481,1,1,1,1,8,2,True
iter-2-scenario-5780,2481,1,1,1,1,8,2,True
iter-2-scenario-5781,2051,1,1,1,1,8,0,True
iter-2-scenario-5782,2481,1,1,1,1,8,2,True
iter-2-scenario-5783,2481,1,1,1,1,8,2,True
iter-2-scenario-5784,2051,1,1,1,1,8,0,True
iter-2-scenario-5785,2481,1,1,1,1,8,2,True
iter-2-scenario-5786,2481,1,1,1,1,8,2,True
iter-2-scenario-5787,2051,1,1,1,1,8,0,True
iter-2-scenario-5788,2481,1,1,1,1,8,2,True
iter-2-scenario-5789,2481,1,1,1,1,8,2,True
iter-2-scenario-579,2051,1,1,1,1,8,0,True
iter-2-scenario-5790,2051,1,1,1,1,8,0,True
iter-2-scenario-5791,2481,1,1,1,1,8,2,True
iter-2-scenario-5792,2481,1,1,1,1,8,2,True
iter-2-scenario-5793,2051,1,1,1,1,8,0,True
iter-2-scenario-5794,2481,1,1,1,1,8,2,True
iter-2-scenario-5795,2481,1,1,1,1,8,2,True
iter-2-scenario-5796,2051,1,1,1,1,8,0,True
iter-2-scenario-5797,2481,1,1,1,1,8,2,True
iter-2-scenario-5798,2481,1,1,1,1,8,2,True
iter-2-scenario-5799,2051,1,1,1,1,8,0,True
iter-2-scenario-58,2481,1,1,1,1,8,2,True
iter-2-scenario-580,2481,1,1,1,1,8,2,True
iter-2-scenario-5800,2481,1,1,1,1,8,2,True
iter-2-scenario-5801,2481,1,1,1,1,8,2,True
iter-2-scenario-5802,2051,1,1,1,1,8,0,True
iter-2-scenario-5803,2481,1,1,1,1,8,2,True
iter-2-scenario-5804,2481,1,1,1,1,8,2,True
iter-2-scenario-5805,2051,1,1,1,1,8,0,True
iter-2-scenario-5806,2481,1,1,1,1,8,2,True
iter-2-scenario-5807,2481,1,1,1,1,8,2,True
iter-2-scenario-5808,2051,1,1,1,1,8,0,True
iter-2-scenario-5809,2481,1,1,1,1,8,2,True
iter-2-scenario-581,2481,1,1,1,1,8,2,True
iter-2-scenario-5810,2481,1,1,1,1,8,2,True
iter-2-scenario-5811,2051,1,1,1,1,8,0,True
iter-2-scenario-5812,2481,1,1,1,1,8,2,True
iter-2-scenario-5813,2481,1,1,1,1,8,2,True
iter-2-scenario-5814,2051,1,1,1,1,8,0,True
iter-2-scenario-5815,2481,1,1,1,1,8,2,True
iter-2-scenario-5816,2481,1,1,1,1,8,2,True
iter-2-scenario-5817,2051,1,1,1,1,8,0,True
iter-2-scenario-5818,2481,1,1,1,1,8,2,True
iter-2-scenario-5819,2481,1,1,1,1,8,2,True
iter-2-scenario-582,2051,1,1,1,1,8,0,True
iter-2-scenario-5820,2051,1,1,1,1,8,0,True
iter-2-scenario-5821,2481,1,1,1,1,8,2,True
iter-2-scenario-5822,2481,1,1,1,1,8,2,True
iter-2-scenario-5823,2051,1,1,1,1,8,0,True
iter-2-scenario-5824,2481,1,1,1,1,8,2,True
iter-2-scenario-5825,2481,1,1,1,1,8,2,True
iter-2-scenario-5826,2051,1,1,1,1,8,0,True
iter-2-scenario-5827,2481,1,1,1,1,8,2,True
iter-2-scenario-5828,2481,1,1,1,1,8,2,True
iter-2-scenario-5829,2051,1,1,1,1,8,0,True
iter-2-scenario-583,2481,1,1,1,1,8,2,True
iter-2-scenario-5830,2481,1,1,1,1,8,2,True
iter-2-scenario-5831,2481,1,1,1,1,8,2,True
iter-2-scenario-5832,2051,1,1,1,1,8,0,True
iter-2-scenario-5833,2481,1,1,1,1,8,2,True
iter-2-scenario-5834,2481,1,1,1,1,8,2,True
iter-2-scenario-5835,2051,1,1,1,1,8,0,True
iter-2-scenario-5836,2481,1,1,1,1,8,2,True
iter-2-scenario-5837,2481,1,1,1,1,8,2,True
iter-2-scenario-5838,2051,1,1,1,1,8,0,True
iter-2-scenario-5839,2481,1,1,1,1,8,2,True
iter-2-scenario-584,2481,1,1,1,1,8,2,True
iter-2-scenario-5840,2481,1,1,1,1,8,2,True
iter-2-scenario-5841,2051,1,1,1,1,8,0,True
iter-2-scenario-5842,2481,1,1,1,1,8,2,True
iter-2-scenario-5843,2481,1,1,1,1,8,2,True
iter-2-scenario-5844,2051,1,1,1,1,8,0,True
iter-2-scenario-5845,2481,1,1,1,1,8,2,True
iter-2-scenario-5846,2481,1,1,1,1,8,2,True
iter-2-scenario-5847,2051,1,1,1,1,8,0,True
iter-2-scenario-5848,2481,1,1,1,1,8,2,True
iter-2-scenario-5849,2481,1,1,1,1,8,2,True
iter-2-scenario-585,2051,1,1,1,1,8,0,True
iter-2-scenario-5850,2051,1,1,1,1,8,0,True
iter-2-scenario-5851,2481,1,1,1,1,8,2,True
iter-2-scenario-5852,2481,1,1,1,1,8,2,True
iter-2-scenario-5853,2051,1,1,1,1,8,0,True
iter-2-scenario-5854,2481,1,1,1,1,8,2,True
iter-2-scenario-5855,2481,1,1,1,1,8,2,True
iter-2-scenario-5856,2051,1,1,1,1,8,0,True
iter-2-scenario-5857,2481,1,1,1,1,8,2,True
iter-2-scenario-5858,2481,1,1,1,1,8,2,True
iter-2-scenario-5859,2051,1,1,1,1,8,0,True
iter-2-scenario-586,2481,1,1,1,1,8,2,True
iter-2-scenario-5860,2481,1,1,1,1,8,2,True
iter-2-scenario-5861,2481,1,1,1,1,8,2,True
iter-2-scenario-5862,2051,1,1,1,1,8,0,True
iter-2-scenario-5863,2481,1,1,1,1,8,2,True
iter-2-scenario-5864,2481,1,1,1,1,8,2,True
iter-2-scenario-5865,2051,1,1,1,1,8,0,True
iter-2-scenario-5866,2481,1,1,1,1,8,2,True
iter-2-scenario-5867,2481,1,1,1,1,8,2,True
iter-2-scenario-5868,2051,1,1,1,1,8,0,True
iter-2-scenario-5869,2481,1,1,1,1,8,2,True
iter-2-scenario-587,2481,1,1,1,1,8,2,True
iter-2-scenario-5870,2481,1,1,1,1,8,2,True
iter-2-scenario-5871,2051,1,1,1,1,8,0,True
iter-2-scenario-5872,2481,1,1,1,1,8,2,True
iter-2-scenario-5873,2481,1,1,1,1,8,2,True
iter-2-scenario-5874,2051,1,1,1,1,8,0,True
iter-2-scenario-5875,2481,1,1,1,1,8,2,True
iter-2-scenario-5876,2481,1,1,1,1,8,2,True
iter-2-scenario-5877,2051,1,1,1,1,8,0,True
iter-2-scenario-5878,2481,1,1,1,1,8,2,True
iter-2-scenario-5879,2481,1,1,1,1,8,2,True
iter-2-scenario-588,2051,1,1,1,1,8,0,True
iter-2-scenario-5880,2051,1,1,1,1,8,0,True
iter-2-scenario-5881,2481,1,1,1,1,8,2,True
iter-2-scenario-5882,2481,1,1,1,1,8,2,True
iter-2-scenario-5883,2051,1,1,1,1,8,0,True
iter-2-scenario-5884,2481,1,1,1,1,8,2,True
iter-2-scenario-5885,2481,1,1,1,1,8,2,True
iter-2-scenario-5886,2051,1,1,1,1,8,0,True
iter-2-scenario-5887,2481,1,1,1,1,8,2,True
iter-2-scenario-5888,2481,1,1,1,1,8,2,True
iter-2-scenario-5889,2051,1,1,1,1,8,0,True
iter-2-scenario-589,2481,1,1,1,1,8,2,True
iter-2-scenario-5890,2481,1,1,1,1,8,2,True
iter-2-scenario-5891,2481,1,1,1,1,8,2,True
iter-2-scenario-5892,2051,1,1,1,1,8,0,True
iter-2-scenario-5893,2481,1,1,1,1,8,2,True
iter-2-scenario-5894,2481,1,1,1,1,8,2,True
iter-2-scenario-5895,2051,1,1,1,1,8,0,True
iter-2-scenario-5896,2481,1,1,1,1,8,2,True
iter-2-scenario-5897,2481,1,1,1,1,8,2,True
iter-2-scenario-5898,2051,1,1,1,1,8,0,True
iter-2-scenario-5899,2481,1,1,1,1,8,2,True
iter-2-scenario-59,2481,1,1,1,1,8,2,True
iter-2-scenario-590,2481,1,1,1,1,8,2,True
iter-2-scenario-5900,2481,1,1,1,1,8,2,True
iter-2-scenario-5901,2051,1,1,1,1,8,0,True
iter-2-scenario-5902,2481,1,1,1,1,8,2,True
iter-2-scenario-5903,2481,1,1,1,1,8,2,True
iter-2-scenario-5904,2051,1,1,1,1,8,0,True
iter-2-scenario-5905,2481,1,1,1,1,8,2,True
iter-2-scenario-5906,2481,1,1,1,1,8,2,True
iter-2-scenario-5907,2051,1,1,1,1,8,0,True
iter-2-scenario-5908,2481,1,1,1,1,8,2,True
iter-2-scenario-5909,2481,1,1,1,1,8,2,True
iter-2-scenario-591,2051,1,1,1,1,8,0,True
iter-2-scenario-5910,2051,1,1,1,1,8,0,True
iter-2-scenario-5911,2481,1,1,1,1,8,2,True
iter-2-scenario-5912,2481,1,1,1,1,8,2,True
iter-2-scenario-5913,2051,1,1,1,1,8,0,True
iter-2-scenario-5914,2481,1,1,1,1,8,2,True
iter-2-scenario-5915,2481,1,1,1,1,8,2,True
iter-2-scenario-5916,2051,1,1,1,1,8,0,True
iter-2-scenario-5917,2481,1,1,1,1,8,2,True
iter-2-scenario-5918,2481,1,1,1,1,8,2,True
iter-2-scenario-5919,2051,1,1,1,1,8,0,True
iter-2-scenario-592,2481,1,1,1,1,8,2,True
iter-2-scenario-5920,2481,1,1,1,1,8,2,True
iter-2-scenario-5921,2481,1,1,1,1,8,2,True
iter-2-scenario-5922,2051,1,1,1,1,8,0,True
iter-2-scenario-5923,2481,1,1,1,1,8,2,True
iter-2-scenario-5924,2481,1,1,1,1,8,2,True
iter-2-scenario-5925,2051,1,1,1,1,8,0,True
iter-2-scenario-5926,2481,1,1,1,1,8,2,True
iter-2-scenario-5927,2481,1,1,1,1,8,2,True
iter-2-scenario-5928,2051,1,1,1,1,8,0,True
iter-2-scenario-5929,2481,1,1,1,1,8,2,True
iter-2-scenario-593,2481,1,1,1,1,8,2,True
iter-2-scenario-5930,2481,1,1,1,1,8,2,True
iter-2-scenario-5931,2051,1,1,1,1,8,0,True
iter-2-scenario-5932,2481,1,1,1,1,8,2,True
iter-2-scenario-5933,2481,1,1,1,1,8,2,True
iter-2-scenario-5934,2051,1,1,1,1,8,0,True
iter-2-scenario-5935,2481,1,1,1,1,8,2,True
iter-2-scenario-5936,2481,1,1,1,1,8,2,True
iter-2-scenario-5937,2051,1,1,1,1,8,0,True
iter-2-scenario-5938,2481,1,1,1,1,8,2,True
iter-2-scenario-5939,2481,1,1,1,1,8,2,True
iter-2-scenario-594,2051,1,1,1,1,8,0,True
iter-2-scenario-5940,2051,1,1,1,1,8,0,True
iter-2-scenario-5941,2481,1,1,1,1,8,2,True
iter-2-scenario-5942,2481,1,1,1,1,8,2,True
iter-2-scenario-5943,2051,1,1,1,1,8,0,True
iter-2-scenario-5944,2481,1,1,1,1,8,2,True
iter-2-scenario-5945,2481,1,1,1,1,8,2,True
iter-2-scenario-5946,2051,1,1,1,1,8,0,True
iter-2-scenario-5947,2481,1,1,1,1,8,2,True
iter-2-scenario-5948,2481,1,1,1,1,8,2,True
iter-2-scenario-5949,2051,1,1,1,1,8,0,True
iter-2-scenario-595,2481,1,1,1,1,8,2,True
iter-2-scenario-5950,2481,1,1,1,1,8,2,True
iter-2-scenario-5951,2481,1,1,1,1,8,2,True
iter-2-scenario-5952,2051,1,1,1,1,8,0,True
iter-2-scenario-5953,2481,1,1,1,1,8,2,True
iter-2-scenario-5954,2481,1,1,1,1,8,2,True
iter-2-scenario-5955,2051,1,1,1,1,8,0,True
iter-2-scenario-5956,2481,1,1,1,1,8,2,True
iter-2-scenario-5957,2481,1,1,1,1,8,2,True
iter-2-scenario-5958,2051,1,1,1,1,8,0,True
iter-2-scenario-5959,2481,1,1,1,1,8,2,True
iter-2-scenario-596,2481,1,1,1,1,8,2,True
iter-2-scenario-5960,2481,1,1,1,1,8,2,True
iter-2-scenario-5961,2051,1,1,1,1,8,0,True
iter-2-scenario-5962,2481,1,1,1,1,8,2,True
iter-2-scenario-5963,2481,1,1,1,1,8,2,True
iter-2-scenario-5964,2051,1,1,1,1,8,0,True
iter-2-scenario-5965,2481,1,1,1,1,8,2,True
iter-2-scenario-5966,2481,1,1,1,1,8,2,True
iter-2-scenario-5967,2051,1,1,1,1,8,0,True
iter-2-scenario-5968,2481,1,1,1,1,8,2,True
iter-2-scenario-5969,2481,1,1,1,1,8,2,True
iter-2-scenario-597,2051,1,1,1,1,8,0,True
iter-2-scenario-5970,2051,1,1,1,1,8,0,True
iter-2-scenario-5971,2481,1,1,1,1,8,2,True
iter-2-scenario-5972,2481,1,1,1,1,8,2,True
iter-2-scenario-5973,2051,1,1,1,1,8,0,True
iter-2-scenario-5974,2481,1,1,1,1,8,2,True
iter-2-scenario-5975,2481,1,1,1,1,8,2,True
iter-2-scenario-5976,2051,1,1,1,1,8,0,True
iter-2-scenario-5977,2481,1,1,1,1,8,2,True
iter-2-scenario-5978,2481,1,1,1,1,8,2,True
iter-2-scenario-5979,2051,1,1,1,1,8,0,True
iter-2-scenario-598,2481,1,1,1,1,8,2,True
iter-2-scenario-5980,2481,1,1,1,1,8,2,True
iter-2-scenario-5981,2481,1,1,1,1,8,2,True
iter-2-scenario-5982,2051,1,1,1,1,8,0,True
iter-2-scenario-5983,2481,1,1,1,1,8,2,True
iter-2-scenario-5984,2481,1,1,1,1,8,2,True
iter-2-scenario-5985,2051,1,1,1,1,8,0,True
iter-2-scenario-5986,2481,1,1,1,1,8,2,True
iter-2-scenario-5987,2481,1,1,1,1,8,2,True
iter-2-scenario-5988,2051,1,1,1,1,8,0,True
iter-2-scenario-5989,2481,1,1,1,1,8,2,True
iter-2-scenario-599,2481,1,1,1,1,8,2,True
iter-2-scenario-5990,2481,1,1,1,1,8,2,True
iter-2-scenario-5991,2051,1,1,1,1,8,0,True
iter-2-scenario-5992,2481,1,1,1,1,8,2,True
iter-2-scenario-5993,2481,1,1,1,1,8,2,True
iter-2-scenario-5994,2051,1,1,1,1,8,0,True
iter-2-scenario-5995,2481,1,1,1,1,8,2,True
iter-2-scenario-5996,2481,1,1,1,1,8,2,True
iter-2-scenario-5997,2051,1,1,1,1,8,0,True
iter-2-scenario-5998,2481,1,1,1,1,8,2,True
iter-2-scenario-5999,2481,1,1,1,1,8,2,True
iter-2-scenario-6,2051,1,1,1,1,8,0,True
iter-2-scenario-60,2051,1,1,1,1,8,0,True
iter-2-scenario-600,2051,1,1,1,1,8,0,True
iter-2-scenario-6000,2051,1,1,1,1,8,0,True
iter-2-scenario-6001,2481,1,1,1,1,8,2,True
iter-2-scenario-6002,2481,1,1,1,1,8,2,True
iter-2-scenario-6003,2051,1,1,1,1,8,0,True
iter-2-scenario-6004,2481,1,1,1,1,8,2,True
iter-2-scenario-6005,2481,1,1,1,1,8,2,True
iter-2-scenario-6006,2051,1,1,1,1,8,0,True
iter-2-scenario-6007,2481,1,1,1,1,8,2,True
iter-2-scenario-6008,2481,1,1,1,1,8,2,True
iter-2-scenario-6009,2051,1,1,1,1,8,0,True
iter-2-scenario-601,2481,1,1,1,1,8,2,True
iter-2-scenario-6010,2481,1,1,1,1,8,2,True
iter-2-scenario-6011,2481,1,1,1,1,8,2,True
iter-2-scenario-6012,2051,1,1,1,1,8,0,True
iter-2-scenario-6013,2481,1,1,1,1,8,2,True
iter-2-scenario-6014,2481,1,1,1,1,8,2,True
iter-2-scenario-6015,2051,1,1,1,1,8,0,True
iter-2-scenario-6016,2481,1,1,1,1,8,2,True
iter-2-scenario-6017,2481,1,1,1,1,8,2,True
iter-2-scenario-6018,2051,1,1,1,1,8,0,True
iter-2-scenario-6019,2481,1,1,1,1,8,2,True
iter-2-scenario-602,2481,1,1,1,1,8,2,True
iter-2-scenario-6020,2481,1,1,1,1,8,2,True
iter-2-scenario-6021,2051,1,1,1,1,8,0,True
iter-2-scenario-6022,2481,1,1,1,1,8,2,True
iter-2-scenario-6023,2481,1,1,1,1,8,2,True
iter-2-scenario-6024,2051,1,1,1,1,8,0,True
iter-2-scenario-6025,2481,1,1,1,1,8,2,True
iter-2-scenario-6026,2481,1,1,1,1,8,2,True
iter-2-scenario-6027,2051,1,1,1,1,8,0,True
iter-2-scenario-6028,2481,1,1,1,1,8,2,True
iter-2-scenario-6029,2481,1,1,1,1,8,2,True
iter-2-scenario-603,2051,1,1,1,1,8,0,True
iter-2-scenario-6030,2051,1,1,1,1,8,0,True
iter-2-scenario-6031,2481,1,1,1,1,8,2,True
iter-2-scenario-6032,2481,1,1,1,1,8,2,True
iter-2-scenario-6033,2051,1,1,1,1,8,0,True
iter-2-scenario-6034,2481,1,1,1,1,8,2,True
iter-2-scenario-6035,2481,1,1,1,1,8,2,True
iter-2-scenario-6036,2051,1,1,1,1,8,0,True
iter-2-scenario-6037,2481,1,1,1,1,8,2,True
iter-2-scenario-6038,2481,1,1,1,1,8,2,True
iter-2-scenario-6039,2051,1,1,1,1,8,0,True
iter-2-scenario-604,2481,1,1,1,1,8,2,True
iter-2-scenario-6040,2481,1,1,1,1,8,2,True
iter-2-scenario-6041,2481,1,1,1,1,8,2,True
iter-2-scenario-6042,2051,1,1,1,1,8,0,True
iter-2-scenario-6043,2481,1,1,1,1,8,2,True
iter-2-scenario-6044,2481,1,1,1,1,8,2,True
iter-2-scenario-6045,2051,1,1,1,1,8,0,True
iter-2-scenario-6046,2481,1,1,1,1,8,2,True
iter-2-scenario-6047,2481,1,1,1,1,8,2,True
iter-2-scenario-6048,2051,1,1,1,1,8,0,True
iter-2-scenario-6049,2481,1,1,1,1,8,2,True
iter-2-scenario-605,2481,1,1,1,1,8,2,True
iter-2-scenario-6050,2481,1,1,1,1,8,2,True
iter-2-scenario-6051,2051,1,1,1,1,8,0,True
iter-2-scenario-6052,2481,1,1,1,1,8,2,True
iter-2-scenario-6053,2481,1,1,1,1,8,2,True
iter-2-scenario-6054,2051,1,1,1,1,8,0,True
iter-2-scenario-6055,2481,1,1,1,1,8,2,True
iter-2-scenario-6056,2481,1,1,1,1,8,2,True
iter-2-scenario-6057,2051,1,1,1,1,8,0,True
iter-2-scenario-6058,2481,1,1,1,1,8,2,True
iter-2-scenario-6059,2481,1,1,1,1,8,2,True
iter-2-scenario-606,2051,1,1,1,1,8,0,True
iter-2-scenario-6060,2051,1,1,1,1,8,0,True
iter-2-scenario-6061,2481,1,1,1,1,8,2,True
iter-2-scenario-6062,2481,1,1,1,1,8,2,True
iter-2-scenario-6063,2051,1,1,1,1,8,0,True
iter-2-scenario-6064,2481,1,1,1,1,8,2,True
iter-2-scenario-6065,2481,1,1,1,1,8,2,True
iter-2-scenario-6066,2051,1,1,1,1,8,0,True
iter-2-scenario-6067,2481,1,1,1,1,8,2,True
iter-2-scenario-6068,2481,1,1,1,1,8,2,True
iter-2-scenario-6069,2051,1,1,1,1,8,0,True
iter-2-scenario-607,2481,1,1,1,1,8,2,True
iter-2-scenario-6070,2481,1,1,1,1,8,2,True
iter-2-scenario-6071,2481,1,1,1,1,8,2,True
iter-2-scenario-6072,2051,1,1,1,1,8,0,True
iter-2-scenario-6073,2481,1,1,1,1,8,2,True
iter-2-scenario-6074,2481,1,1,1,1,8,2,True
iter-2-scenario-6075,2051,1,1,1,1,8,0,True
iter-2-scenario-6076,2481,1,1,1,1,8,2,True
iter-2-scenario-6077,2481,1,1,1,1,8,2,True
iter-2-scenario-6078,2051,1,1,1,1,8,0,True
iter-2-scenario-6079,2481,1,1,1,1,8,2,True
iter-2-scenario-608,2481,1,1,1,1,8,2,True
iter-2-scenario-6080,2481,1,1,1,1,8,2,True
iter-2-scenario-6081,2051,1,1,1,1,8,0,True
iter-2-scenario-6082,2481,1,1,1,1,8,2,True
iter-2-scenario-6083,2481,1,1,1,1,8,2,True
iter-2-scenario-6084,2051,1,1,1,1,8,0,True
iter-2-scenario-6085,2481,1,1,1,1,8,2,True
iter-2-scenario-6086,2481,1,1,1,1,8,2,True
iter-2-scenario-6087,2051,1,1,1,1,8,0,True
iter-2-scenario-6088,2481,1,1,1,1,8,2,True
iter-2-scenario-6089,2481,1,1,1,1,8,2,True
iter-2-scenario-609,2051,1,1,1,1,8,0,True
iter-2-scenario-6090,2051,1,1,1,1,8,0,True
iter-2-scenario-6091,2481,1,1,1,1,8,2,True
iter-2-scenario-6092,2481,1,1,1,1,8,2,True
iter-2-scenario-6093,2051,1,1,1,1,8,0,True
iter-2-scenario-6094,2481,1,1,1,1,8,2,True
iter-2-scenario-6095,2481,1,1,1,1,8,2,True
iter-2-scenario-6096,2051,1,1,1,1,8,0,True
iter-2-scenario-6097,2481,1,1,1,1,8,2,True
iter-2-scenario-6098,2481,1,1,1,1,8,2,True
iter-2-scenario-6099,2051,1,1,1,1,8,0,True
iter-2-scenario-61,2481,1,1,1,1,8,2,True
iter-2-scenario-610,2481,1,1,1,1,8,2,True
iter-2-scenario-6100,2481,1,1,1,1,8,2,True
iter-2-scenario-6101,2481,1,1,1,1,8,2,True
iter-2-scenario-6102,2051,1,1,1,1,8,0,True
iter-2-scenario-6103,2481,1,1,1,1,8,2,True
iter-2-scenario-6104,2481,1,1,1,1,8,2,True
iter-2-scenario-6105,2051,1,1,1,1,8,0,True
iter-2-scenario-6106,2481,1,1,1,1,8,2,True
iter-2-scenario-6107,2481,1,1,1,1,8,2,True
iter-2-scenario-6108,2051,1,1,1,1,8,0,True
iter-2-scenario-6109,2481,1,1,1,1,8,2,True
iter-2-scenario-611,2481,1,1,1,1,8,2,True
iter-2-scenario-6110,2481,1,1,1,1,8,2,True
iter-2-scenario-6111,2051,1,1,1,1,8,0,True
iter-2-scenario-6112,2481,1,1,1,1,8,2,True
iter-2-scenario-6113,2481,1,1,1,1,8,2,True
iter-2-scenario-6114,2051,1,1,1,1,8,0,True
iter-2-scenario-6115,2481,1,1,1,1,8,2,True
iter-2-scenario-6116,2481,1,1,1,1,8,2,True
iter-2-scenario-6117,2051,1,1,1,1,8,0,True
iter-2-scenario-6118,2481,1,1,1,1,8,2,True
iter-2-scenario-6119,2481,1,1,1,1,8,2,True
iter-2-scenario-612,2051,1,1,1,1,8,0,True
iter-2-scenario-6120,2051,1,1,1,1,8,0,True
iter-2-scenario-6121,2481,1,1,1,1,8,2,True
iter-2-scenario-6122,2481,1,1,1,1,8,2,True
iter-2-scenario-6123,2051,1,1,1,1,8,0,True
iter-2-scenario-6124,2481,1,1,1,1,8,2,True
iter-2-scenario-6125,2481,1,1,1,1,8,2,True
iter-2-scenario-6126,2051,1,1,1,1,8,0,True
iter-2-scenario-6127,2481,1,1,1,1,8,2,True
iter-2-scenario-6128,2481,1,1,1,1,8,2,True
iter-2-scenario-6129,2051,1,1,1,1,8,0,True
iter-2-scenario-613,2481,1,1,1,1,8,2,True
iter-2-scenario-6130,2481,1,1,1,1,8,2,True
iter-2-scenario-6131,2481,1,1,1,1,8,2,True
iter-2-scenario-6132,2051,1,1,1,1,8,0,True
iter-2-scenario-6133,2481,1,1,1,1,8,2,True
iter-2-scenario-6134,2481,1,1,1,1,8,2,True
iter-2-scenario-6135,2051,1,1,1,1,8,0,True
iter-2-scenario-6136,2481,1,1,1,1,8,2,True
iter-2-scenario-6137,2481,1,1,1,1,8,2,True
iter-2-scenario-6138,2051,1,1,1,1,8,0,True
iter-2-scenario-6139,2481,1,1,1,1,8,2,True
iter-2-scenario-614,2481,1,1,1,1,8,2,True
iter-2-scenario-6140,2481,1,1,1,1,8,2,True
iter-2-scenario-6141,2051,1,1,1,1,8,0,True
iter-2-scenario-6142,2481,1,1,1,1,8,2,True
iter-2-scenario-6143,2481,1,1,1,1,8,2,True
iter-2-scenario-6144,2051,1,1,1,1,8,0,True
iter-2-scenario-615,2051,1,1,1,1,8,0,True
iter-2-scenario-616,2481,1,1,1,1,8,2,True
iter-2-scenario-617,2481,1,1,1,1,8,2,True
iter-2-scenario-618,2051,1,1,1,1,8,0,True
iter-2-scenario-619,2481,1,1,1,1,8,2,True
iter-2-scenario-62,2481,1,1,1,1,8,2,True
iter-2-scenario-620,2481,1,1,1,1,8,2,True
iter-2-scenario-621,2051,1,1,1,1,8,0,True
iter-2-scenario-622,2481,1,1,1,1,8,2,True
iter-2-scenario-623,2481,1,1,1,1,8,2,True
iter-2-scenario-624,2051,1,1,1,1,8,0,True
iter-2-scenario-625,2481,1,1,1,1,8,2,True
iter-2-scenario-626,2481,1,1,1,1,8,2,True
iter-2-scenario-627,2051,1,1,1,1,8,0,True
iter-2-scenario-628,2481,1,1,1,1,8,2,True
iter-2-scenario-629,2481,1,1,1,1,8,2,True
iter-2-scenario-63,2051,1,1,1,1,8,0,True
iter-2-scenario-630,2051,1,1,1,1,8,0,True
iter-2-scenario-631,2481,1,1,1,1,8,2,True
iter-2-scenario-632,2481,1,1,1,1,8,2,True
iter-2-scenario-633,2051,1,1,1,1,8,0,True
iter-2-scenario-634,2481,1,1,1,1,8,2,True
iter-2-scenario-635,2481,1,1,1,1,8,2,True
iter-2-scenario-636,2051,1,1,1,1,8,0,True
iter-2-scenario-637,2481,1,1,1,1,8,2,True
iter-2-scenario-638,2481,1,1,1,1,8,2,True
iter-2-scenario-639,2051,1,1,1,1,8,0,True
iter-2-scenario-64,2481,1,1,1,1,8,2,True
iter-2-scenario-640,2481,1,1,1,1,8,2,True
iter-2-scenario-641,2481,1,1,1,1,8,2,True
iter-2-scenario-642,2051,1,1,1,1,8,0,True
iter-2-scenario-643,2481,1,1,1,1,8,2,True
iter-2-scenario-644,2481,1,1,1,1,8,2,True
iter-2-scenario-645,2051,1,1,1,1,8,0,True
iter-2-scenario-646,2481,1,1,1,1,8,2,True
iter-2-scenario-647,2481,1,1,1,1,8,2,True
iter-2-scenario-648,2051,1,1,1,1,8,0,True
iter-2-scenario-649,2481,1,1,1,1,8,2,True
iter-2-scenario-65,2481,1,1,1,1,8,2,True
iter-2-scenario-650,2481,1,1,1,1,8,2,True
iter-2-scenario-651,2051,1,1,1,1,8,0,True
iter-2-scenario-652,2481,1,1,1,1,8,2,True
iter-2-scenario-653,2481,1,1,1,1,8,2,True
iter-2-scenario-654,2051,1,1,1,1,8,0,True
iter-2-scenario-655,2481,1,1,1,1,8,2,True
iter-2-scenario-656,2481,1,1,1,1,8,2,True
iter-2-scenario-657,2051,1,1,1,1,8,0,True
iter-2-scenario-658,2481,1,1,1,1,8,2,True
iter-2-scenario-659,2481,1,1,1,1,8,2,True
iter-2-scenario-66,2051,1,1,1,1,8,0,True
iter-2-scenario-660,2051,1,1,1,1,8,0,True
iter-2-scenario-661,2481,1,1,1,1,8,2,True
iter-2-scenario-662,2481,1,1,1,1,8,2,True
iter-2-scenario-663,2051,1,1,1,1,8,0,True
iter-2-scenario-664,2481,1,1,1,1,8,2,True
iter-2-scenario-665,2481,1,1,1,1,8,2,True
iter-2-scenario-666,2051,1,1,1,1,8,0,True
iter-2-scenario-667,2481,1,1,1,1,8,2,True
iter-2-scenario-668,2481,1,1,1,1,8,2,True
iter-2-scenario-669,2051,1,1,1,1,8,0,True
iter-2-scenario-67,2481,1,1,1,1,8,2,True
iter-2-scenario-670,2481,1,1,1,1,8,2,True
iter-2-scenario-671,2481,1,1,1,1,8,2,True
iter-2-scenario-672,2051,1,1,1,1,8,0,True
iter-2-scenario-673,2481,1,1,1,1,8,2,True
iter-2-scenario-674,2481,1,1,1,1,8,2,True
iter-2-scenario-675,2051,1,1,1,1,8,0,True
iter-2-scenario-676,2481,1,1,1,1,8,2,True
iter-2-scenario-677,2481,1,1,1,1,8,2,True
iter-2-scenario-678,2051,1,1,1,1,8,0,True
iter-2-scenario-679,2481,1,1,1,1,8,2,True
iter-2-scenario-68,2481,1,1,1,1,8,2,True
iter-2-scenario-680,2481,1,1,1,1,8,2,True
iter-2-scenario-681,2051,1,1,1,1,8,0,True
iter-2-scenario-682,2481,1,1,1,1,8,2,True
iter-2-scenario-683,2481,1,1,1,1,8,2,True
iter-2-scenario-684,2051,1,1,1,1,8,0,True
iter-2-scenario-685,2481,1,1,1,1,8,2,True
iter-2-scenario-686,2481,1,1,1,1,8,2,True
iter-2-scenario-687,2051,1,1,1,1,8,0,True
iter-2-scenario-688,2481,1,1,1,1,8,2,True
iter-2-scenario-689,2481,1,1,1,1,8,2,True
iter-2-scenario-69,2051,1,1,1,1,8,0,True
iter-2-scenario-690,2051,1,1,1,1,8,0,True
iter-2-scenario-691,2481,1,1,1,1,8,2,True
iter-2-scenario-692,2481,1,1,1,1,8,2,True
iter-2-scenario-693,2051,1,1,1,1,8,0,True
iter-2-scenario-694,2481,1,1,1,1,8,2,True
iter-2-scenario-695,2481,1,1,1,1,8,2,True
iter-2-scenario-696,2051,1,1,1,1,8,0,True
iter-2-scenario-697,2481,1,1,1,1,8,2,True
iter-2-scenario-698,2481,1,1,1,1,8,2,True
iter-2-scenario-699,2051,1,1,1,1,8,0,True
iter-2-scenario-7,2481,1,1,1,1,8,2,True
iter-2-scenario-70,2481,1,1,1,1,8,2,True
iter-2-scenario-700,2481,1,1,1,1,8,2,True
iter-2-scenario-701,2481,1,1,1,1,8,2,True
iter-2-scenario-702,2051,1,1,1,1,8,0,True
iter-2-scenario-703,2481,1,1,1,1,8,2,True
iter-2-scenario-704,2481,1,1,1,1,8,2,True
iter-2-scenario-705,2051,1,1,1,1,8,0,True
iter-2-scenario-706,2481,1,1,1,1,8,2,True
iter-2-scenario-707,2481,1,1,1,1,8,2,True
iter-2-scenario-708,2051,1,1,1,1,8,0,True
iter-2-scenario-709,2481,1,1,1,1,8,2,True
iter-2-scenario-71,2481,1,1,1,1,8,2,True
iter-2-scenario-710,2481,1,1,1,1,8,2,True
iter-2-scenario-711,2051,1,1,1,1,8,0,True
iter-2-scenario-712,2481,1,1,1,1,8,2,True
iter-2-scenario-713,2481,1,1,1,1,8,2,True
iter-2-scenario-714,2051,1,1,1,1,8,0,True
iter-2-scenario-715,2481,1,1,1,1,8,2,True
iter-2-scenario-716,2481,1,1,1,1,8,2,True
iter-2-scenario-717,2051,1,1,1,1,8,0,True
iter-2-scenario-718,2481,1,1,1,1,8,2,True
iter-2-scenario-719,2481,1,1,1,1,8,2,True
iter-2-scenario-72,2051,1,1,1,1,8,0,True
iter-2-scenario-720,2051,1,1,1,1,8,0,True
iter-2-scenario-721,2481,1,1,1,1,8,2,True
iter-2-scenario-722,2481,1,1,1,1,8,2,True
iter-2-scenario-723,2051,1,1,1,1,8,0,True
iter-2-scenario-724,2481,1,1,1,1,8,2,True
iter-2-scenario-725,2481,1,1,1,1,8,2,True
iter-2-scenario-726,2051,1,1,1,1,8,0,True
iter-2-scenario-727,2481,1,1,1,1,8,2,True
iter-2-scenario-728,2481,1,1,1,1,8,2,True
iter-2-scenario-729,2051,1,1,1,1,8,0,True
iter-2-scenario-73,2481,1,1,1,1,8,2,True
iter-2-scenario-730,2481,1,1,1,1,8,2,True
iter-2-scenario-731,2481,1,1,1,1,8,2,True
iter-2-scenario-732,2051,1,1,1,1,8,0,True
iter-2-scenario-733,2481,1,1,1,1,8,2,True
iter-2-scenario-734,2481,1,1,1,1,8,2,True
iter-2-scenario-735,2051,1,1,1,1,8,0,True
iter-2-scenario-736,2481,1,1,1,1,8,2,True
iter-2-scenario-737,2481,1,1,1,1,8,2,True
iter-2-scenario-738,2051,1,1,1,1,8,0,True
iter-2-scenario-739,2481,1,1,1,1,8,2,True
iter-2-scenario-74,2481,1,1,1,1,8,2,True
iter-2-scenario-740,2481,1,1,1,1,8,2,True
iter-2-scenario-741,2051,1,1,1,1,8,0,True
iter-2-scenario-742,2481,1,1,1,1,8,2,True
iter-2-scenario-743,2481,1,1,1,1,8,2,True
iter-2-scenario-744,2051,1,1,1,1,8,0,True
iter-2-scenario-745,2481,1,1,1,1,8,2,True
iter-2-scenario-746,2481,1,1,1,1,8,2,True
iter-2-scenario-747,2051,1,1,1,1,8,0,True
iter-2-scenario-748,2481,1,1,1,1,8,2,True
iter-2-scenario-749,2481,1,1,1,1,8,2,True
iter-2-scenario-75,2051,1,1,1,1,8,0,True
iter-2-scenario-750,2051,1,1,1,1,8,0,True
iter-2-scenario-751,2481,1,1,1,1,8,2,True
iter-2-scenario-752,2481,1,1,1,1,8,2,True
iter-2-scenario-753,2051,1,1,1,1,8,0,True
iter-2-scenario-754,2481,1,1,1,1,8,2,True
iter-2-scenario-755,2481,1,1,1,1,8,2,True
iter-2-scenario-756,2051,1,1,1,1,8,0,True
iter-2-scenario-757,2481,1,1,1,1,8,2,True
iter-2-scenario-758,2481,1,1,1,1,8,2,True
iter-2-scenario-759,2051,1,1,1,1,8,0,True
iter-2-scenario-76,2481,1,1,1,1,8,2,True
iter-2-scenario-760,2481,1,1,1,1,8,2,True
iter-2-scenario-761,2481,1,1,1,1,8,2,True
iter-2-scenario-762,2051,1,1,1,1,8,0,True
iter-2-scenario-763,2481,1,1,1,1,8,2,True
iter-2-scenario-764,2481,1,1,1,1,8,2,True
iter-2-scenario-765,2051,1,1,1,1,8,0,True
iter-2-scenario-766,2481,1,1,1,1,8,2,True
iter-2-scenario-767,2481,1,1,1,1,8,2,True
iter-2-scenario-768,2051,1,1,1,1,8,0,True
iter-2-scenario-77,2481,1,1,1,1,8,2,True
iter-2-scenario-772,2481,1,1,1,1,8,2,True
iter-2-scenario-773,2481,1,1,1,1,8,2,True
iter-2-scenario-774,2051,1,1,1,1,8,0,True
iter-2-scenario-775,2481,1,1,1,1,8,2,True
iter-2-scenario-776,2481,1,1,1,1,8,2,True
iter-2-scenario-777,2051,1,1,1,1,8,0,True
iter-2-scenario-778,2481,1,1,1,1,8,2,True
iter-2-scenario-779,2481,1,1,1,1,8,2,True
iter-2-scenario-78,2051,1,1,1,1,8,0,True
iter-2-scenario-780,2051,1,1,1,1,8,0,True
iter-2-scenario-781,2481,1,1,1,1,8,2,True
iter-2-scenario-782,2481,1,1,1,1,8,2,True
iter-2-scenario-783,2051,1,1,1,1,8,0,True
iter-2-scenario-784,2481,1,1,1,1,8,2,True
iter-2-scenario-785,2481,1,1,1,1,8,2,True
iter-2-scenario-786,2051,1,1,1,1,8,0,True
iter-2-scenario-787,2481,1,1,1,1,8,2,True
iter-2-scenario-788,2481,1,1,1,1,8,2,True
iter-2-scenario-789,2051,1,1,1,1,8,0,True
iter-2-scenario-79,2481,1,1,1,1,8,2,True
iter-2-scenario-790,2481,1,1,1,1,8,2,True
iter-2-scenario-791,2481,1,1,1,1,8,2,True
iter-2-scenario-792,2051,1,1,1,1,8,0,True
iter-2-scenario-793,2481,1,1,1,1,8,2,True
iter-2-scenario-794,2481,1,1,1,1,8,2,True
iter-2-scenario-795,2051,1,1,1,1,8,0,True
iter-2-scenario-796,2481,1,1,1,1,8,2,True
iter-2-scenario-797,2481,1,1,1,1,8,2,True
iter-2-scenario-798,2051,1,1,1,1,8,0,True
iter-2-scenario-799,2481,1,1,1,1,8,2,True
iter-2-scenario-8,2481,1,1,1,1,8,2,True
iter-2-scenario-80,2481,1,1,1,1,8,2,True
iter-2-scenario-800,2481,1,1,1,1,8,2,True
iter-2-scenario-801,2051,1,1,1,1,8,0,True
iter-2-scenario-802,2481,1,1,1,1,8,2,True
iter-2-scenario-803,2481,1,1,1,1,8,2,True
iter-2-scenario-804,2051,1,1,1,1,8,0,True
iter-2-scenario-805,2481,1,1,1,1,8,2,True
iter-2-scenario-806,2481,1,1,1,1,8,2,True
iter-2-scenario-807,2051,1,1,1,1,8,0,True
iter-2-scenario-808,2481,1,1,1,1,8,2,True
iter-2-scenario-809,2481,1,1,1,1,8,2,True
iter-2-scenario-81,2051,1,1,1,1,8,0,True
iter-2-scenario-810,2051,1,1,1,1,8,0,True
iter-2-scenario-811,2481,1,1,1,1,8,2,True
iter-2-scenario-812,2481,1,1,1,1,8,2,True
iter-2-scenario-813,2051,1,1,1,1,8,0,True
iter-2-scenario-814,2481,1,1,1,1,8,2,True
iter-2-scenario-815,2481,1,1,1,1,8,2,True
iter-2-scenario-816,2051,1,1,1,1,8,0,True
iter-2-scenario-817,2481,1,1,1,1,8,2,True
iter-2-scenario-818,2481,1,1,1,1,8,2,True
iter-2-scenario-819,2051,1,1,1,1,8,0,True
iter-2-scenario-82,2481,1,1,1,1,8,2,True
iter-2-scenario-820,2481,1,1,1,1,8,2,True
iter-2-scenario-821,2481,1,1,1,1,8,2,True
iter-2-scenario-822,2051,1,1,1,1,8,0,True
iter-2-scenario-823,2481,1,1,1,1,8,2,True
iter-2-scenario-824,2481,1,1,1,1,8,2,True
iter-2-scenario-825,2051,1,1,1,1,8,0,True
iter-2-scenario-826,2481,1,1,1,1,8,2,True
iter-2-scenario-827,2481,1,1,1,1,8,2,True
iter-2-scenario-828,2051,1,1,1,1,8,0,True
iter-2-scenario-829,2481,1,1,1,1,8,2,True
iter-2-scenario-83,2481,1,1,1,1,8,2,True
iter-2-scenario-830,2481,1,1,1,1,8,2,True
iter-2-scenario-831,2051,1,1,1,1,8,0,True
iter-2-scenario-832,2481,1,1,1,1,8,2,True
iter-2-scenario-833,2481,1,1,1,1,8,2,True
iter-2-scenario-834,2051,1,1,1,1,8,0,True
iter-2-scenario-835,2481,1,1,1,1,8,2,True
iter-2-scenario-836,2481,1,1,1,1,8,2,True
iter-2-scenario-837,2051,1,1,1,1,8,0,True
iter-2-scenario-838,2481,1,1,1,1,8,2,True
iter-2-scenario-839,2481,1,1,1,1,8,2,True
iter-2-scenario-84,2051,1,1,1,1,8,0,True
iter-2-scenario-840,2051,1,1,1,1,8,0,True
iter-2-scenario-841,2481,1,1,1,1,8,2,True
iter-2-scenario-842,2481,1,1,1,1,8,2,True
iter-2-scenario-843,2051,1,1,1,1,8,0,True
iter-2-scenario-844,2481,1,1,1,1,8,2,True
iter-2-scenario-845,2481,1,1,1,1,8,2,True
iter-2-scenario-846,2051,1,1,1,1,8,0,True
iter-2-scenario-847,2481,1,1,1,1,8,2,True
iter-2-scenario-848,2481,1,1,1,1,8,2,True
iter-2-scenario-849,2051,1,1,1,1,8,0,True
iter-2-scenario-85,2481,1,1,1,1,8,2,True
iter-2-scenario-850,2481,1,1,1,1,8,2,True
iter-2-scenario-851,2481,1,1,1,1,8,2,True
iter-2-scenario-852,2051,1,1,1,1,8,0,True
iter-2-scenario-853,2481,1,1,1,1,8,2,True
iter-2-scenario-854,2481,1,1,1,1,8,2,True
iter-2-scenario-855,2051,1,1,1,1,8,0,True
iter-2-scenario-856,2481,1,1,1,1,8,2,True
iter-2-scenario-857,2481,1,1,1,1,8,2,True
iter-2-scenario-858,2051,1,1,1,1,8,0,True
iter-2-scenario-859,2481,1,1,1,1,8,2,True
iter-2-scenario-86,2481,1,1,1,1,8,2,True
iter-2-scenario-860,2481,1,1,1,1,8,2,True
iter-2-scenario-861,2051,1,1,1,1,8,0,True
iter-2-scenario-862,2481,1,1,1,1,8,2,True
iter-2-scenario-863,2481,1,1,1,1,8,2,True
iter-2-scenario-864,2051,1,1,1,1,8,0,True
iter-2-scenario-865,2481,1,1,1,1,8,2,True
iter-2-scenario-866,2481,1,1,1,1,8,2,True
iter-2-scenario-867,2051,1,1,1,1,8,0,True
iter-2-scenario-868,2481,1,1,1,1,8,2,True
iter-2-scenario-869,2481,1,1,1,1,8,2,True
iter-2-scenario-87,2051,1,1,1,1,8,0,True
iter-2-scenario-870,2051,1,1,1,1,8,0,True
iter-2-scenario-871,2481,1,1,1,1,8,2,True
iter-2-scenario-872,2481,1,1,1,1,8,2,True
iter-2-scenario-873,2051,1,1,1,1,8,0,True
iter-2-scenario-874,2481,1,1,1,1,8,2,True
iter-2-scenario-875,2481,1,1,1,1,8,2,True
iter-2-scenario-876,2051,1,1,1,1,8,0,True
iter-2-scenario-877,2481,1,1,1,1,8,2,True
iter-2-scenario-878,2481,1,1,1,1,8,2,True
iter-2-scenario-879,2051,1,1,1,1,8,0,True
iter-2-scenario-88,2481,1,1,1,1,8,2,True
iter-2-scenario-880,2481,1,1,1,1,8,2,True
iter-2-scenario-881,2481,1,1,1,1,8,2,True
iter-2-scenario-882,2051,1,1,1,1,8,0,True
iter-2-scenario-883,2481,1,1,1,1,8,2,True
iter-2-scenario-884,2481,1,1,1,1,8,2,True
iter-2-scenario-885,2051,1,1,1,1,8,0,True
iter-2-scenario-886,2481,1,1,1,1,8,2,True
iter-2-scenario-887,2481,1,1,1,1,8,2,True
iter-2-scenario-888,2051,1,1,1,1,8,0,True
iter-2-scenario-889,2481,1,1,1,1,8,2,True
iter-2-scenario-89,2481,1,1,1,1,8,2,True
iter-2-scenario-890,2481,1,1,1,1,8,2,True
iter-2-scenario-891,2051,1,1,1,1,8,0,True
iter-2-scenario-892,2481,1,1,1,1,8,2,True
iter-2-scenario-893,2481,1,1,1,1,8,2,True
iter-2-scenario-894,2051,1,1,1,1,8,0,True
iter-2-scenario-895,2481,1,1,1,1,8,2,True
iter-2-scenario-896,2481,1,1,1,1,8,2,True
iter-2-scenario-897,2051,1,1,1,1,8,0,True
iter-2-scenario-898,2481,1,1,1,1,8,2,True
iter-2-scenario-899,2481,1,1,1,1,8,2,True
iter-2-scenario-9,2051,1,1,1,1,8,0,True
iter-2-scenario-90,2051,1,1,1,1,8,0,True
iter-2-scenario-900,2051,1,1,1,1,8,0,True
iter-2-scenario-901,2481,1,1,1,1,8,2,True
iter-2-scenario-902,2481,1,1,1,1,8,2,True
iter-2-scenario-903,2051,1,1,1,1,8,0,True
iter-2-scenario-904,2481,1,1,1,1,8,2,True
iter-2-scenario-905,2481,1,1,1,1,8,2,True
iter-2-scenario-906,2051,1,1,1,1,8,0,True
iter-2-scenario-907,2481,1,1,1,1,8,2,True
iter-2-scenario-908,2481,1,1,1,1,8,2,True
iter-2-scenario-909,2051,1,1,1,1,8,0,True
iter-2-scenario-91,2481,1,1,1,1,8,2,True
iter-2-scenario-910,2481,1,1,1,1,8,2,True
iter-2-scenario-911,2481,1,1,1,1,8,2,True
iter-2-scenario-912,2051,1,1,1,1,8,0,True
iter-2-scenario-913,2481,1,1,1,1,8,2,True
iter-2-scenario-914,2481,1,1,1,1,8,2,True
iter-2-scenario-915,2051,1,1,1,1,8,0,True
iter-2-scenario-916,2481,1,1,1,1,8,2,True
iter-2-scenario-917,2481,1,1,1,1,8,2,True
iter-2-scenario-918,2051,1,1,1,1,8,0,True
iter-2-scenario-919,2481,1,1,1,1,8,2,True
iter-2-scenario-92,2481,1,1,1,1,8,2,True
iter-2-scenario-920,2481,1,1,1,1,8,2,True
iter-2-scenario-921,2051,1,1,1,1,8,0,True
iter-2-scenario-922,2481,1,1,1,1,8,2,True
iter-2-scenario-923,2481,1,1,1,1,8,2,True
iter-2-scenario-924,2051,1,1,1,1,8,0,True
iter-2-scenario-925,2481,1,1,1,1,8,2,True
iter-2-scenario-926,2481,1,1,1,1,8,2,True
iter-2-scenario-927,2051,1,1,1,1,8,0,True
iter-2-scenario-928,2481,1,1,1,1,8,2,True
iter-2-scenario-929,2481,1,1,1,1,8,2,True
iter-2-scenario-93,2051,1,1,1,1,8,0,True
iter-2-scenario-930,2051,1,1,1,1,8,0,True
iter-2-scenario-931,2481,1,1,1,1,8,2,True
iter-2-scenario-932,2481,1,1,1,1,8,2,True
iter-2-scenario-933,2051,1,1,1,1,8,0,True
iter-2-scenario-934,2481,1,1,1,1,8,2,True
iter-2-scenario-935,2481,1,1,1,1,8,2,True
iter-2-scenario-936,2051,1,1,1,1,8,0,True
iter-2-scenario-937,2481,1,1,1,1,8,2,True
iter-2-scenario-938,2481,1,1,1,1,8,2,True
iter-2-scenario-939,2051,1,1,1,1,8,0,True
iter-2-scenario-94,2481,1,1,1,1,8,2,True
iter-2-scenario-940,2481,1,1,1,1,8,2,True
iter-2-scenario-941,2481,1,1,1,1,8,2,True
iter-2-scenario-942,2051,1,1,1,1,8,0,True
iter-2-scenario-943,2481,1,1,1,1,8,2,True
iter-2-scenario-944,2481,1,1,1,1,8,2,True
iter-2-scenario-945,2051,1,1,1,1,8,0,True
iter-2-scenario-946,2481,1,1,1,1,8,2,True
iter-2-scenario-947,2481,1,1,1,1,8,2,True
iter-2-scenario-948,2051,1,1,1,1,8,0,True
iter-2-scenario-949,2481,1,1,1,1,8,2,True
iter-2-scenario-95,2481,1,1,1,1,8,2,True
iter-2-scenario-950,2481,1,1,1,1,8,2,True
iter-2-scenario-951,2051,1,1,1,1,8,0,True
iter-2-scenario-952,2481,1,1,1,1,8,2,True
iter-2-scenario-953,2481,1,1,1,1,8,2,True
iter-2-scenario-954,2051,1,1,1,1,8,0,True
iter-2-scenario-955,2481,1,1,1,1,8,2,True
iter-2-scenario-956,2481,1,1,1,1,8,2,True
iter-2-scenario-957,2051,1,1,1,1,8,0,True
iter-2-scenario-958,2481,1,1,1,1,8,2,True
iter-2-scenario-959,2481,1,1,1,1,8,2,True
iter-2-scenario-96,2051,1,1,1,1,8,0,True
iter-2-scenario-960,2051,1,1,1,1,8,0,True
iter-2-scenario-961,2481,1,1,1,1,8,2,True
iter-2-scenario-962,2481,1,1,1,1,8,2,True
iter-2-scenario-963,2051,1,1,1,1,8,0,True
iter-2-scenario-964,2481,1,1,1,1,8,2,True
iter-2-scenario-965,2481,1,1,1,1,8,2,True
iter-2-scenario-966,2051,1,1,1,1,8,0,True
iter-2-scenario-967,2481,1,1,1,1,8,2,True
iter-2-scenario-968,2481,1,1,1,1,8,2,True
iter-2-scenario-969,2051,1,1,1,1,8,0,True
iter-2-scenario-97,2481,1,1,1,1,8,2,True
iter-2-scenario-970,2481,1,1,1,1,8,2,True
iter-2-scenario-971,2481,1,1,1,1,8,2,True
iter-2-scenario-972,2051,1,1,1,1,8,0,True
iter-2-scenario-973,2481,1,1,1,1,8,2,True
iter-2-scenario-974,2481,1,1,1,1,8,2,True
iter-2-scenario-975,2051,1,1,1,1,8,0,True
iter-2-scenario-976,2481,1,1,1,1,8,2,True
iter-2-scenario-977,2481,1,1,1,1,8,2,True
iter-2-scenario-978,2051,1,1,1,1,8,0,True
iter-2-scenario-979,2481,1,1,1,1,8,2,True
iter-2-scenario-98,2481,1,1,1,1,8,2,True
iter-2-scenario-980,2481,1,1,1,1,8,2,True
iter-2-scenario-981,2051,1,1,1,1,8,0,True
iter-2-scenario-982,2481,1,1,1,1,8,2,True
iter-2-scenario-983,2481,1,1,1,1,8,2,True
iter-2-scenario-984,2051,1,1,1,1,8,0,True
iter-2-scenario-985,2481,1,1,1,1,8,2,True
iter-2-scenario-986,2481,1,1,1,1,8,2,True
iter-2-scenario-987,2051,1,1,1,1,8,0,True
iter-2-scenario-988,2481,1,1,1,1,8,2,True
iter-2-scenario-989,2481,1,1,1,1,8,2,True
iter-2-scenario-99,2051,1,1,1,1,8,0,True
iter-2-scenario-990,2051,1,1,1,1,8,0,True
iter-2-scenario-991,2481,1,1,1,1,8,2,True
iter-2-scenario-992,2481,1,1,1,1,8,2,True
iter-2-scenario-993,2051,1,1,1,1,8,0,True
iter-2-scenario-994,2481,1,1,1,1,8,2,True
iter-2-scenario-995,2481,1,1,1,1,8,2,True
iter-2-scenario-996,2051,1,1,1,1,8,0,True
iter-2-scenario-997,2481,1,1,1,1,8,2,True
iter-2-scenario-998,2481,1,1,1,1,8,2,True
iter-2-scenario-999,2051,1,1,1,1,8,0,True
